timestamp,forecast_origin,der_id,der_type,risk_state,constraint_type,constraint_location,normal_min_kw,normal_max_kw,dynamic_min_kw,dynamic_max_kw,requested_flex_kw,allocated_flex_kw,available_flex_kw,uncertainty_margin_kw,reason,soc,soc_min,soc_max,reserve_soc,charge_limit_kw,discharge_limit_kw,arrival_time,departure_time,required_energy_kwh,current_energy_kwh,v2g_enabled,available_pv_kw,normal_export_limit_kw,dynamic_export_limit_kw,curtailment_allowed
2011-09-16 13:30:00,2011-09-16 13:15:00,PV_H002,PV,NORMAL,NONE,NONE,0.0,3.91,0.0,3.91,0.0,0.0,3.87,0.0,Normal feeder conditions: unconstrained solar export permitted,,,,,,,,,,,,3.87,3.91,3.91,True
2011-09-16 13:30:00,2011-09-16 13:15:00,PV_H003,PV,NORMAL,NONE,NONE,0.0,3.15,0.0,3.15,0.0,0.0,3.12,0.0,Normal feeder conditions: unconstrained solar export permitted,,,,,,,,,,,,3.12,3.15,3.15,True
2011-09-16 13:30:00,2011-09-16 13:15:00,PV_H005,PV,NORMAL,NONE,NONE,0.0,3.17,0.0,3.17,0.0,0.0,3.14,0.0,Normal feeder conditions: unconstrained solar export permitted,,,,,,,,,,,,3.14,3.17,3.17,False
2011-09-16 13:30:00,2011-09-16 13:15:00,PV_H006,PV,NORMAL,NONE,NONE,0.0,2.0,0.0,2.0,0.0,0.0,1.98,0.0,Normal feeder conditions: unconstrained solar export permitted,,,,,,,,,,,,1.98,2.0,2.0,True
2011-09-16 13:30:00,2011-09-16 13:15:00,PV_H007,PV,NORMAL,NONE,NONE,0.0,3.93,0.0,3.93,0.0,0.0,3.89,0.0,Normal feeder conditions: unconstrained solar export permitted,,,,,,,,,,,,3.89,3.93,3.93,False
2011-09-16 13:30:00,2011-09-16 13:15:00,PV_H010,PV,NORMAL,NONE,NONE,0.0,3.02,0.0,3.02,0.0,0.0,2.99,0.0,Normal feeder conditions: unconstrained solar export permitted,,,,,,,,,,,,2.99,3.02,3.02,False
2011-09-16 13:30:00,2011-09-16 13:15:00,PV_H016,PV,NORMAL,NONE,NONE,0.0,2.1,0.0,2.1,0.0,0.0,2.08,0.0,Normal feeder conditions: unconstrained solar export permitted,,,,,,,,,,,,2.08,2.1,2.1,True
2011-09-16 13:30:00,2011-09-16 13:15:00,PV_H017,PV,NORMAL,NONE,NONE,0.0,3.62,0.0,3.62,0.0,0.0,3.58,0.0,Normal feeder conditions: unconstrained solar export permitted,,,,,,,,,,,,3.58,3.62,3.62,True
2011-09-16 13:30:00,2011-09-16 13:15:00,PV_H018,PV,NORMAL,NONE,NONE,0.0,2.33,0.0,2.33,0.0,0.0,2.3,0.0,Normal feeder conditions: unconstrained solar export permitted,,,,,,,,,,,,2.3,2.33,2.33,True
2011-09-16 13:30:00,2011-09-16 13:15:00,PV_H021,PV,NORMAL,NONE,NONE,0.0,5.39,0.0,5.39,0.0,0.0,5.33,0.0,Normal feeder conditions: unconstrained solar export permitted,,,,,,,,,,,,5.33,5.39,5.39,True
2011-09-16 13:30:00,2011-09-16 13:15:00,PV_H024,PV,NORMAL,NONE,NONE,0.0,2.0,0.0,2.0,0.0,0.0,1.98,0.0,Normal feeder conditions: unconstrained solar export permitted,,,,,,,,,,,,1.98,2.0,2.0,True
2011-09-16 13:30:00,2011-09-16 13:15:00,PV_H025,PV,NORMAL,NONE,NONE,0.0,3.81,0.0,3.81,0.0,0.0,3.77,0.0,Normal feeder conditions: unconstrained solar export permitted,,,,,,,,,,,,3.77,3.81,3.81,False
2011-09-16 13:30:00,2011-09-16 13:15:00,PV_H026,PV,NORMAL,NONE,NONE,0.0,3.67,0.0,3.67,0.0,0.0,3.63,0.0,Normal feeder conditions: unconstrained solar export permitted,,,,,,,,,,,,3.63,3.67,3.67,False
2011-09-16 13:30:00,2011-09-16 13:15:00,PV_H027,PV,NORMAL,NONE,NONE,0.0,3.54,0.0,3.54,0.0,0.0,3.5,0.0,Normal feeder conditions: unconstrained solar export permitted,,,,,,,,,,,,3.5,3.54,3.54,True
2011-09-16 13:30:00,2011-09-16 13:15:00,PV_H032,PV,NORMAL,NONE,NONE,0.0,3.2,0.0,3.2,0.0,0.0,3.17,0.0,Normal feeder conditions: unconstrained solar export permitted,,,,,,,,,,,,3.17,3.2,3.2,False
2011-09-16 13:30:00,2011-09-16 13:15:00,PV_H033,PV,NORMAL,NONE,NONE,0.0,2.42,0.0,2.42,0.0,0.0,2.39,0.0,Normal feeder conditions: unconstrained solar export permitted,,,,,,,,,,,,2.39,2.42,2.42,True
2011-09-16 13:30:00,2011-09-16 13:15:00,PV_H034,PV,NORMAL,NONE,NONE,0.0,3.96,0.0,3.96,0.0,0.0,3.92,0.0,Normal feeder conditions: unconstrained solar export permitted,,,,,,,,,,,,3.92,3.96,3.96,True
2011-09-16 13:30:00,2011-09-16 13:15:00,PV_H035,PV,NORMAL,NONE,NONE,0.0,2.98,0.0,2.98,0.0,0.0,2.95,0.0,Normal feeder conditions: unconstrained solar export permitted,,,,,,,,,,,,2.95,2.98,2.98,True
2011-09-16 13:30:00,2011-09-16 13:15:00,PV_H036,PV,NORMAL,NONE,NONE,0.0,3.49,0.0,3.49,0.0,0.0,3.45,0.0,Normal feeder conditions: unconstrained solar export permitted,,,,,,,,,,,,3.45,3.49,3.49,False
2011-09-16 13:30:00,2011-09-16 13:15:00,PV_H037,PV,NORMAL,NONE,NONE,0.0,3.36,0.0,3.36,0.0,0.0,3.32,0.0,Normal feeder conditions: unconstrained solar export permitted,,,,,,,,,,,,3.32,3.36,3.36,False
2011-09-16 13:30:00,2011-09-16 13:15:00,PV_H040,PV,NORMAL,NONE,NONE,0.0,4.1,0.0,4.1,0.0,0.0,4.06,0.0,Normal feeder conditions: unconstrained solar export permitted,,,,,,,,,,,,4.06,4.1,4.1,False
2011-09-16 13:30:00,2011-09-16 13:15:00,PV_H042,PV,NORMAL,NONE,NONE,0.0,2.55,0.0,2.55,0.0,0.0,2.52,0.0,Normal feeder conditions: unconstrained solar export permitted,,,,,,,,,,,,2.52,2.55,2.55,True
2011-09-16 13:30:00,2011-09-16 13:15:00,PV_H044,PV,NORMAL,NONE,NONE,0.0,3.34,0.0,3.34,0.0,0.0,3.3,0.0,Normal feeder conditions: unconstrained solar export permitted,,,,,,,,,,,,3.3,3.34,3.34,False
2011-09-16 13:30:00,2011-09-16 13:15:00,PV_H046,PV,NORMAL,NONE,NONE,0.0,4.27,0.0,4.27,0.0,0.0,4.22,0.0,Normal feeder conditions: unconstrained solar export permitted,,,,,,,,,,,,4.22,4.27,4.27,False
2011-09-16 13:30:00,2011-09-16 13:15:00,PV_H048,PV,NORMAL,NONE,NONE,0.0,3.11,0.0,3.11,0.0,0.0,3.08,0.0,Normal feeder conditions: unconstrained solar export permitted,,,,,,,,,,,,3.08,3.11,3.11,False
2011-09-16 13:30:00,2011-09-16 13:15:00,PV_H049,PV,NORMAL,NONE,NONE,0.0,2.77,0.0,2.77,0.0,0.0,2.74,0.0,Normal feeder conditions: unconstrained solar export permitted,,,,,,,,,,,,2.74,2.77,2.77,True
2011-09-16 13:30:00,2011-09-16 13:15:00,PV_H050,PV,NORMAL,NONE,NONE,0.0,3.9,0.0,3.9,0.0,0.0,3.86,0.0,Normal feeder conditions: unconstrained solar export permitted,,,,,,,,,,,,3.86,3.9,3.9,True
2011-09-16 13:30:00,2011-09-16 13:15:00,PV_H053,PV,NORMAL,NONE,NONE,0.0,4.54,0.0,4.54,0.0,0.0,4.49,0.0,Normal feeder conditions: unconstrained solar export permitted,,,,,,,,,,,,4.49,4.54,4.54,False
2011-09-16 13:30:00,2011-09-16 13:15:00,PV_H055,PV,NORMAL,NONE,NONE,0.0,2.77,0.0,2.77,0.0,0.0,2.74,0.0,Normal feeder conditions: unconstrained solar export permitted,,,,,,,,,,,,2.74,2.77,2.77,True
2011-09-16 13:30:00,2011-09-16 13:15:00,PV_H057,PV,NORMAL,NONE,NONE,0.0,4.34,0.0,4.34,0.0,0.0,4.29,0.0,Normal feeder conditions: unconstrained solar export permitted,,,,,,,,,,,,4.29,4.34,4.34,True
2011-09-16 13:30:00,2011-09-16 13:15:00,PV_H058,PV,NORMAL,NONE,NONE,0.0,3.0,0.0,3.0,0.0,0.0,2.97,0.0,Normal feeder conditions: unconstrained solar export permitted,,,,,,,,,,,,2.97,3.0,3.0,True
2011-09-16 13:30:00,2011-09-16 13:15:00,PV_H060,PV,NORMAL,NONE,NONE,0.0,5.57,0.0,5.57,0.0,0.0,5.51,0.0,Normal feeder conditions: unconstrained solar export permitted,,,,,,,,,,,,5.51,5.57,5.57,True
2011-09-16 13:30:00,2011-09-16 13:15:00,PV_H061,PV,NORMAL,NONE,NONE,0.0,3.07,0.0,3.07,0.0,0.0,3.04,0.0,Normal feeder conditions: unconstrained solar export permitted,,,,,,,,,,,,3.04,3.07,3.07,True
2011-09-16 13:30:00,2011-09-16 13:15:00,PV_H062,PV,NORMAL,NONE,NONE,0.0,6.0,0.0,6.0,0.0,0.0,5.94,0.0,Normal feeder conditions: unconstrained solar export permitted,,,,,,,,,,,,5.94,6.0,6.0,False
2011-09-16 13:30:00,2011-09-16 13:15:00,PV_H063,PV,NORMAL,NONE,NONE,0.0,4.02,0.0,4.02,0.0,0.0,3.98,0.0,Normal feeder conditions: unconstrained solar export permitted,,,,,,,,,,,,3.98,4.02,4.02,False
2011-09-16 13:30:00,2011-09-16 13:15:00,PV_H066,PV,NORMAL,NONE,NONE,0.0,4.43,0.0,4.43,0.0,0.0,4.38,0.0,Normal feeder conditions: unconstrained solar export permitted,,,,,,,,,,,,4.38,4.43,4.43,False
2011-09-16 13:30:00,2011-09-16 13:15:00,PV_H067,PV,NORMAL,NONE,NONE,0.0,2.63,0.0,2.63,0.0,0.0,2.6,0.0,Normal feeder conditions: unconstrained solar export permitted,,,,,,,,,,,,2.6,2.63,2.63,True
2011-09-16 13:30:00,2011-09-16 13:15:00,PV_H069,PV,NORMAL,NONE,NONE,0.0,3.58,0.0,3.58,0.0,0.0,3.54,0.0,Normal feeder conditions: unconstrained solar export permitted,,,,,,,,,,,,3.54,3.58,3.58,True
2011-09-16 13:30:00,2011-09-16 13:15:00,PV_H071,PV,NORMAL,NONE,NONE,0.0,4.57,0.0,4.57,0.0,0.0,4.52,0.0,Normal feeder conditions: unconstrained solar export permitted,,,,,,,,,,,,4.52,4.57,4.57,True
2011-09-16 13:30:00,2011-09-16 13:15:00,PV_H072,PV,NORMAL,NONE,NONE,0.0,5.17,0.0,5.17,0.0,0.0,5.11,0.0,Normal feeder conditions: unconstrained solar export permitted,,,,,,,,,,,,5.11,5.17,5.17,True
2011-09-16 13:30:00,2011-09-16 13:15:00,PV_H073,PV,NORMAL,NONE,NONE,0.0,3.71,0.0,3.71,0.0,0.0,3.67,0.0,Normal feeder conditions: unconstrained solar export permitted,,,,,,,,,,,,3.67,3.71,3.71,True
2011-09-16 13:30:00,2011-09-16 13:15:00,PV_H074,PV,NORMAL,NONE,NONE,0.0,4.1,0.0,4.1,0.0,0.0,4.06,0.0,Normal feeder conditions: unconstrained solar export permitted,,,,,,,,,,,,4.06,4.1,4.1,False
2011-09-16 13:30:00,2011-09-16 13:15:00,PV_H076,PV,NORMAL,NONE,NONE,0.0,4.69,0.0,4.69,0.0,0.0,4.64,0.0,Normal feeder conditions: unconstrained solar export permitted,,,,,,,,,,,,4.64,4.69,4.69,True
2011-09-16 13:30:00,2011-09-16 13:15:00,PV_H077,PV,NORMAL,NONE,NONE,0.0,5.0,0.0,5.0,0.0,0.0,4.95,0.0,Normal feeder conditions: unconstrained solar export permitted,,,,,,,,,,,,4.95,5.0,5.0,True
2011-09-16 13:30:00,2011-09-16 13:15:00,PV_H078,PV,NORMAL,NONE,NONE,0.0,2.75,0.0,2.75,0.0,0.0,2.72,0.0,Normal feeder conditions: unconstrained solar export permitted,,,,,,,,,,,,2.72,2.75,2.75,False
2011-09-16 13:30:00,2011-09-16 13:15:00,PV_H079,PV,NORMAL,NONE,NONE,0.0,2.85,0.0,2.85,0.0,0.0,2.82,0.0,Normal feeder conditions: unconstrained solar export permitted,,,,,,,,,,,,2.82,2.85,2.85,True
2011-09-16 13:30:00,2011-09-16 13:15:00,PV_H080,PV,NORMAL,NONE,NONE,0.0,4.14,0.0,4.14,0.0,0.0,4.1,0.0,Normal feeder conditions: unconstrained solar export permitted,,,,,,,,,,,,4.1,4.14,4.14,False
2011-09-16 13:30:00,2011-09-16 13:15:00,PV_H081,PV,NORMAL,NONE,NONE,0.0,4.14,0.0,4.14,0.0,0.0,4.1,0.0,Normal feeder conditions: unconstrained solar export permitted,,,,,,,,,,,,4.1,4.14,4.14,True
2011-09-16 13:30:00,2011-09-16 13:15:00,PV_H082,PV,NORMAL,NONE,NONE,0.0,2.74,0.0,2.74,0.0,0.0,2.71,0.0,Normal feeder conditions: unconstrained solar export permitted,,,,,,,,,,,,2.71,2.74,2.74,True
2011-09-16 13:30:00,2011-09-16 13:15:00,PV_H083,PV,NORMAL,NONE,NONE,0.0,3.06,0.0,3.06,0.0,0.0,3.03,0.0,Normal feeder conditions: unconstrained solar export permitted,,,,,,,,,,,,3.03,3.06,3.06,True
2011-09-16 13:30:00,2011-09-16 13:15:00,PV_H085,PV,NORMAL,NONE,NONE,0.0,3.82,0.0,3.82,0.0,0.0,3.78,0.0,Normal feeder conditions: unconstrained solar export permitted,,,,,,,,,,,,3.78,3.82,3.82,False
2011-09-16 13:30:00,2011-09-16 13:15:00,PV_H087,PV,NORMAL,NONE,NONE,0.0,4.42,0.0,4.42,0.0,0.0,4.37,0.0,Normal feeder conditions: unconstrained solar export permitted,,,,,,,,,,,,4.37,4.42,4.42,False
2011-09-16 13:30:00,2011-09-16 13:15:00,PV_H088,PV,NORMAL,NONE,NONE,0.0,2.24,0.0,2.24,0.0,0.0,2.22,0.0,Normal feeder conditions: unconstrained solar export permitted,,,,,,,,,,,,2.22,2.24,2.24,False
2011-09-16 13:30:00,2011-09-16 13:15:00,PV_H090,PV,NORMAL,NONE,NONE,0.0,4.33,0.0,4.33,0.0,0.0,4.28,0.0,Normal feeder conditions: unconstrained solar export permitted,,,,,,,,,,,,4.28,4.33,4.33,True
2011-09-16 13:30:00,2011-09-16 13:15:00,PV_H093,PV,NORMAL,NONE,NONE,0.0,5.31,0.0,5.31,0.0,0.0,5.25,0.0,Normal feeder conditions: unconstrained solar export permitted,,,,,,,,,,,,5.25,5.31,5.31,True
2011-09-16 13:30:00,2011-09-16 13:15:00,PV_H094,PV,NORMAL,NONE,NONE,0.0,2.76,0.0,2.76,0.0,0.0,2.73,0.0,Normal feeder conditions: unconstrained solar export permitted,,,,,,,,,,,,2.73,2.76,2.76,True
2011-09-16 13:30:00,2011-09-16 13:15:00,PV_H095,PV,NORMAL,NONE,NONE,0.0,2.66,0.0,2.66,0.0,0.0,2.63,0.0,Normal feeder conditions: unconstrained solar export permitted,,,,,,,,,,,,2.63,2.66,2.66,False
2011-09-16 13:30:00,2011-09-16 13:15:00,PV_H096,PV,NORMAL,NONE,NONE,0.0,4.27,0.0,4.27,0.0,0.0,4.22,0.0,Normal feeder conditions: unconstrained solar export permitted,,,,,,,,,,,,4.22,4.27,4.27,True
2011-09-16 13:30:00,2011-09-16 13:15:00,PV_H098,PV,NORMAL,NONE,NONE,0.0,3.16,0.0,3.16,0.0,0.0,3.13,0.0,Normal feeder conditions: unconstrained solar export permitted,,,,,,,,,,,,3.13,3.16,3.16,True
2011-09-16 13:30:00,2011-09-16 13:15:00,PV_H099,PV,NORMAL,NONE,NONE,0.0,3.1,0.0,3.1,0.0,0.0,3.07,0.0,Normal feeder conditions: unconstrained solar export permitted,,,,,,,,,,,,3.07,3.1,3.1,False
2011-09-16 13:30:00,2011-09-16 13:15:00,BESS_COMMUNITY_01,BESS,NORMAL,NONE,NONE,-25.0,25.0,-25.0,25.0,0.0,0.0,25.0,0.0,Normal conditions: full battery operating capability available,0.5,0.2,0.9,0.1,25.0,25.0,,,,,,,,,
2011-09-16 13:30:00,2011-09-16 13:15:00,EV_001,EV,NORMAL,NONE,NONE,0.0,7.4,0.0,0.0,0.0,0.0,0.0,0.0,EV outside availability window (disconnected),,,,,0.0,,18:00,07:30,15.0,0.0,False,,,,
2011-09-16 13:30:00,2011-09-16 13:15:00,EV_002,EV,NORMAL,NONE,NONE,0.0,7.4,0.0,0.0,0.0,0.0,0.0,0.0,EV outside availability window (disconnected),,,,,0.0,,18:00,07:30,15.0,0.0,False,,,,
2011-09-16 13:30:00,2011-09-16 13:15:00,EV_003,EV,NORMAL,NONE,NONE,0.0,7.4,0.0,0.0,0.0,0.0,0.0,0.0,EV outside availability window (disconnected),,,,,0.0,,18:00,07:30,15.0,0.0,False,,,,
2011-09-16 13:30:00,2011-09-16 13:15:00,EV_004,EV,NORMAL,NONE,NONE,0.0,7.4,0.0,0.0,0.0,0.0,0.0,0.0,EV outside availability window (disconnected),,,,,0.0,,18:00,07:30,15.0,0.0,False,,,,
2011-09-16 13:30:00,2011-09-16 13:15:00,EV_005,EV,NORMAL,NONE,NONE,0.0,7.4,0.0,0.0,0.0,0.0,0.0,0.0,EV outside availability window (disconnected),,,,,0.0,,18:00,07:30,15.0,0.0,False,,,,
2011-09-16 13:30:00,2011-09-16 13:15:00,EV_006,EV,NORMAL,NONE,NONE,0.0,7.4,0.0,0.0,0.0,0.0,0.0,0.0,EV outside availability window (disconnected),,,,,0.0,,18:00,07:30,15.0,0.0,False,,,,
2011-09-16 13:30:00,2011-09-16 13:15:00,EV_007,EV,NORMAL,NONE,NONE,0.0,7.4,0.0,0.0,0.0,0.0,0.0,0.0,EV outside availability window (disconnected),,,,,0.0,,18:00,07:30,15.0,0.0,False,,,,
2011-09-16 13:30:00,2011-09-16 13:15:00,EV_008,EV,NORMAL,NONE,NONE,0.0,7.4,0.0,0.0,0.0,0.0,0.0,0.0,EV outside availability window (disconnected),,,,,0.0,,18:00,07:30,15.0,0.0,False,,,,
2011-09-16 13:30:00,2011-09-16 13:15:00,EV_009,EV,NORMAL,NONE,NONE,0.0,7.4,0.0,0.0,0.0,0.0,0.0,0.0,EV outside availability window (disconnected),,,,,0.0,,18:00,07:30,15.0,0.0,False,,,,
2011-09-16 13:30:00,2011-09-16 13:15:00,EV_010,EV,NORMAL,NONE,NONE,0.0,7.4,0.0,0.0,0.0,0.0,0.0,0.0,EV outside availability window (disconnected),,,,,0.0,,18:00,07:30,15.0,0.0,False,,,,
2011-09-16 13:30:00,2011-09-16 13:15:00,EV_011,EV,NORMAL,NONE,NONE,0.0,7.4,0.0,0.0,0.0,0.0,0.0,0.0,EV outside availability window (disconnected),,,,,0.0,,18:00,07:30,15.0,0.0,False,,,,
2011-09-16 13:30:00,2011-09-16 13:15:00,EV_012,EV,NORMAL,NONE,NONE,0.0,7.4,0.0,0.0,0.0,0.0,0.0,0.0,EV outside availability window (disconnected),,,,,0.0,,18:00,07:30,15.0,0.0,False,,,,
2011-09-16 13:30:00,2011-09-16 13:15:00,EV_013,EV,NORMAL,NONE,NONE,0.0,7.4,0.0,0.0,0.0,0.0,0.0,0.0,EV outside availability window (disconnected),,,,,0.0,,18:00,07:30,15.0,0.0,False,,,,
2011-09-16 13:30:00,2011-09-16 13:15:00,EV_014,EV,NORMAL,NONE,NONE,0.0,7.4,0.0,0.0,0.0,0.0,0.0,0.0,EV outside availability window (disconnected),,,,,0.0,,18:00,07:30,15.0,0.0,False,,,,
2011-09-16 13:30:00,2011-09-16 13:15:00,EV_015,EV,NORMAL,NONE,NONE,0.0,7.4,0.0,0.0,0.0,0.0,0.0,0.0,EV outside availability window (disconnected),,,,,0.0,,18:00,07:30,15.0,0.0,False,,,,
2011-09-16 13:30:00,2011-09-16 13:15:00,EV_016,EV,NORMAL,NONE,NONE,0.0,7.4,0.0,0.0,0.0,0.0,0.0,0.0,EV outside availability window (disconnected),,,,,0.0,,18:00,07:30,15.0,0.0,False,,,,
2011-09-16 13:30:00,2011-09-16 13:15:00,EV_017,EV,NORMAL,NONE,NONE,0.0,7.4,0.0,0.0,0.0,0.0,0.0,0.0,EV outside availability window (disconnected),,,,,0.0,,18:00,07:30,15.0,0.0,False,,,,
2011-09-16 13:30:00,2011-09-16 13:15:00,EV_018,EV,NORMAL,NONE,NONE,0.0,7.4,0.0,0.0,0.0,0.0,0.0,0.0,EV outside availability window (disconnected),,,,,0.0,,18:00,07:30,15.0,0.0,False,,,,
2011-09-16 13:30:00,2011-09-16 13:15:00,EV_019,EV,NORMAL,NONE,NONE,0.0,7.4,0.0,0.0,0.0,0.0,0.0,0.0,EV outside availability window (disconnected),,,,,0.0,,18:00,07:30,15.0,0.0,False,,,,
2011-09-16 13:30:00,2011-09-16 13:15:00,EV_020,EV,NORMAL,NONE,NONE,0.0,7.4,0.0,0.0,0.0,0.0,0.0,0.0,EV outside availability window (disconnected),,,,,0.0,,18:00,07:30,15.0,0.0,False,,,,
2011-09-16 13:30:00,2011-09-16 13:15:00,FL001,FLEXIBLE_LOAD,NORMAL,NONE,NONE,0.0,0.0,0.0,0.0,0.0,0.0,0.0,0.0,Flexible load outside scheduled operating window,,,,,,,,,,,,,,,
2011-09-16 13:30:00,2011-09-16 13:15:00,FL002,FLEXIBLE_LOAD,NORMAL,NONE,NONE,0.5,10.0,0.5,10.0,0.0,0.0,10.0,0.0,Normal conditions: full operating range available,,,,,,,,,,,,,,,
2011-09-16 13:30:00,2011-09-16 13:15:00,FL003,FLEXIBLE_LOAD,NORMAL,NONE,NONE,0.5,4.0,0.5,4.0,0.0,0.0,4.0,0.0,Normal conditions: full operating range available,,,,,,,,,,,,,,,
2011-09-16 13:45:00,2011-09-16 13:15:00,PV_H002,PV,NORMAL,NONE,NONE,0.0,3.91,0.0,3.91,0.0,0.0,3.89,0.0,Normal feeder conditions: unconstrained solar export permitted,,,,,,,,,,,,3.89,3.91,3.91,True
2011-09-16 13:45:00,2011-09-16 13:15:00,PV_H003,PV,NORMAL,NONE,NONE,0.0,3.15,0.0,3.15,0.0,0.0,3.14,0.0,Normal feeder conditions: unconstrained solar export permitted,,,,,,,,,,,,3.14,3.15,3.15,True
2011-09-16 13:45:00,2011-09-16 13:15:00,PV_H005,PV,NORMAL,NONE,NONE,0.0,3.17,0.0,3.17,0.0,0.0,3.16,0.0,Normal feeder conditions: unconstrained solar export permitted,,,,,,,,,,,,3.16,3.17,3.17,False
2011-09-16 13:45:00,2011-09-16 13:15:00,PV_H006,PV,NORMAL,NONE,NONE,0.0,2.0,0.0,2.0,0.0,0.0,1.99,0.0,Normal feeder conditions: unconstrained solar export permitted,,,,,,,,,,,,1.99,2.0,2.0,True
2011-09-16 13:45:00,2011-09-16 13:15:00,PV_H007,PV,NORMAL,NONE,NONE,0.0,3.93,0.0,3.93,0.0,0.0,3.91,0.0,Normal feeder conditions: unconstrained solar export permitted,,,,,,,,,,,,3.91,3.93,3.93,False
2011-09-16 13:45:00,2011-09-16 13:15:00,PV_H010,PV,NORMAL,NONE,NONE,0.0,3.02,0.0,3.02,0.0,0.0,3.01,0.0,Normal feeder conditions: unconstrained solar export permitted,,,,,,,,,,,,3.01,3.02,3.02,False
2011-09-16 13:45:00,2011-09-16 13:15:00,PV_H016,PV,NORMAL,NONE,NONE,0.0,2.1,0.0,2.1,0.0,0.0,2.09,0.0,Normal feeder conditions: unconstrained solar export permitted,,,,,,,,,,,,2.09,2.1,2.1,True
2011-09-16 13:45:00,2011-09-16 13:15:00,PV_H017,PV,NORMAL,NONE,NONE,0.0,3.62,0.0,3.62,0.0,0.0,3.61,0.0,Normal feeder conditions: unconstrained solar export permitted,,,,,,,,,,,,3.61,3.62,3.62,True
2011-09-16 13:45:00,2011-09-16 13:15:00,PV_H018,PV,NORMAL,NONE,NONE,0.0,2.33,0.0,2.33,0.0,0.0,2.32,0.0,Normal feeder conditions: unconstrained solar export permitted,,,,,,,,,,,,2.32,2.33,2.33,True
2011-09-16 13:45:00,2011-09-16 13:15:00,PV_H021,PV,NORMAL,NONE,NONE,0.0,5.39,0.0,5.39,0.0,0.0,5.37,0.0,Normal feeder conditions: unconstrained solar export permitted,,,,,,,,,,,,5.37,5.39,5.39,True
2011-09-16 13:45:00,2011-09-16 13:15:00,PV_H024,PV,NORMAL,NONE,NONE,0.0,2.0,0.0,2.0,0.0,0.0,1.99,0.0,Normal feeder conditions: unconstrained solar export permitted,,,,,,,,,,,,1.99,2.0,2.0,True
2011-09-16 13:45:00,2011-09-16 13:15:00,PV_H025,PV,NORMAL,NONE,NONE,0.0,3.81,0.0,3.81,0.0,0.0,3.79,0.0,Normal feeder conditions: unconstrained solar export permitted,,,,,,,,,,,,3.79,3.81,3.81,False
2011-09-16 13:45:00,2011-09-16 13:15:00,PV_H026,PV,NORMAL,NONE,NONE,0.0,3.67,0.0,3.67,0.0,0.0,3.66,0.0,Normal feeder conditions: unconstrained solar export permitted,,,,,,,,,,,,3.66,3.67,3.67,False
2011-09-16 13:45:00,2011-09-16 13:15:00,PV_H027,PV,NORMAL,NONE,NONE,0.0,3.54,0.0,3.54,0.0,0.0,3.53,0.0,Normal feeder conditions: unconstrained solar export permitted,,,,,,,,,,,,3.53,3.54,3.54,True
2011-09-16 13:45:00,2011-09-16 13:15:00,PV_H032,PV,NORMAL,NONE,NONE,0.0,3.2,0.0,3.2,0.0,0.0,3.19,0.0,Normal feeder conditions: unconstrained solar export permitted,,,,,,,,,,,,3.19,3.2,3.2,False
2011-09-16 13:45:00,2011-09-16 13:15:00,PV_H033,PV,NORMAL,NONE,NONE,0.0,2.42,0.0,2.42,0.0,0.0,2.41,0.0,Normal feeder conditions: unconstrained solar export permitted,,,,,,,,,,,,2.41,2.42,2.42,True
2011-09-16 13:45:00,2011-09-16 13:15:00,PV_H034,PV,NORMAL,NONE,NONE,0.0,3.96,0.0,3.96,0.0,0.0,3.94,0.0,Normal feeder conditions: unconstrained solar export permitted,,,,,,,,,,,,3.94,3.96,3.96,True
2011-09-16 13:45:00,2011-09-16 13:15:00,PV_H035,PV,NORMAL,NONE,NONE,0.0,2.98,0.0,2.98,0.0,0.0,2.97,0.0,Normal feeder conditions: unconstrained solar export permitted,,,,,,,,,,,,2.97,2.98,2.98,True
2011-09-16 13:45:00,2011-09-16 13:15:00,PV_H036,PV,NORMAL,NONE,NONE,0.0,3.49,0.0,3.49,0.0,0.0,3.48,0.0,Normal feeder conditions: unconstrained solar export permitted,,,,,,,,,,,,3.48,3.49,3.49,False
2011-09-16 13:45:00,2011-09-16 13:15:00,PV_H037,PV,NORMAL,NONE,NONE,0.0,3.36,0.0,3.36,0.0,0.0,3.35,0.0,Normal feeder conditions: unconstrained solar export permitted,,,,,,,,,,,,3.35,3.36,3.36,False
2011-09-16 13:45:00,2011-09-16 13:15:00,PV_H040,PV,NORMAL,NONE,NONE,0.0,4.1,0.0,4.1,0.0,0.0,4.08,0.0,Normal feeder conditions: unconstrained solar export permitted,,,,,,,,,,,,4.08,4.1,4.1,False
2011-09-16 13:45:00,2011-09-16 13:15:00,PV_H042,PV,NORMAL,NONE,NONE,0.0,2.55,0.0,2.55,0.0,0.0,2.54,0.0,Normal feeder conditions: unconstrained solar export permitted,,,,,,,,,,,,2.54,2.55,2.55,True
2011-09-16 13:45:00,2011-09-16 13:15:00,PV_H044,PV,NORMAL,NONE,NONE,0.0,3.34,0.0,3.34,0.0,0.0,3.33,0.0,Normal feeder conditions: unconstrained solar export permitted,,,,,,,,,,,,3.33,3.34,3.34,False
2011-09-16 13:45:00,2011-09-16 13:15:00,PV_H046,PV,NORMAL,NONE,NONE,0.0,4.27,0.0,4.27,0.0,0.0,4.25,0.0,Normal feeder conditions: unconstrained solar export permitted,,,,,,,,,,,,4.25,4.27,4.27,False
2011-09-16 13:45:00,2011-09-16 13:15:00,PV_H048,PV,NORMAL,NONE,NONE,0.0,3.11,0.0,3.11,0.0,0.0,3.1,0.0,Normal feeder conditions: unconstrained solar export permitted,,,,,,,,,,,,3.1,3.11,3.11,False
2011-09-16 13:45:00,2011-09-16 13:15:00,PV_H049,PV,NORMAL,NONE,NONE,0.0,2.77,0.0,2.77,0.0,0.0,2.76,0.0,Normal feeder conditions: unconstrained solar export permitted,,,,,,,,,,,,2.76,2.77,2.77,True
2011-09-16 13:45:00,2011-09-16 13:15:00,PV_H050,PV,NORMAL,NONE,NONE,0.0,3.9,0.0,3.9,0.0,0.0,3.88,0.0,Normal feeder conditions: unconstrained solar export permitted,,,,,,,,,,,,3.88,3.9,3.9,True
2011-09-16 13:45:00,2011-09-16 13:15:00,PV_H053,PV,NORMAL,NONE,NONE,0.0,4.54,0.0,4.54,0.0,0.0,4.52,0.0,Normal feeder conditions: unconstrained solar export permitted,,,,,,,,,,,,4.52,4.54,4.54,False
2011-09-16 13:45:00,2011-09-16 13:15:00,PV_H055,PV,NORMAL,NONE,NONE,0.0,2.77,0.0,2.77,0.0,0.0,2.76,0.0,Normal feeder conditions: unconstrained solar export permitted,,,,,,,,,,,,2.76,2.77,2.77,True
2011-09-16 13:45:00,2011-09-16 13:15:00,PV_H057,PV,NORMAL,NONE,NONE,0.0,4.34,0.0,4.34,0.0,0.0,4.32,0.0,Normal feeder conditions: unconstrained solar export permitted,,,,,,,,,,,,4.32,4.34,4.34,True
2011-09-16 13:45:00,2011-09-16 13:15:00,PV_H058,PV,NORMAL,NONE,NONE,0.0,3.0,0.0,3.0,0.0,0.0,2.99,0.0,Normal feeder conditions: unconstrained solar export permitted,,,,,,,,,,,,2.99,3.0,3.0,True
2011-09-16 13:45:00,2011-09-16 13:15:00,PV_H060,PV,NORMAL,NONE,NONE,0.0,5.57,0.0,5.57,0.0,0.0,5.55,0.0,Normal feeder conditions: unconstrained solar export permitted,,,,,,,,,,,,5.55,5.57,5.57,True
2011-09-16 13:45:00,2011-09-16 13:15:00,PV_H061,PV,NORMAL,NONE,NONE,0.0,3.07,0.0,3.07,0.0,0.0,3.06,0.0,Normal feeder conditions: unconstrained solar export permitted,,,,,,,,,,,,3.06,3.07,3.07,True
2011-09-16 13:45:00,2011-09-16 13:15:00,PV_H062,PV,NORMAL,NONE,NONE,0.0,6.0,0.0,6.0,0.0,0.0,5.98,0.0,Normal feeder conditions: unconstrained solar export permitted,,,,,,,,,,,,5.98,6.0,6.0,False
2011-09-16 13:45:00,2011-09-16 13:15:00,PV_H063,PV,NORMAL,NONE,NONE,0.0,4.02,0.0,4.02,0.0,0.0,4.0,0.0,Normal feeder conditions: unconstrained solar export permitted,,,,,,,,,,,,4.0,4.02,4.02,False
2011-09-16 13:45:00,2011-09-16 13:15:00,PV_H066,PV,NORMAL,NONE,NONE,0.0,4.43,0.0,4.43,0.0,0.0,4.41,0.0,Normal feeder conditions: unconstrained solar export permitted,,,,,,,,,,,,4.41,4.43,4.43,False
2011-09-16 13:45:00,2011-09-16 13:15:00,PV_H067,PV,NORMAL,NONE,NONE,0.0,2.63,0.0,2.63,0.0,0.0,2.62,0.0,Normal feeder conditions: unconstrained solar export permitted,,,,,,,,,,,,2.62,2.63,2.63,True
2011-09-16 13:45:00,2011-09-16 13:15:00,PV_H069,PV,NORMAL,NONE,NONE,0.0,3.58,0.0,3.58,0.0,0.0,3.57,0.0,Normal feeder conditions: unconstrained solar export permitted,,,,,,,,,,,,3.57,3.58,3.58,True
2011-09-16 13:45:00,2011-09-16 13:15:00,PV_H071,PV,NORMAL,NONE,NONE,0.0,4.57,0.0,4.57,0.0,0.0,4.55,0.0,Normal feeder conditions: unconstrained solar export permitted,,,,,,,,,,,,4.55,4.57,4.57,True
2011-09-16 13:45:00,2011-09-16 13:15:00,PV_H072,PV,NORMAL,NONE,NONE,0.0,5.17,0.0,5.17,0.0,0.0,5.15,0.0,Normal feeder conditions: unconstrained solar export permitted,,,,,,,,,,,,5.15,5.17,5.17,True
2011-09-16 13:45:00,2011-09-16 13:15:00,PV_H073,PV,NORMAL,NONE,NONE,0.0,3.71,0.0,3.71,0.0,0.0,3.69,0.0,Normal feeder conditions: unconstrained solar export permitted,,,,,,,,,,,,3.69,3.71,3.71,True
2011-09-16 13:45:00,2011-09-16 13:15:00,PV_H074,PV,NORMAL,NONE,NONE,0.0,4.1,0.0,4.1,0.0,0.0,4.08,0.0,Normal feeder conditions: unconstrained solar export permitted,,,,,,,,,,,,4.08,4.1,4.1,False
2011-09-16 13:45:00,2011-09-16 13:15:00,PV_H076,PV,NORMAL,NONE,NONE,0.0,4.69,0.0,4.69,0.0,0.0,4.67,0.0,Normal feeder conditions: unconstrained solar export permitted,,,,,,,,,,,,4.67,4.69,4.69,True
2011-09-16 13:45:00,2011-09-16 13:15:00,PV_H077,PV,NORMAL,NONE,NONE,0.0,5.0,0.0,5.0,0.0,0.0,4.98,0.0,Normal feeder conditions: unconstrained solar export permitted,,,,,,,,,,,,4.98,5.0,5.0,True
2011-09-16 13:45:00,2011-09-16 13:15:00,PV_H078,PV,NORMAL,NONE,NONE,0.0,2.75,0.0,2.75,0.0,0.0,2.74,0.0,Normal feeder conditions: unconstrained solar export permitted,,,,,,,,,,,,2.74,2.75,2.75,False
2011-09-16 13:45:00,2011-09-16 13:15:00,PV_H079,PV,NORMAL,NONE,NONE,0.0,2.85,0.0,2.85,0.0,0.0,2.84,0.0,Normal feeder conditions: unconstrained solar export permitted,,,,,,,,,,,,2.84,2.85,2.85,True
2011-09-16 13:45:00,2011-09-16 13:15:00,PV_H080,PV,NORMAL,NONE,NONE,0.0,4.14,0.0,4.14,0.0,0.0,4.12,0.0,Normal feeder conditions: unconstrained solar export permitted,,,,,,,,,,,,4.12,4.14,4.14,False
2011-09-16 13:45:00,2011-09-16 13:15:00,PV_H081,PV,NORMAL,NONE,NONE,0.0,4.14,0.0,4.14,0.0,0.0,4.12,0.0,Normal feeder conditions: unconstrained solar export permitted,,,,,,,,,,,,4.12,4.14,4.14,True
2011-09-16 13:45:00,2011-09-16 13:15:00,PV_H082,PV,NORMAL,NONE,NONE,0.0,2.74,0.0,2.74,0.0,0.0,2.73,0.0,Normal feeder conditions: unconstrained solar export permitted,,,,,,,,,,,,2.73,2.74,2.74,True
2011-09-16 13:45:00,2011-09-16 13:15:00,PV_H083,PV,NORMAL,NONE,NONE,0.0,3.06,0.0,3.06,0.0,0.0,3.05,0.0,Normal feeder conditions: unconstrained solar export permitted,,,,,,,,,,,,3.05,3.06,3.06,True
2011-09-16 13:45:00,2011-09-16 13:15:00,PV_H085,PV,NORMAL,NONE,NONE,0.0,3.82,0.0,3.82,0.0,0.0,3.8,0.0,Normal feeder conditions: unconstrained solar export permitted,,,,,,,,,,,,3.8,3.82,3.82,False
2011-09-16 13:45:00,2011-09-16 13:15:00,PV_H087,PV,NORMAL,NONE,NONE,0.0,4.42,0.0,4.42,0.0,0.0,4.4,0.0,Normal feeder conditions: unconstrained solar export permitted,,,,,,,,,,,,4.4,4.42,4.42,False
2011-09-16 13:45:00,2011-09-16 13:15:00,PV_H088,PV,NORMAL,NONE,NONE,0.0,2.24,0.0,2.24,0.0,0.0,2.23,0.0,Normal feeder conditions: unconstrained solar export permitted,,,,,,,,,,,,2.23,2.24,2.24,False
2011-09-16 13:45:00,2011-09-16 13:15:00,PV_H090,PV,NORMAL,NONE,NONE,0.0,4.33,0.0,4.33,0.0,0.0,4.31,0.0,Normal feeder conditions: unconstrained solar export permitted,,,,,,,,,,,,4.31,4.33,4.33,True
2011-09-16 13:45:00,2011-09-16 13:15:00,PV_H093,PV,NORMAL,NONE,NONE,0.0,5.31,0.0,5.31,0.0,0.0,5.29,0.0,Normal feeder conditions: unconstrained solar export permitted,,,,,,,,,,,,5.29,5.31,5.31,True
2011-09-16 13:45:00,2011-09-16 13:15:00,PV_H094,PV,NORMAL,NONE,NONE,0.0,2.76,0.0,2.76,0.0,0.0,2.75,0.0,Normal feeder conditions: unconstrained solar export permitted,,,,,,,,,,,,2.75,2.76,2.76,True
2011-09-16 13:45:00,2011-09-16 13:15:00,PV_H095,PV,NORMAL,NONE,NONE,0.0,2.66,0.0,2.66,0.0,0.0,2.65,0.0,Normal feeder conditions: unconstrained solar export permitted,,,,,,,,,,,,2.65,2.66,2.66,False
2011-09-16 13:45:00,2011-09-16 13:15:00,PV_H096,PV,NORMAL,NONE,NONE,0.0,4.27,0.0,4.27,0.0,0.0,4.25,0.0,Normal feeder conditions: unconstrained solar export permitted,,,,,,,,,,,,4.25,4.27,4.27,True
2011-09-16 13:45:00,2011-09-16 13:15:00,PV_H098,PV,NORMAL,NONE,NONE,0.0,3.16,0.0,3.16,0.0,0.0,3.15,0.0,Normal feeder conditions: unconstrained solar export permitted,,,,,,,,,,,,3.15,3.16,3.16,True
2011-09-16 13:45:00,2011-09-16 13:15:00,PV_H099,PV,NORMAL,NONE,NONE,0.0,3.1,0.0,3.1,0.0,0.0,3.09,0.0,Normal feeder conditions: unconstrained solar export permitted,,,,,,,,,,,,3.09,3.1,3.1,False
2011-09-16 13:45:00,2011-09-16 13:15:00,BESS_COMMUNITY_01,BESS,NORMAL,NONE,NONE,-25.0,25.0,-25.0,25.0,0.0,0.0,25.0,0.0,Normal conditions: full battery operating capability available,0.5,0.2,0.9,0.1,25.0,25.0,,,,,,,,,
2011-09-16 13:45:00,2011-09-16 13:15:00,EV_001,EV,NORMAL,NONE,NONE,0.0,7.4,0.0,0.0,0.0,0.0,0.0,0.0,EV outside availability window (disconnected),,,,,0.0,,18:00,07:30,15.0,0.0,False,,,,
2011-09-16 13:45:00,2011-09-16 13:15:00,EV_002,EV,NORMAL,NONE,NONE,0.0,7.4,0.0,0.0,0.0,0.0,0.0,0.0,EV outside availability window (disconnected),,,,,0.0,,18:00,07:30,15.0,0.0,False,,,,
2011-09-16 13:45:00,2011-09-16 13:15:00,EV_003,EV,NORMAL,NONE,NONE,0.0,7.4,0.0,0.0,0.0,0.0,0.0,0.0,EV outside availability window (disconnected),,,,,0.0,,18:00,07:30,15.0,0.0,False,,,,
2011-09-16 13:45:00,2011-09-16 13:15:00,EV_004,EV,NORMAL,NONE,NONE,0.0,7.4,0.0,0.0,0.0,0.0,0.0,0.0,EV outside availability window (disconnected),,,,,0.0,,18:00,07:30,15.0,0.0,False,,,,
2011-09-16 13:45:00,2011-09-16 13:15:00,EV_005,EV,NORMAL,NONE,NONE,0.0,7.4,0.0,0.0,0.0,0.0,0.0,0.0,EV outside availability window (disconnected),,,,,0.0,,18:00,07:30,15.0,0.0,False,,,,
2011-09-16 13:45:00,2011-09-16 13:15:00,EV_006,EV,NORMAL,NONE,NONE,0.0,7.4,0.0,0.0,0.0,0.0,0.0,0.0,EV outside availability window (disconnected),,,,,0.0,,18:00,07:30,15.0,0.0,False,,,,
2011-09-16 13:45:00,2011-09-16 13:15:00,EV_007,EV,NORMAL,NONE,NONE,0.0,7.4,0.0,0.0,0.0,0.0,0.0,0.0,EV outside availability window (disconnected),,,,,0.0,,18:00,07:30,15.0,0.0,False,,,,
2011-09-16 13:45:00,2011-09-16 13:15:00,EV_008,EV,NORMAL,NONE,NONE,0.0,7.4,0.0,0.0,0.0,0.0,0.0,0.0,EV outside availability window (disconnected),,,,,0.0,,18:00,07:30,15.0,0.0,False,,,,
2011-09-16 13:45:00,2011-09-16 13:15:00,EV_009,EV,NORMAL,NONE,NONE,0.0,7.4,0.0,0.0,0.0,0.0,0.0,0.0,EV outside availability window (disconnected),,,,,0.0,,18:00,07:30,15.0,0.0,False,,,,
2011-09-16 13:45:00,2011-09-16 13:15:00,EV_010,EV,NORMAL,NONE,NONE,0.0,7.4,0.0,0.0,0.0,0.0,0.0,0.0,EV outside availability window (disconnected),,,,,0.0,,18:00,07:30,15.0,0.0,False,,,,
2011-09-16 13:45:00,2011-09-16 13:15:00,EV_011,EV,NORMAL,NONE,NONE,0.0,7.4,0.0,0.0,0.0,0.0,0.0,0.0,EV outside availability window (disconnected),,,,,0.0,,18:00,07:30,15.0,0.0,False,,,,
2011-09-16 13:45:00,2011-09-16 13:15:00,EV_012,EV,NORMAL,NONE,NONE,0.0,7.4,0.0,0.0,0.0,0.0,0.0,0.0,EV outside availability window (disconnected),,,,,0.0,,18:00,07:30,15.0,0.0,False,,,,
2011-09-16 13:45:00,2011-09-16 13:15:00,EV_013,EV,NORMAL,NONE,NONE,0.0,7.4,0.0,0.0,0.0,0.0,0.0,0.0,EV outside availability window (disconnected),,,,,0.0,,18:00,07:30,15.0,0.0,False,,,,
2011-09-16 13:45:00,2011-09-16 13:15:00,EV_014,EV,NORMAL,NONE,NONE,0.0,7.4,0.0,0.0,0.0,0.0,0.0,0.0,EV outside availability window (disconnected),,,,,0.0,,18:00,07:30,15.0,0.0,False,,,,
2011-09-16 13:45:00,2011-09-16 13:15:00,EV_015,EV,NORMAL,NONE,NONE,0.0,7.4,0.0,0.0,0.0,0.0,0.0,0.0,EV outside availability window (disconnected),,,,,0.0,,18:00,07:30,15.0,0.0,False,,,,
2011-09-16 13:45:00,2011-09-16 13:15:00,EV_016,EV,NORMAL,NONE,NONE,0.0,7.4,0.0,0.0,0.0,0.0,0.0,0.0,EV outside availability window (disconnected),,,,,0.0,,18:00,07:30,15.0,0.0,False,,,,
2011-09-16 13:45:00,2011-09-16 13:15:00,EV_017,EV,NORMAL,NONE,NONE,0.0,7.4,0.0,0.0,0.0,0.0,0.0,0.0,EV outside availability window (disconnected),,,,,0.0,,18:00,07:30,15.0,0.0,False,,,,
2011-09-16 13:45:00,2011-09-16 13:15:00,EV_018,EV,NORMAL,NONE,NONE,0.0,7.4,0.0,0.0,0.0,0.0,0.0,0.0,EV outside availability window (disconnected),,,,,0.0,,18:00,07:30,15.0,0.0,False,,,,
2011-09-16 13:45:00,2011-09-16 13:15:00,EV_019,EV,NORMAL,NONE,NONE,0.0,7.4,0.0,0.0,0.0,0.0,0.0,0.0,EV outside availability window (disconnected),,,,,0.0,,18:00,07:30,15.0,0.0,False,,,,
2011-09-16 13:45:00,2011-09-16 13:15:00,EV_020,EV,NORMAL,NONE,NONE,0.0,7.4,0.0,0.0,0.0,0.0,0.0,0.0,EV outside availability window (disconnected),,,,,0.0,,18:00,07:30,15.0,0.0,False,,,,
2011-09-16 13:45:00,2011-09-16 13:15:00,FL001,FLEXIBLE_LOAD,NORMAL,NONE,NONE,0.0,0.0,0.0,0.0,0.0,0.0,0.0,0.0,Flexible load outside scheduled operating window,,,,,,,,,,,,,,,
2011-09-16 13:45:00,2011-09-16 13:15:00,FL002,FLEXIBLE_LOAD,NORMAL,NONE,NONE,0.5,10.0,0.5,10.0,0.0,0.0,10.0,0.0,Normal conditions: full operating range available,,,,,,,,,,,,,,,
2011-09-16 13:45:00,2011-09-16 13:15:00,FL003,FLEXIBLE_LOAD,NORMAL,NONE,NONE,0.5,4.0,0.5,4.0,0.0,0.0,4.0,0.0,Normal conditions: full operating range available,,,,,,,,,,,,,,,
2011-09-16 14:00:00,2011-09-16 13:15:00,PV_H002,PV,NORMAL,NONE,NONE,0.0,3.91,0.0,3.91,0.0,0.0,3.56,0.0,Normal feeder conditions: unconstrained solar export permitted,,,,,,,,,,,,3.56,3.91,3.91,True
2011-09-16 14:00:00,2011-09-16 13:15:00,PV_H003,PV,NORMAL,NONE,NONE,0.0,3.15,0.0,3.15,0.0,0.0,2.86,0.0,Normal feeder conditions: unconstrained solar export permitted,,,,,,,,,,,,2.86,3.15,3.15,True
2011-09-16 14:00:00,2011-09-16 13:15:00,PV_H005,PV,NORMAL,NONE,NONE,0.0,3.17,0.0,3.17,0.0,0.0,2.88,0.0,Normal feeder conditions: unconstrained solar export permitted,,,,,,,,,,,,2.88,3.17,3.17,False
2011-09-16 14:00:00,2011-09-16 13:15:00,PV_H006,PV,NORMAL,NONE,NONE,0.0,2.0,0.0,2.0,0.0,0.0,1.82,0.0,Normal feeder conditions: unconstrained solar export permitted,,,,,,,,,,,,1.82,2.0,2.0,True
2011-09-16 14:00:00,2011-09-16 13:15:00,PV_H007,PV,NORMAL,NONE,NONE,0.0,3.93,0.0,3.93,0.0,0.0,3.57,0.0,Normal feeder conditions: unconstrained solar export permitted,,,,,,,,,,,,3.57,3.93,3.93,False
2011-09-16 14:00:00,2011-09-16 13:15:00,PV_H010,PV,NORMAL,NONE,NONE,0.0,3.02,0.0,3.02,0.0,0.0,2.75,0.0,Normal feeder conditions: unconstrained solar export permitted,,,,,,,,,,,,2.75,3.02,3.02,False
2011-09-16 14:00:00,2011-09-16 13:15:00,PV_H016,PV,NORMAL,NONE,NONE,0.0,2.1,0.0,2.1,0.0,0.0,1.91,0.0,Normal feeder conditions: unconstrained solar export permitted,,,,,,,,,,,,1.91,2.1,2.1,True
2011-09-16 14:00:00,2011-09-16 13:15:00,PV_H017,PV,NORMAL,NONE,NONE,0.0,3.62,0.0,3.62,0.0,0.0,3.29,0.0,Normal feeder conditions: unconstrained solar export permitted,,,,,,,,,,,,3.29,3.62,3.62,True
2011-09-16 14:00:00,2011-09-16 13:15:00,PV_H018,PV,NORMAL,NONE,NONE,0.0,2.33,0.0,2.33,0.0,0.0,2.12,0.0,Normal feeder conditions: unconstrained solar export permitted,,,,,,,,,,,,2.12,2.33,2.33,True
2011-09-16 14:00:00,2011-09-16 13:15:00,PV_H021,PV,NORMAL,NONE,NONE,0.0,5.39,0.0,5.39,0.0,0.0,4.9,0.0,Normal feeder conditions: unconstrained solar export permitted,,,,,,,,,,,,4.9,5.39,5.39,True
2011-09-16 14:00:00,2011-09-16 13:15:00,PV_H024,PV,NORMAL,NONE,NONE,0.0,2.0,0.0,2.0,0.0,0.0,1.82,0.0,Normal feeder conditions: unconstrained solar export permitted,,,,,,,,,,,,1.82,2.0,2.0,True
2011-09-16 14:00:00,2011-09-16 13:15:00,PV_H025,PV,NORMAL,NONE,NONE,0.0,3.81,0.0,3.81,0.0,0.0,3.47,0.0,Normal feeder conditions: unconstrained solar export permitted,,,,,,,,,,,,3.47,3.81,3.81,False
2011-09-16 14:00:00,2011-09-16 13:15:00,PV_H026,PV,NORMAL,NONE,NONE,0.0,3.67,0.0,3.67,0.0,0.0,3.34,0.0,Normal feeder conditions: unconstrained solar export permitted,,,,,,,,,,,,3.34,3.67,3.67,False
2011-09-16 14:00:00,2011-09-16 13:15:00,PV_H027,PV,NORMAL,NONE,NONE,0.0,3.54,0.0,3.54,0.0,0.0,3.22,0.0,Normal feeder conditions: unconstrained solar export permitted,,,,,,,,,,,,3.22,3.54,3.54,True
2011-09-16 14:00:00,2011-09-16 13:15:00,PV_H032,PV,NORMAL,NONE,NONE,0.0,3.2,0.0,3.2,0.0,0.0,2.91,0.0,Normal feeder conditions: unconstrained solar export permitted,,,,,,,,,,,,2.91,3.2,3.2,False
2011-09-16 14:00:00,2011-09-16 13:15:00,PV_H033,PV,NORMAL,NONE,NONE,0.0,2.42,0.0,2.42,0.0,0.0,2.2,0.0,Normal feeder conditions: unconstrained solar export permitted,,,,,,,,,,,,2.2,2.42,2.42,True
2011-09-16 14:00:00,2011-09-16 13:15:00,PV_H034,PV,NORMAL,NONE,NONE,0.0,3.96,0.0,3.96,0.0,0.0,3.6,0.0,Normal feeder conditions: unconstrained solar export permitted,,,,,,,,,,,,3.6,3.96,3.96,True
2011-09-16 14:00:00,2011-09-16 13:15:00,PV_H035,PV,NORMAL,NONE,NONE,0.0,2.98,0.0,2.98,0.0,0.0,2.71,0.0,Normal feeder conditions: unconstrained solar export permitted,,,,,,,,,,,,2.71,2.98,2.98,True
2011-09-16 14:00:00,2011-09-16 13:15:00,PV_H036,PV,NORMAL,NONE,NONE,0.0,3.49,0.0,3.49,0.0,0.0,3.17,0.0,Normal feeder conditions: unconstrained solar export permitted,,,,,,,,,,,,3.17,3.49,3.49,False
2011-09-16 14:00:00,2011-09-16 13:15:00,PV_H037,PV,NORMAL,NONE,NONE,0.0,3.36,0.0,3.36,0.0,0.0,3.06,0.0,Normal feeder conditions: unconstrained solar export permitted,,,,,,,,,,,,3.06,3.36,3.36,False
2011-09-16 14:00:00,2011-09-16 13:15:00,PV_H040,PV,NORMAL,NONE,NONE,0.0,4.1,0.0,4.1,0.0,0.0,3.73,0.0,Normal feeder conditions: unconstrained solar export permitted,,,,,,,,,,,,3.73,4.1,4.1,False
2011-09-16 14:00:00,2011-09-16 13:15:00,PV_H042,PV,NORMAL,NONE,NONE,0.0,2.55,0.0,2.55,0.0,0.0,2.32,0.0,Normal feeder conditions: unconstrained solar export permitted,,,,,,,,,,,,2.32,2.55,2.55,True
2011-09-16 14:00:00,2011-09-16 13:15:00,PV_H044,PV,NORMAL,NONE,NONE,0.0,3.34,0.0,3.34,0.0,0.0,3.04,0.0,Normal feeder conditions: unconstrained solar export permitted,,,,,,,,,,,,3.04,3.34,3.34,False
2011-09-16 14:00:00,2011-09-16 13:15:00,PV_H046,PV,NORMAL,NONE,NONE,0.0,4.27,0.0,4.27,0.0,0.0,3.88,0.0,Normal feeder conditions: unconstrained solar export permitted,,,,,,,,,,,,3.88,4.27,4.27,False
2011-09-16 14:00:00,2011-09-16 13:15:00,PV_H048,PV,NORMAL,NONE,NONE,0.0,3.11,0.0,3.11,0.0,0.0,2.83,0.0,Normal feeder conditions: unconstrained solar export permitted,,,,,,,,,,,,2.83,3.11,3.11,False
2011-09-16 14:00:00,2011-09-16 13:15:00,PV_H049,PV,NORMAL,NONE,NONE,0.0,2.77,0.0,2.77,0.0,0.0,2.52,0.0,Normal feeder conditions: unconstrained solar export permitted,,,,,,,,,,,,2.52,2.77,2.77,True
2011-09-16 14:00:00,2011-09-16 13:15:00,PV_H050,PV,NORMAL,NONE,NONE,0.0,3.9,0.0,3.9,0.0,0.0,3.55,0.0,Normal feeder conditions: unconstrained solar export permitted,,,,,,,,,,,,3.55,3.9,3.9,True
2011-09-16 14:00:00,2011-09-16 13:15:00,PV_H053,PV,NORMAL,NONE,NONE,0.0,4.54,0.0,4.54,0.0,0.0,4.13,0.0,Normal feeder conditions: unconstrained solar export permitted,,,,,,,,,,,,4.13,4.54,4.54,False
2011-09-16 14:00:00,2011-09-16 13:15:00,PV_H055,PV,NORMAL,NONE,NONE,0.0,2.77,0.0,2.77,0.0,0.0,2.52,0.0,Normal feeder conditions: unconstrained solar export permitted,,,,,,,,,,,,2.52,2.77,2.77,True
2011-09-16 14:00:00,2011-09-16 13:15:00,PV_H057,PV,NORMAL,NONE,NONE,0.0,4.34,0.0,4.34,0.0,0.0,3.95,0.0,Normal feeder conditions: unconstrained solar export permitted,,,,,,,,,,,,3.95,4.34,4.34,True
2011-09-16 14:00:00,2011-09-16 13:15:00,PV_H058,PV,NORMAL,NONE,NONE,0.0,3.0,0.0,3.0,0.0,0.0,2.73,0.0,Normal feeder conditions: unconstrained solar export permitted,,,,,,,,,,,,2.73,3.0,3.0,True
2011-09-16 14:00:00,2011-09-16 13:15:00,PV_H060,PV,NORMAL,NONE,NONE,0.0,5.57,0.0,5.57,0.0,0.0,5.07,0.0,Normal feeder conditions: unconstrained solar export permitted,,,,,,,,,,,,5.07,5.57,5.57,True
2011-09-16 14:00:00,2011-09-16 13:15:00,PV_H061,PV,NORMAL,NONE,NONE,0.0,3.07,0.0,3.07,0.0,0.0,2.79,0.0,Normal feeder conditions: unconstrained solar export permitted,,,,,,,,,,,,2.79,3.07,3.07,True
2011-09-16 14:00:00,2011-09-16 13:15:00,PV_H062,PV,NORMAL,NONE,NONE,0.0,6.0,0.0,6.0,0.0,0.0,5.46,0.0,Normal feeder conditions: unconstrained solar export permitted,,,,,,,,,,,,5.46,6.0,6.0,False
2011-09-16 14:00:00,2011-09-16 13:15:00,PV_H063,PV,NORMAL,NONE,NONE,0.0,4.02,0.0,4.02,0.0,0.0,3.66,0.0,Normal feeder conditions: unconstrained solar export permitted,,,,,,,,,,,,3.66,4.02,4.02,False
2011-09-16 14:00:00,2011-09-16 13:15:00,PV_H066,PV,NORMAL,NONE,NONE,0.0,4.43,0.0,4.43,0.0,0.0,4.03,0.0,Normal feeder conditions: unconstrained solar export permitted,,,,,,,,,,,,4.03,4.43,4.43,False
2011-09-16 14:00:00,2011-09-16 13:15:00,PV_H067,PV,NORMAL,NONE,NONE,0.0,2.63,0.0,2.63,0.0,0.0,2.39,0.0,Normal feeder conditions: unconstrained solar export permitted,,,,,,,,,,,,2.39,2.63,2.63,True
2011-09-16 14:00:00,2011-09-16 13:15:00,PV_H069,PV,NORMAL,NONE,NONE,0.0,3.58,0.0,3.58,0.0,0.0,3.26,0.0,Normal feeder conditions: unconstrained solar export permitted,,,,,,,,,,,,3.26,3.58,3.58,True
2011-09-16 14:00:00,2011-09-16 13:15:00,PV_H071,PV,NORMAL,NONE,NONE,0.0,4.57,0.0,4.57,0.0,0.0,4.16,0.0,Normal feeder conditions: unconstrained solar export permitted,,,,,,,,,,,,4.16,4.57,4.57,True
2011-09-16 14:00:00,2011-09-16 13:15:00,PV_H072,PV,NORMAL,NONE,NONE,0.0,5.17,0.0,5.17,0.0,0.0,4.7,0.0,Normal feeder conditions: unconstrained solar export permitted,,,,,,,,,,,,4.7,5.17,5.17,True
2011-09-16 14:00:00,2011-09-16 13:15:00,PV_H073,PV,NORMAL,NONE,NONE,0.0,3.71,0.0,3.71,0.0,0.0,3.37,0.0,Normal feeder conditions: unconstrained solar export permitted,,,,,,,,,,,,3.37,3.71,3.71,True
2011-09-16 14:00:00,2011-09-16 13:15:00,PV_H074,PV,NORMAL,NONE,NONE,0.0,4.1,0.0,4.1,0.0,0.0,3.73,0.0,Normal feeder conditions: unconstrained solar export permitted,,,,,,,,,,,,3.73,4.1,4.1,False
2011-09-16 14:00:00,2011-09-16 13:15:00,PV_H076,PV,NORMAL,NONE,NONE,0.0,4.69,0.0,4.69,0.0,0.0,4.27,0.0,Normal feeder conditions: unconstrained solar export permitted,,,,,,,,,,,,4.27,4.69,4.69,True
2011-09-16 14:00:00,2011-09-16 13:15:00,PV_H077,PV,NORMAL,NONE,NONE,0.0,5.0,0.0,5.0,0.0,0.0,4.55,0.0,Normal feeder conditions: unconstrained solar export permitted,,,,,,,,,,,,4.55,5.0,5.0,True
2011-09-16 14:00:00,2011-09-16 13:15:00,PV_H078,PV,NORMAL,NONE,NONE,0.0,2.75,0.0,2.75,0.0,0.0,2.5,0.0,Normal feeder conditions: unconstrained solar export permitted,,,,,,,,,,,,2.5,2.75,2.75,False
2011-09-16 14:00:00,2011-09-16 13:15:00,PV_H079,PV,NORMAL,NONE,NONE,0.0,2.85,0.0,2.85,0.0,0.0,2.59,0.0,Normal feeder conditions: unconstrained solar export permitted,,,,,,,,,,,,2.59,2.85,2.85,True
2011-09-16 14:00:00,2011-09-16 13:15:00,PV_H080,PV,NORMAL,NONE,NONE,0.0,4.14,0.0,4.14,0.0,0.0,3.77,0.0,Normal feeder conditions: unconstrained solar export permitted,,,,,,,,,,,,3.77,4.14,4.14,False
2011-09-16 14:00:00,2011-09-16 13:15:00,PV_H081,PV,NORMAL,NONE,NONE,0.0,4.14,0.0,4.14,0.0,0.0,3.77,0.0,Normal feeder conditions: unconstrained solar export permitted,,,,,,,,,,,,3.77,4.14,4.14,True
2011-09-16 14:00:00,2011-09-16 13:15:00,PV_H082,PV,NORMAL,NONE,NONE,0.0,2.74,0.0,2.74,0.0,0.0,2.49,0.0,Normal feeder conditions: unconstrained solar export permitted,,,,,,,,,,,,2.49,2.74,2.74,True
2011-09-16 14:00:00,2011-09-16 13:15:00,PV_H083,PV,NORMAL,NONE,NONE,0.0,3.06,0.0,3.06,0.0,0.0,2.78,0.0,Normal feeder conditions: unconstrained solar export permitted,,,,,,,,,,,,2.78,3.06,3.06,True
2011-09-16 14:00:00,2011-09-16 13:15:00,PV_H085,PV,NORMAL,NONE,NONE,0.0,3.82,0.0,3.82,0.0,0.0,3.47,0.0,Normal feeder conditions: unconstrained solar export permitted,,,,,,,,,,,,3.47,3.82,3.82,False
2011-09-16 14:00:00,2011-09-16 13:15:00,PV_H087,PV,NORMAL,NONE,NONE,0.0,4.42,0.0,4.42,0.0,0.0,4.02,0.0,Normal feeder conditions: unconstrained solar export permitted,,,,,,,,,,,,4.02,4.42,4.42,False
2011-09-16 14:00:00,2011-09-16 13:15:00,PV_H088,PV,NORMAL,NONE,NONE,0.0,2.24,0.0,2.24,0.0,0.0,2.04,0.0,Normal feeder conditions: unconstrained solar export permitted,,,,,,,,,,,,2.04,2.24,2.24,False
2011-09-16 14:00:00,2011-09-16 13:15:00,PV_H090,PV,NORMAL,NONE,NONE,0.0,4.33,0.0,4.33,0.0,0.0,3.94,0.0,Normal feeder conditions: unconstrained solar export permitted,,,,,,,,,,,,3.94,4.33,4.33,True
2011-09-16 14:00:00,2011-09-16 13:15:00,PV_H093,PV,NORMAL,NONE,NONE,0.0,5.31,0.0,5.31,0.0,0.0,4.83,0.0,Normal feeder conditions: unconstrained solar export permitted,,,,,,,,,,,,4.83,5.31,5.31,True
2011-09-16 14:00:00,2011-09-16 13:15:00,PV_H094,PV,NORMAL,NONE,NONE,0.0,2.76,0.0,2.76,0.0,0.0,2.51,0.0,Normal feeder conditions: unconstrained solar export permitted,,,,,,,,,,,,2.51,2.76,2.76,True
2011-09-16 14:00:00,2011-09-16 13:15:00,PV_H095,PV,NORMAL,NONE,NONE,0.0,2.66,0.0,2.66,0.0,0.0,2.42,0.0,Normal feeder conditions: unconstrained solar export permitted,,,,,,,,,,,,2.42,2.66,2.66,False
2011-09-16 14:00:00,2011-09-16 13:15:00,PV_H096,PV,NORMAL,NONE,NONE,0.0,4.27,0.0,4.27,0.0,0.0,3.88,0.0,Normal feeder conditions: unconstrained solar export permitted,,,,,,,,,,,,3.88,4.27,4.27,True
2011-09-16 14:00:00,2011-09-16 13:15:00,PV_H098,PV,NORMAL,NONE,NONE,0.0,3.16,0.0,3.16,0.0,0.0,2.87,0.0,Normal feeder conditions: unconstrained solar export permitted,,,,,,,,,,,,2.87,3.16,3.16,True
2011-09-16 14:00:00,2011-09-16 13:15:00,PV_H099,PV,NORMAL,NONE,NONE,0.0,3.1,0.0,3.1,0.0,0.0,2.82,0.0,Normal feeder conditions: unconstrained solar export permitted,,,,,,,,,,,,2.82,3.1,3.1,False
2011-09-16 14:00:00,2011-09-16 13:15:00,BESS_COMMUNITY_01,BESS,NORMAL,NONE,NONE,-25.0,25.0,-25.0,25.0,0.0,0.0,25.0,0.0,Normal conditions: full battery operating capability available,0.5,0.2,0.9,0.1,25.0,25.0,,,,,,,,,
2011-09-16 14:00:00,2011-09-16 13:15:00,EV_001,EV,NORMAL,NONE,NONE,0.0,7.4,0.0,0.0,0.0,0.0,0.0,0.0,EV outside availability window (disconnected),,,,,0.0,,18:00,07:30,15.0,0.0,False,,,,
2011-09-16 14:00:00,2011-09-16 13:15:00,EV_002,EV,NORMAL,NONE,NONE,0.0,7.4,0.0,0.0,0.0,0.0,0.0,0.0,EV outside availability window (disconnected),,,,,0.0,,18:00,07:30,15.0,0.0,False,,,,
2011-09-16 14:00:00,2011-09-16 13:15:00,EV_003,EV,NORMAL,NONE,NONE,0.0,7.4,0.0,0.0,0.0,0.0,0.0,0.0,EV outside availability window (disconnected),,,,,0.0,,18:00,07:30,15.0,0.0,False,,,,
2011-09-16 14:00:00,2011-09-16 13:15:00,EV_004,EV,NORMAL,NONE,NONE,0.0,7.4,0.0,0.0,0.0,0.0,0.0,0.0,EV outside availability window (disconnected),,,,,0.0,,18:00,07:30,15.0,0.0,False,,,,
2011-09-16 14:00:00,2011-09-16 13:15:00,EV_005,EV,NORMAL,NONE,NONE,0.0,7.4,0.0,0.0,0.0,0.0,0.0,0.0,EV outside availability window (disconnected),,,,,0.0,,18:00,07:30,15.0,0.0,False,,,,
2011-09-16 14:00:00,2011-09-16 13:15:00,EV_006,EV,NORMAL,NONE,NONE,0.0,7.4,0.0,0.0,0.0,0.0,0.0,0.0,EV outside availability window (disconnected),,,,,0.0,,18:00,07:30,15.0,0.0,False,,,,
2011-09-16 14:00:00,2011-09-16 13:15:00,EV_007,EV,NORMAL,NONE,NONE,0.0,7.4,0.0,0.0,0.0,0.0,0.0,0.0,EV outside availability window (disconnected),,,,,0.0,,18:00,07:30,15.0,0.0,False,,,,
2011-09-16 14:00:00,2011-09-16 13:15:00,EV_008,EV,NORMAL,NONE,NONE,0.0,7.4,0.0,0.0,0.0,0.0,0.0,0.0,EV outside availability window (disconnected),,,,,0.0,,18:00,07:30,15.0,0.0,False,,,,
2011-09-16 14:00:00,2011-09-16 13:15:00,EV_009,EV,NORMAL,NONE,NONE,0.0,7.4,0.0,0.0,0.0,0.0,0.0,0.0,EV outside availability window (disconnected),,,,,0.0,,18:00,07:30,15.0,0.0,False,,,,
2011-09-16 14:00:00,2011-09-16 13:15:00,EV_010,EV,NORMAL,NONE,NONE,0.0,7.4,0.0,0.0,0.0,0.0,0.0,0.0,EV outside availability window (disconnected),,,,,0.0,,18:00,07:30,15.0,0.0,False,,,,
2011-09-16 14:00:00,2011-09-16 13:15:00,EV_011,EV,NORMAL,NONE,NONE,0.0,7.4,0.0,0.0,0.0,0.0,0.0,0.0,EV outside availability window (disconnected),,,,,0.0,,18:00,07:30,15.0,0.0,False,,,,
2011-09-16 14:00:00,2011-09-16 13:15:00,EV_012,EV,NORMAL,NONE,NONE,0.0,7.4,0.0,0.0,0.0,0.0,0.0,0.0,EV outside availability window (disconnected),,,,,0.0,,18:00,07:30,15.0,0.0,False,,,,
2011-09-16 14:00:00,2011-09-16 13:15:00,EV_013,EV,NORMAL,NONE,NONE,0.0,7.4,0.0,0.0,0.0,0.0,0.0,0.0,EV outside availability window (disconnected),,,,,0.0,,18:00,07:30,15.0,0.0,False,,,,
2011-09-16 14:00:00,2011-09-16 13:15:00,EV_014,EV,NORMAL,NONE,NONE,0.0,7.4,0.0,0.0,0.0,0.0,0.0,0.0,EV outside availability window (disconnected),,,,,0.0,,18:00,07:30,15.0,0.0,False,,,,
2011-09-16 14:00:00,2011-09-16 13:15:00,EV_015,EV,NORMAL,NONE,NONE,0.0,7.4,0.0,0.0,0.0,0.0,0.0,0.0,EV outside availability window (disconnected),,,,,0.0,,18:00,07:30,15.0,0.0,False,,,,
2011-09-16 14:00:00,2011-09-16 13:15:00,EV_016,EV,NORMAL,NONE,NONE,0.0,7.4,0.0,0.0,0.0,0.0,0.0,0.0,EV outside availability window (disconnected),,,,,0.0,,18:00,07:30,15.0,0.0,False,,,,
2011-09-16 14:00:00,2011-09-16 13:15:00,EV_017,EV,NORMAL,NONE,NONE,0.0,7.4,0.0,0.0,0.0,0.0,0.0,0.0,EV outside availability window (disconnected),,,,,0.0,,18:00,07:30,15.0,0.0,False,,,,
2011-09-16 14:00:00,2011-09-16 13:15:00,EV_018,EV,NORMAL,NONE,NONE,0.0,7.4,0.0,0.0,0.0,0.0,0.0,0.0,EV outside availability window (disconnected),,,,,0.0,,18:00,07:30,15.0,0.0,False,,,,
2011-09-16 14:00:00,2011-09-16 13:15:00,EV_019,EV,NORMAL,NONE,NONE,0.0,7.4,0.0,0.0,0.0,0.0,0.0,0.0,EV outside availability window (disconnected),,,,,0.0,,18:00,07:30,15.0,0.0,False,,,,
2011-09-16 14:00:00,2011-09-16 13:15:00,EV_020,EV,NORMAL,NONE,NONE,0.0,7.4,0.0,0.0,0.0,0.0,0.0,0.0,EV outside availability window (disconnected),,,,,0.0,,18:00,07:30,15.0,0.0,False,,,,
2011-09-16 14:00:00,2011-09-16 13:15:00,FL001,FLEXIBLE_LOAD,NORMAL,NONE,NONE,0.0,0.0,0.0,0.0,0.0,0.0,0.0,0.0,Flexible load outside scheduled operating window,,,,,,,,,,,,,,,
2011-09-16 14:00:00,2011-09-16 13:15:00,FL002,FLEXIBLE_LOAD,NORMAL,NONE,NONE,0.5,10.0,0.5,10.0,0.0,0.0,10.0,0.0,Normal conditions: full operating range available,,,,,,,,,,,,,,,
2011-09-16 14:00:00,2011-09-16 13:15:00,FL003,FLEXIBLE_LOAD,NORMAL,NONE,NONE,0.5,4.0,0.5,4.0,0.0,0.0,4.0,0.0,Normal conditions: full operating range available,,,,,,,,,,,,,,,
2011-09-16 14:15:00,2011-09-16 13:15:00,PV_H002,PV,WATCH,NONE,NONE,0.0,3.91,0.0,3.91,0.0,0.0,3.38,0.0,Watch state: unconstrained export with active monitoring,,,,,,,,,,,,3.38,3.91,3.91,True
2011-09-16 14:15:00,2011-09-16 13:15:00,PV_H003,PV,WATCH,NONE,NONE,0.0,3.15,0.0,3.15,0.0,0.0,2.72,0.0,Watch state: unconstrained export with active monitoring,,,,,,,,,,,,2.72,3.15,3.15,True
2011-09-16 14:15:00,2011-09-16 13:15:00,PV_H005,PV,WATCH,NONE,NONE,0.0,3.17,0.0,3.17,0.0,0.0,2.74,0.0,Watch state: unconstrained export with active monitoring,,,,,,,,,,,,2.74,3.17,3.17,False
2011-09-16 14:15:00,2011-09-16 13:15:00,PV_H006,PV,WATCH,NONE,NONE,0.0,2.0,0.0,2.0,0.0,0.0,1.73,0.0,Watch state: unconstrained export with active monitoring,,,,,,,,,,,,1.73,2.0,2.0,True
2011-09-16 14:15:00,2011-09-16 13:15:00,PV_H007,PV,WATCH,NONE,NONE,0.0,3.93,0.0,3.93,0.0,0.0,3.39,0.0,Watch state: unconstrained export with active monitoring,,,,,,,,,,,,3.39,3.93,3.93,False
2011-09-16 14:15:00,2011-09-16 13:15:00,PV_H010,PV,WATCH,NONE,NONE,0.0,3.02,0.0,3.02,0.0,0.0,2.61,0.0,Watch state: unconstrained export with active monitoring,,,,,,,,,,,,2.61,3.02,3.02,False
2011-09-16 14:15:00,2011-09-16 13:15:00,PV_H016,PV,WATCH,NONE,NONE,0.0,2.1,0.0,2.1,0.0,0.0,1.81,0.0,Watch state: unconstrained export with active monitoring,,,,,,,,,,,,1.81,2.1,2.1,True
2011-09-16 14:15:00,2011-09-16 13:15:00,PV_H017,PV,WATCH,NONE,NONE,0.0,3.62,0.0,3.62,0.0,0.0,3.13,0.0,Watch state: unconstrained export with active monitoring,,,,,,,,,,,,3.13,3.62,3.62,True
2011-09-16 14:15:00,2011-09-16 13:15:00,PV_H018,PV,WATCH,NONE,NONE,0.0,2.33,0.0,2.33,0.0,0.0,2.01,0.0,Watch state: unconstrained export with active monitoring,,,,,,,,,,,,2.01,2.33,2.33,True
2011-09-16 14:15:00,2011-09-16 13:15:00,PV_H021,PV,WATCH,NONE,NONE,0.0,5.39,0.0,5.39,0.0,0.0,4.66,0.0,Watch state: unconstrained export with active monitoring,,,,,,,,,,,,4.66,5.39,5.39,True
2011-09-16 14:15:00,2011-09-16 13:15:00,PV_H024,PV,WATCH,NONE,NONE,0.0,2.0,0.0,2.0,0.0,0.0,1.73,0.0,Watch state: unconstrained export with active monitoring,,,,,,,,,,,,1.73,2.0,2.0,True
2011-09-16 14:15:00,2011-09-16 13:15:00,PV_H025,PV,WATCH,NONE,NONE,0.0,3.81,0.0,3.81,0.0,0.0,3.29,0.0,Watch state: unconstrained export with active monitoring,,,,,,,,,,,,3.29,3.81,3.81,False
2011-09-16 14:15:00,2011-09-16 13:15:00,PV_H026,PV,WATCH,NONE,NONE,0.0,3.67,0.0,3.67,0.0,0.0,3.17,0.0,Watch state: unconstrained export with active monitoring,,,,,,,,,,,,3.17,3.67,3.67,False
2011-09-16 14:15:00,2011-09-16 13:15:00,PV_H027,PV,WATCH,NONE,NONE,0.0,3.54,0.0,3.54,0.0,0.0,3.06,0.0,Watch state: unconstrained export with active monitoring,,,,,,,,,,,,3.06,3.54,3.54,True
2011-09-16 14:15:00,2011-09-16 13:15:00,PV_H032,PV,WATCH,NONE,NONE,0.0,3.2,0.0,3.2,0.0,0.0,2.76,0.0,Watch state: unconstrained export with active monitoring,,,,,,,,,,,,2.76,3.2,3.2,False
2011-09-16 14:15:00,2011-09-16 13:15:00,PV_H033,PV,WATCH,NONE,NONE,0.0,2.42,0.0,2.42,0.0,0.0,2.09,0.0,Watch state: unconstrained export with active monitoring,,,,,,,,,,,,2.09,2.42,2.42,True
2011-09-16 14:15:00,2011-09-16 13:15:00,PV_H034,PV,WATCH,NONE,NONE,0.0,3.96,0.0,3.96,0.0,0.0,3.42,0.0,Watch state: unconstrained export with active monitoring,,,,,,,,,,,,3.42,3.96,3.96,True
2011-09-16 14:15:00,2011-09-16 13:15:00,PV_H035,PV,WATCH,NONE,NONE,0.0,2.98,0.0,2.98,0.0,0.0,2.57,0.0,Watch state: unconstrained export with active monitoring,,,,,,,,,,,,2.57,2.98,2.98,True
2011-09-16 14:15:00,2011-09-16 13:15:00,PV_H036,PV,WATCH,NONE,NONE,0.0,3.49,0.0,3.49,0.0,0.0,3.01,0.0,Watch state: unconstrained export with active monitoring,,,,,,,,,,,,3.01,3.49,3.49,False
2011-09-16 14:15:00,2011-09-16 13:15:00,PV_H037,PV,WATCH,NONE,NONE,0.0,3.36,0.0,3.36,0.0,0.0,2.9,0.0,Watch state: unconstrained export with active monitoring,,,,,,,,,,,,2.9,3.36,3.36,False
2011-09-16 14:15:00,2011-09-16 13:15:00,PV_H040,PV,WATCH,NONE,NONE,0.0,4.1,0.0,4.1,0.0,0.0,3.54,0.0,Watch state: unconstrained export with active monitoring,,,,,,,,,,,,3.54,4.1,4.1,False
2011-09-16 14:15:00,2011-09-16 13:15:00,PV_H042,PV,WATCH,NONE,NONE,0.0,2.55,0.0,2.55,0.0,0.0,2.2,0.0,Watch state: unconstrained export with active monitoring,,,,,,,,,,,,2.2,2.55,2.55,True
2011-09-16 14:15:00,2011-09-16 13:15:00,PV_H044,PV,WATCH,NONE,NONE,0.0,3.34,0.0,3.34,0.0,0.0,2.88,0.0,Watch state: unconstrained export with active monitoring,,,,,,,,,,,,2.88,3.34,3.34,False
2011-09-16 14:15:00,2011-09-16 13:15:00,PV_H046,PV,WATCH,NONE,NONE,0.0,4.27,0.0,4.27,0.0,0.0,3.69,0.0,Watch state: unconstrained export with active monitoring,,,,,,,,,,,,3.69,4.27,4.27,False
2011-09-16 14:15:00,2011-09-16 13:15:00,PV_H048,PV,WATCH,NONE,NONE,0.0,3.11,0.0,3.11,0.0,0.0,2.69,0.0,Watch state: unconstrained export with active monitoring,,,,,,,,,,,,2.69,3.11,3.11,False
2011-09-16 14:15:00,2011-09-16 13:15:00,PV_H049,PV,WATCH,NONE,NONE,0.0,2.77,0.0,2.77,0.0,0.0,2.39,0.0,Watch state: unconstrained export with active monitoring,,,,,,,,,,,,2.39,2.77,2.77,True
2011-09-16 14:15:00,2011-09-16 13:15:00,PV_H050,PV,WATCH,NONE,NONE,0.0,3.9,0.0,3.9,0.0,0.0,3.37,0.0,Watch state: unconstrained export with active monitoring,,,,,,,,,,,,3.37,3.9,3.9,True
2011-09-16 14:15:00,2011-09-16 13:15:00,PV_H053,PV,WATCH,NONE,NONE,0.0,4.54,0.0,4.54,0.0,0.0,3.92,0.0,Watch state: unconstrained export with active monitoring,,,,,,,,,,,,3.92,4.54,4.54,False
2011-09-16 14:15:00,2011-09-16 13:15:00,PV_H055,PV,WATCH,NONE,NONE,0.0,2.77,0.0,2.77,0.0,0.0,2.39,0.0,Watch state: unconstrained export with active monitoring,,,,,,,,,,,,2.39,2.77,2.77,True
2011-09-16 14:15:00,2011-09-16 13:15:00,PV_H057,PV,WATCH,NONE,NONE,0.0,4.34,0.0,4.34,0.0,0.0,3.75,0.0,Watch state: unconstrained export with active monitoring,,,,,,,,,,,,3.75,4.34,4.34,True
2011-09-16 14:15:00,2011-09-16 13:15:00,PV_H058,PV,WATCH,NONE,NONE,0.0,3.0,0.0,3.0,0.0,0.0,2.59,0.0,Watch state: unconstrained export with active monitoring,,,,,,,,,,,,2.59,3.0,3.0,True
2011-09-16 14:15:00,2011-09-16 13:15:00,PV_H060,PV,WATCH,NONE,NONE,0.0,5.57,0.0,5.57,0.0,0.0,4.81,0.0,Watch state: unconstrained export with active monitoring,,,,,,,,,,,,4.81,5.57,5.57,True
2011-09-16 14:15:00,2011-09-16 13:15:00,PV_H061,PV,WATCH,NONE,NONE,0.0,3.07,0.0,3.07,0.0,0.0,2.65,0.0,Watch state: unconstrained export with active monitoring,,,,,,,,,,,,2.65,3.07,3.07,True
2011-09-16 14:15:00,2011-09-16 13:15:00,PV_H062,PV,WATCH,NONE,NONE,0.0,6.0,0.0,6.0,0.0,0.0,5.18,0.0,Watch state: unconstrained export with active monitoring,,,,,,,,,,,,5.18,6.0,6.0,False
2011-09-16 14:15:00,2011-09-16 13:15:00,PV_H063,PV,WATCH,NONE,NONE,0.0,4.02,0.0,4.02,0.0,0.0,3.47,0.0,Watch state: unconstrained export with active monitoring,,,,,,,,,,,,3.47,4.02,4.02,False
2011-09-16 14:15:00,2011-09-16 13:15:00,PV_H066,PV,WATCH,NONE,NONE,0.0,4.43,0.0,4.43,0.0,0.0,3.83,0.0,Watch state: unconstrained export with active monitoring,,,,,,,,,,,,3.83,4.43,4.43,False
2011-09-16 14:15:00,2011-09-16 13:15:00,PV_H067,PV,WATCH,NONE,NONE,0.0,2.63,0.0,2.63,0.0,0.0,2.27,0.0,Watch state: unconstrained export with active monitoring,,,,,,,,,,,,2.27,2.63,2.63,True
2011-09-16 14:15:00,2011-09-16 13:15:00,PV_H069,PV,WATCH,NONE,NONE,0.0,3.58,0.0,3.58,0.0,0.0,3.09,0.0,Watch state: unconstrained export with active monitoring,,,,,,,,,,,,3.09,3.58,3.58,True
2011-09-16 14:15:00,2011-09-16 13:15:00,PV_H071,PV,WATCH,NONE,NONE,0.0,4.57,0.0,4.57,0.0,0.0,3.95,0.0,Watch state: unconstrained export with active monitoring,,,,,,,,,,,,3.95,4.57,4.57,True
2011-09-16 14:15:00,2011-09-16 13:15:00,PV_H072,PV,WATCH,NONE,NONE,0.0,5.17,0.0,5.17,0.0,0.0,4.47,0.0,Watch state: unconstrained export with active monitoring,,,,,,,,,,,,4.47,5.17,5.17,True
2011-09-16 14:15:00,2011-09-16 13:15:00,PV_H073,PV,WATCH,NONE,NONE,0.0,3.71,0.0,3.71,0.0,0.0,3.2,0.0,Watch state: unconstrained export with active monitoring,,,,,,,,,,,,3.2,3.71,3.71,True
2011-09-16 14:15:00,2011-09-16 13:15:00,PV_H074,PV,WATCH,NONE,NONE,0.0,4.1,0.0,4.1,0.0,0.0,3.54,0.0,Watch state: unconstrained export with active monitoring,,,,,,,,,,,,3.54,4.1,4.1,False
2011-09-16 14:15:00,2011-09-16 13:15:00,PV_H076,PV,WATCH,NONE,NONE,0.0,4.69,0.0,4.69,0.0,0.0,4.05,0.0,Watch state: unconstrained export with active monitoring,,,,,,,,,,,,4.05,4.69,4.69,True
2011-09-16 14:15:00,2011-09-16 13:15:00,PV_H077,PV,WATCH,NONE,NONE,0.0,5.0,0.0,5.0,0.0,0.0,4.32,0.0,Watch state: unconstrained export with active monitoring,,,,,,,,,,,,4.32,5.0,5.0,True
2011-09-16 14:15:00,2011-09-16 13:15:00,PV_H078,PV,WATCH,NONE,NONE,0.0,2.75,0.0,2.75,0.0,0.0,2.38,0.0,Watch state: unconstrained export with active monitoring,,,,,,,,,,,,2.38,2.75,2.75,False
2011-09-16 14:15:00,2011-09-16 13:15:00,PV_H079,PV,WATCH,NONE,NONE,0.0,2.85,0.0,2.85,0.0,0.0,2.46,0.0,Watch state: unconstrained export with active monitoring,,,,,,,,,,,,2.46,2.85,2.85,True
2011-09-16 14:15:00,2011-09-16 13:15:00,PV_H080,PV,WATCH,NONE,NONE,0.0,4.14,0.0,4.14,0.0,0.0,3.58,0.0,Watch state: unconstrained export with active monitoring,,,,,,,,,,,,3.58,4.14,4.14,False
2011-09-16 14:15:00,2011-09-16 13:15:00,PV_H081,PV,WATCH,NONE,NONE,0.0,4.14,0.0,4.14,0.0,0.0,3.58,0.0,Watch state: unconstrained export with active monitoring,,,,,,,,,,,,3.58,4.14,4.14,True
2011-09-16 14:15:00,2011-09-16 13:15:00,PV_H082,PV,WATCH,NONE,NONE,0.0,2.74,0.0,2.74,0.0,0.0,2.37,0.0,Watch state: unconstrained export with active monitoring,,,,,,,,,,,,2.37,2.74,2.74,True
2011-09-16 14:15:00,2011-09-16 13:15:00,PV_H083,PV,WATCH,NONE,NONE,0.0,3.06,0.0,3.06,0.0,0.0,2.64,0.0,Watch state: unconstrained export with active monitoring,,,,,,,,,,,,2.64,3.06,3.06,True
2011-09-16 14:15:00,2011-09-16 13:15:00,PV_H085,PV,WATCH,NONE,NONE,0.0,3.82,0.0,3.82,0.0,0.0,3.3,0.0,Watch state: unconstrained export with active monitoring,,,,,,,,,,,,3.3,3.82,3.82,False
2011-09-16 14:15:00,2011-09-16 13:15:00,PV_H087,PV,WATCH,NONE,NONE,0.0,4.42,0.0,4.42,0.0,0.0,3.82,0.0,Watch state: unconstrained export with active monitoring,,,,,,,,,,,,3.82,4.42,4.42,False
2011-09-16 14:15:00,2011-09-16 13:15:00,PV_H088,PV,WATCH,NONE,NONE,0.0,2.24,0.0,2.24,0.0,0.0,1.93,0.0,Watch state: unconstrained export with active monitoring,,,,,,,,,,,,1.93,2.24,2.24,False
2011-09-16 14:15:00,2011-09-16 13:15:00,PV_H090,PV,WATCH,NONE,NONE,0.0,4.33,0.0,4.33,0.0,0.0,3.74,0.0,Watch state: unconstrained export with active monitoring,,,,,,,,,,,,3.74,4.33,4.33,True
2011-09-16 14:15:00,2011-09-16 13:15:00,PV_H093,PV,WATCH,NONE,NONE,0.0,5.31,0.0,5.31,0.0,0.0,4.59,0.0,Watch state: unconstrained export with active monitoring,,,,,,,,,,,,4.59,5.31,5.31,True
2011-09-16 14:15:00,2011-09-16 13:15:00,PV_H094,PV,WATCH,NONE,NONE,0.0,2.76,0.0,2.76,0.0,0.0,2.38,0.0,Watch state: unconstrained export with active monitoring,,,,,,,,,,,,2.38,2.76,2.76,True
2011-09-16 14:15:00,2011-09-16 13:15:00,PV_H095,PV,WATCH,NONE,NONE,0.0,2.66,0.0,2.66,0.0,0.0,2.3,0.0,Watch state: unconstrained export with active monitoring,,,,,,,,,,,,2.3,2.66,2.66,False
2011-09-16 14:15:00,2011-09-16 13:15:00,PV_H096,PV,WATCH,NONE,NONE,0.0,4.27,0.0,4.27,0.0,0.0,3.69,0.0,Watch state: unconstrained export with active monitoring,,,,,,,,,,,,3.69,4.27,4.27,True
2011-09-16 14:15:00,2011-09-16 13:15:00,PV_H098,PV,WATCH,NONE,NONE,0.0,3.16,0.0,3.16,0.0,0.0,2.73,0.0,Watch state: unconstrained export with active monitoring,,,,,,,,,,,,2.73,3.16,3.16,True
2011-09-16 14:15:00,2011-09-16 13:15:00,PV_H099,PV,WATCH,NONE,NONE,0.0,3.1,0.0,3.1,0.0,0.0,2.68,0.0,Watch state: unconstrained export with active monitoring,,,,,,,,,,,,2.68,3.1,3.1,False
2011-09-16 14:15:00,2011-09-16 13:15:00,BESS_COMMUNITY_01,BESS,WATCH,NONE,NONE,-25.0,25.0,-25.0,25.0,0.0,0.0,25.0,0.0,Watch state: operating within verified SOC limits,0.5,0.2,0.9,0.1,25.0,25.0,,,,,,,,,
2011-09-16 14:15:00,2011-09-16 13:15:00,EV_001,EV,WATCH,NONE,NONE,0.0,7.4,0.0,0.0,0.0,0.0,0.0,0.0,EV outside availability window (disconnected),,,,,0.0,,18:00,07:30,15.0,0.0,False,,,,
2011-09-16 14:15:00,2011-09-16 13:15:00,EV_002,EV,WATCH,NONE,NONE,0.0,7.4,0.0,0.0,0.0,0.0,0.0,0.0,EV outside availability window (disconnected),,,,,0.0,,18:00,07:30,15.0,0.0,False,,,,
2011-09-16 14:15:00,2011-09-16 13:15:00,EV_003,EV,WATCH,NONE,NONE,0.0,7.4,0.0,0.0,0.0,0.0,0.0,0.0,EV outside availability window (disconnected),,,,,0.0,,18:00,07:30,15.0,0.0,False,,,,
2011-09-16 14:15:00,2011-09-16 13:15:00,EV_004,EV,WATCH,NONE,NONE,0.0,7.4,0.0,0.0,0.0,0.0,0.0,0.0,EV outside availability window (disconnected),,,,,0.0,,18:00,07:30,15.0,0.0,False,,,,
2011-09-16 14:15:00,2011-09-16 13:15:00,EV_005,EV,WATCH,NONE,NONE,0.0,7.4,0.0,0.0,0.0,0.0,0.0,0.0,EV outside availability window (disconnected),,,,,0.0,,18:00,07:30,15.0,0.0,False,,,,
2011-09-16 14:15:00,2011-09-16 13:15:00,EV_006,EV,WATCH,NONE,NONE,0.0,7.4,0.0,0.0,0.0,0.0,0.0,0.0,EV outside availability window (disconnected),,,,,0.0,,18:00,07:30,15.0,0.0,False,,,,
2011-09-16 14:15:00,2011-09-16 13:15:00,EV_007,EV,WATCH,NONE,NONE,0.0,7.4,0.0,0.0,0.0,0.0,0.0,0.0,EV outside availability window (disconnected),,,,,0.0,,18:00,07:30,15.0,0.0,False,,,,
2011-09-16 14:15:00,2011-09-16 13:15:00,EV_008,EV,WATCH,NONE,NONE,0.0,7.4,0.0,0.0,0.0,0.0,0.0,0.0,EV outside availability window (disconnected),,,,,0.0,,18:00,07:30,15.0,0.0,False,,,,
2011-09-16 14:15:00,2011-09-16 13:15:00,EV_009,EV,WATCH,NONE,NONE,0.0,7.4,0.0,0.0,0.0,0.0,0.0,0.0,EV outside availability window (disconnected),,,,,0.0,,18:00,07:30,15.0,0.0,False,,,,
2011-09-16 14:15:00,2011-09-16 13:15:00,EV_010,EV,WATCH,NONE,NONE,0.0,7.4,0.0,0.0,0.0,0.0,0.0,0.0,EV outside availability window (disconnected),,,,,0.0,,18:00,07:30,15.0,0.0,False,,,,
2011-09-16 14:15:00,2011-09-16 13:15:00,EV_011,EV,WATCH,NONE,NONE,0.0,7.4,0.0,0.0,0.0,0.0,0.0,0.0,EV outside availability window (disconnected),,,,,0.0,,18:00,07:30,15.0,0.0,False,,,,
2011-09-16 14:15:00,2011-09-16 13:15:00,EV_012,EV,WATCH,NONE,NONE,0.0,7.4,0.0,0.0,0.0,0.0,0.0,0.0,EV outside availability window (disconnected),,,,,0.0,,18:00,07:30,15.0,0.0,False,,,,
2011-09-16 14:15:00,2011-09-16 13:15:00,EV_013,EV,WATCH,NONE,NONE,0.0,7.4,0.0,0.0,0.0,0.0,0.0,0.0,EV outside availability window (disconnected),,,,,0.0,,18:00,07:30,15.0,0.0,False,,,,
2011-09-16 14:15:00,2011-09-16 13:15:00,EV_014,EV,WATCH,NONE,NONE,0.0,7.4,0.0,0.0,0.0,0.0,0.0,0.0,EV outside availability window (disconnected),,,,,0.0,,18:00,07:30,15.0,0.0,False,,,,
2011-09-16 14:15:00,2011-09-16 13:15:00,EV_015,EV,WATCH,NONE,NONE,0.0,7.4,0.0,0.0,0.0,0.0,0.0,0.0,EV outside availability window (disconnected),,,,,0.0,,18:00,07:30,15.0,0.0,False,,,,
2011-09-16 14:15:00,2011-09-16 13:15:00,EV_016,EV,WATCH,NONE,NONE,0.0,7.4,0.0,0.0,0.0,0.0,0.0,0.0,EV outside availability window (disconnected),,,,,0.0,,18:00,07:30,15.0,0.0,False,,,,
2011-09-16 14:15:00,2011-09-16 13:15:00,EV_017,EV,WATCH,NONE,NONE,0.0,7.4,0.0,0.0,0.0,0.0,0.0,0.0,EV outside availability window (disconnected),,,,,0.0,,18:00,07:30,15.0,0.0,False,,,,
2011-09-16 14:15:00,2011-09-16 13:15:00,EV_018,EV,WATCH,NONE,NONE,0.0,7.4,0.0,0.0,0.0,0.0,0.0,0.0,EV outside availability window (disconnected),,,,,0.0,,18:00,07:30,15.0,0.0,False,,,,
2011-09-16 14:15:00,2011-09-16 13:15:00,EV_019,EV,WATCH,NONE,NONE,0.0,7.4,0.0,0.0,0.0,0.0,0.0,0.0,EV outside availability window (disconnected),,,,,0.0,,18:00,07:30,15.0,0.0,False,,,,
2011-09-16 14:15:00,2011-09-16 13:15:00,EV_020,EV,WATCH,NONE,NONE,0.0,7.4,0.0,0.0,0.0,0.0,0.0,0.0,EV outside availability window (disconnected),,,,,0.0,,18:00,07:30,15.0,0.0,False,,,,
2011-09-16 14:15:00,2011-09-16 13:15:00,FL001,FLEXIBLE_LOAD,WATCH,NONE,NONE,0.0,0.0,0.0,0.0,0.0,0.0,0.0,0.0,Flexible load outside scheduled operating window,,,,,,,,,,,,,,,
2011-09-16 14:15:00,2011-09-16 13:15:00,FL002,FLEXIBLE_LOAD,WATCH,NONE,NONE,0.5,10.0,0.5,10.0,0.0,0.0,10.0,0.0,Normal scheduled operation,,,,,,,,,,,,,,,
2011-09-16 14:15:00,2011-09-16 13:15:00,FL003,FLEXIBLE_LOAD,WATCH,NONE,NONE,0.5,4.0,0.5,4.0,0.0,0.0,4.0,0.0,Normal scheduled operation,,,,,,,,,,,,,,,
2011-09-16 14:30:00,2011-09-16 13:15:00,PV_H002,PV,WATCH,NONE,NONE,0.0,3.91,0.0,3.91,0.0,0.0,2.88,0.0,Watch state: unconstrained export with active monitoring,,,,,,,,,,,,2.88,3.91,3.91,True
2011-09-16 14:30:00,2011-09-16 13:15:00,PV_H003,PV,WATCH,NONE,NONE,0.0,3.15,0.0,3.15,0.0,0.0,2.32,0.0,Watch state: unconstrained export with active monitoring,,,,,,,,,,,,2.32,3.15,3.15,True
2011-09-16 14:30:00,2011-09-16 13:15:00,PV_H005,PV,WATCH,NONE,NONE,0.0,3.17,0.0,3.17,0.0,0.0,2.33,0.0,Watch state: unconstrained export with active monitoring,,,,,,,,,,,,2.33,3.17,3.17,False
2011-09-16 14:30:00,2011-09-16 13:15:00,PV_H006,PV,WATCH,NONE,NONE,0.0,2.0,0.0,2.0,0.0,0.0,1.47,0.0,Watch state: unconstrained export with active monitoring,,,,,,,,,,,,1.47,2.0,2.0,True
2011-09-16 14:30:00,2011-09-16 13:15:00,PV_H007,PV,WATCH,NONE,NONE,0.0,3.93,0.0,3.93,0.0,0.0,2.89,0.0,Watch state: unconstrained export with active monitoring,,,,,,,,,,,,2.89,3.93,3.93,False
2011-09-16 14:30:00,2011-09-16 13:15:00,PV_H010,PV,WATCH,NONE,NONE,0.0,3.02,0.0,3.02,0.0,0.0,2.22,0.0,Watch state: unconstrained export with active monitoring,,,,,,,,,,,,2.22,3.02,3.02,False
2011-09-16 14:30:00,2011-09-16 13:15:00,PV_H016,PV,WATCH,NONE,NONE,0.0,2.1,0.0,2.1,0.0,0.0,1.55,0.0,Watch state: unconstrained export with active monitoring,,,,,,,,,,,,1.55,2.1,2.1,True
2011-09-16 14:30:00,2011-09-16 13:15:00,PV_H017,PV,WATCH,NONE,NONE,0.0,3.62,0.0,3.62,0.0,0.0,2.67,0.0,Watch state: unconstrained export with active monitoring,,,,,,,,,,,,2.67,3.62,3.62,True
2011-09-16 14:30:00,2011-09-16 13:15:00,PV_H018,PV,WATCH,NONE,NONE,0.0,2.33,0.0,2.33,0.0,0.0,1.72,0.0,Watch state: unconstrained export with active monitoring,,,,,,,,,,,,1.72,2.33,2.33,True
2011-09-16 14:30:00,2011-09-16 13:15:00,PV_H021,PV,WATCH,NONE,NONE,0.0,5.39,0.0,5.39,0.0,0.0,3.97,0.0,Watch state: unconstrained export with active monitoring,,,,,,,,,,,,3.97,5.39,5.39,True
2011-09-16 14:30:00,2011-09-16 13:15:00,PV_H024,PV,WATCH,NONE,NONE,0.0,2.0,0.0,2.0,0.0,0.0,1.47,0.0,Watch state: unconstrained export with active monitoring,,,,,,,,,,,,1.47,2.0,2.0,True
2011-09-16 14:30:00,2011-09-16 13:15:00,PV_H025,PV,WATCH,NONE,NONE,0.0,3.81,0.0,3.81,0.0,0.0,2.81,0.0,Watch state: unconstrained export with active monitoring,,,,,,,,,,,,2.81,3.81,3.81,False
2011-09-16 14:30:00,2011-09-16 13:15:00,PV_H026,PV,WATCH,NONE,NONE,0.0,3.67,0.0,3.67,0.0,0.0,2.7,0.0,Watch state: unconstrained export with active monitoring,,,,,,,,,,,,2.7,3.67,3.67,False
2011-09-16 14:30:00,2011-09-16 13:15:00,PV_H027,PV,WATCH,NONE,NONE,0.0,3.54,0.0,3.54,0.0,0.0,2.61,0.0,Watch state: unconstrained export with active monitoring,,,,,,,,,,,,2.61,3.54,3.54,True
2011-09-16 14:30:00,2011-09-16 13:15:00,PV_H032,PV,WATCH,NONE,NONE,0.0,3.2,0.0,3.2,0.0,0.0,2.36,0.0,Watch state: unconstrained export with active monitoring,,,,,,,,,,,,2.36,3.2,3.2,False
2011-09-16 14:30:00,2011-09-16 13:15:00,PV_H033,PV,WATCH,NONE,NONE,0.0,2.42,0.0,2.42,0.0,0.0,1.78,0.0,Watch state: unconstrained export with active monitoring,,,,,,,,,,,,1.78,2.42,2.42,True
2011-09-16 14:30:00,2011-09-16 13:15:00,PV_H034,PV,WATCH,NONE,NONE,0.0,3.96,0.0,3.96,0.0,0.0,2.92,0.0,Watch state: unconstrained export with active monitoring,,,,,,,,,,,,2.92,3.96,3.96,True
2011-09-16 14:30:00,2011-09-16 13:15:00,PV_H035,PV,WATCH,NONE,NONE,0.0,2.98,0.0,2.98,0.0,0.0,2.19,0.0,Watch state: unconstrained export with active monitoring,,,,,,,,,,,,2.19,2.98,2.98,True
2011-09-16 14:30:00,2011-09-16 13:15:00,PV_H036,PV,WATCH,NONE,NONE,0.0,3.49,0.0,3.49,0.0,0.0,2.57,0.0,Watch state: unconstrained export with active monitoring,,,,,,,,,,,,2.57,3.49,3.49,False
2011-09-16 14:30:00,2011-09-16 13:15:00,PV_H037,PV,WATCH,NONE,NONE,0.0,3.36,0.0,3.36,0.0,0.0,2.47,0.0,Watch state: unconstrained export with active monitoring,,,,,,,,,,,,2.47,3.36,3.36,False
2011-09-16 14:30:00,2011-09-16 13:15:00,PV_H040,PV,WATCH,NONE,NONE,0.0,4.1,0.0,4.1,0.0,0.0,3.02,0.0,Watch state: unconstrained export with active monitoring,,,,,,,,,,,,3.02,4.1,4.1,False
2011-09-16 14:30:00,2011-09-16 13:15:00,PV_H042,PV,WATCH,NONE,NONE,0.0,2.55,0.0,2.55,0.0,0.0,1.88,0.0,Watch state: unconstrained export with active monitoring,,,,,,,,,,,,1.88,2.55,2.55,True
2011-09-16 14:30:00,2011-09-16 13:15:00,PV_H044,PV,WATCH,NONE,NONE,0.0,3.34,0.0,3.34,0.0,0.0,2.46,0.0,Watch state: unconstrained export with active monitoring,,,,,,,,,,,,2.46,3.34,3.34,False
2011-09-16 14:30:00,2011-09-16 13:15:00,PV_H046,PV,WATCH,NONE,NONE,0.0,4.27,0.0,4.27,0.0,0.0,3.15,0.0,Watch state: unconstrained export with active monitoring,,,,,,,,,,,,3.15,4.27,4.27,False
2011-09-16 14:30:00,2011-09-16 13:15:00,PV_H048,PV,WATCH,NONE,NONE,0.0,3.11,0.0,3.11,0.0,0.0,2.29,0.0,Watch state: unconstrained export with active monitoring,,,,,,,,,,,,2.29,3.11,3.11,False
2011-09-16 14:30:00,2011-09-16 13:15:00,PV_H049,PV,WATCH,NONE,NONE,0.0,2.77,0.0,2.77,0.0,0.0,2.04,0.0,Watch state: unconstrained export with active monitoring,,,,,,,,,,,,2.04,2.77,2.77,True
2011-09-16 14:30:00,2011-09-16 13:15:00,PV_H050,PV,WATCH,NONE,NONE,0.0,3.9,0.0,3.9,0.0,0.0,2.87,0.0,Watch state: unconstrained export with active monitoring,,,,,,,,,,,,2.87,3.9,3.9,True
2011-09-16 14:30:00,2011-09-16 13:15:00,PV_H053,PV,WATCH,NONE,NONE,0.0,4.54,0.0,4.54,0.0,0.0,3.34,0.0,Watch state: unconstrained export with active monitoring,,,,,,,,,,,,3.34,4.54,4.54,False
2011-09-16 14:30:00,2011-09-16 13:15:00,PV_H055,PV,WATCH,NONE,NONE,0.0,2.77,0.0,2.77,0.0,0.0,2.04,0.0,Watch state: unconstrained export with active monitoring,,,,,,,,,,,,2.04,2.77,2.77,True
2011-09-16 14:30:00,2011-09-16 13:15:00,PV_H057,PV,WATCH,NONE,NONE,0.0,4.34,0.0,4.34,0.0,0.0,3.2,0.0,Watch state: unconstrained export with active monitoring,,,,,,,,,,,,3.2,4.34,4.34,True
2011-09-16 14:30:00,2011-09-16 13:15:00,PV_H058,PV,WATCH,NONE,NONE,0.0,3.0,0.0,3.0,0.0,0.0,2.21,0.0,Watch state: unconstrained export with active monitoring,,,,,,,,,,,,2.21,3.0,3.0,True
2011-09-16 14:30:00,2011-09-16 13:15:00,PV_H060,PV,WATCH,NONE,NONE,0.0,5.57,0.0,5.57,0.0,0.0,4.1,0.0,Watch state: unconstrained export with active monitoring,,,,,,,,,,,,4.1,5.57,5.57,True
2011-09-16 14:30:00,2011-09-16 13:15:00,PV_H061,PV,WATCH,NONE,NONE,0.0,3.07,0.0,3.07,0.0,0.0,2.26,0.0,Watch state: unconstrained export with active monitoring,,,,,,,,,,,,2.26,3.07,3.07,True
2011-09-16 14:30:00,2011-09-16 13:15:00,PV_H062,PV,WATCH,NONE,NONE,0.0,6.0,0.0,6.0,0.0,0.0,4.42,0.0,Watch state: unconstrained export with active monitoring,,,,,,,,,,,,4.42,6.0,6.0,False
2011-09-16 14:30:00,2011-09-16 13:15:00,PV_H063,PV,WATCH,NONE,NONE,0.0,4.02,0.0,4.02,0.0,0.0,2.96,0.0,Watch state: unconstrained export with active monitoring,,,,,,,,,,,,2.96,4.02,4.02,False
2011-09-16 14:30:00,2011-09-16 13:15:00,PV_H066,PV,WATCH,NONE,NONE,0.0,4.43,0.0,4.43,0.0,0.0,3.26,0.0,Watch state: unconstrained export with active monitoring,,,,,,,,,,,,3.26,4.43,4.43,False
2011-09-16 14:30:00,2011-09-16 13:15:00,PV_H067,PV,WATCH,NONE,NONE,0.0,2.63,0.0,2.63,0.0,0.0,1.94,0.0,Watch state: unconstrained export with active monitoring,,,,,,,,,,,,1.94,2.63,2.63,True
2011-09-16 14:30:00,2011-09-16 13:15:00,PV_H069,PV,WATCH,NONE,NONE,0.0,3.58,0.0,3.58,0.0,0.0,2.64,0.0,Watch state: unconstrained export with active monitoring,,,,,,,,,,,,2.64,3.58,3.58,True
2011-09-16 14:30:00,2011-09-16 13:15:00,PV_H071,PV,WATCH,NONE,NONE,0.0,4.57,0.0,4.57,0.0,0.0,3.37,0.0,Watch state: unconstrained export with active monitoring,,,,,,,,,,,,3.37,4.57,4.57,True
2011-09-16 14:30:00,2011-09-16 13:15:00,PV_H072,PV,WATCH,NONE,NONE,0.0,5.17,0.0,5.17,0.0,0.0,3.81,0.0,Watch state: unconstrained export with active monitoring,,,,,,,,,,,,3.81,5.17,5.17,True
2011-09-16 14:30:00,2011-09-16 13:15:00,PV_H073,PV,WATCH,NONE,NONE,0.0,3.71,0.0,3.71,0.0,0.0,2.73,0.0,Watch state: unconstrained export with active monitoring,,,,,,,,,,,,2.73,3.71,3.71,True
2011-09-16 14:30:00,2011-09-16 13:15:00,PV_H074,PV,WATCH,NONE,NONE,0.0,4.1,0.0,4.1,0.0,0.0,3.02,0.0,Watch state: unconstrained export with active monitoring,,,,,,,,,,,,3.02,4.1,4.1,False
2011-09-16 14:30:00,2011-09-16 13:15:00,PV_H076,PV,WATCH,NONE,NONE,0.0,4.69,0.0,4.69,0.0,0.0,3.45,0.0,Watch state: unconstrained export with active monitoring,,,,,,,,,,,,3.45,4.69,4.69,True
2011-09-16 14:30:00,2011-09-16 13:15:00,PV_H077,PV,WATCH,NONE,NONE,0.0,5.0,0.0,5.0,0.0,0.0,3.68,0.0,Watch state: unconstrained export with active monitoring,,,,,,,,,,,,3.68,5.0,5.0,True
2011-09-16 14:30:00,2011-09-16 13:15:00,PV_H078,PV,WATCH,NONE,NONE,0.0,2.75,0.0,2.75,0.0,0.0,2.03,0.0,Watch state: unconstrained export with active monitoring,,,,,,,,,,,,2.03,2.75,2.75,False
2011-09-16 14:30:00,2011-09-16 13:15:00,PV_H079,PV,WATCH,NONE,NONE,0.0,2.85,0.0,2.85,0.0,0.0,2.1,0.0,Watch state: unconstrained export with active monitoring,,,,,,,,,,,,2.1,2.85,2.85,True
2011-09-16 14:30:00,2011-09-16 13:15:00,PV_H080,PV,WATCH,NONE,NONE,0.0,4.14,0.0,4.14,0.0,0.0,3.05,0.0,Watch state: unconstrained export with active monitoring,,,,,,,,,,,,3.05,4.14,4.14,False
2011-09-16 14:30:00,2011-09-16 13:15:00,PV_H081,PV,WATCH,NONE,NONE,0.0,4.14,0.0,4.14,0.0,0.0,3.05,0.0,Watch state: unconstrained export with active monitoring,,,,,,,,,,,,3.05,4.14,4.14,True
2011-09-16 14:30:00,2011-09-16 13:15:00,PV_H082,PV,WATCH,NONE,NONE,0.0,2.74,0.0,2.74,0.0,0.0,2.02,0.0,Watch state: unconstrained export with active monitoring,,,,,,,,,,,,2.02,2.74,2.74,True
2011-09-16 14:30:00,2011-09-16 13:15:00,PV_H083,PV,WATCH,NONE,NONE,0.0,3.06,0.0,3.06,0.0,0.0,2.25,0.0,Watch state: unconstrained export with active monitoring,,,,,,,,,,,,2.25,3.06,3.06,True
2011-09-16 14:30:00,2011-09-16 13:15:00,PV_H085,PV,WATCH,NONE,NONE,0.0,3.82,0.0,3.82,0.0,0.0,2.81,0.0,Watch state: unconstrained export with active monitoring,,,,,,,,,,,,2.81,3.82,3.82,False
2011-09-16 14:30:00,2011-09-16 13:15:00,PV_H087,PV,WATCH,NONE,NONE,0.0,4.42,0.0,4.42,0.0,0.0,3.26,0.0,Watch state: unconstrained export with active monitoring,,,,,,,,,,,,3.26,4.42,4.42,False
2011-09-16 14:30:00,2011-09-16 13:15:00,PV_H088,PV,WATCH,NONE,NONE,0.0,2.24,0.0,2.24,0.0,0.0,1.65,0.0,Watch state: unconstrained export with active monitoring,,,,,,,,,,,,1.65,2.24,2.24,False
2011-09-16 14:30:00,2011-09-16 13:15:00,PV_H090,PV,WATCH,NONE,NONE,0.0,4.33,0.0,4.33,0.0,0.0,3.19,0.0,Watch state: unconstrained export with active monitoring,,,,,,,,,,,,3.19,4.33,4.33,True
2011-09-16 14:30:00,2011-09-16 13:15:00,PV_H093,PV,WATCH,NONE,NONE,0.0,5.31,0.0,5.31,0.0,0.0,3.91,0.0,Watch state: unconstrained export with active monitoring,,,,,,,,,,,,3.91,5.31,5.31,True
2011-09-16 14:30:00,2011-09-16 13:15:00,PV_H094,PV,WATCH,NONE,NONE,0.0,2.76,0.0,2.76,0.0,0.0,2.03,0.0,Watch state: unconstrained export with active monitoring,,,,,,,,,,,,2.03,2.76,2.76,True
2011-09-16 14:30:00,2011-09-16 13:15:00,PV_H095,PV,WATCH,NONE,NONE,0.0,2.66,0.0,2.66,0.0,0.0,1.96,0.0,Watch state: unconstrained export with active monitoring,,,,,,,,,,,,1.96,2.66,2.66,False
2011-09-16 14:30:00,2011-09-16 13:15:00,PV_H096,PV,WATCH,NONE,NONE,0.0,4.27,0.0,4.27,0.0,0.0,3.15,0.0,Watch state: unconstrained export with active monitoring,,,,,,,,,,,,3.15,4.27,4.27,True
2011-09-16 14:30:00,2011-09-16 13:15:00,PV_H098,PV,WATCH,NONE,NONE,0.0,3.16,0.0,3.16,0.0,0.0,2.33,0.0,Watch state: unconstrained export with active monitoring,,,,,,,,,,,,2.33,3.16,3.16,True
2011-09-16 14:30:00,2011-09-16 13:15:00,PV_H099,PV,WATCH,NONE,NONE,0.0,3.1,0.0,3.1,0.0,0.0,2.28,0.0,Watch state: unconstrained export with active monitoring,,,,,,,,,,,,2.28,3.1,3.1,False
2011-09-16 14:30:00,2011-09-16 13:15:00,BESS_COMMUNITY_01,BESS,WATCH,NONE,NONE,-25.0,25.0,-25.0,25.0,0.0,0.0,25.0,0.0,Watch state: operating within verified SOC limits,0.5,0.2,0.9,0.1,25.0,25.0,,,,,,,,,
2011-09-16 14:30:00,2011-09-16 13:15:00,EV_001,EV,WATCH,NONE,NONE,0.0,7.4,0.0,0.0,0.0,0.0,0.0,0.0,EV outside availability window (disconnected),,,,,0.0,,18:00,07:30,15.0,0.0,False,,,,
2011-09-16 14:30:00,2011-09-16 13:15:00,EV_002,EV,WATCH,NONE,NONE,0.0,7.4,0.0,0.0,0.0,0.0,0.0,0.0,EV outside availability window (disconnected),,,,,0.0,,18:00,07:30,15.0,0.0,False,,,,
2011-09-16 14:30:00,2011-09-16 13:15:00,EV_003,EV,WATCH,NONE,NONE,0.0,7.4,0.0,0.0,0.0,0.0,0.0,0.0,EV outside availability window (disconnected),,,,,0.0,,18:00,07:30,15.0,0.0,False,,,,
2011-09-16 14:30:00,2011-09-16 13:15:00,EV_004,EV,WATCH,NONE,NONE,0.0,7.4,0.0,0.0,0.0,0.0,0.0,0.0,EV outside availability window (disconnected),,,,,0.0,,18:00,07:30,15.0,0.0,False,,,,
2011-09-16 14:30:00,2011-09-16 13:15:00,EV_005,EV,WATCH,NONE,NONE,0.0,7.4,0.0,0.0,0.0,0.0,0.0,0.0,EV outside availability window (disconnected),,,,,0.0,,18:00,07:30,15.0,0.0,False,,,,
2011-09-16 14:30:00,2011-09-16 13:15:00,EV_006,EV,WATCH,NONE,NONE,0.0,7.4,0.0,0.0,0.0,0.0,0.0,0.0,EV outside availability window (disconnected),,,,,0.0,,18:00,07:30,15.0,0.0,False,,,,
2011-09-16 14:30:00,2011-09-16 13:15:00,EV_007,EV,WATCH,NONE,NONE,0.0,7.4,0.0,0.0,0.0,0.0,0.0,0.0,EV outside availability window (disconnected),,,,,0.0,,18:00,07:30,15.0,0.0,False,,,,
2011-09-16 14:30:00,2011-09-16 13:15:00,EV_008,EV,WATCH,NONE,NONE,0.0,7.4,0.0,0.0,0.0,0.0,0.0,0.0,EV outside availability window (disconnected),,,,,0.0,,18:00,07:30,15.0,0.0,False,,,,
2011-09-16 14:30:00,2011-09-16 13:15:00,EV_009,EV,WATCH,NONE,NONE,0.0,7.4,0.0,0.0,0.0,0.0,0.0,0.0,EV outside availability window (disconnected),,,,,0.0,,18:00,07:30,15.0,0.0,False,,,,
2011-09-16 14:30:00,2011-09-16 13:15:00,EV_010,EV,WATCH,NONE,NONE,0.0,7.4,0.0,0.0,0.0,0.0,0.0,0.0,EV outside availability window (disconnected),,,,,0.0,,18:00,07:30,15.0,0.0,False,,,,
2011-09-16 14:30:00,2011-09-16 13:15:00,EV_011,EV,WATCH,NONE,NONE,0.0,7.4,0.0,0.0,0.0,0.0,0.0,0.0,EV outside availability window (disconnected),,,,,0.0,,18:00,07:30,15.0,0.0,False,,,,
2011-09-16 14:30:00,2011-09-16 13:15:00,EV_012,EV,WATCH,NONE,NONE,0.0,7.4,0.0,0.0,0.0,0.0,0.0,0.0,EV outside availability window (disconnected),,,,,0.0,,18:00,07:30,15.0,0.0,False,,,,
2011-09-16 14:30:00,2011-09-16 13:15:00,EV_013,EV,WATCH,NONE,NONE,0.0,7.4,0.0,0.0,0.0,0.0,0.0,0.0,EV outside availability window (disconnected),,,,,0.0,,18:00,07:30,15.0,0.0,False,,,,
2011-09-16 14:30:00,2011-09-16 13:15:00,EV_014,EV,WATCH,NONE,NONE,0.0,7.4,0.0,0.0,0.0,0.0,0.0,0.0,EV outside availability window (disconnected),,,,,0.0,,18:00,07:30,15.0,0.0,False,,,,
2011-09-16 14:30:00,2011-09-16 13:15:00,EV_015,EV,WATCH,NONE,NONE,0.0,7.4,0.0,0.0,0.0,0.0,0.0,0.0,EV outside availability window (disconnected),,,,,0.0,,18:00,07:30,15.0,0.0,False,,,,
2011-09-16 14:30:00,2011-09-16 13:15:00,EV_016,EV,WATCH,NONE,NONE,0.0,7.4,0.0,0.0,0.0,0.0,0.0,0.0,EV outside availability window (disconnected),,,,,0.0,,18:00,07:30,15.0,0.0,False,,,,
2011-09-16 14:30:00,2011-09-16 13:15:00,EV_017,EV,WATCH,NONE,NONE,0.0,7.4,0.0,0.0,0.0,0.0,0.0,0.0,EV outside availability window (disconnected),,,,,0.0,,18:00,07:30,15.0,0.0,False,,,,
2011-09-16 14:30:00,2011-09-16 13:15:00,EV_018,EV,WATCH,NONE,NONE,0.0,7.4,0.0,0.0,0.0,0.0,0.0,0.0,EV outside availability window (disconnected),,,,,0.0,,18:00,07:30,15.0,0.0,False,,,,
2011-09-16 14:30:00,2011-09-16 13:15:00,EV_019,EV,WATCH,NONE,NONE,0.0,7.4,0.0,0.0,0.0,0.0,0.0,0.0,EV outside availability window (disconnected),,,,,0.0,,18:00,07:30,15.0,0.0,False,,,,
2011-09-16 14:30:00,2011-09-16 13:15:00,EV_020,EV,WATCH,NONE,NONE,0.0,7.4,0.0,0.0,0.0,0.0,0.0,0.0,EV outside availability window (disconnected),,,,,0.0,,18:00,07:30,15.0,0.0,False,,,,
2011-09-16 14:30:00,2011-09-16 13:15:00,FL001,FLEXIBLE_LOAD,WATCH,NONE,NONE,0.0,0.0,0.0,0.0,0.0,0.0,0.0,0.0,Flexible load outside scheduled operating window,,,,,,,,,,,,,,,
2011-09-16 14:30:00,2011-09-16 13:15:00,FL002,FLEXIBLE_LOAD,WATCH,NONE,NONE,0.5,10.0,0.5,10.0,0.0,0.0,10.0,0.0,Normal scheduled operation,,,,,,,,,,,,,,,
2011-09-16 14:30:00,2011-09-16 13:15:00,FL003,FLEXIBLE_LOAD,WATCH,NONE,NONE,0.0,0.0,0.0,0.0,0.0,0.0,0.0,0.0,Flexible load outside scheduled operating window,,,,,,,,,,,,,,,
2011-09-16 14:45:00,2011-09-16 13:15:00,PV_H002,PV,WATCH,NONE,NONE,0.0,3.91,0.0,3.91,0.0,0.0,2.96,0.0,Watch state: unconstrained export with active monitoring,,,,,,,,,,,,2.96,3.91,3.91,True
2011-09-16 14:45:00,2011-09-16 13:15:00,PV_H003,PV,WATCH,NONE,NONE,0.0,3.15,0.0,3.15,0.0,0.0,2.39,0.0,Watch state: unconstrained export with active monitoring,,,,,,,,,,,,2.39,3.15,3.15,True
2011-09-16 14:45:00,2011-09-16 13:15:00,PV_H005,PV,WATCH,NONE,NONE,0.0,3.17,0.0,3.17,0.0,0.0,2.4,0.0,Watch state: unconstrained export with active monitoring,,,,,,,,,,,,2.4,3.17,3.17,False
2011-09-16 14:45:00,2011-09-16 13:15:00,PV_H006,PV,WATCH,NONE,NONE,0.0,2.0,0.0,2.0,0.0,0.0,1.52,0.0,Watch state: unconstrained export with active monitoring,,,,,,,,,,,,1.52,2.0,2.0,True
2011-09-16 14:45:00,2011-09-16 13:15:00,PV_H007,PV,WATCH,NONE,NONE,0.0,3.93,0.0,3.93,0.0,0.0,2.98,0.0,Watch state: unconstrained export with active monitoring,,,,,,,,,,,,2.98,3.93,3.93,False
2011-09-16 14:45:00,2011-09-16 13:15:00,PV_H010,PV,WATCH,NONE,NONE,0.0,3.02,0.0,3.02,0.0,0.0,2.29,0.0,Watch state: unconstrained export with active monitoring,,,,,,,,,,,,2.29,3.02,3.02,False
2011-09-16 14:45:00,2011-09-16 13:15:00,PV_H016,PV,WATCH,NONE,NONE,0.0,2.1,0.0,2.1,0.0,0.0,1.59,0.0,Watch state: unconstrained export with active monitoring,,,,,,,,,,,,1.59,2.1,2.1,True
2011-09-16 14:45:00,2011-09-16 13:15:00,PV_H017,PV,WATCH,NONE,NONE,0.0,3.62,0.0,3.62,0.0,0.0,2.74,0.0,Watch state: unconstrained export with active monitoring,,,,,,,,,,,,2.74,3.62,3.62,True
2011-09-16 14:45:00,2011-09-16 13:15:00,PV_H018,PV,WATCH,NONE,NONE,0.0,2.33,0.0,2.33,0.0,0.0,1.77,0.0,Watch state: unconstrained export with active monitoring,,,,,,,,,,,,1.77,2.33,2.33,True
2011-09-16 14:45:00,2011-09-16 13:15:00,PV_H021,PV,WATCH,NONE,NONE,0.0,5.39,0.0,5.39,0.0,0.0,4.09,0.0,Watch state: unconstrained export with active monitoring,,,,,,,,,,,,4.09,5.39,5.39,True
2011-09-16 14:45:00,2011-09-16 13:15:00,PV_H024,PV,WATCH,NONE,NONE,0.0,2.0,0.0,2.0,0.0,0.0,1.52,0.0,Watch state: unconstrained export with active monitoring,,,,,,,,,,,,1.52,2.0,2.0,True
2011-09-16 14:45:00,2011-09-16 13:15:00,PV_H025,PV,WATCH,NONE,NONE,0.0,3.81,0.0,3.81,0.0,0.0,2.89,0.0,Watch state: unconstrained export with active monitoring,,,,,,,,,,,,2.89,3.81,3.81,False
2011-09-16 14:45:00,2011-09-16 13:15:00,PV_H026,PV,WATCH,NONE,NONE,0.0,3.67,0.0,3.67,0.0,0.0,2.78,0.0,Watch state: unconstrained export with active monitoring,,,,,,,,,,,,2.78,3.67,3.67,False
2011-09-16 14:45:00,2011-09-16 13:15:00,PV_H027,PV,WATCH,NONE,NONE,0.0,3.54,0.0,3.54,0.0,0.0,2.68,0.0,Watch state: unconstrained export with active monitoring,,,,,,,,,,,,2.68,3.54,3.54,True
2011-09-16 14:45:00,2011-09-16 13:15:00,PV_H032,PV,WATCH,NONE,NONE,0.0,3.2,0.0,3.2,0.0,0.0,2.43,0.0,Watch state: unconstrained export with active monitoring,,,,,,,,,,,,2.43,3.2,3.2,False
2011-09-16 14:45:00,2011-09-16 13:15:00,PV_H033,PV,WATCH,NONE,NONE,0.0,2.42,0.0,2.42,0.0,0.0,1.83,0.0,Watch state: unconstrained export with active monitoring,,,,,,,,,,,,1.83,2.42,2.42,True
2011-09-16 14:45:00,2011-09-16 13:15:00,PV_H034,PV,WATCH,NONE,NONE,0.0,3.96,0.0,3.96,0.0,0.0,3.0,0.0,Watch state: unconstrained export with active monitoring,,,,,,,,,,,,3.0,3.96,3.96,True
2011-09-16 14:45:00,2011-09-16 13:15:00,PV_H035,PV,WATCH,NONE,NONE,0.0,2.98,0.0,2.98,0.0,0.0,2.26,0.0,Watch state: unconstrained export with active monitoring,,,,,,,,,,,,2.26,2.98,2.98,True
2011-09-16 14:45:00,2011-09-16 13:15:00,PV_H036,PV,WATCH,NONE,NONE,0.0,3.49,0.0,3.49,0.0,0.0,2.65,0.0,Watch state: unconstrained export with active monitoring,,,,,,,,,,,,2.65,3.49,3.49,False
2011-09-16 14:45:00,2011-09-16 13:15:00,PV_H037,PV,WATCH,NONE,NONE,0.0,3.36,0.0,3.36,0.0,0.0,2.55,0.0,Watch state: unconstrained export with active monitoring,,,,,,,,,,,,2.55,3.36,3.36,False
2011-09-16 14:45:00,2011-09-16 13:15:00,PV_H040,PV,WATCH,NONE,NONE,0.0,4.1,0.0,4.1,0.0,0.0,3.11,0.0,Watch state: unconstrained export with active monitoring,,,,,,,,,,,,3.11,4.1,4.1,False
2011-09-16 14:45:00,2011-09-16 13:15:00,PV_H042,PV,WATCH,NONE,NONE,0.0,2.55,0.0,2.55,0.0,0.0,1.93,0.0,Watch state: unconstrained export with active monitoring,,,,,,,,,,,,1.93,2.55,2.55,True
2011-09-16 14:45:00,2011-09-16 13:15:00,PV_H044,PV,WATCH,NONE,NONE,0.0,3.34,0.0,3.34,0.0,0.0,2.53,0.0,Watch state: unconstrained export with active monitoring,,,,,,,,,,,,2.53,3.34,3.34,False
2011-09-16 14:45:00,2011-09-16 13:15:00,PV_H046,PV,WATCH,NONE,NONE,0.0,4.27,0.0,4.27,0.0,0.0,3.24,0.0,Watch state: unconstrained export with active monitoring,,,,,,,,,,,,3.24,4.27,4.27,False
2011-09-16 14:45:00,2011-09-16 13:15:00,PV_H048,PV,WATCH,NONE,NONE,0.0,3.11,0.0,3.11,0.0,0.0,2.36,0.0,Watch state: unconstrained export with active monitoring,,,,,,,,,,,,2.36,3.11,3.11,False
2011-09-16 14:45:00,2011-09-16 13:15:00,PV_H049,PV,WATCH,NONE,NONE,0.0,2.77,0.0,2.77,0.0,0.0,2.1,0.0,Watch state: unconstrained export with active monitoring,,,,,,,,,,,,2.1,2.77,2.77,True
2011-09-16 14:45:00,2011-09-16 13:15:00,PV_H050,PV,WATCH,NONE,NONE,0.0,3.9,0.0,3.9,0.0,0.0,2.96,0.0,Watch state: unconstrained export with active monitoring,,,,,,,,,,,,2.96,3.9,3.9,True
2011-09-16 14:45:00,2011-09-16 13:15:00,PV_H053,PV,WATCH,NONE,NONE,0.0,4.54,0.0,4.54,0.0,0.0,3.44,0.0,Watch state: unconstrained export with active monitoring,,,,,,,,,,,,3.44,4.54,4.54,False
2011-09-16 14:45:00,2011-09-16 13:15:00,PV_H055,PV,WATCH,NONE,NONE,0.0,2.77,0.0,2.77,0.0,0.0,2.1,0.0,Watch state: unconstrained export with active monitoring,,,,,,,,,,,,2.1,2.77,2.77,True
2011-09-16 14:45:00,2011-09-16 13:15:00,PV_H057,PV,WATCH,NONE,NONE,0.0,4.34,0.0,4.34,0.0,0.0,3.29,0.0,Watch state: unconstrained export with active monitoring,,,,,,,,,,,,3.29,4.34,4.34,True
2011-09-16 14:45:00,2011-09-16 13:15:00,PV_H058,PV,WATCH,NONE,NONE,0.0,3.0,0.0,3.0,0.0,0.0,2.27,0.0,Watch state: unconstrained export with active monitoring,,,,,,,,,,,,2.27,3.0,3.0,True
2011-09-16 14:45:00,2011-09-16 13:15:00,PV_H060,PV,WATCH,NONE,NONE,0.0,5.57,0.0,5.57,0.0,0.0,4.22,0.0,Watch state: unconstrained export with active monitoring,,,,,,,,,,,,4.22,5.57,5.57,True
2011-09-16 14:45:00,2011-09-16 13:15:00,PV_H061,PV,WATCH,NONE,NONE,0.0,3.07,0.0,3.07,0.0,0.0,2.33,0.0,Watch state: unconstrained export with active monitoring,,,,,,,,,,,,2.33,3.07,3.07,True
2011-09-16 14:45:00,2011-09-16 13:15:00,PV_H062,PV,WATCH,NONE,NONE,0.0,6.0,0.0,6.0,0.0,0.0,4.55,0.0,Watch state: unconstrained export with active monitoring,,,,,,,,,,,,4.55,6.0,6.0,False
2011-09-16 14:45:00,2011-09-16 13:15:00,PV_H063,PV,WATCH,NONE,NONE,0.0,4.02,0.0,4.02,0.0,0.0,3.05,0.0,Watch state: unconstrained export with active monitoring,,,,,,,,,,,,3.05,4.02,4.02,False
2011-09-16 14:45:00,2011-09-16 13:15:00,PV_H066,PV,WATCH,NONE,NONE,0.0,4.43,0.0,4.43,0.0,0.0,3.36,0.0,Watch state: unconstrained export with active monitoring,,,,,,,,,,,,3.36,4.43,4.43,False
2011-09-16 14:45:00,2011-09-16 13:15:00,PV_H067,PV,WATCH,NONE,NONE,0.0,2.63,0.0,2.63,0.0,0.0,1.99,0.0,Watch state: unconstrained export with active monitoring,,,,,,,,,,,,1.99,2.63,2.63,True
2011-09-16 14:45:00,2011-09-16 13:15:00,PV_H069,PV,WATCH,NONE,NONE,0.0,3.58,0.0,3.58,0.0,0.0,2.71,0.0,Watch state: unconstrained export with active monitoring,,,,,,,,,,,,2.71,3.58,3.58,True
2011-09-16 14:45:00,2011-09-16 13:15:00,PV_H071,PV,WATCH,NONE,NONE,0.0,4.57,0.0,4.57,0.0,0.0,3.46,0.0,Watch state: unconstrained export with active monitoring,,,,,,,,,,,,3.46,4.57,4.57,True
2011-09-16 14:45:00,2011-09-16 13:15:00,PV_H072,PV,WATCH,NONE,NONE,0.0,5.17,0.0,5.17,0.0,0.0,3.92,0.0,Watch state: unconstrained export with active monitoring,,,,,,,,,,,,3.92,5.17,5.17,True
2011-09-16 14:45:00,2011-09-16 13:15:00,PV_H073,PV,WATCH,NONE,NONE,0.0,3.71,0.0,3.71,0.0,0.0,2.81,0.0,Watch state: unconstrained export with active monitoring,,,,,,,,,,,,2.81,3.71,3.71,True
2011-09-16 14:45:00,2011-09-16 13:15:00,PV_H074,PV,WATCH,NONE,NONE,0.0,4.1,0.0,4.1,0.0,0.0,3.11,0.0,Watch state: unconstrained export with active monitoring,,,,,,,,,,,,3.11,4.1,4.1,False
2011-09-16 14:45:00,2011-09-16 13:15:00,PV_H076,PV,WATCH,NONE,NONE,0.0,4.69,0.0,4.69,0.0,0.0,3.56,0.0,Watch state: unconstrained export with active monitoring,,,,,,,,,,,,3.56,4.69,4.69,True
2011-09-16 14:45:00,2011-09-16 13:15:00,PV_H077,PV,WATCH,NONE,NONE,0.0,5.0,0.0,5.0,0.0,0.0,3.79,0.0,Watch state: unconstrained export with active monitoring,,,,,,,,,,,,3.79,5.0,5.0,True
2011-09-16 14:45:00,2011-09-16 13:15:00,PV_H078,PV,WATCH,NONE,NONE,0.0,2.75,0.0,2.75,0.0,0.0,2.08,0.0,Watch state: unconstrained export with active monitoring,,,,,,,,,,,,2.08,2.75,2.75,False
2011-09-16 14:45:00,2011-09-16 13:15:00,PV_H079,PV,WATCH,NONE,NONE,0.0,2.85,0.0,2.85,0.0,0.0,2.16,0.0,Watch state: unconstrained export with active monitoring,,,,,,,,,,,,2.16,2.85,2.85,True
2011-09-16 14:45:00,2011-09-16 13:15:00,PV_H080,PV,WATCH,NONE,NONE,0.0,4.14,0.0,4.14,0.0,0.0,3.14,0.0,Watch state: unconstrained export with active monitoring,,,,,,,,,,,,3.14,4.14,4.14,False
2011-09-16 14:45:00,2011-09-16 13:15:00,PV_H081,PV,WATCH,NONE,NONE,0.0,4.14,0.0,4.14,0.0,0.0,3.14,0.0,Watch state: unconstrained export with active monitoring,,,,,,,,,,,,3.14,4.14,4.14,True
2011-09-16 14:45:00,2011-09-16 13:15:00,PV_H082,PV,WATCH,NONE,NONE,0.0,2.74,0.0,2.74,0.0,0.0,2.08,0.0,Watch state: unconstrained export with active monitoring,,,,,,,,,,,,2.08,2.74,2.74,True
2011-09-16 14:45:00,2011-09-16 13:15:00,PV_H083,PV,WATCH,NONE,NONE,0.0,3.06,0.0,3.06,0.0,0.0,2.32,0.0,Watch state: unconstrained export with active monitoring,,,,,,,,,,,,2.32,3.06,3.06,True
2011-09-16 14:45:00,2011-09-16 13:15:00,PV_H085,PV,WATCH,NONE,NONE,0.0,3.82,0.0,3.82,0.0,0.0,2.9,0.0,Watch state: unconstrained export with active monitoring,,,,,,,,,,,,2.9,3.82,3.82,False
2011-09-16 14:45:00,2011-09-16 13:15:00,PV_H087,PV,WATCH,NONE,NONE,0.0,4.42,0.0,4.42,0.0,0.0,3.35,0.0,Watch state: unconstrained export with active monitoring,,,,,,,,,,,,3.35,4.42,4.42,False
2011-09-16 14:45:00,2011-09-16 13:15:00,PV_H088,PV,WATCH,NONE,NONE,0.0,2.24,0.0,2.24,0.0,0.0,1.7,0.0,Watch state: unconstrained export with active monitoring,,,,,,,,,,,,1.7,2.24,2.24,False
2011-09-16 14:45:00,2011-09-16 13:15:00,PV_H090,PV,WATCH,NONE,NONE,0.0,4.33,0.0,4.33,0.0,0.0,3.28,0.0,Watch state: unconstrained export with active monitoring,,,,,,,,,,,,3.28,4.33,4.33,True
2011-09-16 14:45:00,2011-09-16 13:15:00,PV_H093,PV,WATCH,NONE,NONE,0.0,5.31,0.0,5.31,0.0,0.0,4.03,0.0,Watch state: unconstrained export with active monitoring,,,,,,,,,,,,4.03,5.31,5.31,True
2011-09-16 14:45:00,2011-09-16 13:15:00,PV_H094,PV,WATCH,NONE,NONE,0.0,2.76,0.0,2.76,0.0,0.0,2.09,0.0,Watch state: unconstrained export with active monitoring,,,,,,,,,,,,2.09,2.76,2.76,True
2011-09-16 14:45:00,2011-09-16 13:15:00,PV_H095,PV,WATCH,NONE,NONE,0.0,2.66,0.0,2.66,0.0,0.0,2.02,0.0,Watch state: unconstrained export with active monitoring,,,,,,,,,,,,2.02,2.66,2.66,False
2011-09-16 14:45:00,2011-09-16 13:15:00,PV_H096,PV,WATCH,NONE,NONE,0.0,4.27,0.0,4.27,0.0,0.0,3.24,0.0,Watch state: unconstrained export with active monitoring,,,,,,,,,,,,3.24,4.27,4.27,True
2011-09-16 14:45:00,2011-09-16 13:15:00,PV_H098,PV,WATCH,NONE,NONE,0.0,3.16,0.0,3.16,0.0,0.0,2.4,0.0,Watch state: unconstrained export with active monitoring,,,,,,,,,,,,2.4,3.16,3.16,True
2011-09-16 14:45:00,2011-09-16 13:15:00,PV_H099,PV,WATCH,NONE,NONE,0.0,3.1,0.0,3.1,0.0,0.0,2.35,0.0,Watch state: unconstrained export with active monitoring,,,,,,,,,,,,2.35,3.1,3.1,False
2011-09-16 14:45:00,2011-09-16 13:15:00,BESS_COMMUNITY_01,BESS,WATCH,NONE,NONE,-25.0,25.0,-25.0,25.0,0.0,0.0,25.0,0.0,Watch state: operating within verified SOC limits,0.5,0.2,0.9,0.1,25.0,25.0,,,,,,,,,
2011-09-16 14:45:00,2011-09-16 13:15:00,EV_001,EV,WATCH,NONE,NONE,0.0,7.4,0.0,0.0,0.0,0.0,0.0,0.0,EV outside availability window (disconnected),,,,,0.0,,18:00,07:30,15.0,0.0,False,,,,
2011-09-16 14:45:00,2011-09-16 13:15:00,EV_002,EV,WATCH,NONE,NONE,0.0,7.4,0.0,0.0,0.0,0.0,0.0,0.0,EV outside availability window (disconnected),,,,,0.0,,18:00,07:30,15.0,0.0,False,,,,
2011-09-16 14:45:00,2011-09-16 13:15:00,EV_003,EV,WATCH,NONE,NONE,0.0,7.4,0.0,0.0,0.0,0.0,0.0,0.0,EV outside availability window (disconnected),,,,,0.0,,18:00,07:30,15.0,0.0,False,,,,
2011-09-16 14:45:00,2011-09-16 13:15:00,EV_004,EV,WATCH,NONE,NONE,0.0,7.4,0.0,0.0,0.0,0.0,0.0,0.0,EV outside availability window (disconnected),,,,,0.0,,18:00,07:30,15.0,0.0,False,,,,
2011-09-16 14:45:00,2011-09-16 13:15:00,EV_005,EV,WATCH,NONE,NONE,0.0,7.4,0.0,0.0,0.0,0.0,0.0,0.0,EV outside availability window (disconnected),,,,,0.0,,18:00,07:30,15.0,0.0,False,,,,
2011-09-16 14:45:00,2011-09-16 13:15:00,EV_006,EV,WATCH,NONE,NONE,0.0,7.4,0.0,0.0,0.0,0.0,0.0,0.0,EV outside availability window (disconnected),,,,,0.0,,18:00,07:30,15.0,0.0,False,,,,
2011-09-16 14:45:00,2011-09-16 13:15:00,EV_007,EV,WATCH,NONE,NONE,0.0,7.4,0.0,0.0,0.0,0.0,0.0,0.0,EV outside availability window (disconnected),,,,,0.0,,18:00,07:30,15.0,0.0,False,,,,
2011-09-16 14:45:00,2011-09-16 13:15:00,EV_008,EV,WATCH,NONE,NONE,0.0,7.4,0.0,0.0,0.0,0.0,0.0,0.0,EV outside availability window (disconnected),,,,,0.0,,18:00,07:30,15.0,0.0,False,,,,
2011-09-16 14:45:00,2011-09-16 13:15:00,EV_009,EV,WATCH,NONE,NONE,0.0,7.4,0.0,0.0,0.0,0.0,0.0,0.0,EV outside availability window (disconnected),,,,,0.0,,18:00,07:30,15.0,0.0,False,,,,
2011-09-16 14:45:00,2011-09-16 13:15:00,EV_010,EV,WATCH,NONE,NONE,0.0,7.4,0.0,0.0,0.0,0.0,0.0,0.0,EV outside availability window (disconnected),,,,,0.0,,18:00,07:30,15.0,0.0,False,,,,
2011-09-16 14:45:00,2011-09-16 13:15:00,EV_011,EV,WATCH,NONE,NONE,0.0,7.4,0.0,0.0,0.0,0.0,0.0,0.0,EV outside availability window (disconnected),,,,,0.0,,18:00,07:30,15.0,0.0,False,,,,
2011-09-16 14:45:00,2011-09-16 13:15:00,EV_012,EV,WATCH,NONE,NONE,0.0,7.4,0.0,0.0,0.0,0.0,0.0,0.0,EV outside availability window (disconnected),,,,,0.0,,18:00,07:30,15.0,0.0,False,,,,
2011-09-16 14:45:00,2011-09-16 13:15:00,EV_013,EV,WATCH,NONE,NONE,0.0,7.4,0.0,0.0,0.0,0.0,0.0,0.0,EV outside availability window (disconnected),,,,,0.0,,18:00,07:30,15.0,0.0,False,,,,
2011-09-16 14:45:00,2011-09-16 13:15:00,EV_014,EV,WATCH,NONE,NONE,0.0,7.4,0.0,0.0,0.0,0.0,0.0,0.0,EV outside availability window (disconnected),,,,,0.0,,18:00,07:30,15.0,0.0,False,,,,
2011-09-16 14:45:00,2011-09-16 13:15:00,EV_015,EV,WATCH,NONE,NONE,0.0,7.4,0.0,0.0,0.0,0.0,0.0,0.0,EV outside availability window (disconnected),,,,,0.0,,18:00,07:30,15.0,0.0,False,,,,
2011-09-16 14:45:00,2011-09-16 13:15:00,EV_016,EV,WATCH,NONE,NONE,0.0,7.4,0.0,0.0,0.0,0.0,0.0,0.0,EV outside availability window (disconnected),,,,,0.0,,18:00,07:30,15.0,0.0,False,,,,
2011-09-16 14:45:00,2011-09-16 13:15:00,EV_017,EV,WATCH,NONE,NONE,0.0,7.4,0.0,0.0,0.0,0.0,0.0,0.0,EV outside availability window (disconnected),,,,,0.0,,18:00,07:30,15.0,0.0,False,,,,
2011-09-16 14:45:00,2011-09-16 13:15:00,EV_018,EV,WATCH,NONE,NONE,0.0,7.4,0.0,0.0,0.0,0.0,0.0,0.0,EV outside availability window (disconnected),,,,,0.0,,18:00,07:30,15.0,0.0,False,,,,
2011-09-16 14:45:00,2011-09-16 13:15:00,EV_019,EV,WATCH,NONE,NONE,0.0,7.4,0.0,0.0,0.0,0.0,0.0,0.0,EV outside availability window (disconnected),,,,,0.0,,18:00,07:30,15.0,0.0,False,,,,
2011-09-16 14:45:00,2011-09-16 13:15:00,EV_020,EV,WATCH,NONE,NONE,0.0,7.4,0.0,0.0,0.0,0.0,0.0,0.0,EV outside availability window (disconnected),,,,,0.0,,18:00,07:30,15.0,0.0,False,,,,
2011-09-16 14:45:00,2011-09-16 13:15:00,FL001,FLEXIBLE_LOAD,WATCH,NONE,NONE,0.0,0.0,0.0,0.0,0.0,0.0,0.0,0.0,Flexible load outside scheduled operating window,,,,,,,,,,,,,,,
2011-09-16 14:45:00,2011-09-16 13:15:00,FL002,FLEXIBLE_LOAD,WATCH,NONE,NONE,0.5,10.0,0.5,10.0,0.0,0.0,10.0,0.0,Normal scheduled operation,,,,,,,,,,,,,,,
2011-09-16 14:45:00,2011-09-16 13:15:00,FL003,FLEXIBLE_LOAD,WATCH,NONE,NONE,0.0,0.0,0.0,0.0,0.0,0.0,0.0,0.0,Flexible load outside scheduled operating window,,,,,,,,,,,,,,,
2011-09-16 15:00:00,2011-09-16 13:15:00,PV_H002,PV,WATCH,NONE,NONE,0.0,3.91,0.0,3.91,0.0,0.0,2.04,0.0,Watch state: unconstrained export with active monitoring,,,,,,,,,,,,2.04,3.91,3.91,True
2011-09-16 15:00:00,2011-09-16 13:15:00,PV_H003,PV,WATCH,NONE,NONE,0.0,3.15,0.0,3.15,0.0,0.0,1.65,0.0,Watch state: unconstrained export with active monitoring,,,,,,,,,,,,1.65,3.15,3.15,True
2011-09-16 15:00:00,2011-09-16 13:15:00,PV_H005,PV,WATCH,NONE,NONE,0.0,3.17,0.0,3.17,0.0,0.0,1.66,0.0,Watch state: unconstrained export with active monitoring,,,,,,,,,,,,1.66,3.17,3.17,False
2011-09-16 15:00:00,2011-09-16 13:15:00,PV_H006,PV,WATCH,NONE,NONE,0.0,2.0,0.0,2.0,0.0,0.0,1.04,0.0,Watch state: unconstrained export with active monitoring,,,,,,,,,,,,1.04,2.0,2.0,True
2011-09-16 15:00:00,2011-09-16 13:15:00,PV_H007,PV,WATCH,NONE,NONE,0.0,3.93,0.0,3.93,0.0,0.0,2.05,0.0,Watch state: unconstrained export with active monitoring,,,,,,,,,,,,2.05,3.93,3.93,False
2011-09-16 15:00:00,2011-09-16 13:15:00,PV_H010,PV,WATCH,NONE,NONE,0.0,3.02,0.0,3.02,0.0,0.0,1.58,0.0,Watch state: unconstrained export with active monitoring,,,,,,,,,,,,1.58,3.02,3.02,False
2011-09-16 15:00:00,2011-09-16 13:15:00,PV_H016,PV,WATCH,NONE,NONE,0.0,2.1,0.0,2.1,0.0,0.0,1.1,0.0,Watch state: unconstrained export with active monitoring,,,,,,,,,,,,1.1,2.1,2.1,True
2011-09-16 15:00:00,2011-09-16 13:15:00,PV_H017,PV,WATCH,NONE,NONE,0.0,3.62,0.0,3.62,0.0,0.0,1.89,0.0,Watch state: unconstrained export with active monitoring,,,,,,,,,,,,1.89,3.62,3.62,True
2011-09-16 15:00:00,2011-09-16 13:15:00,PV_H018,PV,WATCH,NONE,NONE,0.0,2.33,0.0,2.33,0.0,0.0,1.22,0.0,Watch state: unconstrained export with active monitoring,,,,,,,,,,,,1.22,2.33,2.33,True
2011-09-16 15:00:00,2011-09-16 13:15:00,PV_H021,PV,WATCH,NONE,NONE,0.0,5.39,0.0,5.39,0.0,0.0,2.82,0.0,Watch state: unconstrained export with active monitoring,,,,,,,,,,,,2.82,5.39,5.39,True
2011-09-16 15:00:00,2011-09-16 13:15:00,PV_H024,PV,WATCH,NONE,NONE,0.0,2.0,0.0,2.0,0.0,0.0,1.04,0.0,Watch state: unconstrained export with active monitoring,,,,,,,,,,,,1.04,2.0,2.0,True
2011-09-16 15:00:00,2011-09-16 13:15:00,PV_H025,PV,WATCH,NONE,NONE,0.0,3.81,0.0,3.81,0.0,0.0,1.99,0.0,Watch state: unconstrained export with active monitoring,,,,,,,,,,,,1.99,3.81,3.81,False
2011-09-16 15:00:00,2011-09-16 13:15:00,PV_H026,PV,WATCH,NONE,NONE,0.0,3.67,0.0,3.67,0.0,0.0,1.92,0.0,Watch state: unconstrained export with active monitoring,,,,,,,,,,,,1.92,3.67,3.67,False
2011-09-16 15:00:00,2011-09-16 13:15:00,PV_H027,PV,WATCH,NONE,NONE,0.0,3.54,0.0,3.54,0.0,0.0,1.85,0.0,Watch state: unconstrained export with active monitoring,,,,,,,,,,,,1.85,3.54,3.54,True
2011-09-16 15:00:00,2011-09-16 13:15:00,PV_H032,PV,WATCH,NONE,NONE,0.0,3.2,0.0,3.2,0.0,0.0,1.67,0.0,Watch state: unconstrained export with active monitoring,,,,,,,,,,,,1.67,3.2,3.2,False
2011-09-16 15:00:00,2011-09-16 13:15:00,PV_H033,PV,WATCH,NONE,NONE,0.0,2.42,0.0,2.42,0.0,0.0,1.26,0.0,Watch state: unconstrained export with active monitoring,,,,,,,,,,,,1.26,2.42,2.42,True
2011-09-16 15:00:00,2011-09-16 13:15:00,PV_H034,PV,WATCH,NONE,NONE,0.0,3.96,0.0,3.96,0.0,0.0,2.07,0.0,Watch state: unconstrained export with active monitoring,,,,,,,,,,,,2.07,3.96,3.96,True
2011-09-16 15:00:00,2011-09-16 13:15:00,PV_H035,PV,WATCH,NONE,NONE,0.0,2.98,0.0,2.98,0.0,0.0,1.56,0.0,Watch state: unconstrained export with active monitoring,,,,,,,,,,,,1.56,2.98,2.98,True
2011-09-16 15:00:00,2011-09-16 13:15:00,PV_H036,PV,WATCH,NONE,NONE,0.0,3.49,0.0,3.49,0.0,0.0,1.82,0.0,Watch state: unconstrained export with active monitoring,,,,,,,,,,,,1.82,3.49,3.49,False
2011-09-16 15:00:00,2011-09-16 13:15:00,PV_H037,PV,WATCH,NONE,NONE,0.0,3.36,0.0,3.36,0.0,0.0,1.76,0.0,Watch state: unconstrained export with active monitoring,,,,,,,,,,,,1.76,3.36,3.36,False
2011-09-16 15:00:00,2011-09-16 13:15:00,PV_H040,PV,WATCH,NONE,NONE,0.0,4.1,0.0,4.1,0.0,0.0,2.14,0.0,Watch state: unconstrained export with active monitoring,,,,,,,,,,,,2.14,4.1,4.1,False
2011-09-16 15:00:00,2011-09-16 13:15:00,PV_H042,PV,WATCH,NONE,NONE,0.0,2.55,0.0,2.55,0.0,0.0,1.33,0.0,Watch state: unconstrained export with active monitoring,,,,,,,,,,,,1.33,2.55,2.55,True
2011-09-16 15:00:00,2011-09-16 13:15:00,PV_H044,PV,WATCH,NONE,NONE,0.0,3.34,0.0,3.34,0.0,0.0,1.75,0.0,Watch state: unconstrained export with active monitoring,,,,,,,,,,,,1.75,3.34,3.34,False
2011-09-16 15:00:00,2011-09-16 13:15:00,PV_H046,PV,WATCH,NONE,NONE,0.0,4.27,0.0,4.27,0.0,0.0,2.23,0.0,Watch state: unconstrained export with active monitoring,,,,,,,,,,,,2.23,4.27,4.27,False
2011-09-16 15:00:00,2011-09-16 13:15:00,PV_H048,PV,WATCH,NONE,NONE,0.0,3.11,0.0,3.11,0.0,0.0,1.62,0.0,Watch state: unconstrained export with active monitoring,,,,,,,,,,,,1.62,3.11,3.11,False
2011-09-16 15:00:00,2011-09-16 13:15:00,PV_H049,PV,WATCH,NONE,NONE,0.0,2.77,0.0,2.77,0.0,0.0,1.45,0.0,Watch state: unconstrained export with active monitoring,,,,,,,,,,,,1.45,2.77,2.77,True
2011-09-16 15:00:00,2011-09-16 13:15:00,PV_H050,PV,WATCH,NONE,NONE,0.0,3.9,0.0,3.9,0.0,0.0,2.04,0.0,Watch state: unconstrained export with active monitoring,,,,,,,,,,,,2.04,3.9,3.9,True
2011-09-16 15:00:00,2011-09-16 13:15:00,PV_H053,PV,WATCH,NONE,NONE,0.0,4.54,0.0,4.54,0.0,0.0,2.37,0.0,Watch state: unconstrained export with active monitoring,,,,,,,,,,,,2.37,4.54,4.54,False
2011-09-16 15:00:00,2011-09-16 13:15:00,PV_H055,PV,WATCH,NONE,NONE,0.0,2.77,0.0,2.77,0.0,0.0,1.45,0.0,Watch state: unconstrained export with active monitoring,,,,,,,,,,,,1.45,2.77,2.77,True
2011-09-16 15:00:00,2011-09-16 13:15:00,PV_H057,PV,WATCH,NONE,NONE,0.0,4.34,0.0,4.34,0.0,0.0,2.27,0.0,Watch state: unconstrained export with active monitoring,,,,,,,,,,,,2.27,4.34,4.34,True
2011-09-16 15:00:00,2011-09-16 13:15:00,PV_H058,PV,WATCH,NONE,NONE,0.0,3.0,0.0,3.0,0.0,0.0,1.57,0.0,Watch state: unconstrained export with active monitoring,,,,,,,,,,,,1.57,3.0,3.0,True
2011-09-16 15:00:00,2011-09-16 13:15:00,PV_H060,PV,WATCH,NONE,NONE,0.0,5.57,0.0,5.57,0.0,0.0,2.91,0.0,Watch state: unconstrained export with active monitoring,,,,,,,,,,,,2.91,5.57,5.57,True
2011-09-16 15:00:00,2011-09-16 13:15:00,PV_H061,PV,WATCH,NONE,NONE,0.0,3.07,0.0,3.07,0.0,0.0,1.6,0.0,Watch state: unconstrained export with active monitoring,,,,,,,,,,,,1.6,3.07,3.07,True
2011-09-16 15:00:00,2011-09-16 13:15:00,PV_H062,PV,WATCH,NONE,NONE,0.0,6.0,0.0,6.0,0.0,0.0,3.13,0.0,Watch state: unconstrained export with active monitoring,,,,,,,,,,,,3.13,6.0,6.0,False
2011-09-16 15:00:00,2011-09-16 13:15:00,PV_H063,PV,WATCH,NONE,NONE,0.0,4.02,0.0,4.02,0.0,0.0,2.1,0.0,Watch state: unconstrained export with active monitoring,,,,,,,,,,,,2.1,4.02,4.02,False
2011-09-16 15:00:00,2011-09-16 13:15:00,PV_H066,PV,WATCH,NONE,NONE,0.0,4.43,0.0,4.43,0.0,0.0,2.31,0.0,Watch state: unconstrained export with active monitoring,,,,,,,,,,,,2.31,4.43,4.43,False
2011-09-16 15:00:00,2011-09-16 13:15:00,PV_H067,PV,WATCH,NONE,NONE,0.0,2.63,0.0,2.63,0.0,0.0,1.37,0.0,Watch state: unconstrained export with active monitoring,,,,,,,,,,,,1.37,2.63,2.63,True
2011-09-16 15:00:00,2011-09-16 13:15:00,PV_H069,PV,WATCH,NONE,NONE,0.0,3.58,0.0,3.58,0.0,0.0,1.87,0.0,Watch state: unconstrained export with active monitoring,,,,,,,,,,,,1.87,3.58,3.58,True
2011-09-16 15:00:00,2011-09-16 13:15:00,PV_H071,PV,WATCH,NONE,NONE,0.0,4.57,0.0,4.57,0.0,0.0,2.39,0.0,Watch state: unconstrained export with active monitoring,,,,,,,,,,,,2.39,4.57,4.57,True
2011-09-16 15:00:00,2011-09-16 13:15:00,PV_H072,PV,WATCH,NONE,NONE,0.0,5.17,0.0,5.17,0.0,0.0,2.7,0.0,Watch state: unconstrained export with active monitoring,,,,,,,,,,,,2.7,5.17,5.17,True
2011-09-16 15:00:00,2011-09-16 13:15:00,PV_H073,PV,WATCH,NONE,NONE,0.0,3.71,0.0,3.71,0.0,0.0,1.94,0.0,Watch state: unconstrained export with active monitoring,,,,,,,,,,,,1.94,3.71,3.71,True
2011-09-16 15:00:00,2011-09-16 13:15:00,PV_H074,PV,WATCH,NONE,NONE,0.0,4.1,0.0,4.1,0.0,0.0,2.14,0.0,Watch state: unconstrained export with active monitoring,,,,,,,,,,,,2.14,4.1,4.1,False
2011-09-16 15:00:00,2011-09-16 13:15:00,PV_H076,PV,WATCH,NONE,NONE,0.0,4.69,0.0,4.69,0.0,0.0,2.45,0.0,Watch state: unconstrained export with active monitoring,,,,,,,,,,,,2.45,4.69,4.69,True
2011-09-16 15:00:00,2011-09-16 13:15:00,PV_H077,PV,WATCH,NONE,NONE,0.0,5.0,0.0,5.0,0.0,0.0,2.61,0.0,Watch state: unconstrained export with active monitoring,,,,,,,,,,,,2.61,5.0,5.0,True
2011-09-16 15:00:00,2011-09-16 13:15:00,PV_H078,PV,WATCH,NONE,NONE,0.0,2.75,0.0,2.75,0.0,0.0,1.44,0.0,Watch state: unconstrained export with active monitoring,,,,,,,,,,,,1.44,2.75,2.75,False
2011-09-16 15:00:00,2011-09-16 13:15:00,PV_H079,PV,WATCH,NONE,NONE,0.0,2.85,0.0,2.85,0.0,0.0,1.49,0.0,Watch state: unconstrained export with active monitoring,,,,,,,,,,,,1.49,2.85,2.85,True
2011-09-16 15:00:00,2011-09-16 13:15:00,PV_H080,PV,WATCH,NONE,NONE,0.0,4.14,0.0,4.14,0.0,0.0,2.16,0.0,Watch state: unconstrained export with active monitoring,,,,,,,,,,,,2.16,4.14,4.14,False
2011-09-16 15:00:00,2011-09-16 13:15:00,PV_H081,PV,WATCH,NONE,NONE,0.0,4.14,0.0,4.14,0.0,0.0,2.16,0.0,Watch state: unconstrained export with active monitoring,,,,,,,,,,,,2.16,4.14,4.14,True
2011-09-16 15:00:00,2011-09-16 13:15:00,PV_H082,PV,WATCH,NONE,NONE,0.0,2.74,0.0,2.74,0.0,0.0,1.43,0.0,Watch state: unconstrained export with active monitoring,,,,,,,,,,,,1.43,2.74,2.74,True
2011-09-16 15:00:00,2011-09-16 13:15:00,PV_H083,PV,WATCH,NONE,NONE,0.0,3.06,0.0,3.06,0.0,0.0,1.6,0.0,Watch state: unconstrained export with active monitoring,,,,,,,,,,,,1.6,3.06,3.06,True
2011-09-16 15:00:00,2011-09-16 13:15:00,PV_H085,PV,WATCH,NONE,NONE,0.0,3.82,0.0,3.82,0.0,0.0,2.0,0.0,Watch state: unconstrained export with active monitoring,,,,,,,,,,,,2.0,3.82,3.82,False
2011-09-16 15:00:00,2011-09-16 13:15:00,PV_H087,PV,WATCH,NONE,NONE,0.0,4.42,0.0,4.42,0.0,0.0,2.31,0.0,Watch state: unconstrained export with active monitoring,,,,,,,,,,,,2.31,4.42,4.42,False
2011-09-16 15:00:00,2011-09-16 13:15:00,PV_H088,PV,WATCH,NONE,NONE,0.0,2.24,0.0,2.24,0.0,0.0,1.17,0.0,Watch state: unconstrained export with active monitoring,,,,,,,,,,,,1.17,2.24,2.24,False
2011-09-16 15:00:00,2011-09-16 13:15:00,PV_H090,PV,WATCH,NONE,NONE,0.0,4.33,0.0,4.33,0.0,0.0,2.26,0.0,Watch state: unconstrained export with active monitoring,,,,,,,,,,,,2.26,4.33,4.33,True
2011-09-16 15:00:00,2011-09-16 13:15:00,PV_H093,PV,WATCH,NONE,NONE,0.0,5.31,0.0,5.31,0.0,0.0,2.77,0.0,Watch state: unconstrained export with active monitoring,,,,,,,,,,,,2.77,5.31,5.31,True
2011-09-16 15:00:00,2011-09-16 13:15:00,PV_H094,PV,WATCH,NONE,NONE,0.0,2.76,0.0,2.76,0.0,0.0,1.44,0.0,Watch state: unconstrained export with active monitoring,,,,,,,,,,,,1.44,2.76,2.76,True
2011-09-16 15:00:00,2011-09-16 13:15:00,PV_H095,PV,WATCH,NONE,NONE,0.0,2.66,0.0,2.66,0.0,0.0,1.39,0.0,Watch state: unconstrained export with active monitoring,,,,,,,,,,,,1.39,2.66,2.66,False
2011-09-16 15:00:00,2011-09-16 13:15:00,PV_H096,PV,WATCH,NONE,NONE,0.0,4.27,0.0,4.27,0.0,0.0,2.23,0.0,Watch state: unconstrained export with active monitoring,,,,,,,,,,,,2.23,4.27,4.27,True
2011-09-16 15:00:00,2011-09-16 13:15:00,PV_H098,PV,WATCH,NONE,NONE,0.0,3.16,0.0,3.16,0.0,0.0,1.65,0.0,Watch state: unconstrained export with active monitoring,,,,,,,,,,,,1.65,3.16,3.16,True
2011-09-16 15:00:00,2011-09-16 13:15:00,PV_H099,PV,WATCH,NONE,NONE,0.0,3.1,0.0,3.1,0.0,0.0,1.62,0.0,Watch state: unconstrained export with active monitoring,,,,,,,,,,,,1.62,3.1,3.1,False
2011-09-16 15:00:00,2011-09-16 13:15:00,BESS_COMMUNITY_01,BESS,WATCH,NONE,NONE,-25.0,25.0,-25.0,25.0,0.0,0.0,25.0,0.0,Watch state: operating within verified SOC limits,0.5,0.2,0.9,0.1,25.0,25.0,,,,,,,,,
2011-09-16 15:00:00,2011-09-16 13:15:00,EV_001,EV,WATCH,NONE,NONE,0.0,7.4,0.0,0.0,0.0,0.0,0.0,0.0,EV outside availability window (disconnected),,,,,0.0,,18:00,07:30,15.0,0.0,False,,,,
2011-09-16 15:00:00,2011-09-16 13:15:00,EV_002,EV,WATCH,NONE,NONE,0.0,7.4,0.0,0.0,0.0,0.0,0.0,0.0,EV outside availability window (disconnected),,,,,0.0,,18:00,07:30,15.0,0.0,False,,,,
2011-09-16 15:00:00,2011-09-16 13:15:00,EV_003,EV,WATCH,NONE,NONE,0.0,7.4,0.0,0.0,0.0,0.0,0.0,0.0,EV outside availability window (disconnected),,,,,0.0,,18:00,07:30,15.0,0.0,False,,,,
2011-09-16 15:00:00,2011-09-16 13:15:00,EV_004,EV,WATCH,NONE,NONE,0.0,7.4,0.0,0.0,0.0,0.0,0.0,0.0,EV outside availability window (disconnected),,,,,0.0,,18:00,07:30,15.0,0.0,False,,,,
2011-09-16 15:00:00,2011-09-16 13:15:00,EV_005,EV,WATCH,NONE,NONE,0.0,7.4,0.0,0.0,0.0,0.0,0.0,0.0,EV outside availability window (disconnected),,,,,0.0,,18:00,07:30,15.0,0.0,False,,,,
2011-09-16 15:00:00,2011-09-16 13:15:00,EV_006,EV,WATCH,NONE,NONE,0.0,7.4,0.0,0.0,0.0,0.0,0.0,0.0,EV outside availability window (disconnected),,,,,0.0,,18:00,07:30,15.0,0.0,False,,,,
2011-09-16 15:00:00,2011-09-16 13:15:00,EV_007,EV,WATCH,NONE,NONE,0.0,7.4,0.0,0.0,0.0,0.0,0.0,0.0,EV outside availability window (disconnected),,,,,0.0,,18:00,07:30,15.0,0.0,False,,,,
2011-09-16 15:00:00,2011-09-16 13:15:00,EV_008,EV,WATCH,NONE,NONE,0.0,7.4,0.0,0.0,0.0,0.0,0.0,0.0,EV outside availability window (disconnected),,,,,0.0,,18:00,07:30,15.0,0.0,False,,,,
2011-09-16 15:00:00,2011-09-16 13:15:00,EV_009,EV,WATCH,NONE,NONE,0.0,7.4,0.0,0.0,0.0,0.0,0.0,0.0,EV outside availability window (disconnected),,,,,0.0,,18:00,07:30,15.0,0.0,False,,,,
2011-09-16 15:00:00,2011-09-16 13:15:00,EV_010,EV,WATCH,NONE,NONE,0.0,7.4,0.0,0.0,0.0,0.0,0.0,0.0,EV outside availability window (disconnected),,,,,0.0,,18:00,07:30,15.0,0.0,False,,,,
2011-09-16 15:00:00,2011-09-16 13:15:00,EV_011,EV,WATCH,NONE,NONE,0.0,7.4,0.0,0.0,0.0,0.0,0.0,0.0,EV outside availability window (disconnected),,,,,0.0,,18:00,07:30,15.0,0.0,False,,,,
2011-09-16 15:00:00,2011-09-16 13:15:00,EV_012,EV,WATCH,NONE,NONE,0.0,7.4,0.0,0.0,0.0,0.0,0.0,0.0,EV outside availability window (disconnected),,,,,0.0,,18:00,07:30,15.0,0.0,False,,,,
2011-09-16 15:00:00,2011-09-16 13:15:00,EV_013,EV,WATCH,NONE,NONE,0.0,7.4,0.0,0.0,0.0,0.0,0.0,0.0,EV outside availability window (disconnected),,,,,0.0,,18:00,07:30,15.0,0.0,False,,,,
2011-09-16 15:00:00,2011-09-16 13:15:00,EV_014,EV,WATCH,NONE,NONE,0.0,7.4,0.0,0.0,0.0,0.0,0.0,0.0,EV outside availability window (disconnected),,,,,0.0,,18:00,07:30,15.0,0.0,False,,,,
2011-09-16 15:00:00,2011-09-16 13:15:00,EV_015,EV,WATCH,NONE,NONE,0.0,7.4,0.0,0.0,0.0,0.0,0.0,0.0,EV outside availability window (disconnected),,,,,0.0,,18:00,07:30,15.0,0.0,False,,,,
2011-09-16 15:00:00,2011-09-16 13:15:00,EV_016,EV,WATCH,NONE,NONE,0.0,7.4,0.0,0.0,0.0,0.0,0.0,0.0,EV outside availability window (disconnected),,,,,0.0,,18:00,07:30,15.0,0.0,False,,,,
2011-09-16 15:00:00,2011-09-16 13:15:00,EV_017,EV,WATCH,NONE,NONE,0.0,7.4,0.0,0.0,0.0,0.0,0.0,0.0,EV outside availability window (disconnected),,,,,0.0,,18:00,07:30,15.0,0.0,False,,,,
2011-09-16 15:00:00,2011-09-16 13:15:00,EV_018,EV,WATCH,NONE,NONE,0.0,7.4,0.0,0.0,0.0,0.0,0.0,0.0,EV outside availability window (disconnected),,,,,0.0,,18:00,07:30,15.0,0.0,False,,,,
2011-09-16 15:00:00,2011-09-16 13:15:00,EV_019,EV,WATCH,NONE,NONE,0.0,7.4,0.0,0.0,0.0,0.0,0.0,0.0,EV outside availability window (disconnected),,,,,0.0,,18:00,07:30,15.0,0.0,False,,,,
2011-09-16 15:00:00,2011-09-16 13:15:00,EV_020,EV,WATCH,NONE,NONE,0.0,7.4,0.0,0.0,0.0,0.0,0.0,0.0,EV outside availability window (disconnected),,,,,0.0,,18:00,07:30,15.0,0.0,False,,,,
2011-09-16 15:00:00,2011-09-16 13:15:00,FL001,FLEXIBLE_LOAD,WATCH,NONE,NONE,0.0,0.0,0.0,0.0,0.0,0.0,0.0,0.0,Flexible load outside scheduled operating window,,,,,,,,,,,,,,,
2011-09-16 15:00:00,2011-09-16 13:15:00,FL002,FLEXIBLE_LOAD,WATCH,NONE,NONE,0.5,10.0,0.5,10.0,0.0,0.0,10.0,0.0,Normal scheduled operation,,,,,,,,,,,,,,,
2011-09-16 15:00:00,2011-09-16 13:15:00,FL003,FLEXIBLE_LOAD,WATCH,NONE,NONE,0.0,0.0,0.0,0.0,0.0,0.0,0.0,0.0,Flexible load outside scheduled operating window,,,,,,,,,,,,,,,
2011-09-16 15:15:00,2011-09-16 13:15:00,PV_H002,PV,WATCH,NONE,NONE,0.0,3.91,0.0,3.91,0.0,0.0,2.14,0.0,Watch state: unconstrained export with active monitoring,,,,,,,,,,,,2.14,3.91,3.91,True
2011-09-16 15:15:00,2011-09-16 13:15:00,PV_H003,PV,WATCH,NONE,NONE,0.0,3.15,0.0,3.15,0.0,0.0,1.73,0.0,Watch state: unconstrained export with active monitoring,,,,,,,,,,,,1.73,3.15,3.15,True
2011-09-16 15:15:00,2011-09-16 13:15:00,PV_H005,PV,WATCH,NONE,NONE,0.0,3.17,0.0,3.17,0.0,0.0,1.74,0.0,Watch state: unconstrained export with active monitoring,,,,,,,,,,,,1.74,3.17,3.17,False
2011-09-16 15:15:00,2011-09-16 13:15:00,PV_H006,PV,WATCH,NONE,NONE,0.0,2.0,0.0,2.0,0.0,0.0,1.1,0.0,Watch state: unconstrained export with active monitoring,,,,,,,,,,,,1.1,2.0,2.0,True
2011-09-16 15:15:00,2011-09-16 13:15:00,PV_H007,PV,WATCH,NONE,NONE,0.0,3.93,0.0,3.93,0.0,0.0,2.15,0.0,Watch state: unconstrained export with active monitoring,,,,,,,,,,,,2.15,3.93,3.93,False
2011-09-16 15:15:00,2011-09-16 13:15:00,PV_H010,PV,WATCH,NONE,NONE,0.0,3.02,0.0,3.02,0.0,0.0,1.65,0.0,Watch state: unconstrained export with active monitoring,,,,,,,,,,,,1.65,3.02,3.02,False
2011-09-16 15:15:00,2011-09-16 13:15:00,PV_H016,PV,WATCH,NONE,NONE,0.0,2.1,0.0,2.1,0.0,0.0,1.15,0.0,Watch state: unconstrained export with active monitoring,,,,,,,,,,,,1.15,2.1,2.1,True
2011-09-16 15:15:00,2011-09-16 13:15:00,PV_H017,PV,WATCH,NONE,NONE,0.0,3.62,0.0,3.62,0.0,0.0,1.98,0.0,Watch state: unconstrained export with active monitoring,,,,,,,,,,,,1.98,3.62,3.62,True
2011-09-16 15:15:00,2011-09-16 13:15:00,PV_H018,PV,WATCH,NONE,NONE,0.0,2.33,0.0,2.33,0.0,0.0,1.28,0.0,Watch state: unconstrained export with active monitoring,,,,,,,,,,,,1.28,2.33,2.33,True
2011-09-16 15:15:00,2011-09-16 13:15:00,PV_H021,PV,WATCH,NONE,NONE,0.0,5.39,0.0,5.39,0.0,0.0,2.95,0.0,Watch state: unconstrained export with active monitoring,,,,,,,,,,,,2.95,5.39,5.39,True
2011-09-16 15:15:00,2011-09-16 13:15:00,PV_H024,PV,WATCH,NONE,NONE,0.0,2.0,0.0,2.0,0.0,0.0,1.1,0.0,Watch state: unconstrained export with active monitoring,,,,,,,,,,,,1.1,2.0,2.0,True
2011-09-16 15:15:00,2011-09-16 13:15:00,PV_H025,PV,WATCH,NONE,NONE,0.0,3.81,0.0,3.81,0.0,0.0,2.09,0.0,Watch state: unconstrained export with active monitoring,,,,,,,,,,,,2.09,3.81,3.81,False
2011-09-16 15:15:00,2011-09-16 13:15:00,PV_H026,PV,WATCH,NONE,NONE,0.0,3.67,0.0,3.67,0.0,0.0,2.01,0.0,Watch state: unconstrained export with active monitoring,,,,,,,,,,,,2.01,3.67,3.67,False
2011-09-16 15:15:00,2011-09-16 13:15:00,PV_H027,PV,WATCH,NONE,NONE,0.0,3.54,0.0,3.54,0.0,0.0,1.94,0.0,Watch state: unconstrained export with active monitoring,,,,,,,,,,,,1.94,3.54,3.54,True
2011-09-16 15:15:00,2011-09-16 13:15:00,PV_H032,PV,WATCH,NONE,NONE,0.0,3.2,0.0,3.2,0.0,0.0,1.75,0.0,Watch state: unconstrained export with active monitoring,,,,,,,,,,,,1.75,3.2,3.2,False
2011-09-16 15:15:00,2011-09-16 13:15:00,PV_H033,PV,WATCH,NONE,NONE,0.0,2.42,0.0,2.42,0.0,0.0,1.33,0.0,Watch state: unconstrained export with active monitoring,,,,,,,,,,,,1.33,2.42,2.42,True
2011-09-16 15:15:00,2011-09-16 13:15:00,PV_H034,PV,WATCH,NONE,NONE,0.0,3.96,0.0,3.96,0.0,0.0,2.17,0.0,Watch state: unconstrained export with active monitoring,,,,,,,,,,,,2.17,3.96,3.96,True
2011-09-16 15:15:00,2011-09-16 13:15:00,PV_H035,PV,WATCH,NONE,NONE,0.0,2.98,0.0,2.98,0.0,0.0,1.63,0.0,Watch state: unconstrained export with active monitoring,,,,,,,,,,,,1.63,2.98,2.98,True
2011-09-16 15:15:00,2011-09-16 13:15:00,PV_H036,PV,WATCH,NONE,NONE,0.0,3.49,0.0,3.49,0.0,0.0,1.91,0.0,Watch state: unconstrained export with active monitoring,,,,,,,,,,,,1.91,3.49,3.49,False
2011-09-16 15:15:00,2011-09-16 13:15:00,PV_H037,PV,WATCH,NONE,NONE,0.0,3.36,0.0,3.36,0.0,0.0,1.84,0.0,Watch state: unconstrained export with active monitoring,,,,,,,,,,,,1.84,3.36,3.36,False
2011-09-16 15:15:00,2011-09-16 13:15:00,PV_H040,PV,WATCH,NONE,NONE,0.0,4.1,0.0,4.1,0.0,0.0,2.25,0.0,Watch state: unconstrained export with active monitoring,,,,,,,,,,,,2.25,4.1,4.1,False
2011-09-16 15:15:00,2011-09-16 13:15:00,PV_H042,PV,WATCH,NONE,NONE,0.0,2.55,0.0,2.55,0.0,0.0,1.4,0.0,Watch state: unconstrained export with active monitoring,,,,,,,,,,,,1.4,2.55,2.55,True
2011-09-16 15:15:00,2011-09-16 13:15:00,PV_H044,PV,WATCH,NONE,NONE,0.0,3.34,0.0,3.34,0.0,0.0,1.83,0.0,Watch state: unconstrained export with active monitoring,,,,,,,,,,,,1.83,3.34,3.34,False
2011-09-16 15:15:00,2011-09-16 13:15:00,PV_H046,PV,WATCH,NONE,NONE,0.0,4.27,0.0,4.27,0.0,0.0,2.34,0.0,Watch state: unconstrained export with active monitoring,,,,,,,,,,,,2.34,4.27,4.27,False
2011-09-16 15:15:00,2011-09-16 13:15:00,PV_H048,PV,WATCH,NONE,NONE,0.0,3.11,0.0,3.11,0.0,0.0,1.7,0.0,Watch state: unconstrained export with active monitoring,,,,,,,,,,,,1.7,3.11,3.11,False
2011-09-16 15:15:00,2011-09-16 13:15:00,PV_H049,PV,WATCH,NONE,NONE,0.0,2.77,0.0,2.77,0.0,0.0,1.52,0.0,Watch state: unconstrained export with active monitoring,,,,,,,,,,,,1.52,2.77,2.77,True
2011-09-16 15:15:00,2011-09-16 13:15:00,PV_H050,PV,WATCH,NONE,NONE,0.0,3.9,0.0,3.9,0.0,0.0,2.14,0.0,Watch state: unconstrained export with active monitoring,,,,,,,,,,,,2.14,3.9,3.9,True
2011-09-16 15:15:00,2011-09-16 13:15:00,PV_H053,PV,WATCH,NONE,NONE,0.0,4.54,0.0,4.54,0.0,0.0,2.49,0.0,Watch state: unconstrained export with active monitoring,,,,,,,,,,,,2.49,4.54,4.54,False
2011-09-16 15:15:00,2011-09-16 13:15:00,PV_H055,PV,WATCH,NONE,NONE,0.0,2.77,0.0,2.77,0.0,0.0,1.52,0.0,Watch state: unconstrained export with active monitoring,,,,,,,,,,,,1.52,2.77,2.77,True
2011-09-16 15:15:00,2011-09-16 13:15:00,PV_H057,PV,WATCH,NONE,NONE,0.0,4.34,0.0,4.34,0.0,0.0,2.38,0.0,Watch state: unconstrained export with active monitoring,,,,,,,,,,,,2.38,4.34,4.34,True
2011-09-16 15:15:00,2011-09-16 13:15:00,PV_H058,PV,WATCH,NONE,NONE,0.0,3.0,0.0,3.0,0.0,0.0,1.64,0.0,Watch state: unconstrained export with active monitoring,,,,,,,,,,,,1.64,3.0,3.0,True
2011-09-16 15:15:00,2011-09-16 13:15:00,PV_H060,PV,WATCH,NONE,NONE,0.0,5.57,0.0,5.57,0.0,0.0,3.05,0.0,Watch state: unconstrained export with active monitoring,,,,,,,,,,,,3.05,5.57,5.57,True
2011-09-16 15:15:00,2011-09-16 13:15:00,PV_H061,PV,WATCH,NONE,NONE,0.0,3.07,0.0,3.07,0.0,0.0,1.68,0.0,Watch state: unconstrained export with active monitoring,,,,,,,,,,,,1.68,3.07,3.07,True
2011-09-16 15:15:00,2011-09-16 13:15:00,PV_H062,PV,WATCH,NONE,NONE,0.0,6.0,0.0,6.0,0.0,0.0,3.29,0.0,Watch state: unconstrained export with active monitoring,,,,,,,,,,,,3.29,6.0,6.0,False
2011-09-16 15:15:00,2011-09-16 13:15:00,PV_H063,PV,WATCH,NONE,NONE,0.0,4.02,0.0,4.02,0.0,0.0,2.2,0.0,Watch state: unconstrained export with active monitoring,,,,,,,,,,,,2.2,4.02,4.02,False
2011-09-16 15:15:00,2011-09-16 13:15:00,PV_H066,PV,WATCH,NONE,NONE,0.0,4.43,0.0,4.43,0.0,0.0,2.43,0.0,Watch state: unconstrained export with active monitoring,,,,,,,,,,,,2.43,4.43,4.43,False
2011-09-16 15:15:00,2011-09-16 13:15:00,PV_H067,PV,WATCH,NONE,NONE,0.0,2.63,0.0,2.63,0.0,0.0,1.44,0.0,Watch state: unconstrained export with active monitoring,,,,,,,,,,,,1.44,2.63,2.63,True
2011-09-16 15:15:00,2011-09-16 13:15:00,PV_H069,PV,WATCH,NONE,NONE,0.0,3.58,0.0,3.58,0.0,0.0,1.96,0.0,Watch state: unconstrained export with active monitoring,,,,,,,,,,,,1.96,3.58,3.58,True
2011-09-16 15:15:00,2011-09-16 13:15:00,PV_H071,PV,WATCH,NONE,NONE,0.0,4.57,0.0,4.57,0.0,0.0,2.5,0.0,Watch state: unconstrained export with active monitoring,,,,,,,,,,,,2.5,4.57,4.57,True
2011-09-16 15:15:00,2011-09-16 13:15:00,PV_H072,PV,WATCH,NONE,NONE,0.0,5.17,0.0,5.17,0.0,0.0,2.83,0.0,Watch state: unconstrained export with active monitoring,,,,,,,,,,,,2.83,5.17,5.17,True
2011-09-16 15:15:00,2011-09-16 13:15:00,PV_H073,PV,WATCH,NONE,NONE,0.0,3.71,0.0,3.71,0.0,0.0,2.03,0.0,Watch state: unconstrained export with active monitoring,,,,,,,,,,,,2.03,3.71,3.71,True
2011-09-16 15:15:00,2011-09-16 13:15:00,PV_H074,PV,WATCH,NONE,NONE,0.0,4.1,0.0,4.1,0.0,0.0,2.25,0.0,Watch state: unconstrained export with active monitoring,,,,,,,,,,,,2.25,4.1,4.1,False
2011-09-16 15:15:00,2011-09-16 13:15:00,PV_H076,PV,WATCH,NONE,NONE,0.0,4.69,0.0,4.69,0.0,0.0,2.57,0.0,Watch state: unconstrained export with active monitoring,,,,,,,,,,,,2.57,4.69,4.69,True
2011-09-16 15:15:00,2011-09-16 13:15:00,PV_H077,PV,WATCH,NONE,NONE,0.0,5.0,0.0,5.0,0.0,0.0,2.74,0.0,Watch state: unconstrained export with active monitoring,,,,,,,,,,,,2.74,5.0,5.0,True
2011-09-16 15:15:00,2011-09-16 13:15:00,PV_H078,PV,WATCH,NONE,NONE,0.0,2.75,0.0,2.75,0.0,0.0,1.51,0.0,Watch state: unconstrained export with active monitoring,,,,,,,,,,,,1.51,2.75,2.75,False
2011-09-16 15:15:00,2011-09-16 13:15:00,PV_H079,PV,WATCH,NONE,NONE,0.0,2.85,0.0,2.85,0.0,0.0,1.56,0.0,Watch state: unconstrained export with active monitoring,,,,,,,,,,,,1.56,2.85,2.85,True
2011-09-16 15:15:00,2011-09-16 13:15:00,PV_H080,PV,WATCH,NONE,NONE,0.0,4.14,0.0,4.14,0.0,0.0,2.27,0.0,Watch state: unconstrained export with active monitoring,,,,,,,,,,,,2.27,4.14,4.14,False
2011-09-16 15:15:00,2011-09-16 13:15:00,PV_H081,PV,WATCH,NONE,NONE,0.0,4.14,0.0,4.14,0.0,0.0,2.27,0.0,Watch state: unconstrained export with active monitoring,,,,,,,,,,,,2.27,4.14,4.14,True
2011-09-16 15:15:00,2011-09-16 13:15:00,PV_H082,PV,WATCH,NONE,NONE,0.0,2.74,0.0,2.74,0.0,0.0,1.5,0.0,Watch state: unconstrained export with active monitoring,,,,,,,,,,,,1.5,2.74,2.74,True
2011-09-16 15:15:00,2011-09-16 13:15:00,PV_H083,PV,WATCH,NONE,NONE,0.0,3.06,0.0,3.06,0.0,0.0,1.68,0.0,Watch state: unconstrained export with active monitoring,,,,,,,,,,,,1.68,3.06,3.06,True
2011-09-16 15:15:00,2011-09-16 13:15:00,PV_H085,PV,WATCH,NONE,NONE,0.0,3.82,0.0,3.82,0.0,0.0,2.09,0.0,Watch state: unconstrained export with active monitoring,,,,,,,,,,,,2.09,3.82,3.82,False
2011-09-16 15:15:00,2011-09-16 13:15:00,PV_H087,PV,WATCH,NONE,NONE,0.0,4.42,0.0,4.42,0.0,0.0,2.42,0.0,Watch state: unconstrained export with active monitoring,,,,,,,,,,,,2.42,4.42,4.42,False
2011-09-16 15:15:00,2011-09-16 13:15:00,PV_H088,PV,WATCH,NONE,NONE,0.0,2.24,0.0,2.24,0.0,0.0,1.23,0.0,Watch state: unconstrained export with active monitoring,,,,,,,,,,,,1.23,2.24,2.24,False
2011-09-16 15:15:00,2011-09-16 13:15:00,PV_H090,PV,WATCH,NONE,NONE,0.0,4.33,0.0,4.33,0.0,0.0,2.37,0.0,Watch state: unconstrained export with active monitoring,,,,,,,,,,,,2.37,4.33,4.33,True
2011-09-16 15:15:00,2011-09-16 13:15:00,PV_H093,PV,WATCH,NONE,NONE,0.0,5.31,0.0,5.31,0.0,0.0,2.91,0.0,Watch state: unconstrained export with active monitoring,,,,,,,,,,,,2.91,5.31,5.31,True
2011-09-16 15:15:00,2011-09-16 13:15:00,PV_H094,PV,WATCH,NONE,NONE,0.0,2.76,0.0,2.76,0.0,0.0,1.51,0.0,Watch state: unconstrained export with active monitoring,,,,,,,,,,,,1.51,2.76,2.76,True
2011-09-16 15:15:00,2011-09-16 13:15:00,PV_H095,PV,WATCH,NONE,NONE,0.0,2.66,0.0,2.66,0.0,0.0,1.46,0.0,Watch state: unconstrained export with active monitoring,,,,,,,,,,,,1.46,2.66,2.66,False
2011-09-16 15:15:00,2011-09-16 13:15:00,PV_H096,PV,WATCH,NONE,NONE,0.0,4.27,0.0,4.27,0.0,0.0,2.34,0.0,Watch state: unconstrained export with active monitoring,,,,,,,,,,,,2.34,4.27,4.27,True
2011-09-16 15:15:00,2011-09-16 13:15:00,PV_H098,PV,WATCH,NONE,NONE,0.0,3.16,0.0,3.16,0.0,0.0,1.73,0.0,Watch state: unconstrained export with active monitoring,,,,,,,,,,,,1.73,3.16,3.16,True
2011-09-16 15:15:00,2011-09-16 13:15:00,PV_H099,PV,WATCH,NONE,NONE,0.0,3.1,0.0,3.1,0.0,0.0,1.7,0.0,Watch state: unconstrained export with active monitoring,,,,,,,,,,,,1.7,3.1,3.1,False
2011-09-16 15:15:00,2011-09-16 13:15:00,BESS_COMMUNITY_01,BESS,WATCH,NONE,NONE,-25.0,25.0,-25.0,25.0,0.0,0.0,25.0,0.0,Watch state: operating within verified SOC limits,0.5,0.2,0.9,0.1,25.0,25.0,,,,,,,,,
2011-09-16 15:15:00,2011-09-16 13:15:00,EV_001,EV,WATCH,NONE,NONE,0.0,7.4,0.0,0.0,0.0,0.0,0.0,0.0,EV outside availability window (disconnected),,,,,0.0,,18:00,07:30,15.0,0.0,False,,,,
2011-09-16 15:15:00,2011-09-16 13:15:00,EV_002,EV,WATCH,NONE,NONE,0.0,7.4,0.0,0.0,0.0,0.0,0.0,0.0,EV outside availability window (disconnected),,,,,0.0,,18:00,07:30,15.0,0.0,False,,,,
2011-09-16 15:15:00,2011-09-16 13:15:00,EV_003,EV,WATCH,NONE,NONE,0.0,7.4,0.0,0.0,0.0,0.0,0.0,0.0,EV outside availability window (disconnected),,,,,0.0,,18:00,07:30,15.0,0.0,False,,,,
2011-09-16 15:15:00,2011-09-16 13:15:00,EV_004,EV,WATCH,NONE,NONE,0.0,7.4,0.0,0.0,0.0,0.0,0.0,0.0,EV outside availability window (disconnected),,,,,0.0,,18:00,07:30,15.0,0.0,False,,,,
2011-09-16 15:15:00,2011-09-16 13:15:00,EV_005,EV,WATCH,NONE,NONE,0.0,7.4,0.0,0.0,0.0,0.0,0.0,0.0,EV outside availability window (disconnected),,,,,0.0,,18:00,07:30,15.0,0.0,False,,,,
2011-09-16 15:15:00,2011-09-16 13:15:00,EV_006,EV,WATCH,NONE,NONE,0.0,7.4,0.0,0.0,0.0,0.0,0.0,0.0,EV outside availability window (disconnected),,,,,0.0,,18:00,07:30,15.0,0.0,False,,,,
2011-09-16 15:15:00,2011-09-16 13:15:00,EV_007,EV,WATCH,NONE,NONE,0.0,7.4,0.0,0.0,0.0,0.0,0.0,0.0,EV outside availability window (disconnected),,,,,0.0,,18:00,07:30,15.0,0.0,False,,,,
2011-09-16 15:15:00,2011-09-16 13:15:00,EV_008,EV,WATCH,NONE,NONE,0.0,7.4,0.0,0.0,0.0,0.0,0.0,0.0,EV outside availability window (disconnected),,,,,0.0,,18:00,07:30,15.0,0.0,False,,,,
2011-09-16 15:15:00,2011-09-16 13:15:00,EV_009,EV,WATCH,NONE,NONE,0.0,7.4,0.0,0.0,0.0,0.0,0.0,0.0,EV outside availability window (disconnected),,,,,0.0,,18:00,07:30,15.0,0.0,False,,,,
2011-09-16 15:15:00,2011-09-16 13:15:00,EV_010,EV,WATCH,NONE,NONE,0.0,7.4,0.0,0.0,0.0,0.0,0.0,0.0,EV outside availability window (disconnected),,,,,0.0,,18:00,07:30,15.0,0.0,False,,,,
2011-09-16 15:15:00,2011-09-16 13:15:00,EV_011,EV,WATCH,NONE,NONE,0.0,7.4,0.0,0.0,0.0,0.0,0.0,0.0,EV outside availability window (disconnected),,,,,0.0,,18:00,07:30,15.0,0.0,False,,,,
2011-09-16 15:15:00,2011-09-16 13:15:00,EV_012,EV,WATCH,NONE,NONE,0.0,7.4,0.0,0.0,0.0,0.0,0.0,0.0,EV outside availability window (disconnected),,,,,0.0,,18:00,07:30,15.0,0.0,False,,,,
2011-09-16 15:15:00,2011-09-16 13:15:00,EV_013,EV,WATCH,NONE,NONE,0.0,7.4,0.0,0.0,0.0,0.0,0.0,0.0,EV outside availability window (disconnected),,,,,0.0,,18:00,07:30,15.0,0.0,False,,,,
2011-09-16 15:15:00,2011-09-16 13:15:00,EV_014,EV,WATCH,NONE,NONE,0.0,7.4,0.0,0.0,0.0,0.0,0.0,0.0,EV outside availability window (disconnected),,,,,0.0,,18:00,07:30,15.0,0.0,False,,,,
2011-09-16 15:15:00,2011-09-16 13:15:00,EV_015,EV,WATCH,NONE,NONE,0.0,7.4,0.0,0.0,0.0,0.0,0.0,0.0,EV outside availability window (disconnected),,,,,0.0,,18:00,07:30,15.0,0.0,False,,,,
2011-09-16 15:15:00,2011-09-16 13:15:00,EV_016,EV,WATCH,NONE,NONE,0.0,7.4,0.0,0.0,0.0,0.0,0.0,0.0,EV outside availability window (disconnected),,,,,0.0,,18:00,07:30,15.0,0.0,False,,,,
2011-09-16 15:15:00,2011-09-16 13:15:00,EV_017,EV,WATCH,NONE,NONE,0.0,7.4,0.0,0.0,0.0,0.0,0.0,0.0,EV outside availability window (disconnected),,,,,0.0,,18:00,07:30,15.0,0.0,False,,,,
2011-09-16 15:15:00,2011-09-16 13:15:00,EV_018,EV,WATCH,NONE,NONE,0.0,7.4,0.0,0.0,0.0,0.0,0.0,0.0,EV outside availability window (disconnected),,,,,0.0,,18:00,07:30,15.0,0.0,False,,,,
2011-09-16 15:15:00,2011-09-16 13:15:00,EV_019,EV,WATCH,NONE,NONE,0.0,7.4,0.0,0.0,0.0,0.0,0.0,0.0,EV outside availability window (disconnected),,,,,0.0,,18:00,07:30,15.0,0.0,False,,,,
2011-09-16 15:15:00,2011-09-16 13:15:00,EV_020,EV,WATCH,NONE,NONE,0.0,7.4,0.0,0.0,0.0,0.0,0.0,0.0,EV outside availability window (disconnected),,,,,0.0,,18:00,07:30,15.0,0.0,False,,,,
2011-09-16 15:15:00,2011-09-16 13:15:00,FL001,FLEXIBLE_LOAD,WATCH,NONE,NONE,0.0,0.0,0.0,0.0,0.0,0.0,0.0,0.0,Flexible load outside scheduled operating window,,,,,,,,,,,,,,,
2011-09-16 15:15:00,2011-09-16 13:15:00,FL002,FLEXIBLE_LOAD,WATCH,NONE,NONE,0.5,10.0,0.5,10.0,0.0,0.0,10.0,0.0,Normal scheduled operation,,,,,,,,,,,,,,,
2011-09-16 15:15:00,2011-09-16 13:15:00,FL003,FLEXIBLE_LOAD,WATCH,NONE,NONE,0.0,0.0,0.0,0.0,0.0,0.0,0.0,0.0,Flexible load outside scheduled operating window,,,,,,,,,,,,,,,
2011-09-16 15:30:00,2011-09-16 13:15:00,PV_H002,PV,WATCH,NONE,NONE,0.0,3.91,0.0,3.91,0.0,0.0,1.29,0.0,Watch state: unconstrained export with active monitoring,,,,,,,,,,,,1.29,3.91,3.91,True
2011-09-16 15:30:00,2011-09-16 13:15:00,PV_H003,PV,WATCH,NONE,NONE,0.0,3.15,0.0,3.15,0.0,0.0,1.04,0.0,Watch state: unconstrained export with active monitoring,,,,,,,,,,,,1.04,3.15,3.15,True
2011-09-16 15:30:00,2011-09-16 13:15:00,PV_H005,PV,WATCH,NONE,NONE,0.0,3.17,0.0,3.17,0.0,0.0,1.05,0.0,Watch state: unconstrained export with active monitoring,,,,,,,,,,,,1.05,3.17,3.17,False
2011-09-16 15:30:00,2011-09-16 13:15:00,PV_H006,PV,WATCH,NONE,NONE,0.0,2.0,0.0,2.0,0.0,0.0,0.66,0.0,Watch state: unconstrained export with active monitoring,,,,,,,,,,,,0.66,2.0,2.0,True
2011-09-16 15:30:00,2011-09-16 13:15:00,PV_H007,PV,WATCH,NONE,NONE,0.0,3.93,0.0,3.93,0.0,0.0,1.3,0.0,Watch state: unconstrained export with active monitoring,,,,,,,,,,,,1.3,3.93,3.93,False
2011-09-16 15:30:00,2011-09-16 13:15:00,PV_H010,PV,WATCH,NONE,NONE,0.0,3.02,0.0,3.02,0.0,0.0,1.0,0.0,Watch state: unconstrained export with active monitoring,,,,,,,,,,,,1.0,3.02,3.02,False
2011-09-16 15:30:00,2011-09-16 13:15:00,PV_H016,PV,WATCH,NONE,NONE,0.0,2.1,0.0,2.1,0.0,0.0,0.69,0.0,Watch state: unconstrained export with active monitoring,,,,,,,,,,,,0.69,2.1,2.1,True
2011-09-16 15:30:00,2011-09-16 13:15:00,PV_H017,PV,WATCH,NONE,NONE,0.0,3.62,0.0,3.62,0.0,0.0,1.2,0.0,Watch state: unconstrained export with active monitoring,,,,,,,,,,,,1.2,3.62,3.62,True
2011-09-16 15:30:00,2011-09-16 13:15:00,PV_H018,PV,WATCH,NONE,NONE,0.0,2.33,0.0,2.33,0.0,0.0,0.77,0.0,Watch state: unconstrained export with active monitoring,,,,,,,,,,,,0.77,2.33,2.33,True
2011-09-16 15:30:00,2011-09-16 13:15:00,PV_H021,PV,WATCH,NONE,NONE,0.0,5.39,0.0,5.39,0.0,0.0,1.78,0.0,Watch state: unconstrained export with active monitoring,,,,,,,,,,,,1.78,5.39,5.39,True
2011-09-16 15:30:00,2011-09-16 13:15:00,PV_H024,PV,WATCH,NONE,NONE,0.0,2.0,0.0,2.0,0.0,0.0,0.66,0.0,Watch state: unconstrained export with active monitoring,,,,,,,,,,,,0.66,2.0,2.0,True
2011-09-16 15:30:00,2011-09-16 13:15:00,PV_H025,PV,WATCH,NONE,NONE,0.0,3.81,0.0,3.81,0.0,0.0,1.26,0.0,Watch state: unconstrained export with active monitoring,,,,,,,,,,,,1.26,3.81,3.81,False
2011-09-16 15:30:00,2011-09-16 13:15:00,PV_H026,PV,WATCH,NONE,NONE,0.0,3.67,0.0,3.67,0.0,0.0,1.21,0.0,Watch state: unconstrained export with active monitoring,,,,,,,,,,,,1.21,3.67,3.67,False
2011-09-16 15:30:00,2011-09-16 13:15:00,PV_H027,PV,WATCH,NONE,NONE,0.0,3.54,0.0,3.54,0.0,0.0,1.17,0.0,Watch state: unconstrained export with active monitoring,,,,,,,,,,,,1.17,3.54,3.54,True
2011-09-16 15:30:00,2011-09-16 13:15:00,PV_H032,PV,WATCH,NONE,NONE,0.0,3.2,0.0,3.2,0.0,0.0,1.06,0.0,Watch state: unconstrained export with active monitoring,,,,,,,,,,,,1.06,3.2,3.2,False
2011-09-16 15:30:00,2011-09-16 13:15:00,PV_H033,PV,WATCH,NONE,NONE,0.0,2.42,0.0,2.42,0.0,0.0,0.8,0.0,Watch state: unconstrained export with active monitoring,,,,,,,,,,,,0.8,2.42,2.42,True
2011-09-16 15:30:00,2011-09-16 13:15:00,PV_H034,PV,WATCH,NONE,NONE,0.0,3.96,0.0,3.96,0.0,0.0,1.31,0.0,Watch state: unconstrained export with active monitoring,,,,,,,,,,,,1.31,3.96,3.96,True
2011-09-16 15:30:00,2011-09-16 13:15:00,PV_H035,PV,WATCH,NONE,NONE,0.0,2.98,0.0,2.98,0.0,0.0,0.98,0.0,Watch state: unconstrained export with active monitoring,,,,,,,,,,,,0.98,2.98,2.98,True
2011-09-16 15:30:00,2011-09-16 13:15:00,PV_H036,PV,WATCH,NONE,NONE,0.0,3.49,0.0,3.49,0.0,0.0,1.15,0.0,Watch state: unconstrained export with active monitoring,,,,,,,,,,,,1.15,3.49,3.49,False
2011-09-16 15:30:00,2011-09-16 13:15:00,PV_H037,PV,WATCH,NONE,NONE,0.0,3.36,0.0,3.36,0.0,0.0,1.11,0.0,Watch state: unconstrained export with active monitoring,,,,,,,,,,,,1.11,3.36,3.36,False
2011-09-16 15:30:00,2011-09-16 13:15:00,PV_H040,PV,WATCH,NONE,NONE,0.0,4.1,0.0,4.1,0.0,0.0,1.35,0.0,Watch state: unconstrained export with active monitoring,,,,,,,,,,,,1.35,4.1,4.1,False
2011-09-16 15:30:00,2011-09-16 13:15:00,PV_H042,PV,WATCH,NONE,NONE,0.0,2.55,0.0,2.55,0.0,0.0,0.84,0.0,Watch state: unconstrained export with active monitoring,,,,,,,,,,,,0.84,2.55,2.55,True
2011-09-16 15:30:00,2011-09-16 13:15:00,PV_H044,PV,WATCH,NONE,NONE,0.0,3.34,0.0,3.34,0.0,0.0,1.1,0.0,Watch state: unconstrained export with active monitoring,,,,,,,,,,,,1.1,3.34,3.34,False
2011-09-16 15:30:00,2011-09-16 13:15:00,PV_H046,PV,WATCH,NONE,NONE,0.0,4.27,0.0,4.27,0.0,0.0,1.41,0.0,Watch state: unconstrained export with active monitoring,,,,,,,,,,,,1.41,4.27,4.27,False
2011-09-16 15:30:00,2011-09-16 13:15:00,PV_H048,PV,WATCH,NONE,NONE,0.0,3.11,0.0,3.11,0.0,0.0,1.03,0.0,Watch state: unconstrained export with active monitoring,,,,,,,,,,,,1.03,3.11,3.11,False
2011-09-16 15:30:00,2011-09-16 13:15:00,PV_H049,PV,WATCH,NONE,NONE,0.0,2.77,0.0,2.77,0.0,0.0,0.91,0.0,Watch state: unconstrained export with active monitoring,,,,,,,,,,,,0.91,2.77,2.77,True
2011-09-16 15:30:00,2011-09-16 13:15:00,PV_H050,PV,WATCH,NONE,NONE,0.0,3.9,0.0,3.9,0.0,0.0,1.29,0.0,Watch state: unconstrained export with active monitoring,,,,,,,,,,,,1.29,3.9,3.9,True
2011-09-16 15:30:00,2011-09-16 13:15:00,PV_H053,PV,WATCH,NONE,NONE,0.0,4.54,0.0,4.54,0.0,0.0,1.5,0.0,Watch state: unconstrained export with active monitoring,,,,,,,,,,,,1.5,4.54,4.54,False
2011-09-16 15:30:00,2011-09-16 13:15:00,PV_H055,PV,WATCH,NONE,NONE,0.0,2.77,0.0,2.77,0.0,0.0,0.91,0.0,Watch state: unconstrained export with active monitoring,,,,,,,,,,,,0.91,2.77,2.77,True
2011-09-16 15:30:00,2011-09-16 13:15:00,PV_H057,PV,WATCH,NONE,NONE,0.0,4.34,0.0,4.34,0.0,0.0,1.43,0.0,Watch state: unconstrained export with active monitoring,,,,,,,,,,,,1.43,4.34,4.34,True
2011-09-16 15:30:00,2011-09-16 13:15:00,PV_H058,PV,WATCH,NONE,NONE,0.0,3.0,0.0,3.0,0.0,0.0,0.99,0.0,Watch state: unconstrained export with active monitoring,,,,,,,,,,,,0.99,3.0,3.0,True
2011-09-16 15:30:00,2011-09-16 13:15:00,PV_H060,PV,WATCH,NONE,NONE,0.0,5.57,0.0,5.57,0.0,0.0,1.84,0.0,Watch state: unconstrained export with active monitoring,,,,,,,,,,,,1.84,5.57,5.57,True
2011-09-16 15:30:00,2011-09-16 13:15:00,PV_H061,PV,WATCH,NONE,NONE,0.0,3.07,0.0,3.07,0.0,0.0,1.01,0.0,Watch state: unconstrained export with active monitoring,,,,,,,,,,,,1.01,3.07,3.07,True
2011-09-16 15:30:00,2011-09-16 13:15:00,PV_H062,PV,WATCH,NONE,NONE,0.0,6.0,0.0,6.0,0.0,0.0,1.98,0.0,Watch state: unconstrained export with active monitoring,,,,,,,,,,,,1.98,6.0,6.0,False
2011-09-16 15:30:00,2011-09-16 13:15:00,PV_H063,PV,WATCH,NONE,NONE,0.0,4.02,0.0,4.02,0.0,0.0,1.33,0.0,Watch state: unconstrained export with active monitoring,,,,,,,,,,,,1.33,4.02,4.02,False
2011-09-16 15:30:00,2011-09-16 13:15:00,PV_H066,PV,WATCH,NONE,NONE,0.0,4.43,0.0,4.43,0.0,0.0,1.46,0.0,Watch state: unconstrained export with active monitoring,,,,,,,,,,,,1.46,4.43,4.43,False
2011-09-16 15:30:00,2011-09-16 13:15:00,PV_H067,PV,WATCH,NONE,NONE,0.0,2.63,0.0,2.63,0.0,0.0,0.87,0.0,Watch state: unconstrained export with active monitoring,,,,,,,,,,,,0.87,2.63,2.63,True
2011-09-16 15:30:00,2011-09-16 13:15:00,PV_H069,PV,WATCH,NONE,NONE,0.0,3.58,0.0,3.58,0.0,0.0,1.18,0.0,Watch state: unconstrained export with active monitoring,,,,,,,,,,,,1.18,3.58,3.58,True
2011-09-16 15:30:00,2011-09-16 13:15:00,PV_H071,PV,WATCH,NONE,NONE,0.0,4.57,0.0,4.57,0.0,0.0,1.51,0.0,Watch state: unconstrained export with active monitoring,,,,,,,,,,,,1.51,4.57,4.57,True
2011-09-16 15:30:00,2011-09-16 13:15:00,PV_H072,PV,WATCH,NONE,NONE,0.0,5.17,0.0,5.17,0.0,0.0,1.71,0.0,Watch state: unconstrained export with active monitoring,,,,,,,,,,,,1.71,5.17,5.17,True
2011-09-16 15:30:00,2011-09-16 13:15:00,PV_H073,PV,WATCH,NONE,NONE,0.0,3.71,0.0,3.71,0.0,0.0,1.23,0.0,Watch state: unconstrained export with active monitoring,,,,,,,,,,,,1.23,3.71,3.71,True
2011-09-16 15:30:00,2011-09-16 13:15:00,PV_H074,PV,WATCH,NONE,NONE,0.0,4.1,0.0,4.1,0.0,0.0,1.35,0.0,Watch state: unconstrained export with active monitoring,,,,,,,,,,,,1.35,4.1,4.1,False
2011-09-16 15:30:00,2011-09-16 13:15:00,PV_H076,PV,WATCH,NONE,NONE,0.0,4.69,0.0,4.69,0.0,0.0,1.55,0.0,Watch state: unconstrained export with active monitoring,,,,,,,,,,,,1.55,4.69,4.69,True
2011-09-16 15:30:00,2011-09-16 13:15:00,PV_H077,PV,WATCH,NONE,NONE,0.0,5.0,0.0,5.0,0.0,0.0,1.65,0.0,Watch state: unconstrained export with active monitoring,,,,,,,,,,,,1.65,5.0,5.0,True
2011-09-16 15:30:00,2011-09-16 13:15:00,PV_H078,PV,WATCH,NONE,NONE,0.0,2.75,0.0,2.75,0.0,0.0,0.91,0.0,Watch state: unconstrained export with active monitoring,,,,,,,,,,,,0.91,2.75,2.75,False
2011-09-16 15:30:00,2011-09-16 13:15:00,PV_H079,PV,WATCH,NONE,NONE,0.0,2.85,0.0,2.85,0.0,0.0,0.94,0.0,Watch state: unconstrained export with active monitoring,,,,,,,,,,,,0.94,2.85,2.85,True
2011-09-16 15:30:00,2011-09-16 13:15:00,PV_H080,PV,WATCH,NONE,NONE,0.0,4.14,0.0,4.14,0.0,0.0,1.37,0.0,Watch state: unconstrained export with active monitoring,,,,,,,,,,,,1.37,4.14,4.14,False
2011-09-16 15:30:00,2011-09-16 13:15:00,PV_H081,PV,WATCH,NONE,NONE,0.0,4.14,0.0,4.14,0.0,0.0,1.37,0.0,Watch state: unconstrained export with active monitoring,,,,,,,,,,,,1.37,4.14,4.14,True
2011-09-16 15:30:00,2011-09-16 13:15:00,PV_H082,PV,WATCH,NONE,NONE,0.0,2.74,0.0,2.74,0.0,0.0,0.9,0.0,Watch state: unconstrained export with active monitoring,,,,,,,,,,,,0.9,2.74,2.74,True
2011-09-16 15:30:00,2011-09-16 13:15:00,PV_H083,PV,WATCH,NONE,NONE,0.0,3.06,0.0,3.06,0.0,0.0,1.01,0.0,Watch state: unconstrained export with active monitoring,,,,,,,,,,,,1.01,3.06,3.06,True
2011-09-16 15:30:00,2011-09-16 13:15:00,PV_H085,PV,WATCH,NONE,NONE,0.0,3.82,0.0,3.82,0.0,0.0,1.26,0.0,Watch state: unconstrained export with active monitoring,,,,,,,,,,,,1.26,3.82,3.82,False
2011-09-16 15:30:00,2011-09-16 13:15:00,PV_H087,PV,WATCH,NONE,NONE,0.0,4.42,0.0,4.42,0.0,0.0,1.46,0.0,Watch state: unconstrained export with active monitoring,,,,,,,,,,,,1.46,4.42,4.42,False
2011-09-16 15:30:00,2011-09-16 13:15:00,PV_H088,PV,WATCH,NONE,NONE,0.0,2.24,0.0,2.24,0.0,0.0,0.74,0.0,Watch state: unconstrained export with active monitoring,,,,,,,,,,,,0.74,2.24,2.24,False
2011-09-16 15:30:00,2011-09-16 13:15:00,PV_H090,PV,WATCH,NONE,NONE,0.0,4.33,0.0,4.33,0.0,0.0,1.43,0.0,Watch state: unconstrained export with active monitoring,,,,,,,,,,,,1.43,4.33,4.33,True
2011-09-16 15:30:00,2011-09-16 13:15:00,PV_H093,PV,WATCH,NONE,NONE,0.0,5.31,0.0,5.31,0.0,0.0,1.75,0.0,Watch state: unconstrained export with active monitoring,,,,,,,,,,,,1.75,5.31,5.31,True
2011-09-16 15:30:00,2011-09-16 13:15:00,PV_H094,PV,WATCH,NONE,NONE,0.0,2.76,0.0,2.76,0.0,0.0,0.91,0.0,Watch state: unconstrained export with active monitoring,,,,,,,,,,,,0.91,2.76,2.76,True
2011-09-16 15:30:00,2011-09-16 13:15:00,PV_H095,PV,WATCH,NONE,NONE,0.0,2.66,0.0,2.66,0.0,0.0,0.88,0.0,Watch state: unconstrained export with active monitoring,,,,,,,,,,,,0.88,2.66,2.66,False
2011-09-16 15:30:00,2011-09-16 13:15:00,PV_H096,PV,WATCH,NONE,NONE,0.0,4.27,0.0,4.27,0.0,0.0,1.41,0.0,Watch state: unconstrained export with active monitoring,,,,,,,,,,,,1.41,4.27,4.27,True
2011-09-16 15:30:00,2011-09-16 13:15:00,PV_H098,PV,WATCH,NONE,NONE,0.0,3.16,0.0,3.16,0.0,0.0,1.04,0.0,Watch state: unconstrained export with active monitoring,,,,,,,,,,,,1.04,3.16,3.16,True
2011-09-16 15:30:00,2011-09-16 13:15:00,PV_H099,PV,WATCH,NONE,NONE,0.0,3.1,0.0,3.1,0.0,0.0,1.02,0.0,Watch state: unconstrained export with active monitoring,,,,,,,,,,,,1.02,3.1,3.1,False
2011-09-16 15:30:00,2011-09-16 13:15:00,BESS_COMMUNITY_01,BESS,WATCH,NONE,NONE,-25.0,25.0,-25.0,25.0,0.0,0.0,25.0,0.0,Watch state: operating within verified SOC limits,0.5,0.2,0.9,0.1,25.0,25.0,,,,,,,,,
2011-09-16 15:30:00,2011-09-16 13:15:00,EV_001,EV,WATCH,NONE,NONE,0.0,7.4,0.0,0.0,0.0,0.0,0.0,0.0,EV outside availability window (disconnected),,,,,0.0,,18:00,07:30,15.0,0.0,False,,,,
2011-09-16 15:30:00,2011-09-16 13:15:00,EV_002,EV,WATCH,NONE,NONE,0.0,7.4,0.0,0.0,0.0,0.0,0.0,0.0,EV outside availability window (disconnected),,,,,0.0,,18:00,07:30,15.0,0.0,False,,,,
2011-09-16 15:30:00,2011-09-16 13:15:00,EV_003,EV,WATCH,NONE,NONE,0.0,7.4,0.0,0.0,0.0,0.0,0.0,0.0,EV outside availability window (disconnected),,,,,0.0,,18:00,07:30,15.0,0.0,False,,,,
2011-09-16 15:30:00,2011-09-16 13:15:00,EV_004,EV,WATCH,NONE,NONE,0.0,7.4,0.0,0.0,0.0,0.0,0.0,0.0,EV outside availability window (disconnected),,,,,0.0,,18:00,07:30,15.0,0.0,False,,,,
2011-09-16 15:30:00,2011-09-16 13:15:00,EV_005,EV,WATCH,NONE,NONE,0.0,7.4,0.0,0.0,0.0,0.0,0.0,0.0,EV outside availability window (disconnected),,,,,0.0,,18:00,07:30,15.0,0.0,False,,,,
2011-09-16 15:30:00,2011-09-16 13:15:00,EV_006,EV,WATCH,NONE,NONE,0.0,7.4,0.0,0.0,0.0,0.0,0.0,0.0,EV outside availability window (disconnected),,,,,0.0,,18:00,07:30,15.0,0.0,False,,,,
2011-09-16 15:30:00,2011-09-16 13:15:00,EV_007,EV,WATCH,NONE,NONE,0.0,7.4,0.0,0.0,0.0,0.0,0.0,0.0,EV outside availability window (disconnected),,,,,0.0,,18:00,07:30,15.0,0.0,False,,,,
2011-09-16 15:30:00,2011-09-16 13:15:00,EV_008,EV,WATCH,NONE,NONE,0.0,7.4,0.0,0.0,0.0,0.0,0.0,0.0,EV outside availability window (disconnected),,,,,0.0,,18:00,07:30,15.0,0.0,False,,,,
2011-09-16 15:30:00,2011-09-16 13:15:00,EV_009,EV,WATCH,NONE,NONE,0.0,7.4,0.0,0.0,0.0,0.0,0.0,0.0,EV outside availability window (disconnected),,,,,0.0,,18:00,07:30,15.0,0.0,False,,,,
2011-09-16 15:30:00,2011-09-16 13:15:00,EV_010,EV,WATCH,NONE,NONE,0.0,7.4,0.0,0.0,0.0,0.0,0.0,0.0,EV outside availability window (disconnected),,,,,0.0,,18:00,07:30,15.0,0.0,False,,,,
2011-09-16 15:30:00,2011-09-16 13:15:00,EV_011,EV,WATCH,NONE,NONE,0.0,7.4,0.0,0.0,0.0,0.0,0.0,0.0,EV outside availability window (disconnected),,,,,0.0,,18:00,07:30,15.0,0.0,False,,,,
2011-09-16 15:30:00,2011-09-16 13:15:00,EV_012,EV,WATCH,NONE,NONE,0.0,7.4,0.0,0.0,0.0,0.0,0.0,0.0,EV outside availability window (disconnected),,,,,0.0,,18:00,07:30,15.0,0.0,False,,,,
2011-09-16 15:30:00,2011-09-16 13:15:00,EV_013,EV,WATCH,NONE,NONE,0.0,7.4,0.0,0.0,0.0,0.0,0.0,0.0,EV outside availability window (disconnected),,,,,0.0,,18:00,07:30,15.0,0.0,False,,,,
2011-09-16 15:30:00,2011-09-16 13:15:00,EV_014,EV,WATCH,NONE,NONE,0.0,7.4,0.0,0.0,0.0,0.0,0.0,0.0,EV outside availability window (disconnected),,,,,0.0,,18:00,07:30,15.0,0.0,False,,,,
2011-09-16 15:30:00,2011-09-16 13:15:00,EV_015,EV,WATCH,NONE,NONE,0.0,7.4,0.0,0.0,0.0,0.0,0.0,0.0,EV outside availability window (disconnected),,,,,0.0,,18:00,07:30,15.0,0.0,False,,,,
2011-09-16 15:30:00,2011-09-16 13:15:00,EV_016,EV,WATCH,NONE,NONE,0.0,7.4,0.0,0.0,0.0,0.0,0.0,0.0,EV outside availability window (disconnected),,,,,0.0,,18:00,07:30,15.0,0.0,False,,,,
2011-09-16 15:30:00,2011-09-16 13:15:00,EV_017,EV,WATCH,NONE,NONE,0.0,7.4,0.0,0.0,0.0,0.0,0.0,0.0,EV outside availability window (disconnected),,,,,0.0,,18:00,07:30,15.0,0.0,False,,,,
2011-09-16 15:30:00,2011-09-16 13:15:00,EV_018,EV,WATCH,NONE,NONE,0.0,7.4,0.0,0.0,0.0,0.0,0.0,0.0,EV outside availability window (disconnected),,,,,0.0,,18:00,07:30,15.0,0.0,False,,,,
2011-09-16 15:30:00,2011-09-16 13:15:00,EV_019,EV,WATCH,NONE,NONE,0.0,7.4,0.0,0.0,0.0,0.0,0.0,0.0,EV outside availability window (disconnected),,,,,0.0,,18:00,07:30,15.0,0.0,False,,,,
2011-09-16 15:30:00,2011-09-16 13:15:00,EV_020,EV,WATCH,NONE,NONE,0.0,7.4,0.0,0.0,0.0,0.0,0.0,0.0,EV outside availability window (disconnected),,,,,0.0,,18:00,07:30,15.0,0.0,False,,,,
2011-09-16 15:30:00,2011-09-16 13:15:00,FL001,FLEXIBLE_LOAD,WATCH,NONE,NONE,0.0,0.0,0.0,0.0,0.0,0.0,0.0,0.0,Flexible load outside scheduled operating window,,,,,,,,,,,,,,,
2011-09-16 15:30:00,2011-09-16 13:15:00,FL002,FLEXIBLE_LOAD,WATCH,NONE,NONE,0.5,10.0,0.5,10.0,0.0,0.0,10.0,0.0,Normal scheduled operation,,,,,,,,,,,,,,,
2011-09-16 15:30:00,2011-09-16 13:15:00,FL003,FLEXIBLE_LOAD,WATCH,NONE,NONE,0.0,0.0,0.0,0.0,0.0,0.0,0.0,0.0,Flexible load outside scheduled operating window,,,,,,,,,,,,,,,
2011-09-16 15:45:00,2011-09-16 13:15:00,PV_H002,PV,WATCH,NONE,NONE,0.0,3.91,0.0,3.91,0.0,0.0,1.47,0.0,Watch state: unconstrained export with active monitoring,,,,,,,,,,,,1.47,3.91,3.91,True
2011-09-16 15:45:00,2011-09-16 13:15:00,PV_H003,PV,WATCH,NONE,NONE,0.0,3.15,0.0,3.15,0.0,0.0,1.19,0.0,Watch state: unconstrained export with active monitoring,,,,,,,,,,,,1.19,3.15,3.15,True
2011-09-16 15:45:00,2011-09-16 13:15:00,PV_H005,PV,WATCH,NONE,NONE,0.0,3.17,0.0,3.17,0.0,0.0,1.19,0.0,Watch state: unconstrained export with active monitoring,,,,,,,,,,,,1.19,3.17,3.17,False
2011-09-16 15:45:00,2011-09-16 13:15:00,PV_H006,PV,WATCH,NONE,NONE,0.0,2.0,0.0,2.0,0.0,0.0,0.75,0.0,Watch state: unconstrained export with active monitoring,,,,,,,,,,,,0.75,2.0,2.0,True
2011-09-16 15:45:00,2011-09-16 13:15:00,PV_H007,PV,WATCH,NONE,NONE,0.0,3.93,0.0,3.93,0.0,0.0,1.48,0.0,Watch state: unconstrained export with active monitoring,,,,,,,,,,,,1.48,3.93,3.93,False
2011-09-16 15:45:00,2011-09-16 13:15:00,PV_H010,PV,WATCH,NONE,NONE,0.0,3.02,0.0,3.02,0.0,0.0,1.14,0.0,Watch state: unconstrained export with active monitoring,,,,,,,,,,,,1.14,3.02,3.02,False
2011-09-16 15:45:00,2011-09-16 13:15:00,PV_H016,PV,WATCH,NONE,NONE,0.0,2.1,0.0,2.1,0.0,0.0,0.79,0.0,Watch state: unconstrained export with active monitoring,,,,,,,,,,,,0.79,2.1,2.1,True
2011-09-16 15:45:00,2011-09-16 13:15:00,PV_H017,PV,WATCH,NONE,NONE,0.0,3.62,0.0,3.62,0.0,0.0,1.36,0.0,Watch state: unconstrained export with active monitoring,,,,,,,,,,,,1.36,3.62,3.62,True
2011-09-16 15:45:00,2011-09-16 13:15:00,PV_H018,PV,WATCH,NONE,NONE,0.0,2.33,0.0,2.33,0.0,0.0,0.88,0.0,Watch state: unconstrained export with active monitoring,,,,,,,,,,,,0.88,2.33,2.33,True
2011-09-16 15:45:00,2011-09-16 13:15:00,PV_H021,PV,WATCH,NONE,NONE,0.0,5.39,0.0,5.39,0.0,0.0,2.03,0.0,Watch state: unconstrained export with active monitoring,,,,,,,,,,,,2.03,5.39,5.39,True
2011-09-16 15:45:00,2011-09-16 13:15:00,PV_H024,PV,WATCH,NONE,NONE,0.0,2.0,0.0,2.0,0.0,0.0,0.75,0.0,Watch state: unconstrained export with active monitoring,,,,,,,,,,,,0.75,2.0,2.0,True
2011-09-16 15:45:00,2011-09-16 13:15:00,PV_H025,PV,WATCH,NONE,NONE,0.0,3.81,0.0,3.81,0.0,0.0,1.43,0.0,Watch state: unconstrained export with active monitoring,,,,,,,,,,,,1.43,3.81,3.81,False
2011-09-16 15:45:00,2011-09-16 13:15:00,PV_H026,PV,WATCH,NONE,NONE,0.0,3.67,0.0,3.67,0.0,0.0,1.38,0.0,Watch state: unconstrained export with active monitoring,,,,,,,,,,,,1.38,3.67,3.67,False
2011-09-16 15:45:00,2011-09-16 13:15:00,PV_H027,PV,WATCH,NONE,NONE,0.0,3.54,0.0,3.54,0.0,0.0,1.33,0.0,Watch state: unconstrained export with active monitoring,,,,,,,,,,,,1.33,3.54,3.54,True
2011-09-16 15:45:00,2011-09-16 13:15:00,PV_H032,PV,WATCH,NONE,NONE,0.0,3.2,0.0,3.2,0.0,0.0,1.2,0.0,Watch state: unconstrained export with active monitoring,,,,,,,,,,,,1.2,3.2,3.2,False
2011-09-16 15:45:00,2011-09-16 13:15:00,PV_H033,PV,WATCH,NONE,NONE,0.0,2.42,0.0,2.42,0.0,0.0,0.91,0.0,Watch state: unconstrained export with active monitoring,,,,,,,,,,,,0.91,2.42,2.42,True
2011-09-16 15:45:00,2011-09-16 13:15:00,PV_H034,PV,WATCH,NONE,NONE,0.0,3.96,0.0,3.96,0.0,0.0,1.49,0.0,Watch state: unconstrained export with active monitoring,,,,,,,,,,,,1.49,3.96,3.96,True
2011-09-16 15:45:00,2011-09-16 13:15:00,PV_H035,PV,WATCH,NONE,NONE,0.0,2.98,0.0,2.98,0.0,0.0,1.12,0.0,Watch state: unconstrained export with active monitoring,,,,,,,,,,,,1.12,2.98,2.98,True
2011-09-16 15:45:00,2011-09-16 13:15:00,PV_H036,PV,WATCH,NONE,NONE,0.0,3.49,0.0,3.49,0.0,0.0,1.31,0.0,Watch state: unconstrained export with active monitoring,,,,,,,,,,,,1.31,3.49,3.49,False
2011-09-16 15:45:00,2011-09-16 13:15:00,PV_H037,PV,WATCH,NONE,NONE,0.0,3.36,0.0,3.36,0.0,0.0,1.26,0.0,Watch state: unconstrained export with active monitoring,,,,,,,,,,,,1.26,3.36,3.36,False
2011-09-16 15:45:00,2011-09-16 13:15:00,PV_H040,PV,WATCH,NONE,NONE,0.0,4.1,0.0,4.1,0.0,0.0,1.54,0.0,Watch state: unconstrained export with active monitoring,,,,,,,,,,,,1.54,4.1,4.1,False
2011-09-16 15:45:00,2011-09-16 13:15:00,PV_H042,PV,WATCH,NONE,NONE,0.0,2.55,0.0,2.55,0.0,0.0,0.96,0.0,Watch state: unconstrained export with active monitoring,,,,,,,,,,,,0.96,2.55,2.55,True
2011-09-16 15:45:00,2011-09-16 13:15:00,PV_H044,PV,WATCH,NONE,NONE,0.0,3.34,0.0,3.34,0.0,0.0,1.26,0.0,Watch state: unconstrained export with active monitoring,,,,,,,,,,,,1.26,3.34,3.34,False
2011-09-16 15:45:00,2011-09-16 13:15:00,PV_H046,PV,WATCH,NONE,NONE,0.0,4.27,0.0,4.27,0.0,0.0,1.61,0.0,Watch state: unconstrained export with active monitoring,,,,,,,,,,,,1.61,4.27,4.27,False
2011-09-16 15:45:00,2011-09-16 13:15:00,PV_H048,PV,WATCH,NONE,NONE,0.0,3.11,0.0,3.11,0.0,0.0,1.17,0.0,Watch state: unconstrained export with active monitoring,,,,,,,,,,,,1.17,3.11,3.11,False
2011-09-16 15:45:00,2011-09-16 13:15:00,PV_H049,PV,WATCH,NONE,NONE,0.0,2.77,0.0,2.77,0.0,0.0,1.04,0.0,Watch state: unconstrained export with active monitoring,,,,,,,,,,,,1.04,2.77,2.77,True
2011-09-16 15:45:00,2011-09-16 13:15:00,PV_H050,PV,WATCH,NONE,NONE,0.0,3.9,0.0,3.9,0.0,0.0,1.47,0.0,Watch state: unconstrained export with active monitoring,,,,,,,,,,,,1.47,3.9,3.9,True
2011-09-16 15:45:00,2011-09-16 13:15:00,PV_H053,PV,WATCH,NONE,NONE,0.0,4.54,0.0,4.54,0.0,0.0,1.71,0.0,Watch state: unconstrained export with active monitoring,,,,,,,,,,,,1.71,4.54,4.54,False
2011-09-16 15:45:00,2011-09-16 13:15:00,PV_H055,PV,WATCH,NONE,NONE,0.0,2.77,0.0,2.77,0.0,0.0,1.04,0.0,Watch state: unconstrained export with active monitoring,,,,,,,,,,,,1.04,2.77,2.77,True
2011-09-16 15:45:00,2011-09-16 13:15:00,PV_H057,PV,WATCH,NONE,NONE,0.0,4.34,0.0,4.34,0.0,0.0,1.63,0.0,Watch state: unconstrained export with active monitoring,,,,,,,,,,,,1.63,4.34,4.34,True
2011-09-16 15:45:00,2011-09-16 13:15:00,PV_H058,PV,WATCH,NONE,NONE,0.0,3.0,0.0,3.0,0.0,0.0,1.13,0.0,Watch state: unconstrained export with active monitoring,,,,,,,,,,,,1.13,3.0,3.0,True
2011-09-16 15:45:00,2011-09-16 13:15:00,PV_H060,PV,WATCH,NONE,NONE,0.0,5.57,0.0,5.57,0.0,0.0,2.1,0.0,Watch state: unconstrained export with active monitoring,,,,,,,,,,,,2.1,5.57,5.57,True
2011-09-16 15:45:00,2011-09-16 13:15:00,PV_H061,PV,WATCH,NONE,NONE,0.0,3.07,0.0,3.07,0.0,0.0,1.15,0.0,Watch state: unconstrained export with active monitoring,,,,,,,,,,,,1.15,3.07,3.07,True
2011-09-16 15:45:00,2011-09-16 13:15:00,PV_H062,PV,WATCH,NONE,NONE,0.0,6.0,0.0,6.0,0.0,0.0,2.26,0.0,Watch state: unconstrained export with active monitoring,,,,,,,,,,,,2.26,6.0,6.0,False
2011-09-16 15:45:00,2011-09-16 13:15:00,PV_H063,PV,WATCH,NONE,NONE,0.0,4.02,0.0,4.02,0.0,0.0,1.51,0.0,Watch state: unconstrained export with active monitoring,,,,,,,,,,,,1.51,4.02,4.02,False
2011-09-16 15:45:00,2011-09-16 13:15:00,PV_H066,PV,WATCH,NONE,NONE,0.0,4.43,0.0,4.43,0.0,0.0,1.67,0.0,Watch state: unconstrained export with active monitoring,,,,,,,,,,,,1.67,4.43,4.43,False
2011-09-16 15:45:00,2011-09-16 13:15:00,PV_H067,PV,WATCH,NONE,NONE,0.0,2.63,0.0,2.63,0.0,0.0,0.99,0.0,Watch state: unconstrained export with active monitoring,,,,,,,,,,,,0.99,2.63,2.63,True
2011-09-16 15:45:00,2011-09-16 13:15:00,PV_H069,PV,WATCH,NONE,NONE,0.0,3.58,0.0,3.58,0.0,0.0,1.35,0.0,Watch state: unconstrained export with active monitoring,,,,,,,,,,,,1.35,3.58,3.58,True
2011-09-16 15:45:00,2011-09-16 13:15:00,PV_H071,PV,WATCH,NONE,NONE,0.0,4.57,0.0,4.57,0.0,0.0,1.72,0.0,Watch state: unconstrained export with active monitoring,,,,,,,,,,,,1.72,4.57,4.57,True
2011-09-16 15:45:00,2011-09-16 13:15:00,PV_H072,PV,WATCH,NONE,NONE,0.0,5.17,0.0,5.17,0.0,0.0,1.94,0.0,Watch state: unconstrained export with active monitoring,,,,,,,,,,,,1.94,5.17,5.17,True
2011-09-16 15:45:00,2011-09-16 13:15:00,PV_H073,PV,WATCH,NONE,NONE,0.0,3.71,0.0,3.71,0.0,0.0,1.4,0.0,Watch state: unconstrained export with active monitoring,,,,,,,,,,,,1.4,3.71,3.71,True
2011-09-16 15:45:00,2011-09-16 13:15:00,PV_H074,PV,WATCH,NONE,NONE,0.0,4.1,0.0,4.1,0.0,0.0,1.54,0.0,Watch state: unconstrained export with active monitoring,,,,,,,,,,,,1.54,4.1,4.1,False
2011-09-16 15:45:00,2011-09-16 13:15:00,PV_H076,PV,WATCH,NONE,NONE,0.0,4.69,0.0,4.69,0.0,0.0,1.76,0.0,Watch state: unconstrained export with active monitoring,,,,,,,,,,,,1.76,4.69,4.69,True
2011-09-16 15:45:00,2011-09-16 13:15:00,PV_H077,PV,WATCH,NONE,NONE,0.0,5.0,0.0,5.0,0.0,0.0,1.88,0.0,Watch state: unconstrained export with active monitoring,,,,,,,,,,,,1.88,5.0,5.0,True
2011-09-16 15:45:00,2011-09-16 13:15:00,PV_H078,PV,WATCH,NONE,NONE,0.0,2.75,0.0,2.75,0.0,0.0,1.03,0.0,Watch state: unconstrained export with active monitoring,,,,,,,,,,,,1.03,2.75,2.75,False
2011-09-16 15:45:00,2011-09-16 13:15:00,PV_H079,PV,WATCH,NONE,NONE,0.0,2.85,0.0,2.85,0.0,0.0,1.07,0.0,Watch state: unconstrained export with active monitoring,,,,,,,,,,,,1.07,2.85,2.85,True
2011-09-16 15:45:00,2011-09-16 13:15:00,PV_H080,PV,WATCH,NONE,NONE,0.0,4.14,0.0,4.14,0.0,0.0,1.56,0.0,Watch state: unconstrained export with active monitoring,,,,,,,,,,,,1.56,4.14,4.14,False
2011-09-16 15:45:00,2011-09-16 13:15:00,PV_H081,PV,WATCH,NONE,NONE,0.0,4.14,0.0,4.14,0.0,0.0,1.56,0.0,Watch state: unconstrained export with active monitoring,,,,,,,,,,,,1.56,4.14,4.14,True
2011-09-16 15:45:00,2011-09-16 13:15:00,PV_H082,PV,WATCH,NONE,NONE,0.0,2.74,0.0,2.74,0.0,0.0,1.03,0.0,Watch state: unconstrained export with active monitoring,,,,,,,,,,,,1.03,2.74,2.74,True
2011-09-16 15:45:00,2011-09-16 13:15:00,PV_H083,PV,WATCH,NONE,NONE,0.0,3.06,0.0,3.06,0.0,0.0,1.15,0.0,Watch state: unconstrained export with active monitoring,,,,,,,,,,,,1.15,3.06,3.06,True
2011-09-16 15:45:00,2011-09-16 13:15:00,PV_H085,PV,WATCH,NONE,NONE,0.0,3.82,0.0,3.82,0.0,0.0,1.44,0.0,Watch state: unconstrained export with active monitoring,,,,,,,,,,,,1.44,3.82,3.82,False
2011-09-16 15:45:00,2011-09-16 13:15:00,PV_H087,PV,WATCH,NONE,NONE,0.0,4.42,0.0,4.42,0.0,0.0,1.66,0.0,Watch state: unconstrained export with active monitoring,,,,,,,,,,,,1.66,4.42,4.42,False
2011-09-16 15:45:00,2011-09-16 13:15:00,PV_H088,PV,WATCH,NONE,NONE,0.0,2.24,0.0,2.24,0.0,0.0,0.84,0.0,Watch state: unconstrained export with active monitoring,,,,,,,,,,,,0.84,2.24,2.24,False
2011-09-16 15:45:00,2011-09-16 13:15:00,PV_H090,PV,WATCH,NONE,NONE,0.0,4.33,0.0,4.33,0.0,0.0,1.63,0.0,Watch state: unconstrained export with active monitoring,,,,,,,,,,,,1.63,4.33,4.33,True
2011-09-16 15:45:00,2011-09-16 13:15:00,PV_H093,PV,WATCH,NONE,NONE,0.0,5.31,0.0,5.31,0.0,0.0,2.0,0.0,Watch state: unconstrained export with active monitoring,,,,,,,,,,,,2.0,5.31,5.31,True
2011-09-16 15:45:00,2011-09-16 13:15:00,PV_H094,PV,WATCH,NONE,NONE,0.0,2.76,0.0,2.76,0.0,0.0,1.04,0.0,Watch state: unconstrained export with active monitoring,,,,,,,,,,,,1.04,2.76,2.76,True
2011-09-16 15:45:00,2011-09-16 13:15:00,PV_H095,PV,WATCH,NONE,NONE,0.0,2.66,0.0,2.66,0.0,0.0,1.0,0.0,Watch state: unconstrained export with active monitoring,,,,,,,,,,,,1.0,2.66,2.66,False
2011-09-16 15:45:00,2011-09-16 13:15:00,PV_H096,PV,WATCH,NONE,NONE,0.0,4.27,0.0,4.27,0.0,0.0,1.61,0.0,Watch state: unconstrained export with active monitoring,,,,,,,,,,,,1.61,4.27,4.27,True
2011-09-16 15:45:00,2011-09-16 13:15:00,PV_H098,PV,WATCH,NONE,NONE,0.0,3.16,0.0,3.16,0.0,0.0,1.19,0.0,Watch state: unconstrained export with active monitoring,,,,,,,,,,,,1.19,3.16,3.16,True
2011-09-16 15:45:00,2011-09-16 13:15:00,PV_H099,PV,WATCH,NONE,NONE,0.0,3.1,0.0,3.1,0.0,0.0,1.17,0.0,Watch state: unconstrained export with active monitoring,,,,,,,,,,,,1.17,3.1,3.1,False
2011-09-16 15:45:00,2011-09-16 13:15:00,BESS_COMMUNITY_01,BESS,WATCH,NONE,NONE,-25.0,25.0,-25.0,25.0,0.0,0.0,25.0,0.0,Watch state: operating within verified SOC limits,0.5,0.2,0.9,0.1,25.0,25.0,,,,,,,,,
2011-09-16 15:45:00,2011-09-16 13:15:00,EV_001,EV,WATCH,NONE,NONE,0.0,7.4,0.0,0.0,0.0,0.0,0.0,0.0,EV outside availability window (disconnected),,,,,0.0,,18:00,07:30,15.0,0.0,False,,,,
2011-09-16 15:45:00,2011-09-16 13:15:00,EV_002,EV,WATCH,NONE,NONE,0.0,7.4,0.0,0.0,0.0,0.0,0.0,0.0,EV outside availability window (disconnected),,,,,0.0,,18:00,07:30,15.0,0.0,False,,,,
2011-09-16 15:45:00,2011-09-16 13:15:00,EV_003,EV,WATCH,NONE,NONE,0.0,7.4,0.0,0.0,0.0,0.0,0.0,0.0,EV outside availability window (disconnected),,,,,0.0,,18:00,07:30,15.0,0.0,False,,,,
2011-09-16 15:45:00,2011-09-16 13:15:00,EV_004,EV,WATCH,NONE,NONE,0.0,7.4,0.0,0.0,0.0,0.0,0.0,0.0,EV outside availability window (disconnected),,,,,0.0,,18:00,07:30,15.0,0.0,False,,,,
2011-09-16 15:45:00,2011-09-16 13:15:00,EV_005,EV,WATCH,NONE,NONE,0.0,7.4,0.0,0.0,0.0,0.0,0.0,0.0,EV outside availability window (disconnected),,,,,0.0,,18:00,07:30,15.0,0.0,False,,,,
2011-09-16 15:45:00,2011-09-16 13:15:00,EV_006,EV,WATCH,NONE,NONE,0.0,7.4,0.0,0.0,0.0,0.0,0.0,0.0,EV outside availability window (disconnected),,,,,0.0,,18:00,07:30,15.0,0.0,False,,,,
2011-09-16 15:45:00,2011-09-16 13:15:00,EV_007,EV,WATCH,NONE,NONE,0.0,7.4,0.0,0.0,0.0,0.0,0.0,0.0,EV outside availability window (disconnected),,,,,0.0,,18:00,07:30,15.0,0.0,False,,,,
2011-09-16 15:45:00,2011-09-16 13:15:00,EV_008,EV,WATCH,NONE,NONE,0.0,7.4,0.0,0.0,0.0,0.0,0.0,0.0,EV outside availability window (disconnected),,,,,0.0,,18:00,07:30,15.0,0.0,False,,,,
2011-09-16 15:45:00,2011-09-16 13:15:00,EV_009,EV,WATCH,NONE,NONE,0.0,7.4,0.0,0.0,0.0,0.0,0.0,0.0,EV outside availability window (disconnected),,,,,0.0,,18:00,07:30,15.0,0.0,False,,,,
2011-09-16 15:45:00,2011-09-16 13:15:00,EV_010,EV,WATCH,NONE,NONE,0.0,7.4,0.0,0.0,0.0,0.0,0.0,0.0,EV outside availability window (disconnected),,,,,0.0,,18:00,07:30,15.0,0.0,False,,,,
2011-09-16 15:45:00,2011-09-16 13:15:00,EV_011,EV,WATCH,NONE,NONE,0.0,7.4,0.0,0.0,0.0,0.0,0.0,0.0,EV outside availability window (disconnected),,,,,0.0,,18:00,07:30,15.0,0.0,False,,,,
2011-09-16 15:45:00,2011-09-16 13:15:00,EV_012,EV,WATCH,NONE,NONE,0.0,7.4,0.0,0.0,0.0,0.0,0.0,0.0,EV outside availability window (disconnected),,,,,0.0,,18:00,07:30,15.0,0.0,False,,,,
2011-09-16 15:45:00,2011-09-16 13:15:00,EV_013,EV,WATCH,NONE,NONE,0.0,7.4,0.0,0.0,0.0,0.0,0.0,0.0,EV outside availability window (disconnected),,,,,0.0,,18:00,07:30,15.0,0.0,False,,,,
2011-09-16 15:45:00,2011-09-16 13:15:00,EV_014,EV,WATCH,NONE,NONE,0.0,7.4,0.0,0.0,0.0,0.0,0.0,0.0,EV outside availability window (disconnected),,,,,0.0,,18:00,07:30,15.0,0.0,False,,,,
2011-09-16 15:45:00,2011-09-16 13:15:00,EV_015,EV,WATCH,NONE,NONE,0.0,7.4,0.0,0.0,0.0,0.0,0.0,0.0,EV outside availability window (disconnected),,,,,0.0,,18:00,07:30,15.0,0.0,False,,,,
2011-09-16 15:45:00,2011-09-16 13:15:00,EV_016,EV,WATCH,NONE,NONE,0.0,7.4,0.0,0.0,0.0,0.0,0.0,0.0,EV outside availability window (disconnected),,,,,0.0,,18:00,07:30,15.0,0.0,False,,,,
2011-09-16 15:45:00,2011-09-16 13:15:00,EV_017,EV,WATCH,NONE,NONE,0.0,7.4,0.0,0.0,0.0,0.0,0.0,0.0,EV outside availability window (disconnected),,,,,0.0,,18:00,07:30,15.0,0.0,False,,,,
2011-09-16 15:45:00,2011-09-16 13:15:00,EV_018,EV,WATCH,NONE,NONE,0.0,7.4,0.0,0.0,0.0,0.0,0.0,0.0,EV outside availability window (disconnected),,,,,0.0,,18:00,07:30,15.0,0.0,False,,,,
2011-09-16 15:45:00,2011-09-16 13:15:00,EV_019,EV,WATCH,NONE,NONE,0.0,7.4,0.0,0.0,0.0,0.0,0.0,0.0,EV outside availability window (disconnected),,,,,0.0,,18:00,07:30,15.0,0.0,False,,,,
2011-09-16 15:45:00,2011-09-16 13:15:00,EV_020,EV,WATCH,NONE,NONE,0.0,7.4,0.0,0.0,0.0,0.0,0.0,0.0,EV outside availability window (disconnected),,,,,0.0,,18:00,07:30,15.0,0.0,False,,,,
2011-09-16 15:45:00,2011-09-16 13:15:00,FL001,FLEXIBLE_LOAD,WATCH,NONE,NONE,0.0,0.0,0.0,0.0,0.0,0.0,0.0,0.0,Flexible load outside scheduled operating window,,,,,,,,,,,,,,,
2011-09-16 15:45:00,2011-09-16 13:15:00,FL002,FLEXIBLE_LOAD,WATCH,NONE,NONE,0.5,10.0,0.5,10.0,0.0,0.0,10.0,0.0,Normal scheduled operation,,,,,,,,,,,,,,,
2011-09-16 15:45:00,2011-09-16 13:15:00,FL003,FLEXIBLE_LOAD,WATCH,NONE,NONE,0.0,0.0,0.0,0.0,0.0,0.0,0.0,0.0,Flexible load outside scheduled operating window,,,,,,,,,,,,,,,
2011-09-16 16:00:00,2011-09-16 13:15:00,PV_H002,PV,WATCH,NONE,NONE,0.0,3.91,0.0,3.91,0.0,0.0,0.35,0.0,Watch state: unconstrained export with active monitoring,,,,,,,,,,,,0.35,3.91,3.91,True
2011-09-16 16:00:00,2011-09-16 13:15:00,PV_H003,PV,WATCH,NONE,NONE,0.0,3.15,0.0,3.15,0.0,0.0,0.28,0.0,Watch state: unconstrained export with active monitoring,,,,,,,,,,,,0.28,3.15,3.15,True
2011-09-16 16:00:00,2011-09-16 13:15:00,PV_H005,PV,WATCH,NONE,NONE,0.0,3.17,0.0,3.17,0.0,0.0,0.28,0.0,Watch state: unconstrained export with active monitoring,,,,,,,,,,,,0.28,3.17,3.17,False
2011-09-16 16:00:00,2011-09-16 13:15:00,PV_H006,PV,WATCH,NONE,NONE,0.0,2.0,0.0,2.0,0.0,0.0,0.18,0.0,Watch state: unconstrained export with active monitoring,,,,,,,,,,,,0.18,2.0,2.0,True
2011-09-16 16:00:00,2011-09-16 13:15:00,PV_H007,PV,WATCH,NONE,NONE,0.0,3.93,0.0,3.93,0.0,0.0,0.35,0.0,Watch state: unconstrained export with active monitoring,,,,,,,,,,,,0.35,3.93,3.93,False
2011-09-16 16:00:00,2011-09-16 13:15:00,PV_H010,PV,WATCH,NONE,NONE,0.0,3.02,0.0,3.02,0.0,0.0,0.27,0.0,Watch state: unconstrained export with active monitoring,,,,,,,,,,,,0.27,3.02,3.02,False
2011-09-16 16:00:00,2011-09-16 13:15:00,PV_H016,PV,WATCH,NONE,NONE,0.0,2.1,0.0,2.1,0.0,0.0,0.19,0.0,Watch state: unconstrained export with active monitoring,,,,,,,,,,,,0.19,2.1,2.1,True
2011-09-16 16:00:00,2011-09-16 13:15:00,PV_H017,PV,WATCH,NONE,NONE,0.0,3.62,0.0,3.62,0.0,0.0,0.32,0.0,Watch state: unconstrained export with active monitoring,,,,,,,,,,,,0.32,3.62,3.62,True
2011-09-16 16:00:00,2011-09-16 13:15:00,PV_H018,PV,WATCH,NONE,NONE,0.0,2.33,0.0,2.33,0.0,0.0,0.21,0.0,Watch state: unconstrained export with active monitoring,,,,,,,,,,,,0.21,2.33,2.33,True
2011-09-16 16:00:00,2011-09-16 13:15:00,PV_H021,PV,WATCH,NONE,NONE,0.0,5.39,0.0,5.39,0.0,0.0,0.48,0.0,Watch state: unconstrained export with active monitoring,,,,,,,,,,,,0.48,5.39,5.39,True
2011-09-16 16:00:00,2011-09-16 13:15:00,PV_H024,PV,WATCH,NONE,NONE,0.0,2.0,0.0,2.0,0.0,0.0,0.18,0.0,Watch state: unconstrained export with active monitoring,,,,,,,,,,,,0.18,2.0,2.0,True
2011-09-16 16:00:00,2011-09-16 13:15:00,PV_H025,PV,WATCH,NONE,NONE,0.0,3.81,0.0,3.81,0.0,0.0,0.34,0.0,Watch state: unconstrained export with active monitoring,,,,,,,,,,,,0.34,3.81,3.81,False
2011-09-16 16:00:00,2011-09-16 13:15:00,PV_H026,PV,WATCH,NONE,NONE,0.0,3.67,0.0,3.67,0.0,0.0,0.32,0.0,Watch state: unconstrained export with active monitoring,,,,,,,,,,,,0.32,3.67,3.67,False
2011-09-16 16:00:00,2011-09-16 13:15:00,PV_H027,PV,WATCH,NONE,NONE,0.0,3.54,0.0,3.54,0.0,0.0,0.31,0.0,Watch state: unconstrained export with active monitoring,,,,,,,,,,,,0.31,3.54,3.54,True
2011-09-16 16:00:00,2011-09-16 13:15:00,PV_H032,PV,WATCH,NONE,NONE,0.0,3.2,0.0,3.2,0.0,0.0,0.28,0.0,Watch state: unconstrained export with active monitoring,,,,,,,,,,,,0.28,3.2,3.2,False
2011-09-16 16:00:00,2011-09-16 13:15:00,PV_H033,PV,WATCH,NONE,NONE,0.0,2.42,0.0,2.42,0.0,0.0,0.21,0.0,Watch state: unconstrained export with active monitoring,,,,,,,,,,,,0.21,2.42,2.42,True
2011-09-16 16:00:00,2011-09-16 13:15:00,PV_H034,PV,WATCH,NONE,NONE,0.0,3.96,0.0,3.96,0.0,0.0,0.35,0.0,Watch state: unconstrained export with active monitoring,,,,,,,,,,,,0.35,3.96,3.96,True
2011-09-16 16:00:00,2011-09-16 13:15:00,PV_H035,PV,WATCH,NONE,NONE,0.0,2.98,0.0,2.98,0.0,0.0,0.26,0.0,Watch state: unconstrained export with active monitoring,,,,,,,,,,,,0.26,2.98,2.98,True
2011-09-16 16:00:00,2011-09-16 13:15:00,PV_H036,PV,WATCH,NONE,NONE,0.0,3.49,0.0,3.49,0.0,0.0,0.31,0.0,Watch state: unconstrained export with active monitoring,,,,,,,,,,,,0.31,3.49,3.49,False
2011-09-16 16:00:00,2011-09-16 13:15:00,PV_H037,PV,WATCH,NONE,NONE,0.0,3.36,0.0,3.36,0.0,0.0,0.3,0.0,Watch state: unconstrained export with active monitoring,,,,,,,,,,,,0.3,3.36,3.36,False
2011-09-16 16:00:00,2011-09-16 13:15:00,PV_H040,PV,WATCH,NONE,NONE,0.0,4.1,0.0,4.1,0.0,0.0,0.36,0.0,Watch state: unconstrained export with active monitoring,,,,,,,,,,,,0.36,4.1,4.1,False
2011-09-16 16:00:00,2011-09-16 13:15:00,PV_H042,PV,WATCH,NONE,NONE,0.0,2.55,0.0,2.55,0.0,0.0,0.23,0.0,Watch state: unconstrained export with active monitoring,,,,,,,,,,,,0.23,2.55,2.55,True
2011-09-16 16:00:00,2011-09-16 13:15:00,PV_H044,PV,WATCH,NONE,NONE,0.0,3.34,0.0,3.34,0.0,0.0,0.3,0.0,Watch state: unconstrained export with active monitoring,,,,,,,,,,,,0.3,3.34,3.34,False
2011-09-16 16:00:00,2011-09-16 13:15:00,PV_H046,PV,WATCH,NONE,NONE,0.0,4.27,0.0,4.27,0.0,0.0,0.38,0.0,Watch state: unconstrained export with active monitoring,,,,,,,,,,,,0.38,4.27,4.27,False
2011-09-16 16:00:00,2011-09-16 13:15:00,PV_H048,PV,WATCH,NONE,NONE,0.0,3.11,0.0,3.11,0.0,0.0,0.28,0.0,Watch state: unconstrained export with active monitoring,,,,,,,,,,,,0.28,3.11,3.11,False
2011-09-16 16:00:00,2011-09-16 13:15:00,PV_H049,PV,WATCH,NONE,NONE,0.0,2.77,0.0,2.77,0.0,0.0,0.25,0.0,Watch state: unconstrained export with active monitoring,,,,,,,,,,,,0.25,2.77,2.77,True
2011-09-16 16:00:00,2011-09-16 13:15:00,PV_H050,PV,WATCH,NONE,NONE,0.0,3.9,0.0,3.9,0.0,0.0,0.35,0.0,Watch state: unconstrained export with active monitoring,,,,,,,,,,,,0.35,3.9,3.9,True
2011-09-16 16:00:00,2011-09-16 13:15:00,PV_H053,PV,WATCH,NONE,NONE,0.0,4.54,0.0,4.54,0.0,0.0,0.4,0.0,Watch state: unconstrained export with active monitoring,,,,,,,,,,,,0.4,4.54,4.54,False
2011-09-16 16:00:00,2011-09-16 13:15:00,PV_H055,PV,WATCH,NONE,NONE,0.0,2.77,0.0,2.77,0.0,0.0,0.25,0.0,Watch state: unconstrained export with active monitoring,,,,,,,,,,,,0.25,2.77,2.77,True
2011-09-16 16:00:00,2011-09-16 13:15:00,PV_H057,PV,WATCH,NONE,NONE,0.0,4.34,0.0,4.34,0.0,0.0,0.38,0.0,Watch state: unconstrained export with active monitoring,,,,,,,,,,,,0.38,4.34,4.34,True
2011-09-16 16:00:00,2011-09-16 13:15:00,PV_H058,PV,WATCH,NONE,NONE,0.0,3.0,0.0,3.0,0.0,0.0,0.27,0.0,Watch state: unconstrained export with active monitoring,,,,,,,,,,,,0.27,3.0,3.0,True
2011-09-16 16:00:00,2011-09-16 13:15:00,PV_H060,PV,WATCH,NONE,NONE,0.0,5.57,0.0,5.57,0.0,0.0,0.49,0.0,Watch state: unconstrained export with active monitoring,,,,,,,,,,,,0.49,5.57,5.57,True
2011-09-16 16:00:00,2011-09-16 13:15:00,PV_H061,PV,WATCH,NONE,NONE,0.0,3.07,0.0,3.07,0.0,0.0,0.27,0.0,Watch state: unconstrained export with active monitoring,,,,,,,,,,,,0.27,3.07,3.07,True
2011-09-16 16:00:00,2011-09-16 13:15:00,PV_H062,PV,WATCH,NONE,NONE,0.0,6.0,0.0,6.0,0.0,0.0,0.53,0.0,Watch state: unconstrained export with active monitoring,,,,,,,,,,,,0.53,6.0,6.0,False
2011-09-16 16:00:00,2011-09-16 13:15:00,PV_H063,PV,WATCH,NONE,NONE,0.0,4.02,0.0,4.02,0.0,0.0,0.36,0.0,Watch state: unconstrained export with active monitoring,,,,,,,,,,,,0.36,4.02,4.02,False
2011-09-16 16:00:00,2011-09-16 13:15:00,PV_H066,PV,WATCH,NONE,NONE,0.0,4.43,0.0,4.43,0.0,0.0,0.39,0.0,Watch state: unconstrained export with active monitoring,,,,,,,,,,,,0.39,4.43,4.43,False
2011-09-16 16:00:00,2011-09-16 13:15:00,PV_H067,PV,WATCH,NONE,NONE,0.0,2.63,0.0,2.63,0.0,0.0,0.23,0.0,Watch state: unconstrained export with active monitoring,,,,,,,,,,,,0.23,2.63,2.63,True
2011-09-16 16:00:00,2011-09-16 13:15:00,PV_H069,PV,WATCH,NONE,NONE,0.0,3.58,0.0,3.58,0.0,0.0,0.32,0.0,Watch state: unconstrained export with active monitoring,,,,,,,,,,,,0.32,3.58,3.58,True
2011-09-16 16:00:00,2011-09-16 13:15:00,PV_H071,PV,WATCH,NONE,NONE,0.0,4.57,0.0,4.57,0.0,0.0,0.4,0.0,Watch state: unconstrained export with active monitoring,,,,,,,,,,,,0.4,4.57,4.57,True
2011-09-16 16:00:00,2011-09-16 13:15:00,PV_H072,PV,WATCH,NONE,NONE,0.0,5.17,0.0,5.17,0.0,0.0,0.46,0.0,Watch state: unconstrained export with active monitoring,,,,,,,,,,,,0.46,5.17,5.17,True
2011-09-16 16:00:00,2011-09-16 13:15:00,PV_H073,PV,WATCH,NONE,NONE,0.0,3.71,0.0,3.71,0.0,0.0,0.33,0.0,Watch state: unconstrained export with active monitoring,,,,,,,,,,,,0.33,3.71,3.71,True
2011-09-16 16:00:00,2011-09-16 13:15:00,PV_H074,PV,WATCH,NONE,NONE,0.0,4.1,0.0,4.1,0.0,0.0,0.36,0.0,Watch state: unconstrained export with active monitoring,,,,,,,,,,,,0.36,4.1,4.1,False
2011-09-16 16:00:00,2011-09-16 13:15:00,PV_H076,PV,WATCH,NONE,NONE,0.0,4.69,0.0,4.69,0.0,0.0,0.42,0.0,Watch state: unconstrained export with active monitoring,,,,,,,,,,,,0.42,4.69,4.69,True
2011-09-16 16:00:00,2011-09-16 13:15:00,PV_H077,PV,WATCH,NONE,NONE,0.0,5.0,0.0,5.0,0.0,0.0,0.44,0.0,Watch state: unconstrained export with active monitoring,,,,,,,,,,,,0.44,5.0,5.0,True
2011-09-16 16:00:00,2011-09-16 13:15:00,PV_H078,PV,WATCH,NONE,NONE,0.0,2.75,0.0,2.75,0.0,0.0,0.24,0.0,Watch state: unconstrained export with active monitoring,,,,,,,,,,,,0.24,2.75,2.75,False
2011-09-16 16:00:00,2011-09-16 13:15:00,PV_H079,PV,WATCH,NONE,NONE,0.0,2.85,0.0,2.85,0.0,0.0,0.25,0.0,Watch state: unconstrained export with active monitoring,,,,,,,,,,,,0.25,2.85,2.85,True
2011-09-16 16:00:00,2011-09-16 13:15:00,PV_H080,PV,WATCH,NONE,NONE,0.0,4.14,0.0,4.14,0.0,0.0,0.37,0.0,Watch state: unconstrained export with active monitoring,,,,,,,,,,,,0.37,4.14,4.14,False
2011-09-16 16:00:00,2011-09-16 13:15:00,PV_H081,PV,WATCH,NONE,NONE,0.0,4.14,0.0,4.14,0.0,0.0,0.37,0.0,Watch state: unconstrained export with active monitoring,,,,,,,,,,,,0.37,4.14,4.14,True
2011-09-16 16:00:00,2011-09-16 13:15:00,PV_H082,PV,WATCH,NONE,NONE,0.0,2.74,0.0,2.74,0.0,0.0,0.24,0.0,Watch state: unconstrained export with active monitoring,,,,,,,,,,,,0.24,2.74,2.74,True
2011-09-16 16:00:00,2011-09-16 13:15:00,PV_H083,PV,WATCH,NONE,NONE,0.0,3.06,0.0,3.06,0.0,0.0,0.27,0.0,Watch state: unconstrained export with active monitoring,,,,,,,,,,,,0.27,3.06,3.06,True
2011-09-16 16:00:00,2011-09-16 13:15:00,PV_H085,PV,WATCH,NONE,NONE,0.0,3.82,0.0,3.82,0.0,0.0,0.34,0.0,Watch state: unconstrained export with active monitoring,,,,,,,,,,,,0.34,3.82,3.82,False
2011-09-16 16:00:00,2011-09-16 13:15:00,PV_H087,PV,WATCH,NONE,NONE,0.0,4.42,0.0,4.42,0.0,0.0,0.39,0.0,Watch state: unconstrained export with active monitoring,,,,,,,,,,,,0.39,4.42,4.42,False
2011-09-16 16:00:00,2011-09-16 13:15:00,PV_H088,PV,WATCH,NONE,NONE,0.0,2.24,0.0,2.24,0.0,0.0,0.2,0.0,Watch state: unconstrained export with active monitoring,,,,,,,,,,,,0.2,2.24,2.24,False
2011-09-16 16:00:00,2011-09-16 13:15:00,PV_H090,PV,WATCH,NONE,NONE,0.0,4.33,0.0,4.33,0.0,0.0,0.38,0.0,Watch state: unconstrained export with active monitoring,,,,,,,,,,,,0.38,4.33,4.33,True
2011-09-16 16:00:00,2011-09-16 13:15:00,PV_H093,PV,WATCH,NONE,NONE,0.0,5.31,0.0,5.31,0.0,0.0,0.47,0.0,Watch state: unconstrained export with active monitoring,,,,,,,,,,,,0.47,5.31,5.31,True
2011-09-16 16:00:00,2011-09-16 13:15:00,PV_H094,PV,WATCH,NONE,NONE,0.0,2.76,0.0,2.76,0.0,0.0,0.24,0.0,Watch state: unconstrained export with active monitoring,,,,,,,,,,,,0.24,2.76,2.76,True
2011-09-16 16:00:00,2011-09-16 13:15:00,PV_H095,PV,WATCH,NONE,NONE,0.0,2.66,0.0,2.66,0.0,0.0,0.24,0.0,Watch state: unconstrained export with active monitoring,,,,,,,,,,,,0.24,2.66,2.66,False
2011-09-16 16:00:00,2011-09-16 13:15:00,PV_H096,PV,WATCH,NONE,NONE,0.0,4.27,0.0,4.27,0.0,0.0,0.38,0.0,Watch state: unconstrained export with active monitoring,,,,,,,,,,,,0.38,4.27,4.27,True
2011-09-16 16:00:00,2011-09-16 13:15:00,PV_H098,PV,WATCH,NONE,NONE,0.0,3.16,0.0,3.16,0.0,0.0,0.28,0.0,Watch state: unconstrained export with active monitoring,,,,,,,,,,,,0.28,3.16,3.16,True
2011-09-16 16:00:00,2011-09-16 13:15:00,PV_H099,PV,WATCH,NONE,NONE,0.0,3.1,0.0,3.1,0.0,0.0,0.27,0.0,Watch state: unconstrained export with active monitoring,,,,,,,,,,,,0.27,3.1,3.1,False
2011-09-16 16:00:00,2011-09-16 13:15:00,BESS_COMMUNITY_01,BESS,WATCH,NONE,NONE,-25.0,25.0,-25.0,25.0,0.0,0.0,25.0,0.0,Watch state: operating within verified SOC limits,0.5,0.2,0.9,0.1,25.0,25.0,,,,,,,,,
2011-09-16 16:00:00,2011-09-16 13:15:00,EV_001,EV,WATCH,NONE,NONE,0.0,7.4,0.0,0.0,0.0,0.0,0.0,0.0,EV outside availability window (disconnected),,,,,0.0,,18:00,07:30,15.0,0.0,False,,,,
2011-09-16 16:00:00,2011-09-16 13:15:00,EV_002,EV,WATCH,NONE,NONE,0.0,7.4,0.0,0.0,0.0,0.0,0.0,0.0,EV outside availability window (disconnected),,,,,0.0,,18:00,07:30,15.0,0.0,False,,,,
2011-09-16 16:00:00,2011-09-16 13:15:00,EV_003,EV,WATCH,NONE,NONE,0.0,7.4,0.0,0.0,0.0,0.0,0.0,0.0,EV outside availability window (disconnected),,,,,0.0,,18:00,07:30,15.0,0.0,False,,,,
2011-09-16 16:00:00,2011-09-16 13:15:00,EV_004,EV,WATCH,NONE,NONE,0.0,7.4,0.0,0.0,0.0,0.0,0.0,0.0,EV outside availability window (disconnected),,,,,0.0,,18:00,07:30,15.0,0.0,False,,,,
2011-09-16 16:00:00,2011-09-16 13:15:00,EV_005,EV,WATCH,NONE,NONE,0.0,7.4,0.0,0.0,0.0,0.0,0.0,0.0,EV outside availability window (disconnected),,,,,0.0,,18:00,07:30,15.0,0.0,False,,,,
2011-09-16 16:00:00,2011-09-16 13:15:00,EV_006,EV,WATCH,NONE,NONE,0.0,7.4,0.0,0.0,0.0,0.0,0.0,0.0,EV outside availability window (disconnected),,,,,0.0,,18:00,07:30,15.0,0.0,False,,,,
2011-09-16 16:00:00,2011-09-16 13:15:00,EV_007,EV,WATCH,NONE,NONE,0.0,7.4,0.0,0.0,0.0,0.0,0.0,0.0,EV outside availability window (disconnected),,,,,0.0,,18:00,07:30,15.0,0.0,False,,,,
2011-09-16 16:00:00,2011-09-16 13:15:00,EV_008,EV,WATCH,NONE,NONE,0.0,7.4,0.0,0.0,0.0,0.0,0.0,0.0,EV outside availability window (disconnected),,,,,0.0,,18:00,07:30,15.0,0.0,False,,,,
2011-09-16 16:00:00,2011-09-16 13:15:00,EV_009,EV,WATCH,NONE,NONE,0.0,7.4,0.0,0.0,0.0,0.0,0.0,0.0,EV outside availability window (disconnected),,,,,0.0,,18:00,07:30,15.0,0.0,False,,,,
2011-09-16 16:00:00,2011-09-16 13:15:00,EV_010,EV,WATCH,NONE,NONE,0.0,7.4,0.0,0.0,0.0,0.0,0.0,0.0,EV outside availability window (disconnected),,,,,0.0,,18:00,07:30,15.0,0.0,False,,,,
2011-09-16 16:00:00,2011-09-16 13:15:00,EV_011,EV,WATCH,NONE,NONE,0.0,7.4,0.0,0.0,0.0,0.0,0.0,0.0,EV outside availability window (disconnected),,,,,0.0,,18:00,07:30,15.0,0.0,False,,,,
2011-09-16 16:00:00,2011-09-16 13:15:00,EV_012,EV,WATCH,NONE,NONE,0.0,7.4,0.0,0.0,0.0,0.0,0.0,0.0,EV outside availability window (disconnected),,,,,0.0,,18:00,07:30,15.0,0.0,False,,,,
2011-09-16 16:00:00,2011-09-16 13:15:00,EV_013,EV,WATCH,NONE,NONE,0.0,7.4,0.0,0.0,0.0,0.0,0.0,0.0,EV outside availability window (disconnected),,,,,0.0,,18:00,07:30,15.0,0.0,False,,,,
2011-09-16 16:00:00,2011-09-16 13:15:00,EV_014,EV,WATCH,NONE,NONE,0.0,7.4,0.0,0.0,0.0,0.0,0.0,0.0,EV outside availability window (disconnected),,,,,0.0,,18:00,07:30,15.0,0.0,False,,,,
2011-09-16 16:00:00,2011-09-16 13:15:00,EV_015,EV,WATCH,NONE,NONE,0.0,7.4,0.0,0.0,0.0,0.0,0.0,0.0,EV outside availability window (disconnected),,,,,0.0,,18:00,07:30,15.0,0.0,False,,,,
2011-09-16 16:00:00,2011-09-16 13:15:00,EV_016,EV,WATCH,NONE,NONE,0.0,7.4,0.0,0.0,0.0,0.0,0.0,0.0,EV outside availability window (disconnected),,,,,0.0,,18:00,07:30,15.0,0.0,False,,,,
2011-09-16 16:00:00,2011-09-16 13:15:00,EV_017,EV,WATCH,NONE,NONE,0.0,7.4,0.0,0.0,0.0,0.0,0.0,0.0,EV outside availability window (disconnected),,,,,0.0,,18:00,07:30,15.0,0.0,False,,,,
2011-09-16 16:00:00,2011-09-16 13:15:00,EV_018,EV,WATCH,NONE,NONE,0.0,7.4,0.0,0.0,0.0,0.0,0.0,0.0,EV outside availability window (disconnected),,,,,0.0,,18:00,07:30,15.0,0.0,False,,,,
2011-09-16 16:00:00,2011-09-16 13:15:00,EV_019,EV,WATCH,NONE,NONE,0.0,7.4,0.0,0.0,0.0,0.0,0.0,0.0,EV outside availability window (disconnected),,,,,0.0,,18:00,07:30,15.0,0.0,False,,,,
2011-09-16 16:00:00,2011-09-16 13:15:00,EV_020,EV,WATCH,NONE,NONE,0.0,7.4,0.0,0.0,0.0,0.0,0.0,0.0,EV outside availability window (disconnected),,,,,0.0,,18:00,07:30,15.0,0.0,False,,,,
2011-09-16 16:00:00,2011-09-16 13:15:00,FL001,FLEXIBLE_LOAD,WATCH,NONE,NONE,0.0,0.0,0.0,0.0,0.0,0.0,0.0,0.0,Flexible load outside scheduled operating window,,,,,,,,,,,,,,,
2011-09-16 16:00:00,2011-09-16 13:15:00,FL002,FLEXIBLE_LOAD,WATCH,NONE,NONE,0.5,10.0,0.5,10.0,0.0,0.0,10.0,0.0,Normal scheduled operation,,,,,,,,,,,,,,,
2011-09-16 16:00:00,2011-09-16 13:15:00,FL003,FLEXIBLE_LOAD,WATCH,NONE,NONE,0.0,0.0,0.0,0.0,0.0,0.0,0.0,0.0,Flexible load outside scheduled operating window,,,,,,,,,,,,,,,
2011-09-16 16:15:00,2011-09-16 13:15:00,PV_H002,PV,WATCH,NONE,NONE,0.0,3.91,0.0,3.91,0.0,0.0,0.23,0.0,Watch state: unconstrained export with active monitoring,,,,,,,,,,,,0.23,3.91,3.91,True
2011-09-16 16:15:00,2011-09-16 13:15:00,PV_H003,PV,WATCH,NONE,NONE,0.0,3.15,0.0,3.15,0.0,0.0,0.18,0.0,Watch state: unconstrained export with active monitoring,,,,,,,,,,,,0.18,3.15,3.15,True
2011-09-16 16:15:00,2011-09-16 13:15:00,PV_H005,PV,WATCH,NONE,NONE,0.0,3.17,0.0,3.17,0.0,0.0,0.18,0.0,Watch state: unconstrained export with active monitoring,,,,,,,,,,,,0.18,3.17,3.17,False
2011-09-16 16:15:00,2011-09-16 13:15:00,PV_H006,PV,WATCH,NONE,NONE,0.0,2.0,0.0,2.0,0.0,0.0,0.12,0.0,Watch state: unconstrained export with active monitoring,,,,,,,,,,,,0.12,2.0,2.0,True
2011-09-16 16:15:00,2011-09-16 13:15:00,PV_H007,PV,WATCH,NONE,NONE,0.0,3.93,0.0,3.93,0.0,0.0,0.23,0.0,Watch state: unconstrained export with active monitoring,,,,,,,,,,,,0.23,3.93,3.93,False
2011-09-16 16:15:00,2011-09-16 13:15:00,PV_H010,PV,WATCH,NONE,NONE,0.0,3.02,0.0,3.02,0.0,0.0,0.18,0.0,Watch state: unconstrained export with active monitoring,,,,,,,,,,,,0.18,3.02,3.02,False
2011-09-16 16:15:00,2011-09-16 13:15:00,PV_H016,PV,WATCH,NONE,NONE,0.0,2.1,0.0,2.1,0.0,0.0,0.12,0.0,Watch state: unconstrained export with active monitoring,,,,,,,,,,,,0.12,2.1,2.1,True
2011-09-16 16:15:00,2011-09-16 13:15:00,PV_H017,PV,WATCH,NONE,NONE,0.0,3.62,0.0,3.62,0.0,0.0,0.21,0.0,Watch state: unconstrained export with active monitoring,,,,,,,,,,,,0.21,3.62,3.62,True
2011-09-16 16:15:00,2011-09-16 13:15:00,PV_H018,PV,WATCH,NONE,NONE,0.0,2.33,0.0,2.33,0.0,0.0,0.14,0.0,Watch state: unconstrained export with active monitoring,,,,,,,,,,,,0.14,2.33,2.33,True
2011-09-16 16:15:00,2011-09-16 13:15:00,PV_H021,PV,WATCH,NONE,NONE,0.0,5.39,0.0,5.39,0.0,0.0,0.31,0.0,Watch state: unconstrained export with active monitoring,,,,,,,,,,,,0.31,5.39,5.39,True
2011-09-16 16:15:00,2011-09-16 13:15:00,PV_H024,PV,WATCH,NONE,NONE,0.0,2.0,0.0,2.0,0.0,0.0,0.12,0.0,Watch state: unconstrained export with active monitoring,,,,,,,,,,,,0.12,2.0,2.0,True
2011-09-16 16:15:00,2011-09-16 13:15:00,PV_H025,PV,WATCH,NONE,NONE,0.0,3.81,0.0,3.81,0.0,0.0,0.22,0.0,Watch state: unconstrained export with active monitoring,,,,,,,,,,,,0.22,3.81,3.81,False
2011-09-16 16:15:00,2011-09-16 13:15:00,PV_H026,PV,WATCH,NONE,NONE,0.0,3.67,0.0,3.67,0.0,0.0,0.21,0.0,Watch state: unconstrained export with active monitoring,,,,,,,,,,,,0.21,3.67,3.67,False
2011-09-16 16:15:00,2011-09-16 13:15:00,PV_H027,PV,WATCH,NONE,NONE,0.0,3.54,0.0,3.54,0.0,0.0,0.21,0.0,Watch state: unconstrained export with active monitoring,,,,,,,,,,,,0.21,3.54,3.54,True
2011-09-16 16:15:00,2011-09-16 13:15:00,PV_H032,PV,WATCH,NONE,NONE,0.0,3.2,0.0,3.2,0.0,0.0,0.19,0.0,Watch state: unconstrained export with active monitoring,,,,,,,,,,,,0.19,3.2,3.2,False
2011-09-16 16:15:00,2011-09-16 13:15:00,PV_H033,PV,WATCH,NONE,NONE,0.0,2.42,0.0,2.42,0.0,0.0,0.14,0.0,Watch state: unconstrained export with active monitoring,,,,,,,,,,,,0.14,2.42,2.42,True
2011-09-16 16:15:00,2011-09-16 13:15:00,PV_H034,PV,WATCH,NONE,NONE,0.0,3.96,0.0,3.96,0.0,0.0,0.23,0.0,Watch state: unconstrained export with active monitoring,,,,,,,,,,,,0.23,3.96,3.96,True
2011-09-16 16:15:00,2011-09-16 13:15:00,PV_H035,PV,WATCH,NONE,NONE,0.0,2.98,0.0,2.98,0.0,0.0,0.17,0.0,Watch state: unconstrained export with active monitoring,,,,,,,,,,,,0.17,2.98,2.98,True
2011-09-16 16:15:00,2011-09-16 13:15:00,PV_H036,PV,WATCH,NONE,NONE,0.0,3.49,0.0,3.49,0.0,0.0,0.2,0.0,Watch state: unconstrained export with active monitoring,,,,,,,,,,,,0.2,3.49,3.49,False
2011-09-16 16:15:00,2011-09-16 13:15:00,PV_H037,PV,WATCH,NONE,NONE,0.0,3.36,0.0,3.36,0.0,0.0,0.19,0.0,Watch state: unconstrained export with active monitoring,,,,,,,,,,,,0.19,3.36,3.36,False
2011-09-16 16:15:00,2011-09-16 13:15:00,PV_H040,PV,WATCH,NONE,NONE,0.0,4.1,0.0,4.1,0.0,0.0,0.24,0.0,Watch state: unconstrained export with active monitoring,,,,,,,,,,,,0.24,4.1,4.1,False
2011-09-16 16:15:00,2011-09-16 13:15:00,PV_H042,PV,WATCH,NONE,NONE,0.0,2.55,0.0,2.55,0.0,0.0,0.15,0.0,Watch state: unconstrained export with active monitoring,,,,,,,,,,,,0.15,2.55,2.55,True
2011-09-16 16:15:00,2011-09-16 13:15:00,PV_H044,PV,WATCH,NONE,NONE,0.0,3.34,0.0,3.34,0.0,0.0,0.19,0.0,Watch state: unconstrained export with active monitoring,,,,,,,,,,,,0.19,3.34,3.34,False
2011-09-16 16:15:00,2011-09-16 13:15:00,PV_H046,PV,WATCH,NONE,NONE,0.0,4.27,0.0,4.27,0.0,0.0,0.25,0.0,Watch state: unconstrained export with active monitoring,,,,,,,,,,,,0.25,4.27,4.27,False
2011-09-16 16:15:00,2011-09-16 13:15:00,PV_H048,PV,WATCH,NONE,NONE,0.0,3.11,0.0,3.11,0.0,0.0,0.18,0.0,Watch state: unconstrained export with active monitoring,,,,,,,,,,,,0.18,3.11,3.11,False
2011-09-16 16:15:00,2011-09-16 13:15:00,PV_H049,PV,WATCH,NONE,NONE,0.0,2.77,0.0,2.77,0.0,0.0,0.16,0.0,Watch state: unconstrained export with active monitoring,,,,,,,,,,,,0.16,2.77,2.77,True
2011-09-16 16:15:00,2011-09-16 13:15:00,PV_H050,PV,WATCH,NONE,NONE,0.0,3.9,0.0,3.9,0.0,0.0,0.23,0.0,Watch state: unconstrained export with active monitoring,,,,,,,,,,,,0.23,3.9,3.9,True
2011-09-16 16:15:00,2011-09-16 13:15:00,PV_H053,PV,WATCH,NONE,NONE,0.0,4.54,0.0,4.54,0.0,0.0,0.26,0.0,Watch state: unconstrained export with active monitoring,,,,,,,,,,,,0.26,4.54,4.54,False
2011-09-16 16:15:00,2011-09-16 13:15:00,PV_H055,PV,WATCH,NONE,NONE,0.0,2.77,0.0,2.77,0.0,0.0,0.16,0.0,Watch state: unconstrained export with active monitoring,,,,,,,,,,,,0.16,2.77,2.77,True
2011-09-16 16:15:00,2011-09-16 13:15:00,PV_H057,PV,WATCH,NONE,NONE,0.0,4.34,0.0,4.34,0.0,0.0,0.25,0.0,Watch state: unconstrained export with active monitoring,,,,,,,,,,,,0.25,4.34,4.34,True
2011-09-16 16:15:00,2011-09-16 13:15:00,PV_H058,PV,WATCH,NONE,NONE,0.0,3.0,0.0,3.0,0.0,0.0,0.17,0.0,Watch state: unconstrained export with active monitoring,,,,,,,,,,,,0.17,3.0,3.0,True
2011-09-16 16:15:00,2011-09-16 13:15:00,PV_H060,PV,WATCH,NONE,NONE,0.0,5.57,0.0,5.57,0.0,0.0,0.32,0.0,Watch state: unconstrained export with active monitoring,,,,,,,,,,,,0.32,5.57,5.57,True
2011-09-16 16:15:00,2011-09-16 13:15:00,PV_H061,PV,WATCH,NONE,NONE,0.0,3.07,0.0,3.07,0.0,0.0,0.18,0.0,Watch state: unconstrained export with active monitoring,,,,,,,,,,,,0.18,3.07,3.07,True
2011-09-16 16:15:00,2011-09-16 13:15:00,PV_H062,PV,WATCH,NONE,NONE,0.0,6.0,0.0,6.0,0.0,0.0,0.35,0.0,Watch state: unconstrained export with active monitoring,,,,,,,,,,,,0.35,6.0,6.0,False
2011-09-16 16:15:00,2011-09-16 13:15:00,PV_H063,PV,WATCH,NONE,NONE,0.0,4.02,0.0,4.02,0.0,0.0,0.23,0.0,Watch state: unconstrained export with active monitoring,,,,,,,,,,,,0.23,4.02,4.02,False
2011-09-16 16:15:00,2011-09-16 13:15:00,PV_H066,PV,WATCH,NONE,NONE,0.0,4.43,0.0,4.43,0.0,0.0,0.26,0.0,Watch state: unconstrained export with active monitoring,,,,,,,,,,,,0.26,4.43,4.43,False
2011-09-16 16:15:00,2011-09-16 13:15:00,PV_H067,PV,WATCH,NONE,NONE,0.0,2.63,0.0,2.63,0.0,0.0,0.15,0.0,Watch state: unconstrained export with active monitoring,,,,,,,,,,,,0.15,2.63,2.63,True
2011-09-16 16:15:00,2011-09-16 13:15:00,PV_H069,PV,WATCH,NONE,NONE,0.0,3.58,0.0,3.58,0.0,0.0,0.21,0.0,Watch state: unconstrained export with active monitoring,,,,,,,,,,,,0.21,3.58,3.58,True
2011-09-16 16:15:00,2011-09-16 13:15:00,PV_H071,PV,WATCH,NONE,NONE,0.0,4.57,0.0,4.57,0.0,0.0,0.27,0.0,Watch state: unconstrained export with active monitoring,,,,,,,,,,,,0.27,4.57,4.57,True
2011-09-16 16:15:00,2011-09-16 13:15:00,PV_H072,PV,WATCH,NONE,NONE,0.0,5.17,0.0,5.17,0.0,0.0,0.3,0.0,Watch state: unconstrained export with active monitoring,,,,,,,,,,,,0.3,5.17,5.17,True
2011-09-16 16:15:00,2011-09-16 13:15:00,PV_H073,PV,WATCH,NONE,NONE,0.0,3.71,0.0,3.71,0.0,0.0,0.22,0.0,Watch state: unconstrained export with active monitoring,,,,,,,,,,,,0.22,3.71,3.71,True
2011-09-16 16:15:00,2011-09-16 13:15:00,PV_H074,PV,WATCH,NONE,NONE,0.0,4.1,0.0,4.1,0.0,0.0,0.24,0.0,Watch state: unconstrained export with active monitoring,,,,,,,,,,,,0.24,4.1,4.1,False
2011-09-16 16:15:00,2011-09-16 13:15:00,PV_H076,PV,WATCH,NONE,NONE,0.0,4.69,0.0,4.69,0.0,0.0,0.27,0.0,Watch state: unconstrained export with active monitoring,,,,,,,,,,,,0.27,4.69,4.69,True
2011-09-16 16:15:00,2011-09-16 13:15:00,PV_H077,PV,WATCH,NONE,NONE,0.0,5.0,0.0,5.0,0.0,0.0,0.29,0.0,Watch state: unconstrained export with active monitoring,,,,,,,,,,,,0.29,5.0,5.0,True
2011-09-16 16:15:00,2011-09-16 13:15:00,PV_H078,PV,WATCH,NONE,NONE,0.0,2.75,0.0,2.75,0.0,0.0,0.16,0.0,Watch state: unconstrained export with active monitoring,,,,,,,,,,,,0.16,2.75,2.75,False
2011-09-16 16:15:00,2011-09-16 13:15:00,PV_H079,PV,WATCH,NONE,NONE,0.0,2.85,0.0,2.85,0.0,0.0,0.17,0.0,Watch state: unconstrained export with active monitoring,,,,,,,,,,,,0.17,2.85,2.85,True
2011-09-16 16:15:00,2011-09-16 13:15:00,PV_H080,PV,WATCH,NONE,NONE,0.0,4.14,0.0,4.14,0.0,0.0,0.24,0.0,Watch state: unconstrained export with active monitoring,,,,,,,,,,,,0.24,4.14,4.14,False
2011-09-16 16:15:00,2011-09-16 13:15:00,PV_H081,PV,WATCH,NONE,NONE,0.0,4.14,0.0,4.14,0.0,0.0,0.24,0.0,Watch state: unconstrained export with active monitoring,,,,,,,,,,,,0.24,4.14,4.14,True
2011-09-16 16:15:00,2011-09-16 13:15:00,PV_H082,PV,WATCH,NONE,NONE,0.0,2.74,0.0,2.74,0.0,0.0,0.16,0.0,Watch state: unconstrained export with active monitoring,,,,,,,,,,,,0.16,2.74,2.74,True
2011-09-16 16:15:00,2011-09-16 13:15:00,PV_H083,PV,WATCH,NONE,NONE,0.0,3.06,0.0,3.06,0.0,0.0,0.18,0.0,Watch state: unconstrained export with active monitoring,,,,,,,,,,,,0.18,3.06,3.06,True
2011-09-16 16:15:00,2011-09-16 13:15:00,PV_H085,PV,WATCH,NONE,NONE,0.0,3.82,0.0,3.82,0.0,0.0,0.22,0.0,Watch state: unconstrained export with active monitoring,,,,,,,,,,,,0.22,3.82,3.82,False
2011-09-16 16:15:00,2011-09-16 13:15:00,PV_H087,PV,WATCH,NONE,NONE,0.0,4.42,0.0,4.42,0.0,0.0,0.26,0.0,Watch state: unconstrained export with active monitoring,,,,,,,,,,,,0.26,4.42,4.42,False
2011-09-16 16:15:00,2011-09-16 13:15:00,PV_H088,PV,WATCH,NONE,NONE,0.0,2.24,0.0,2.24,0.0,0.0,0.13,0.0,Watch state: unconstrained export with active monitoring,,,,,,,,,,,,0.13,2.24,2.24,False
2011-09-16 16:15:00,2011-09-16 13:15:00,PV_H090,PV,WATCH,NONE,NONE,0.0,4.33,0.0,4.33,0.0,0.0,0.25,0.0,Watch state: unconstrained export with active monitoring,,,,,,,,,,,,0.25,4.33,4.33,True
2011-09-16 16:15:00,2011-09-16 13:15:00,PV_H093,PV,WATCH,NONE,NONE,0.0,5.31,0.0,5.31,0.0,0.0,0.31,0.0,Watch state: unconstrained export with active monitoring,,,,,,,,,,,,0.31,5.31,5.31,True
2011-09-16 16:15:00,2011-09-16 13:15:00,PV_H094,PV,WATCH,NONE,NONE,0.0,2.76,0.0,2.76,0.0,0.0,0.16,0.0,Watch state: unconstrained export with active monitoring,,,,,,,,,,,,0.16,2.76,2.76,True
2011-09-16 16:15:00,2011-09-16 13:15:00,PV_H095,PV,WATCH,NONE,NONE,0.0,2.66,0.0,2.66,0.0,0.0,0.15,0.0,Watch state: unconstrained export with active monitoring,,,,,,,,,,,,0.15,2.66,2.66,False
2011-09-16 16:15:00,2011-09-16 13:15:00,PV_H096,PV,WATCH,NONE,NONE,0.0,4.27,0.0,4.27,0.0,0.0,0.25,0.0,Watch state: unconstrained export with active monitoring,,,,,,,,,,,,0.25,4.27,4.27,True
2011-09-16 16:15:00,2011-09-16 13:15:00,PV_H098,PV,WATCH,NONE,NONE,0.0,3.16,0.0,3.16,0.0,0.0,0.18,0.0,Watch state: unconstrained export with active monitoring,,,,,,,,,,,,0.18,3.16,3.16,True
2011-09-16 16:15:00,2011-09-16 13:15:00,PV_H099,PV,WATCH,NONE,NONE,0.0,3.1,0.0,3.1,0.0,0.0,0.18,0.0,Watch state: unconstrained export with active monitoring,,,,,,,,,,,,0.18,3.1,3.1,False
2011-09-16 16:15:00,2011-09-16 13:15:00,BESS_COMMUNITY_01,BESS,WATCH,NONE,NONE,-25.0,25.0,-25.0,25.0,0.0,0.0,25.0,0.0,Watch state: operating within verified SOC limits,0.5,0.2,0.9,0.1,25.0,25.0,,,,,,,,,
2011-09-16 16:15:00,2011-09-16 13:15:00,EV_001,EV,WATCH,NONE,NONE,0.0,7.4,0.0,0.0,0.0,0.0,0.0,0.0,EV outside availability window (disconnected),,,,,0.0,,18:00,07:30,15.0,0.0,False,,,,
2011-09-16 16:15:00,2011-09-16 13:15:00,EV_002,EV,WATCH,NONE,NONE,0.0,7.4,0.0,0.0,0.0,0.0,0.0,0.0,EV outside availability window (disconnected),,,,,0.0,,18:00,07:30,15.0,0.0,False,,,,
2011-09-16 16:15:00,2011-09-16 13:15:00,EV_003,EV,WATCH,NONE,NONE,0.0,7.4,0.0,0.0,0.0,0.0,0.0,0.0,EV outside availability window (disconnected),,,,,0.0,,18:00,07:30,15.0,0.0,False,,,,
2011-09-16 16:15:00,2011-09-16 13:15:00,EV_004,EV,WATCH,NONE,NONE,0.0,7.4,0.0,0.0,0.0,0.0,0.0,0.0,EV outside availability window (disconnected),,,,,0.0,,18:00,07:30,15.0,0.0,False,,,,
2011-09-16 16:15:00,2011-09-16 13:15:00,EV_005,EV,WATCH,NONE,NONE,0.0,7.4,0.0,0.0,0.0,0.0,0.0,0.0,EV outside availability window (disconnected),,,,,0.0,,18:00,07:30,15.0,0.0,False,,,,
2011-09-16 16:15:00,2011-09-16 13:15:00,EV_006,EV,WATCH,NONE,NONE,0.0,7.4,0.0,0.0,0.0,0.0,0.0,0.0,EV outside availability window (disconnected),,,,,0.0,,18:00,07:30,15.0,0.0,False,,,,
2011-09-16 16:15:00,2011-09-16 13:15:00,EV_007,EV,WATCH,NONE,NONE,0.0,7.4,0.0,0.0,0.0,0.0,0.0,0.0,EV outside availability window (disconnected),,,,,0.0,,18:00,07:30,15.0,0.0,False,,,,
2011-09-16 16:15:00,2011-09-16 13:15:00,EV_008,EV,WATCH,NONE,NONE,0.0,7.4,0.0,0.0,0.0,0.0,0.0,0.0,EV outside availability window (disconnected),,,,,0.0,,18:00,07:30,15.0,0.0,False,,,,
2011-09-16 16:15:00,2011-09-16 13:15:00,EV_009,EV,WATCH,NONE,NONE,0.0,7.4,0.0,0.0,0.0,0.0,0.0,0.0,EV outside availability window (disconnected),,,,,0.0,,18:00,07:30,15.0,0.0,False,,,,
2011-09-16 16:15:00,2011-09-16 13:15:00,EV_010,EV,WATCH,NONE,NONE,0.0,7.4,0.0,0.0,0.0,0.0,0.0,0.0,EV outside availability window (disconnected),,,,,0.0,,18:00,07:30,15.0,0.0,False,,,,
2011-09-16 16:15:00,2011-09-16 13:15:00,EV_011,EV,WATCH,NONE,NONE,0.0,7.4,0.0,0.0,0.0,0.0,0.0,0.0,EV outside availability window (disconnected),,,,,0.0,,18:00,07:30,15.0,0.0,False,,,,
2011-09-16 16:15:00,2011-09-16 13:15:00,EV_012,EV,WATCH,NONE,NONE,0.0,7.4,0.0,0.0,0.0,0.0,0.0,0.0,EV outside availability window (disconnected),,,,,0.0,,18:00,07:30,15.0,0.0,False,,,,
2011-09-16 16:15:00,2011-09-16 13:15:00,EV_013,EV,WATCH,NONE,NONE,0.0,7.4,0.0,0.0,0.0,0.0,0.0,0.0,EV outside availability window (disconnected),,,,,0.0,,18:00,07:30,15.0,0.0,False,,,,
2011-09-16 16:15:00,2011-09-16 13:15:00,EV_014,EV,WATCH,NONE,NONE,0.0,7.4,0.0,0.0,0.0,0.0,0.0,0.0,EV outside availability window (disconnected),,,,,0.0,,18:00,07:30,15.0,0.0,False,,,,
2011-09-16 16:15:00,2011-09-16 13:15:00,EV_015,EV,WATCH,NONE,NONE,0.0,7.4,0.0,0.0,0.0,0.0,0.0,0.0,EV outside availability window (disconnected),,,,,0.0,,18:00,07:30,15.0,0.0,False,,,,
2011-09-16 16:15:00,2011-09-16 13:15:00,EV_016,EV,WATCH,NONE,NONE,0.0,7.4,0.0,0.0,0.0,0.0,0.0,0.0,EV outside availability window (disconnected),,,,,0.0,,18:00,07:30,15.0,0.0,False,,,,
2011-09-16 16:15:00,2011-09-16 13:15:00,EV_017,EV,WATCH,NONE,NONE,0.0,7.4,0.0,0.0,0.0,0.0,0.0,0.0,EV outside availability window (disconnected),,,,,0.0,,18:00,07:30,15.0,0.0,False,,,,
2011-09-16 16:15:00,2011-09-16 13:15:00,EV_018,EV,WATCH,NONE,NONE,0.0,7.4,0.0,0.0,0.0,0.0,0.0,0.0,EV outside availability window (disconnected),,,,,0.0,,18:00,07:30,15.0,0.0,False,,,,
2011-09-16 16:15:00,2011-09-16 13:15:00,EV_019,EV,WATCH,NONE,NONE,0.0,7.4,0.0,0.0,0.0,0.0,0.0,0.0,EV outside availability window (disconnected),,,,,0.0,,18:00,07:30,15.0,0.0,False,,,,
2011-09-16 16:15:00,2011-09-16 13:15:00,EV_020,EV,WATCH,NONE,NONE,0.0,7.4,0.0,0.0,0.0,0.0,0.0,0.0,EV outside availability window (disconnected),,,,,0.0,,18:00,07:30,15.0,0.0,False,,,,
2011-09-16 16:15:00,2011-09-16 13:15:00,FL001,FLEXIBLE_LOAD,WATCH,NONE,NONE,0.0,0.0,0.0,0.0,0.0,0.0,0.0,0.0,Flexible load outside scheduled operating window,,,,,,,,,,,,,,,
2011-09-16 16:15:00,2011-09-16 13:15:00,FL002,FLEXIBLE_LOAD,WATCH,NONE,NONE,0.5,10.0,0.5,10.0,0.0,0.0,10.0,0.0,Normal scheduled operation,,,,,,,,,,,,,,,
2011-09-16 16:15:00,2011-09-16 13:15:00,FL003,FLEXIBLE_LOAD,WATCH,NONE,NONE,0.0,0.0,0.0,0.0,0.0,0.0,0.0,0.0,Flexible load outside scheduled operating window,,,,,,,,,,,,,,,
2011-09-16 16:30:00,2011-09-16 13:15:00,PV_H002,PV,WATCH,NONE,Bus_Residential_3,0.0,3.91,0.0,3.91,0.0,0.0,0.06,0.0,Watch state: unconstrained export with active monitoring,,,,,,,,,,,,0.06,3.91,3.91,True
2011-09-16 16:30:00,2011-09-16 13:15:00,PV_H003,PV,WATCH,NONE,Bus_Residential_3,0.0,3.15,0.0,3.15,0.0,0.0,0.05,0.0,Watch state: unconstrained export with active monitoring,,,,,,,,,,,,0.05,3.15,3.15,True
2011-09-16 16:30:00,2011-09-16 13:15:00,PV_H005,PV,WATCH,NONE,Bus_Residential_3,0.0,3.17,0.0,3.17,0.0,0.0,0.05,0.0,Watch state: unconstrained export with active monitoring,,,,,,,,,,,,0.05,3.17,3.17,False
2011-09-16 16:30:00,2011-09-16 13:15:00,PV_H006,PV,WATCH,NONE,Bus_Residential_3,0.0,2.0,0.0,2.0,0.0,0.0,0.03,0.0,Watch state: unconstrained export with active monitoring,,,,,,,,,,,,0.03,2.0,2.0,True
2011-09-16 16:30:00,2011-09-16 13:15:00,PV_H007,PV,WATCH,NONE,Bus_Residential_3,0.0,3.93,0.0,3.93,0.0,0.0,0.06,0.0,Watch state: unconstrained export with active monitoring,,,,,,,,,,,,0.06,3.93,3.93,False
2011-09-16 16:30:00,2011-09-16 13:15:00,PV_H010,PV,WATCH,NONE,Bus_Residential_3,0.0,3.02,0.0,3.02,0.0,0.0,0.05,0.0,Watch state: unconstrained export with active monitoring,,,,,,,,,,,,0.05,3.02,3.02,False
2011-09-16 16:30:00,2011-09-16 13:15:00,PV_H016,PV,WATCH,NONE,Bus_Residential_3,0.0,2.1,0.0,2.1,0.0,0.0,0.03,0.0,Watch state: unconstrained export with active monitoring,,,,,,,,,,,,0.03,2.1,2.1,True
2011-09-16 16:30:00,2011-09-16 13:15:00,PV_H017,PV,WATCH,NONE,Bus_Residential_3,0.0,3.62,0.0,3.62,0.0,0.0,0.05,0.0,Watch state: unconstrained export with active monitoring,,,,,,,,,,,,0.05,3.62,3.62,True
2011-09-16 16:30:00,2011-09-16 13:15:00,PV_H018,PV,WATCH,NONE,Bus_Residential_3,0.0,2.33,0.0,2.33,0.0,0.0,0.04,0.0,Watch state: unconstrained export with active monitoring,,,,,,,,,,,,0.04,2.33,2.33,True
2011-09-16 16:30:00,2011-09-16 13:15:00,PV_H021,PV,WATCH,NONE,Bus_Residential_3,0.0,5.39,0.0,5.39,0.0,0.0,0.08,0.0,Watch state: unconstrained export with active monitoring,,,,,,,,,,,,0.08,5.39,5.39,True
2011-09-16 16:30:00,2011-09-16 13:15:00,PV_H024,PV,WATCH,NONE,Bus_Residential_3,0.0,2.0,0.0,2.0,0.0,0.0,0.03,0.0,Watch state: unconstrained export with active monitoring,,,,,,,,,,,,0.03,2.0,2.0,True
2011-09-16 16:30:00,2011-09-16 13:15:00,PV_H025,PV,WATCH,NONE,Bus_Residential_3,0.0,3.81,0.0,3.81,0.0,0.0,0.06,0.0,Watch state: unconstrained export with active monitoring,,,,,,,,,,,,0.06,3.81,3.81,False
2011-09-16 16:30:00,2011-09-16 13:15:00,PV_H026,PV,WATCH,NONE,Bus_Residential_3,0.0,3.67,0.0,3.67,0.0,0.0,0.06,0.0,Watch state: unconstrained export with active monitoring,,,,,,,,,,,,0.06,3.67,3.67,False
2011-09-16 16:30:00,2011-09-16 13:15:00,PV_H027,PV,WATCH,NONE,Bus_Residential_3,0.0,3.54,0.0,3.54,0.0,0.0,0.05,0.0,Watch state: unconstrained export with active monitoring,,,,,,,,,,,,0.05,3.54,3.54,True
2011-09-16 16:30:00,2011-09-16 13:15:00,PV_H032,PV,WATCH,NONE,Bus_Residential_3,0.0,3.2,0.0,3.2,0.0,0.0,0.05,0.0,Watch state: unconstrained export with active monitoring,,,,,,,,,,,,0.05,3.2,3.2,False
2011-09-16 16:30:00,2011-09-16 13:15:00,PV_H033,PV,WATCH,NONE,Bus_Residential_3,0.0,2.42,0.0,2.42,0.0,0.0,0.04,0.0,Watch state: unconstrained export with active monitoring,,,,,,,,,,,,0.04,2.42,2.42,True
2011-09-16 16:30:00,2011-09-16 13:15:00,PV_H034,PV,WATCH,NONE,Bus_Residential_3,0.0,3.96,0.0,3.96,0.0,0.0,0.06,0.0,Watch state: unconstrained export with active monitoring,,,,,,,,,,,,0.06,3.96,3.96,True
2011-09-16 16:30:00,2011-09-16 13:15:00,PV_H035,PV,WATCH,NONE,Bus_Residential_3,0.0,2.98,0.0,2.98,0.0,0.0,0.04,0.0,Watch state: unconstrained export with active monitoring,,,,,,,,,,,,0.04,2.98,2.98,True
2011-09-16 16:30:00,2011-09-16 13:15:00,PV_H036,PV,WATCH,NONE,Bus_Residential_3,0.0,3.49,0.0,3.49,0.0,0.0,0.05,0.0,Watch state: unconstrained export with active monitoring,,,,,,,,,,,,0.05,3.49,3.49,False
2011-09-16 16:30:00,2011-09-16 13:15:00,PV_H037,PV,WATCH,NONE,Bus_Residential_3,0.0,3.36,0.0,3.36,0.0,0.0,0.05,0.0,Watch state: unconstrained export with active monitoring,,,,,,,,,,,,0.05,3.36,3.36,False
2011-09-16 16:30:00,2011-09-16 13:15:00,PV_H040,PV,WATCH,NONE,Bus_Residential_3,0.0,4.1,0.0,4.1,0.0,0.0,0.06,0.0,Watch state: unconstrained export with active monitoring,,,,,,,,,,,,0.06,4.1,4.1,False
2011-09-16 16:30:00,2011-09-16 13:15:00,PV_H042,PV,WATCH,NONE,Bus_Residential_3,0.0,2.55,0.0,2.55,0.0,0.0,0.04,0.0,Watch state: unconstrained export with active monitoring,,,,,,,,,,,,0.04,2.55,2.55,True
2011-09-16 16:30:00,2011-09-16 13:15:00,PV_H044,PV,WATCH,NONE,Bus_Residential_3,0.0,3.34,0.0,3.34,0.0,0.0,0.05,0.0,Watch state: unconstrained export with active monitoring,,,,,,,,,,,,0.05,3.34,3.34,False
2011-09-16 16:30:00,2011-09-16 13:15:00,PV_H046,PV,WATCH,NONE,Bus_Residential_3,0.0,4.27,0.0,4.27,0.0,0.0,0.06,0.0,Watch state: unconstrained export with active monitoring,,,,,,,,,,,,0.06,4.27,4.27,False
2011-09-16 16:30:00,2011-09-16 13:15:00,PV_H048,PV,WATCH,NONE,Bus_Residential_3,0.0,3.11,0.0,3.11,0.0,0.0,0.05,0.0,Watch state: unconstrained export with active monitoring,,,,,,,,,,,,0.05,3.11,3.11,False
2011-09-16 16:30:00,2011-09-16 13:15:00,PV_H049,PV,WATCH,NONE,Bus_Residential_3,0.0,2.77,0.0,2.77,0.0,0.0,0.04,0.0,Watch state: unconstrained export with active monitoring,,,,,,,,,,,,0.04,2.77,2.77,True
2011-09-16 16:30:00,2011-09-16 13:15:00,PV_H050,PV,WATCH,NONE,Bus_Residential_3,0.0,3.9,0.0,3.9,0.0,0.0,0.06,0.0,Watch state: unconstrained export with active monitoring,,,,,,,,,,,,0.06,3.9,3.9,True
2011-09-16 16:30:00,2011-09-16 13:15:00,PV_H053,PV,WATCH,NONE,Bus_Residential_3,0.0,4.54,0.0,4.54,0.0,0.0,0.07,0.0,Watch state: unconstrained export with active monitoring,,,,,,,,,,,,0.07,4.54,4.54,False
2011-09-16 16:30:00,2011-09-16 13:15:00,PV_H055,PV,WATCH,NONE,Bus_Residential_3,0.0,2.77,0.0,2.77,0.0,0.0,0.04,0.0,Watch state: unconstrained export with active monitoring,,,,,,,,,,,,0.04,2.77,2.77,True
2011-09-16 16:30:00,2011-09-16 13:15:00,PV_H057,PV,WATCH,NONE,Bus_Residential_3,0.0,4.34,0.0,4.34,0.0,0.0,0.07,0.0,Watch state: unconstrained export with active monitoring,,,,,,,,,,,,0.07,4.34,4.34,True
2011-09-16 16:30:00,2011-09-16 13:15:00,PV_H058,PV,WATCH,NONE,Bus_Residential_3,0.0,3.0,0.0,3.0,0.0,0.0,0.05,0.0,Watch state: unconstrained export with active monitoring,,,,,,,,,,,,0.05,3.0,3.0,True
2011-09-16 16:30:00,2011-09-16 13:15:00,PV_H060,PV,WATCH,NONE,Bus_Residential_3,0.0,5.57,0.0,5.57,0.0,0.0,0.08,0.0,Watch state: unconstrained export with active monitoring,,,,,,,,,,,,0.08,5.57,5.57,True
2011-09-16 16:30:00,2011-09-16 13:15:00,PV_H061,PV,WATCH,NONE,Bus_Residential_3,0.0,3.07,0.0,3.07,0.0,0.0,0.05,0.0,Watch state: unconstrained export with active monitoring,,,,,,,,,,,,0.05,3.07,3.07,True
2011-09-16 16:30:00,2011-09-16 13:15:00,PV_H062,PV,WATCH,NONE,Bus_Residential_3,0.0,6.0,0.0,6.0,0.0,0.0,0.09,0.0,Watch state: unconstrained export with active monitoring,,,,,,,,,,,,0.09,6.0,6.0,False
2011-09-16 16:30:00,2011-09-16 13:15:00,PV_H063,PV,WATCH,NONE,Bus_Residential_3,0.0,4.02,0.0,4.02,0.0,0.0,0.06,0.0,Watch state: unconstrained export with active monitoring,,,,,,,,,,,,0.06,4.02,4.02,False
2011-09-16 16:30:00,2011-09-16 13:15:00,PV_H066,PV,WATCH,NONE,Bus_Residential_3,0.0,4.43,0.0,4.43,0.0,0.0,0.07,0.0,Watch state: unconstrained export with active monitoring,,,,,,,,,,,,0.07,4.43,4.43,False
2011-09-16 16:30:00,2011-09-16 13:15:00,PV_H067,PV,WATCH,NONE,Bus_Residential_3,0.0,2.63,0.0,2.63,0.0,0.0,0.04,0.0,Watch state: unconstrained export with active monitoring,,,,,,,,,,,,0.04,2.63,2.63,True
2011-09-16 16:30:00,2011-09-16 13:15:00,PV_H069,PV,WATCH,NONE,Bus_Residential_3,0.0,3.58,0.0,3.58,0.0,0.0,0.05,0.0,Watch state: unconstrained export with active monitoring,,,,,,,,,,,,0.05,3.58,3.58,True
2011-09-16 16:30:00,2011-09-16 13:15:00,PV_H071,PV,WATCH,NONE,Bus_Residential_3,0.0,4.57,0.0,4.57,0.0,0.0,0.07,0.0,Watch state: unconstrained export with active monitoring,,,,,,,,,,,,0.07,4.57,4.57,True
2011-09-16 16:30:00,2011-09-16 13:15:00,PV_H072,PV,WATCH,NONE,Bus_Residential_3,0.0,5.17,0.0,5.17,0.0,0.0,0.08,0.0,Watch state: unconstrained export with active monitoring,,,,,,,,,,,,0.08,5.17,5.17,True
2011-09-16 16:30:00,2011-09-16 13:15:00,PV_H073,PV,WATCH,NONE,Bus_Residential_3,0.0,3.71,0.0,3.71,0.0,0.0,0.06,0.0,Watch state: unconstrained export with active monitoring,,,,,,,,,,,,0.06,3.71,3.71,True
2011-09-16 16:30:00,2011-09-16 13:15:00,PV_H074,PV,WATCH,NONE,Bus_Residential_3,0.0,4.1,0.0,4.1,0.0,0.0,0.06,0.0,Watch state: unconstrained export with active monitoring,,,,,,,,,,,,0.06,4.1,4.1,False
2011-09-16 16:30:00,2011-09-16 13:15:00,PV_H076,PV,WATCH,NONE,Bus_Residential_3,0.0,4.69,0.0,4.69,0.0,0.0,0.07,0.0,Watch state: unconstrained export with active monitoring,,,,,,,,,,,,0.07,4.69,4.69,True
2011-09-16 16:30:00,2011-09-16 13:15:00,PV_H077,PV,WATCH,NONE,Bus_Residential_3,0.0,5.0,0.0,5.0,0.0,0.0,0.08,0.0,Watch state: unconstrained export with active monitoring,,,,,,,,,,,,0.08,5.0,5.0,True
2011-09-16 16:30:00,2011-09-16 13:15:00,PV_H078,PV,WATCH,NONE,Bus_Residential_3,0.0,2.75,0.0,2.75,0.0,0.0,0.04,0.0,Watch state: unconstrained export with active monitoring,,,,,,,,,,,,0.04,2.75,2.75,False
2011-09-16 16:30:00,2011-09-16 13:15:00,PV_H079,PV,WATCH,NONE,Bus_Residential_3,0.0,2.85,0.0,2.85,0.0,0.0,0.04,0.0,Watch state: unconstrained export with active monitoring,,,,,,,,,,,,0.04,2.85,2.85,True
2011-09-16 16:30:00,2011-09-16 13:15:00,PV_H080,PV,WATCH,NONE,Bus_Residential_3,0.0,4.14,0.0,4.14,0.0,0.0,0.06,0.0,Watch state: unconstrained export with active monitoring,,,,,,,,,,,,0.06,4.14,4.14,False
2011-09-16 16:30:00,2011-09-16 13:15:00,PV_H081,PV,WATCH,NONE,Bus_Residential_3,0.0,4.14,0.0,4.14,0.0,0.0,0.06,0.0,Watch state: unconstrained export with active monitoring,,,,,,,,,,,,0.06,4.14,4.14,True
2011-09-16 16:30:00,2011-09-16 13:15:00,PV_H082,PV,WATCH,NONE,Bus_Residential_3,0.0,2.74,0.0,2.74,0.0,0.0,0.04,0.0,Watch state: unconstrained export with active monitoring,,,,,,,,,,,,0.04,2.74,2.74,True
2011-09-16 16:30:00,2011-09-16 13:15:00,PV_H083,PV,WATCH,NONE,Bus_Residential_3,0.0,3.06,0.0,3.06,0.0,0.0,0.05,0.0,Watch state: unconstrained export with active monitoring,,,,,,,,,,,,0.05,3.06,3.06,True
2011-09-16 16:30:00,2011-09-16 13:15:00,PV_H085,PV,WATCH,NONE,Bus_Residential_3,0.0,3.82,0.0,3.82,0.0,0.0,0.06,0.0,Watch state: unconstrained export with active monitoring,,,,,,,,,,,,0.06,3.82,3.82,False
2011-09-16 16:30:00,2011-09-16 13:15:00,PV_H087,PV,WATCH,NONE,Bus_Residential_3,0.0,4.42,0.0,4.42,0.0,0.0,0.07,0.0,Watch state: unconstrained export with active monitoring,,,,,,,,,,,,0.07,4.42,4.42,False
2011-09-16 16:30:00,2011-09-16 13:15:00,PV_H088,PV,WATCH,NONE,Bus_Residential_3,0.0,2.24,0.0,2.24,0.0,0.0,0.03,0.0,Watch state: unconstrained export with active monitoring,,,,,,,,,,,,0.03,2.24,2.24,False
2011-09-16 16:30:00,2011-09-16 13:15:00,PV_H090,PV,WATCH,NONE,Bus_Residential_3,0.0,4.33,0.0,4.33,0.0,0.0,0.07,0.0,Watch state: unconstrained export with active monitoring,,,,,,,,,,,,0.07,4.33,4.33,True
2011-09-16 16:30:00,2011-09-16 13:15:00,PV_H093,PV,WATCH,NONE,Bus_Residential_3,0.0,5.31,0.0,5.31,0.0,0.0,0.08,0.0,Watch state: unconstrained export with active monitoring,,,,,,,,,,,,0.08,5.31,5.31,True
2011-09-16 16:30:00,2011-09-16 13:15:00,PV_H094,PV,WATCH,NONE,Bus_Residential_3,0.0,2.76,0.0,2.76,0.0,0.0,0.04,0.0,Watch state: unconstrained export with active monitoring,,,,,,,,,,,,0.04,2.76,2.76,True
2011-09-16 16:30:00,2011-09-16 13:15:00,PV_H095,PV,WATCH,NONE,Bus_Residential_3,0.0,2.66,0.0,2.66,0.0,0.0,0.04,0.0,Watch state: unconstrained export with active monitoring,,,,,,,,,,,,0.04,2.66,2.66,False
2011-09-16 16:30:00,2011-09-16 13:15:00,PV_H096,PV,WATCH,NONE,Bus_Residential_3,0.0,4.27,0.0,4.27,0.0,0.0,0.06,0.0,Watch state: unconstrained export with active monitoring,,,,,,,,,,,,0.06,4.27,4.27,True
2011-09-16 16:30:00,2011-09-16 13:15:00,PV_H098,PV,WATCH,NONE,Bus_Residential_3,0.0,3.16,0.0,3.16,0.0,0.0,0.05,0.0,Watch state: unconstrained export with active monitoring,,,,,,,,,,,,0.05,3.16,3.16,True
2011-09-16 16:30:00,2011-09-16 13:15:00,PV_H099,PV,WATCH,NONE,Bus_Residential_3,0.0,3.1,0.0,3.1,0.0,0.0,0.05,0.0,Watch state: unconstrained export with active monitoring,,,,,,,,,,,,0.05,3.1,3.1,False
2011-09-16 16:30:00,2011-09-16 13:15:00,BESS_COMMUNITY_01,BESS,WATCH,NONE,Bus_Residential_3,-25.0,25.0,-25.0,25.0,1.44,1.44,25.0,0.0,Watch state: operating within verified SOC limits,0.5,0.2,0.9,0.1,25.0,25.0,,,,,,,,,
2011-09-16 16:30:00,2011-09-16 13:15:00,EV_001,EV,WATCH,NONE,Bus_Residential_3,0.0,7.4,0.0,0.0,0.0,0.0,0.0,0.0,EV outside availability window (disconnected),,,,,0.0,,18:00,07:30,15.0,0.0,False,,,,
2011-09-16 16:30:00,2011-09-16 13:15:00,EV_002,EV,WATCH,NONE,Bus_Residential_3,0.0,7.4,0.0,0.0,0.0,0.0,0.0,0.0,EV outside availability window (disconnected),,,,,0.0,,18:00,07:30,15.0,0.0,False,,,,
2011-09-16 16:30:00,2011-09-16 13:15:00,EV_003,EV,WATCH,NONE,Bus_Residential_3,0.0,7.4,0.0,0.0,0.0,0.0,0.0,0.0,EV outside availability window (disconnected),,,,,0.0,,18:00,07:30,15.0,0.0,False,,,,
2011-09-16 16:30:00,2011-09-16 13:15:00,EV_004,EV,WATCH,NONE,Bus_Residential_3,0.0,7.4,0.0,0.0,0.0,0.0,0.0,0.0,EV outside availability window (disconnected),,,,,0.0,,18:00,07:30,15.0,0.0,False,,,,
2011-09-16 16:30:00,2011-09-16 13:15:00,EV_005,EV,WATCH,NONE,Bus_Residential_3,0.0,7.4,0.0,0.0,0.0,0.0,0.0,0.0,EV outside availability window (disconnected),,,,,0.0,,18:00,07:30,15.0,0.0,False,,,,
2011-09-16 16:30:00,2011-09-16 13:15:00,EV_006,EV,WATCH,NONE,Bus_Residential_3,0.0,7.4,0.0,0.0,0.0,0.0,0.0,0.0,EV outside availability window (disconnected),,,,,0.0,,18:00,07:30,15.0,0.0,False,,,,
2011-09-16 16:30:00,2011-09-16 13:15:00,EV_007,EV,WATCH,NONE,Bus_Residential_3,0.0,7.4,0.0,0.0,0.0,0.0,0.0,0.0,EV outside availability window (disconnected),,,,,0.0,,18:00,07:30,15.0,0.0,False,,,,
2011-09-16 16:30:00,2011-09-16 13:15:00,EV_008,EV,WATCH,NONE,Bus_Residential_3,0.0,7.4,0.0,0.0,0.0,0.0,0.0,0.0,EV outside availability window (disconnected),,,,,0.0,,18:00,07:30,15.0,0.0,False,,,,
2011-09-16 16:30:00,2011-09-16 13:15:00,EV_009,EV,WATCH,NONE,Bus_Residential_3,0.0,7.4,0.0,0.0,0.0,0.0,0.0,0.0,EV outside availability window (disconnected),,,,,0.0,,18:00,07:30,15.0,0.0,False,,,,
2011-09-16 16:30:00,2011-09-16 13:15:00,EV_010,EV,WATCH,NONE,Bus_Residential_3,0.0,7.4,0.0,0.0,0.0,0.0,0.0,0.0,EV outside availability window (disconnected),,,,,0.0,,18:00,07:30,15.0,0.0,False,,,,
2011-09-16 16:30:00,2011-09-16 13:15:00,EV_011,EV,WATCH,NONE,Bus_Residential_3,0.0,7.4,0.0,0.0,0.0,0.0,0.0,0.0,EV outside availability window (disconnected),,,,,0.0,,18:00,07:30,15.0,0.0,False,,,,
2011-09-16 16:30:00,2011-09-16 13:15:00,EV_012,EV,WATCH,NONE,Bus_Residential_3,0.0,7.4,0.0,0.0,0.0,0.0,0.0,0.0,EV outside availability window (disconnected),,,,,0.0,,18:00,07:30,15.0,0.0,False,,,,
2011-09-16 16:30:00,2011-09-16 13:15:00,EV_013,EV,WATCH,NONE,Bus_Residential_3,0.0,7.4,0.0,0.0,0.0,0.0,0.0,0.0,EV outside availability window (disconnected),,,,,0.0,,18:00,07:30,15.0,0.0,False,,,,
2011-09-16 16:30:00,2011-09-16 13:15:00,EV_014,EV,WATCH,NONE,Bus_Residential_3,0.0,7.4,0.0,0.0,0.0,0.0,0.0,0.0,EV outside availability window (disconnected),,,,,0.0,,18:00,07:30,15.0,0.0,False,,,,
2011-09-16 16:30:00,2011-09-16 13:15:00,EV_015,EV,WATCH,NONE,Bus_Residential_3,0.0,7.4,0.0,0.0,0.0,0.0,0.0,0.0,EV outside availability window (disconnected),,,,,0.0,,18:00,07:30,15.0,0.0,False,,,,
2011-09-16 16:30:00,2011-09-16 13:15:00,EV_016,EV,WATCH,NONE,Bus_Residential_3,0.0,7.4,0.0,0.0,0.0,0.0,0.0,0.0,EV outside availability window (disconnected),,,,,0.0,,18:00,07:30,15.0,0.0,False,,,,
2011-09-16 16:30:00,2011-09-16 13:15:00,EV_017,EV,WATCH,NONE,Bus_Residential_3,0.0,7.4,0.0,0.0,0.0,0.0,0.0,0.0,EV outside availability window (disconnected),,,,,0.0,,18:00,07:30,15.0,0.0,False,,,,
2011-09-16 16:30:00,2011-09-16 13:15:00,EV_018,EV,WATCH,NONE,Bus_Residential_3,0.0,7.4,0.0,0.0,0.0,0.0,0.0,0.0,EV outside availability window (disconnected),,,,,0.0,,18:00,07:30,15.0,0.0,False,,,,
2011-09-16 16:30:00,2011-09-16 13:15:00,EV_019,EV,WATCH,NONE,Bus_Residential_3,0.0,7.4,0.0,0.0,0.0,0.0,0.0,0.0,EV outside availability window (disconnected),,,,,0.0,,18:00,07:30,15.0,0.0,False,,,,
2011-09-16 16:30:00,2011-09-16 13:15:00,EV_020,EV,WATCH,NONE,Bus_Residential_3,0.0,7.4,0.0,0.0,0.0,0.0,0.0,0.0,EV outside availability window (disconnected),,,,,0.0,,18:00,07:30,15.0,0.0,False,,,,
2011-09-16 16:30:00,2011-09-16 13:15:00,FL001,FLEXIBLE_LOAD,WATCH,NONE,Bus_Residential_3,0.0,0.0,0.0,0.0,0.0,0.0,0.0,0.0,Flexible load outside scheduled operating window,,,,,,,,,,,,,,,
2011-09-16 16:30:00,2011-09-16 13:15:00,FL002,FLEXIBLE_LOAD,WATCH,NONE,Bus_Residential_3,0.5,10.0,0.5,10.0,0.0,0.0,10.0,0.0,Normal scheduled operation,,,,,,,,,,,,,,,
2011-09-16 16:30:00,2011-09-16 13:15:00,FL003,FLEXIBLE_LOAD,WATCH,NONE,Bus_Residential_3,0.0,0.0,0.0,0.0,0.0,0.0,0.0,0.0,Flexible load outside scheduled operating window,,,,,,,,,,,,,,,
2011-09-16 16:45:00,2011-09-16 13:15:00,PV_H002,PV,WATCH,NONE,Bus_Residential_3,0.0,3.91,0.0,3.91,0.0,0.0,0.0,0.0,Watch state: unconstrained export with active monitoring,,,,,,,,,,,,0.0,3.91,3.91,True
2011-09-16 16:45:00,2011-09-16 13:15:00,PV_H003,PV,WATCH,NONE,Bus_Residential_3,0.0,3.15,0.0,3.15,0.0,0.0,0.0,0.0,Watch state: unconstrained export with active monitoring,,,,,,,,,,,,0.0,3.15,3.15,True
2011-09-16 16:45:00,2011-09-16 13:15:00,PV_H005,PV,WATCH,NONE,Bus_Residential_3,0.0,3.17,0.0,3.17,0.0,0.0,0.0,0.0,Watch state: unconstrained export with active monitoring,,,,,,,,,,,,0.0,3.17,3.17,False
2011-09-16 16:45:00,2011-09-16 13:15:00,PV_H006,PV,WATCH,NONE,Bus_Residential_3,0.0,2.0,0.0,2.0,0.0,0.0,0.0,0.0,Watch state: unconstrained export with active monitoring,,,,,,,,,,,,0.0,2.0,2.0,True
2011-09-16 16:45:00,2011-09-16 13:15:00,PV_H007,PV,WATCH,NONE,Bus_Residential_3,0.0,3.93,0.0,3.93,0.0,0.0,0.0,0.0,Watch state: unconstrained export with active monitoring,,,,,,,,,,,,0.0,3.93,3.93,False
2011-09-16 16:45:00,2011-09-16 13:15:00,PV_H010,PV,WATCH,NONE,Bus_Residential_3,0.0,3.02,0.0,3.02,0.0,0.0,0.0,0.0,Watch state: unconstrained export with active monitoring,,,,,,,,,,,,0.0,3.02,3.02,False
2011-09-16 16:45:00,2011-09-16 13:15:00,PV_H016,PV,WATCH,NONE,Bus_Residential_3,0.0,2.1,0.0,2.1,0.0,0.0,0.0,0.0,Watch state: unconstrained export with active monitoring,,,,,,,,,,,,0.0,2.1,2.1,True
2011-09-16 16:45:00,2011-09-16 13:15:00,PV_H017,PV,WATCH,NONE,Bus_Residential_3,0.0,3.62,0.0,3.62,0.0,0.0,0.0,0.0,Watch state: unconstrained export with active monitoring,,,,,,,,,,,,0.0,3.62,3.62,True
2011-09-16 16:45:00,2011-09-16 13:15:00,PV_H018,PV,WATCH,NONE,Bus_Residential_3,0.0,2.33,0.0,2.33,0.0,0.0,0.0,0.0,Watch state: unconstrained export with active monitoring,,,,,,,,,,,,0.0,2.33,2.33,True
2011-09-16 16:45:00,2011-09-16 13:15:00,PV_H021,PV,WATCH,NONE,Bus_Residential_3,0.0,5.39,0.0,5.39,0.0,0.0,0.0,0.0,Watch state: unconstrained export with active monitoring,,,,,,,,,,,,0.0,5.39,5.39,True
2011-09-16 16:45:00,2011-09-16 13:15:00,PV_H024,PV,WATCH,NONE,Bus_Residential_3,0.0,2.0,0.0,2.0,0.0,0.0,0.0,0.0,Watch state: unconstrained export with active monitoring,,,,,,,,,,,,0.0,2.0,2.0,True
2011-09-16 16:45:00,2011-09-16 13:15:00,PV_H025,PV,WATCH,NONE,Bus_Residential_3,0.0,3.81,0.0,3.81,0.0,0.0,0.0,0.0,Watch state: unconstrained export with active monitoring,,,,,,,,,,,,0.0,3.81,3.81,False
2011-09-16 16:45:00,2011-09-16 13:15:00,PV_H026,PV,WATCH,NONE,Bus_Residential_3,0.0,3.67,0.0,3.67,0.0,0.0,0.0,0.0,Watch state: unconstrained export with active monitoring,,,,,,,,,,,,0.0,3.67,3.67,False
2011-09-16 16:45:00,2011-09-16 13:15:00,PV_H027,PV,WATCH,NONE,Bus_Residential_3,0.0,3.54,0.0,3.54,0.0,0.0,0.0,0.0,Watch state: unconstrained export with active monitoring,,,,,,,,,,,,0.0,3.54,3.54,True
2011-09-16 16:45:00,2011-09-16 13:15:00,PV_H032,PV,WATCH,NONE,Bus_Residential_3,0.0,3.2,0.0,3.2,0.0,0.0,0.0,0.0,Watch state: unconstrained export with active monitoring,,,,,,,,,,,,0.0,3.2,3.2,False
2011-09-16 16:45:00,2011-09-16 13:15:00,PV_H033,PV,WATCH,NONE,Bus_Residential_3,0.0,2.42,0.0,2.42,0.0,0.0,0.0,0.0,Watch state: unconstrained export with active monitoring,,,,,,,,,,,,0.0,2.42,2.42,True
2011-09-16 16:45:00,2011-09-16 13:15:00,PV_H034,PV,WATCH,NONE,Bus_Residential_3,0.0,3.96,0.0,3.96,0.0,0.0,0.0,0.0,Watch state: unconstrained export with active monitoring,,,,,,,,,,,,0.0,3.96,3.96,True
2011-09-16 16:45:00,2011-09-16 13:15:00,PV_H035,PV,WATCH,NONE,Bus_Residential_3,0.0,2.98,0.0,2.98,0.0,0.0,0.0,0.0,Watch state: unconstrained export with active monitoring,,,,,,,,,,,,0.0,2.98,2.98,True
2011-09-16 16:45:00,2011-09-16 13:15:00,PV_H036,PV,WATCH,NONE,Bus_Residential_3,0.0,3.49,0.0,3.49,0.0,0.0,0.0,0.0,Watch state: unconstrained export with active monitoring,,,,,,,,,,,,0.0,3.49,3.49,False
2011-09-16 16:45:00,2011-09-16 13:15:00,PV_H037,PV,WATCH,NONE,Bus_Residential_3,0.0,3.36,0.0,3.36,0.0,0.0,0.0,0.0,Watch state: unconstrained export with active monitoring,,,,,,,,,,,,0.0,3.36,3.36,False
2011-09-16 16:45:00,2011-09-16 13:15:00,PV_H040,PV,WATCH,NONE,Bus_Residential_3,0.0,4.1,0.0,4.1,0.0,0.0,0.0,0.0,Watch state: unconstrained export with active monitoring,,,,,,,,,,,,0.0,4.1,4.1,False
2011-09-16 16:45:00,2011-09-16 13:15:00,PV_H042,PV,WATCH,NONE,Bus_Residential_3,0.0,2.55,0.0,2.55,0.0,0.0,0.0,0.0,Watch state: unconstrained export with active monitoring,,,,,,,,,,,,0.0,2.55,2.55,True
2011-09-16 16:45:00,2011-09-16 13:15:00,PV_H044,PV,WATCH,NONE,Bus_Residential_3,0.0,3.34,0.0,3.34,0.0,0.0,0.0,0.0,Watch state: unconstrained export with active monitoring,,,,,,,,,,,,0.0,3.34,3.34,False
2011-09-16 16:45:00,2011-09-16 13:15:00,PV_H046,PV,WATCH,NONE,Bus_Residential_3,0.0,4.27,0.0,4.27,0.0,0.0,0.0,0.0,Watch state: unconstrained export with active monitoring,,,,,,,,,,,,0.0,4.27,4.27,False
2011-09-16 16:45:00,2011-09-16 13:15:00,PV_H048,PV,WATCH,NONE,Bus_Residential_3,0.0,3.11,0.0,3.11,0.0,0.0,0.0,0.0,Watch state: unconstrained export with active monitoring,,,,,,,,,,,,0.0,3.11,3.11,False
2011-09-16 16:45:00,2011-09-16 13:15:00,PV_H049,PV,WATCH,NONE,Bus_Residential_3,0.0,2.77,0.0,2.77,0.0,0.0,0.0,0.0,Watch state: unconstrained export with active monitoring,,,,,,,,,,,,0.0,2.77,2.77,True
2011-09-16 16:45:00,2011-09-16 13:15:00,PV_H050,PV,WATCH,NONE,Bus_Residential_3,0.0,3.9,0.0,3.9,0.0,0.0,0.0,0.0,Watch state: unconstrained export with active monitoring,,,,,,,,,,,,0.0,3.9,3.9,True
2011-09-16 16:45:00,2011-09-16 13:15:00,PV_H053,PV,WATCH,NONE,Bus_Residential_3,0.0,4.54,0.0,4.54,0.0,0.0,0.0,0.0,Watch state: unconstrained export with active monitoring,,,,,,,,,,,,0.0,4.54,4.54,False
2011-09-16 16:45:00,2011-09-16 13:15:00,PV_H055,PV,WATCH,NONE,Bus_Residential_3,0.0,2.77,0.0,2.77,0.0,0.0,0.0,0.0,Watch state: unconstrained export with active monitoring,,,,,,,,,,,,0.0,2.77,2.77,True
2011-09-16 16:45:00,2011-09-16 13:15:00,PV_H057,PV,WATCH,NONE,Bus_Residential_3,0.0,4.34,0.0,4.34,0.0,0.0,0.0,0.0,Watch state: unconstrained export with active monitoring,,,,,,,,,,,,0.0,4.34,4.34,True
2011-09-16 16:45:00,2011-09-16 13:15:00,PV_H058,PV,WATCH,NONE,Bus_Residential_3,0.0,3.0,0.0,3.0,0.0,0.0,0.0,0.0,Watch state: unconstrained export with active monitoring,,,,,,,,,,,,0.0,3.0,3.0,True
2011-09-16 16:45:00,2011-09-16 13:15:00,PV_H060,PV,WATCH,NONE,Bus_Residential_3,0.0,5.57,0.0,5.57,0.0,0.0,0.0,0.0,Watch state: unconstrained export with active monitoring,,,,,,,,,,,,0.0,5.57,5.57,True
2011-09-16 16:45:00,2011-09-16 13:15:00,PV_H061,PV,WATCH,NONE,Bus_Residential_3,0.0,3.07,0.0,3.07,0.0,0.0,0.0,0.0,Watch state: unconstrained export with active monitoring,,,,,,,,,,,,0.0,3.07,3.07,True
2011-09-16 16:45:00,2011-09-16 13:15:00,PV_H062,PV,WATCH,NONE,Bus_Residential_3,0.0,6.0,0.0,6.0,0.0,0.0,0.0,0.0,Watch state: unconstrained export with active monitoring,,,,,,,,,,,,0.0,6.0,6.0,False
2011-09-16 16:45:00,2011-09-16 13:15:00,PV_H063,PV,WATCH,NONE,Bus_Residential_3,0.0,4.02,0.0,4.02,0.0,0.0,0.0,0.0,Watch state: unconstrained export with active monitoring,,,,,,,,,,,,0.0,4.02,4.02,False
2011-09-16 16:45:00,2011-09-16 13:15:00,PV_H066,PV,WATCH,NONE,Bus_Residential_3,0.0,4.43,0.0,4.43,0.0,0.0,0.0,0.0,Watch state: unconstrained export with active monitoring,,,,,,,,,,,,0.0,4.43,4.43,False
2011-09-16 16:45:00,2011-09-16 13:15:00,PV_H067,PV,WATCH,NONE,Bus_Residential_3,0.0,2.63,0.0,2.63,0.0,0.0,0.0,0.0,Watch state: unconstrained export with active monitoring,,,,,,,,,,,,0.0,2.63,2.63,True
2011-09-16 16:45:00,2011-09-16 13:15:00,PV_H069,PV,WATCH,NONE,Bus_Residential_3,0.0,3.58,0.0,3.58,0.0,0.0,0.0,0.0,Watch state: unconstrained export with active monitoring,,,,,,,,,,,,0.0,3.58,3.58,True
2011-09-16 16:45:00,2011-09-16 13:15:00,PV_H071,PV,WATCH,NONE,Bus_Residential_3,0.0,4.57,0.0,4.57,0.0,0.0,0.0,0.0,Watch state: unconstrained export with active monitoring,,,,,,,,,,,,0.0,4.57,4.57,True
2011-09-16 16:45:00,2011-09-16 13:15:00,PV_H072,PV,WATCH,NONE,Bus_Residential_3,0.0,5.17,0.0,5.17,0.0,0.0,0.0,0.0,Watch state: unconstrained export with active monitoring,,,,,,,,,,,,0.0,5.17,5.17,True
2011-09-16 16:45:00,2011-09-16 13:15:00,PV_H073,PV,WATCH,NONE,Bus_Residential_3,0.0,3.71,0.0,3.71,0.0,0.0,0.0,0.0,Watch state: unconstrained export with active monitoring,,,,,,,,,,,,0.0,3.71,3.71,True
2011-09-16 16:45:00,2011-09-16 13:15:00,PV_H074,PV,WATCH,NONE,Bus_Residential_3,0.0,4.1,0.0,4.1,0.0,0.0,0.0,0.0,Watch state: unconstrained export with active monitoring,,,,,,,,,,,,0.0,4.1,4.1,False
2011-09-16 16:45:00,2011-09-16 13:15:00,PV_H076,PV,WATCH,NONE,Bus_Residential_3,0.0,4.69,0.0,4.69,0.0,0.0,0.0,0.0,Watch state: unconstrained export with active monitoring,,,,,,,,,,,,0.0,4.69,4.69,True
2011-09-16 16:45:00,2011-09-16 13:15:00,PV_H077,PV,WATCH,NONE,Bus_Residential_3,0.0,5.0,0.0,5.0,0.0,0.0,0.0,0.0,Watch state: unconstrained export with active monitoring,,,,,,,,,,,,0.0,5.0,5.0,True
2011-09-16 16:45:00,2011-09-16 13:15:00,PV_H078,PV,WATCH,NONE,Bus_Residential_3,0.0,2.75,0.0,2.75,0.0,0.0,0.0,0.0,Watch state: unconstrained export with active monitoring,,,,,,,,,,,,0.0,2.75,2.75,False
2011-09-16 16:45:00,2011-09-16 13:15:00,PV_H079,PV,WATCH,NONE,Bus_Residential_3,0.0,2.85,0.0,2.85,0.0,0.0,0.0,0.0,Watch state: unconstrained export with active monitoring,,,,,,,,,,,,0.0,2.85,2.85,True
2011-09-16 16:45:00,2011-09-16 13:15:00,PV_H080,PV,WATCH,NONE,Bus_Residential_3,0.0,4.14,0.0,4.14,0.0,0.0,0.0,0.0,Watch state: unconstrained export with active monitoring,,,,,,,,,,,,0.0,4.14,4.14,False
2011-09-16 16:45:00,2011-09-16 13:15:00,PV_H081,PV,WATCH,NONE,Bus_Residential_3,0.0,4.14,0.0,4.14,0.0,0.0,0.0,0.0,Watch state: unconstrained export with active monitoring,,,,,,,,,,,,0.0,4.14,4.14,True
2011-09-16 16:45:00,2011-09-16 13:15:00,PV_H082,PV,WATCH,NONE,Bus_Residential_3,0.0,2.74,0.0,2.74,0.0,0.0,0.0,0.0,Watch state: unconstrained export with active monitoring,,,,,,,,,,,,0.0,2.74,2.74,True
2011-09-16 16:45:00,2011-09-16 13:15:00,PV_H083,PV,WATCH,NONE,Bus_Residential_3,0.0,3.06,0.0,3.06,0.0,0.0,0.0,0.0,Watch state: unconstrained export with active monitoring,,,,,,,,,,,,0.0,3.06,3.06,True
2011-09-16 16:45:00,2011-09-16 13:15:00,PV_H085,PV,WATCH,NONE,Bus_Residential_3,0.0,3.82,0.0,3.82,0.0,0.0,0.0,0.0,Watch state: unconstrained export with active monitoring,,,,,,,,,,,,0.0,3.82,3.82,False
2011-09-16 16:45:00,2011-09-16 13:15:00,PV_H087,PV,WATCH,NONE,Bus_Residential_3,0.0,4.42,0.0,4.42,0.0,0.0,0.0,0.0,Watch state: unconstrained export with active monitoring,,,,,,,,,,,,0.0,4.42,4.42,False
2011-09-16 16:45:00,2011-09-16 13:15:00,PV_H088,PV,WATCH,NONE,Bus_Residential_3,0.0,2.24,0.0,2.24,0.0,0.0,0.0,0.0,Watch state: unconstrained export with active monitoring,,,,,,,,,,,,0.0,2.24,2.24,False
2011-09-16 16:45:00,2011-09-16 13:15:00,PV_H090,PV,WATCH,NONE,Bus_Residential_3,0.0,4.33,0.0,4.33,0.0,0.0,0.0,0.0,Watch state: unconstrained export with active monitoring,,,,,,,,,,,,0.0,4.33,4.33,True
2011-09-16 16:45:00,2011-09-16 13:15:00,PV_H093,PV,WATCH,NONE,Bus_Residential_3,0.0,5.31,0.0,5.31,0.0,0.0,0.0,0.0,Watch state: unconstrained export with active monitoring,,,,,,,,,,,,0.0,5.31,5.31,True
2011-09-16 16:45:00,2011-09-16 13:15:00,PV_H094,PV,WATCH,NONE,Bus_Residential_3,0.0,2.76,0.0,2.76,0.0,0.0,0.0,0.0,Watch state: unconstrained export with active monitoring,,,,,,,,,,,,0.0,2.76,2.76,True
2011-09-16 16:45:00,2011-09-16 13:15:00,PV_H095,PV,WATCH,NONE,Bus_Residential_3,0.0,2.66,0.0,2.66,0.0,0.0,0.0,0.0,Watch state: unconstrained export with active monitoring,,,,,,,,,,,,0.0,2.66,2.66,False
2011-09-16 16:45:00,2011-09-16 13:15:00,PV_H096,PV,WATCH,NONE,Bus_Residential_3,0.0,4.27,0.0,4.27,0.0,0.0,0.0,0.0,Watch state: unconstrained export with active monitoring,,,,,,,,,,,,0.0,4.27,4.27,True
2011-09-16 16:45:00,2011-09-16 13:15:00,PV_H098,PV,WATCH,NONE,Bus_Residential_3,0.0,3.16,0.0,3.16,0.0,0.0,0.0,0.0,Watch state: unconstrained export with active monitoring,,,,,,,,,,,,0.0,3.16,3.16,True
2011-09-16 16:45:00,2011-09-16 13:15:00,PV_H099,PV,WATCH,NONE,Bus_Residential_3,0.0,3.1,0.0,3.1,0.0,0.0,0.0,0.0,Watch state: unconstrained export with active monitoring,,,,,,,,,,,,0.0,3.1,3.1,False
2011-09-16 16:45:00,2011-09-16 13:15:00,BESS_COMMUNITY_01,BESS,WATCH,NONE,Bus_Residential_3,-25.0,25.0,-25.0,25.0,3.2,3.2,25.0,0.0,Watch state: operating within verified SOC limits,0.4962,0.2,0.9,0.1,25.0,25.0,,,,,,,,,
2011-09-16 16:45:00,2011-09-16 13:15:00,EV_001,EV,WATCH,NONE,Bus_Residential_3,0.0,7.4,0.0,0.0,0.0,0.0,0.0,0.0,EV outside availability window (disconnected),,,,,0.0,,18:00,07:30,15.0,0.0,False,,,,
2011-09-16 16:45:00,2011-09-16 13:15:00,EV_002,EV,WATCH,NONE,Bus_Residential_3,0.0,7.4,0.0,0.0,0.0,0.0,0.0,0.0,EV outside availability window (disconnected),,,,,0.0,,18:00,07:30,15.0,0.0,False,,,,
2011-09-16 16:45:00,2011-09-16 13:15:00,EV_003,EV,WATCH,NONE,Bus_Residential_3,0.0,7.4,0.0,0.0,0.0,0.0,0.0,0.0,EV outside availability window (disconnected),,,,,0.0,,18:00,07:30,15.0,0.0,False,,,,
2011-09-16 16:45:00,2011-09-16 13:15:00,EV_004,EV,WATCH,NONE,Bus_Residential_3,0.0,7.4,0.0,0.0,0.0,0.0,0.0,0.0,EV outside availability window (disconnected),,,,,0.0,,18:00,07:30,15.0,0.0,False,,,,
2011-09-16 16:45:00,2011-09-16 13:15:00,EV_005,EV,WATCH,NONE,Bus_Residential_3,0.0,7.4,0.0,0.0,0.0,0.0,0.0,0.0,EV outside availability window (disconnected),,,,,0.0,,18:00,07:30,15.0,0.0,False,,,,
2011-09-16 16:45:00,2011-09-16 13:15:00,EV_006,EV,WATCH,NONE,Bus_Residential_3,0.0,7.4,0.0,0.0,0.0,0.0,0.0,0.0,EV outside availability window (disconnected),,,,,0.0,,18:00,07:30,15.0,0.0,False,,,,
2011-09-16 16:45:00,2011-09-16 13:15:00,EV_007,EV,WATCH,NONE,Bus_Residential_3,0.0,7.4,0.0,0.0,0.0,0.0,0.0,0.0,EV outside availability window (disconnected),,,,,0.0,,18:00,07:30,15.0,0.0,False,,,,
2011-09-16 16:45:00,2011-09-16 13:15:00,EV_008,EV,WATCH,NONE,Bus_Residential_3,0.0,7.4,0.0,0.0,0.0,0.0,0.0,0.0,EV outside availability window (disconnected),,,,,0.0,,18:00,07:30,15.0,0.0,False,,,,
2011-09-16 16:45:00,2011-09-16 13:15:00,EV_009,EV,WATCH,NONE,Bus_Residential_3,0.0,7.4,0.0,0.0,0.0,0.0,0.0,0.0,EV outside availability window (disconnected),,,,,0.0,,18:00,07:30,15.0,0.0,False,,,,
2011-09-16 16:45:00,2011-09-16 13:15:00,EV_010,EV,WATCH,NONE,Bus_Residential_3,0.0,7.4,0.0,0.0,0.0,0.0,0.0,0.0,EV outside availability window (disconnected),,,,,0.0,,18:00,07:30,15.0,0.0,False,,,,
2011-09-16 16:45:00,2011-09-16 13:15:00,EV_011,EV,WATCH,NONE,Bus_Residential_3,0.0,7.4,0.0,0.0,0.0,0.0,0.0,0.0,EV outside availability window (disconnected),,,,,0.0,,18:00,07:30,15.0,0.0,False,,,,
2011-09-16 16:45:00,2011-09-16 13:15:00,EV_012,EV,WATCH,NONE,Bus_Residential_3,0.0,7.4,0.0,0.0,0.0,0.0,0.0,0.0,EV outside availability window (disconnected),,,,,0.0,,18:00,07:30,15.0,0.0,False,,,,
2011-09-16 16:45:00,2011-09-16 13:15:00,EV_013,EV,WATCH,NONE,Bus_Residential_3,0.0,7.4,0.0,0.0,0.0,0.0,0.0,0.0,EV outside availability window (disconnected),,,,,0.0,,18:00,07:30,15.0,0.0,False,,,,
2011-09-16 16:45:00,2011-09-16 13:15:00,EV_014,EV,WATCH,NONE,Bus_Residential_3,0.0,7.4,0.0,0.0,0.0,0.0,0.0,0.0,EV outside availability window (disconnected),,,,,0.0,,18:00,07:30,15.0,0.0,False,,,,
2011-09-16 16:45:00,2011-09-16 13:15:00,EV_015,EV,WATCH,NONE,Bus_Residential_3,0.0,7.4,0.0,0.0,0.0,0.0,0.0,0.0,EV outside availability window (disconnected),,,,,0.0,,18:00,07:30,15.0,0.0,False,,,,
2011-09-16 16:45:00,2011-09-16 13:15:00,EV_016,EV,WATCH,NONE,Bus_Residential_3,0.0,7.4,0.0,0.0,0.0,0.0,0.0,0.0,EV outside availability window (disconnected),,,,,0.0,,18:00,07:30,15.0,0.0,False,,,,
2011-09-16 16:45:00,2011-09-16 13:15:00,EV_017,EV,WATCH,NONE,Bus_Residential_3,0.0,7.4,0.0,0.0,0.0,0.0,0.0,0.0,EV outside availability window (disconnected),,,,,0.0,,18:00,07:30,15.0,0.0,False,,,,
2011-09-16 16:45:00,2011-09-16 13:15:00,EV_018,EV,WATCH,NONE,Bus_Residential_3,0.0,7.4,0.0,0.0,0.0,0.0,0.0,0.0,EV outside availability window (disconnected),,,,,0.0,,18:00,07:30,15.0,0.0,False,,,,
2011-09-16 16:45:00,2011-09-16 13:15:00,EV_019,EV,WATCH,NONE,Bus_Residential_3,0.0,7.4,0.0,0.0,0.0,0.0,0.0,0.0,EV outside availability window (disconnected),,,,,0.0,,18:00,07:30,15.0,0.0,False,,,,
2011-09-16 16:45:00,2011-09-16 13:15:00,EV_020,EV,WATCH,NONE,Bus_Residential_3,0.0,7.4,0.0,0.0,0.0,0.0,0.0,0.0,EV outside availability window (disconnected),,,,,0.0,,18:00,07:30,15.0,0.0,False,,,,
2011-09-16 16:45:00,2011-09-16 13:15:00,FL001,FLEXIBLE_LOAD,WATCH,NONE,Bus_Residential_3,0.0,0.0,0.0,0.0,0.0,0.0,0.0,0.0,Flexible load outside scheduled operating window,,,,,,,,,,,,,,,
2011-09-16 16:45:00,2011-09-16 13:15:00,FL002,FLEXIBLE_LOAD,WATCH,NONE,Bus_Residential_3,0.5,10.0,0.5,10.0,0.0,0.0,10.0,0.0,Normal scheduled operation,,,,,,,,,,,,,,,
2011-09-16 16:45:00,2011-09-16 13:15:00,FL003,FLEXIBLE_LOAD,WATCH,NONE,Bus_Residential_3,0.0,0.0,0.0,0.0,0.0,0.0,0.0,0.0,Flexible load outside scheduled operating window,,,,,,,,,,,,,,,
2011-09-16 17:00:00,2011-09-16 13:15:00,PV_H002,PV,CONSTRAINED,VOLTAGE_DROP,Bus_Residential_3,0.0,3.91,0.0,3.91,0.0,0.0,0.0,0.03,Solar export allowed without restriction to support feeder load during VOLTAGE_DROP,,,,,,,,,,,,0.0,3.91,3.91,True
2011-09-16 17:00:00,2011-09-16 13:15:00,PV_H003,PV,CONSTRAINED,VOLTAGE_DROP,Bus_Residential_3,0.0,3.15,0.0,3.15,0.0,0.0,0.0,0.03,Solar export allowed without restriction to support feeder load during VOLTAGE_DROP,,,,,,,,,,,,0.0,3.15,3.15,True
2011-09-16 17:00:00,2011-09-16 13:15:00,PV_H005,PV,CONSTRAINED,VOLTAGE_DROP,Bus_Residential_3,0.0,3.17,0.0,3.17,0.0,0.0,0.0,0.03,Solar export allowed without restriction to support feeder load during VOLTAGE_DROP,,,,,,,,,,,,0.0,3.17,3.17,False
2011-09-16 17:00:00,2011-09-16 13:15:00,PV_H006,PV,CONSTRAINED,VOLTAGE_DROP,Bus_Residential_3,0.0,2.0,0.0,2.0,0.0,0.0,0.0,0.03,Solar export allowed without restriction to support feeder load during VOLTAGE_DROP,,,,,,,,,,,,0.0,2.0,2.0,True
2011-09-16 17:00:00,2011-09-16 13:15:00,PV_H007,PV,CONSTRAINED,VOLTAGE_DROP,Bus_Residential_3,0.0,3.93,0.0,3.93,0.0,0.0,0.0,0.03,Solar export allowed without restriction to support feeder load during VOLTAGE_DROP,,,,,,,,,,,,0.0,3.93,3.93,False
2011-09-16 17:00:00,2011-09-16 13:15:00,PV_H010,PV,CONSTRAINED,VOLTAGE_DROP,Bus_Residential_3,0.0,3.02,0.0,3.02,0.0,0.0,0.0,0.03,Solar export allowed without restriction to support feeder load during VOLTAGE_DROP,,,,,,,,,,,,0.0,3.02,3.02,False
2011-09-16 17:00:00,2011-09-16 13:15:00,PV_H016,PV,CONSTRAINED,VOLTAGE_DROP,Bus_Residential_3,0.0,2.1,0.0,2.1,0.0,0.0,0.0,0.03,Solar export allowed without restriction to support feeder load during VOLTAGE_DROP,,,,,,,,,,,,0.0,2.1,2.1,True
2011-09-16 17:00:00,2011-09-16 13:15:00,PV_H017,PV,CONSTRAINED,VOLTAGE_DROP,Bus_Residential_3,0.0,3.62,0.0,3.62,0.0,0.0,0.0,0.03,Solar export allowed without restriction to support feeder load during VOLTAGE_DROP,,,,,,,,,,,,0.0,3.62,3.62,True
2011-09-16 17:00:00,2011-09-16 13:15:00,PV_H018,PV,CONSTRAINED,VOLTAGE_DROP,Bus_Residential_3,0.0,2.33,0.0,2.33,0.0,0.0,0.0,0.03,Solar export allowed without restriction to support feeder load during VOLTAGE_DROP,,,,,,,,,,,,0.0,2.33,2.33,True
2011-09-16 17:00:00,2011-09-16 13:15:00,PV_H021,PV,CONSTRAINED,VOLTAGE_DROP,Bus_Residential_3,0.0,5.39,0.0,5.39,0.0,0.0,0.0,0.03,Solar export allowed without restriction to support feeder load during VOLTAGE_DROP,,,,,,,,,,,,0.0,5.39,5.39,True
2011-09-16 17:00:00,2011-09-16 13:15:00,PV_H024,PV,CONSTRAINED,VOLTAGE_DROP,Bus_Residential_3,0.0,2.0,0.0,2.0,0.0,0.0,0.0,0.03,Solar export allowed without restriction to support feeder load during VOLTAGE_DROP,,,,,,,,,,,,0.0,2.0,2.0,True
2011-09-16 17:00:00,2011-09-16 13:15:00,PV_H025,PV,CONSTRAINED,VOLTAGE_DROP,Bus_Residential_3,0.0,3.81,0.0,3.81,0.0,0.0,0.0,0.03,Solar export allowed without restriction to support feeder load during VOLTAGE_DROP,,,,,,,,,,,,0.0,3.81,3.81,False
2011-09-16 17:00:00,2011-09-16 13:15:00,PV_H026,PV,CONSTRAINED,VOLTAGE_DROP,Bus_Residential_3,0.0,3.67,0.0,3.67,0.0,0.0,0.0,0.03,Solar export allowed without restriction to support feeder load during VOLTAGE_DROP,,,,,,,,,,,,0.0,3.67,3.67,False
2011-09-16 17:00:00,2011-09-16 13:15:00,PV_H027,PV,CONSTRAINED,VOLTAGE_DROP,Bus_Residential_3,0.0,3.54,0.0,3.54,0.0,0.0,0.0,0.03,Solar export allowed without restriction to support feeder load during VOLTAGE_DROP,,,,,,,,,,,,0.0,3.54,3.54,True
2011-09-16 17:00:00,2011-09-16 13:15:00,PV_H032,PV,CONSTRAINED,VOLTAGE_DROP,Bus_Residential_3,0.0,3.2,0.0,3.2,0.0,0.0,0.0,0.03,Solar export allowed without restriction to support feeder load during VOLTAGE_DROP,,,,,,,,,,,,0.0,3.2,3.2,False
2011-09-16 17:00:00,2011-09-16 13:15:00,PV_H033,PV,CONSTRAINED,VOLTAGE_DROP,Bus_Residential_3,0.0,2.42,0.0,2.42,0.0,0.0,0.0,0.03,Solar export allowed without restriction to support feeder load during VOLTAGE_DROP,,,,,,,,,,,,0.0,2.42,2.42,True
2011-09-16 17:00:00,2011-09-16 13:15:00,PV_H034,PV,CONSTRAINED,VOLTAGE_DROP,Bus_Residential_3,0.0,3.96,0.0,3.96,0.0,0.0,0.0,0.03,Solar export allowed without restriction to support feeder load during VOLTAGE_DROP,,,,,,,,,,,,0.0,3.96,3.96,True
2011-09-16 17:00:00,2011-09-16 13:15:00,PV_H035,PV,CONSTRAINED,VOLTAGE_DROP,Bus_Residential_3,0.0,2.98,0.0,2.98,0.0,0.0,0.0,0.03,Solar export allowed without restriction to support feeder load during VOLTAGE_DROP,,,,,,,,,,,,0.0,2.98,2.98,True
2011-09-16 17:00:00,2011-09-16 13:15:00,PV_H036,PV,CONSTRAINED,VOLTAGE_DROP,Bus_Residential_3,0.0,3.49,0.0,3.49,0.0,0.0,0.0,0.05,Solar export allowed without restriction to support feeder load during VOLTAGE_DROP,,,,,,,,,,,,0.0,3.49,3.49,False
2011-09-16 17:00:00,2011-09-16 13:15:00,PV_H037,PV,CONSTRAINED,VOLTAGE_DROP,Bus_Residential_3,0.0,3.36,0.0,3.36,0.0,0.0,0.0,0.05,Solar export allowed without restriction to support feeder load during VOLTAGE_DROP,,,,,,,,,,,,0.0,3.36,3.36,False
2011-09-16 17:00:00,2011-09-16 13:15:00,PV_H040,PV,CONSTRAINED,VOLTAGE_DROP,Bus_Residential_3,0.0,4.1,0.0,4.1,0.0,0.0,0.0,0.05,Solar export allowed without restriction to support feeder load during VOLTAGE_DROP,,,,,,,,,,,,0.0,4.1,4.1,False
2011-09-16 17:00:00,2011-09-16 13:15:00,PV_H042,PV,CONSTRAINED,VOLTAGE_DROP,Bus_Residential_3,0.0,2.55,0.0,2.55,0.0,0.0,0.0,0.05,Solar export allowed without restriction to support feeder load during VOLTAGE_DROP,,,,,,,,,,,,0.0,2.55,2.55,True
2011-09-16 17:00:00,2011-09-16 13:15:00,PV_H044,PV,CONSTRAINED,VOLTAGE_DROP,Bus_Residential_3,0.0,3.34,0.0,3.34,0.0,0.0,0.0,0.05,Solar export allowed without restriction to support feeder load during VOLTAGE_DROP,,,,,,,,,,,,0.0,3.34,3.34,False
2011-09-16 17:00:00,2011-09-16 13:15:00,PV_H046,PV,CONSTRAINED,VOLTAGE_DROP,Bus_Residential_3,0.0,4.27,0.0,4.27,0.0,0.0,0.0,0.05,Solar export allowed without restriction to support feeder load during VOLTAGE_DROP,,,,,,,,,,,,0.0,4.27,4.27,False
2011-09-16 17:00:00,2011-09-16 13:15:00,PV_H048,PV,CONSTRAINED,VOLTAGE_DROP,Bus_Residential_3,0.0,3.11,0.0,3.11,0.0,0.0,0.0,0.05,Solar export allowed without restriction to support feeder load during VOLTAGE_DROP,,,,,,,,,,,,0.0,3.11,3.11,False
2011-09-16 17:00:00,2011-09-16 13:15:00,PV_H049,PV,CONSTRAINED,VOLTAGE_DROP,Bus_Residential_3,0.0,2.77,0.0,2.77,0.0,0.0,0.0,0.05,Solar export allowed without restriction to support feeder load during VOLTAGE_DROP,,,,,,,,,,,,0.0,2.77,2.77,True
2011-09-16 17:00:00,2011-09-16 13:15:00,PV_H050,PV,CONSTRAINED,VOLTAGE_DROP,Bus_Residential_3,0.0,3.9,0.0,3.9,0.0,0.0,0.0,0.05,Solar export allowed without restriction to support feeder load during VOLTAGE_DROP,,,,,,,,,,,,0.0,3.9,3.9,True
2011-09-16 17:00:00,2011-09-16 13:15:00,PV_H053,PV,CONSTRAINED,VOLTAGE_DROP,Bus_Residential_3,0.0,4.54,0.0,4.54,0.0,0.0,0.0,0.05,Solar export allowed without restriction to support feeder load during VOLTAGE_DROP,,,,,,,,,,,,0.0,4.54,4.54,False
2011-09-16 17:00:00,2011-09-16 13:15:00,PV_H055,PV,CONSTRAINED,VOLTAGE_DROP,Bus_Residential_3,0.0,2.77,0.0,2.77,0.0,0.0,0.0,0.05,Solar export allowed without restriction to support feeder load during VOLTAGE_DROP,,,,,,,,,,,,0.0,2.77,2.77,True
2011-09-16 17:00:00,2011-09-16 13:15:00,PV_H057,PV,CONSTRAINED,VOLTAGE_DROP,Bus_Residential_3,0.0,4.34,0.0,4.34,0.0,0.0,0.0,0.05,Solar export allowed without restriction to support feeder load during VOLTAGE_DROP,,,,,,,,,,,,0.0,4.34,4.34,True
2011-09-16 17:00:00,2011-09-16 13:15:00,PV_H058,PV,CONSTRAINED,VOLTAGE_DROP,Bus_Residential_3,0.0,3.0,0.0,3.0,0.0,0.0,0.0,0.05,Solar export allowed without restriction to support feeder load during VOLTAGE_DROP,,,,,,,,,,,,0.0,3.0,3.0,True
2011-09-16 17:00:00,2011-09-16 13:15:00,PV_H060,PV,CONSTRAINED,VOLTAGE_DROP,Bus_Residential_3,0.0,5.57,0.0,5.57,0.0,0.0,0.0,0.05,Solar export allowed without restriction to support feeder load during VOLTAGE_DROP,,,,,,,,,,,,0.0,5.57,5.57,True
2011-09-16 17:00:00,2011-09-16 13:15:00,PV_H061,PV,CONSTRAINED,VOLTAGE_DROP,Bus_Residential_3,0.0,3.07,0.0,3.07,0.0,0.0,0.0,0.05,Solar export allowed without restriction to support feeder load during VOLTAGE_DROP,,,,,,,,,,,,0.0,3.07,3.07,True
2011-09-16 17:00:00,2011-09-16 13:15:00,PV_H062,PV,CONSTRAINED,VOLTAGE_DROP,Bus_Residential_3,0.0,6.0,0.0,6.0,0.0,0.0,0.0,0.05,Solar export allowed without restriction to support feeder load during VOLTAGE_DROP,,,,,,,,,,,,0.0,6.0,6.0,False
2011-09-16 17:00:00,2011-09-16 13:15:00,PV_H063,PV,CONSTRAINED,VOLTAGE_DROP,Bus_Residential_3,0.0,4.02,0.0,4.02,0.0,0.0,0.0,0.05,Solar export allowed without restriction to support feeder load during VOLTAGE_DROP,,,,,,,,,,,,0.0,4.02,4.02,False
2011-09-16 17:00:00,2011-09-16 13:15:00,PV_H066,PV,CONSTRAINED,VOLTAGE_DROP,Bus_Residential_3,0.0,4.43,0.0,4.43,0.0,0.0,0.0,0.05,Solar export allowed without restriction to support feeder load during VOLTAGE_DROP,,,,,,,,,,,,0.0,4.43,4.43,False
2011-09-16 17:00:00,2011-09-16 13:15:00,PV_H067,PV,CONSTRAINED,VOLTAGE_DROP,Bus_Residential_3,0.0,2.63,0.0,2.63,0.0,0.0,0.0,0.05,Solar export allowed without restriction to support feeder load during VOLTAGE_DROP,,,,,,,,,,,,0.0,2.63,2.63,True
2011-09-16 17:00:00,2011-09-16 13:15:00,PV_H069,PV,CONSTRAINED,VOLTAGE_DROP,Bus_Residential_3,0.0,3.58,0.0,3.58,0.0,0.0,0.0,0.05,Solar export allowed without restriction to support feeder load during VOLTAGE_DROP,,,,,,,,,,,,0.0,3.58,3.58,True
2011-09-16 17:00:00,2011-09-16 13:15:00,PV_H071,PV,CONSTRAINED,VOLTAGE_DROP,Bus_Residential_3,0.0,4.57,0.0,4.57,0.0,0.0,0.0,0.07,Solar export allowed without restriction to support feeder load during VOLTAGE_DROP,,,,,,,,,,,,0.0,4.57,4.57,True
2011-09-16 17:00:00,2011-09-16 13:15:00,PV_H072,PV,CONSTRAINED,VOLTAGE_DROP,Bus_Residential_3,0.0,5.17,0.0,5.17,0.0,0.0,0.0,0.07,Solar export allowed without restriction to support feeder load during VOLTAGE_DROP,,,,,,,,,,,,0.0,5.17,5.17,True
2011-09-16 17:00:00,2011-09-16 13:15:00,PV_H073,PV,CONSTRAINED,VOLTAGE_DROP,Bus_Residential_3,0.0,3.71,0.0,3.71,0.0,0.0,0.0,0.07,Solar export allowed without restriction to support feeder load during VOLTAGE_DROP,,,,,,,,,,,,0.0,3.71,3.71,True
2011-09-16 17:00:00,2011-09-16 13:15:00,PV_H074,PV,CONSTRAINED,VOLTAGE_DROP,Bus_Residential_3,0.0,4.1,0.0,4.1,0.0,0.0,0.0,0.07,Solar export allowed without restriction to support feeder load during VOLTAGE_DROP,,,,,,,,,,,,0.0,4.1,4.1,False
2011-09-16 17:00:00,2011-09-16 13:15:00,PV_H076,PV,CONSTRAINED,VOLTAGE_DROP,Bus_Residential_3,0.0,4.69,0.0,4.69,0.0,0.0,0.0,0.07,Solar export allowed without restriction to support feeder load during VOLTAGE_DROP,,,,,,,,,,,,0.0,4.69,4.69,True
2011-09-16 17:00:00,2011-09-16 13:15:00,PV_H077,PV,CONSTRAINED,VOLTAGE_DROP,Bus_Residential_3,0.0,5.0,0.0,5.0,0.0,0.0,0.0,0.07,Solar export allowed without restriction to support feeder load during VOLTAGE_DROP,,,,,,,,,,,,0.0,5.0,5.0,True
2011-09-16 17:00:00,2011-09-16 13:15:00,PV_H078,PV,CONSTRAINED,VOLTAGE_DROP,Bus_Residential_3,0.0,2.75,0.0,2.75,0.0,0.0,0.0,0.07,Solar export allowed without restriction to support feeder load during VOLTAGE_DROP,,,,,,,,,,,,0.0,2.75,2.75,False
2011-09-16 17:00:00,2011-09-16 13:15:00,PV_H079,PV,CONSTRAINED,VOLTAGE_DROP,Bus_Residential_3,0.0,2.85,0.0,2.85,0.0,0.0,0.0,0.07,Solar export allowed without restriction to support feeder load during VOLTAGE_DROP,,,,,,,,,,,,0.0,2.85,2.85,True
2011-09-16 17:00:00,2011-09-16 13:15:00,PV_H080,PV,CONSTRAINED,VOLTAGE_DROP,Bus_Residential_3,0.0,4.14,0.0,4.14,0.0,0.0,0.0,0.07,Solar export allowed without restriction to support feeder load during VOLTAGE_DROP,,,,,,,,,,,,0.0,4.14,4.14,False
2011-09-16 17:00:00,2011-09-16 13:15:00,PV_H081,PV,CONSTRAINED,VOLTAGE_DROP,Bus_Residential_3,0.0,4.14,0.0,4.14,0.0,0.0,0.0,0.07,Solar export allowed without restriction to support feeder load during VOLTAGE_DROP,,,,,,,,,,,,0.0,4.14,4.14,True
2011-09-16 17:00:00,2011-09-16 13:15:00,PV_H082,PV,CONSTRAINED,VOLTAGE_DROP,Bus_Residential_3,0.0,2.74,0.0,2.74,0.0,0.0,0.0,0.07,Solar export allowed without restriction to support feeder load during VOLTAGE_DROP,,,,,,,,,,,,0.0,2.74,2.74,True
2011-09-16 17:00:00,2011-09-16 13:15:00,PV_H083,PV,CONSTRAINED,VOLTAGE_DROP,Bus_Residential_3,0.0,3.06,0.0,3.06,0.0,0.0,0.0,0.07,Solar export allowed without restriction to support feeder load during VOLTAGE_DROP,,,,,,,,,,,,0.0,3.06,3.06,True
2011-09-16 17:00:00,2011-09-16 13:15:00,PV_H085,PV,CONSTRAINED,VOLTAGE_DROP,Bus_Residential_3,0.0,3.82,0.0,3.82,0.0,0.0,0.0,0.07,Solar export allowed without restriction to support feeder load during VOLTAGE_DROP,,,,,,,,,,,,0.0,3.82,3.82,False
2011-09-16 17:00:00,2011-09-16 13:15:00,PV_H087,PV,CONSTRAINED,VOLTAGE_DROP,Bus_Residential_3,0.0,4.42,0.0,4.42,0.0,0.0,0.0,0.07,Solar export allowed without restriction to support feeder load during VOLTAGE_DROP,,,,,,,,,,,,0.0,4.42,4.42,False
2011-09-16 17:00:00,2011-09-16 13:15:00,PV_H088,PV,CONSTRAINED,VOLTAGE_DROP,Bus_Residential_3,0.0,2.24,0.0,2.24,0.0,0.0,0.0,0.07,Solar export allowed without restriction to support feeder load during VOLTAGE_DROP,,,,,,,,,,,,0.0,2.24,2.24,False
2011-09-16 17:00:00,2011-09-16 13:15:00,PV_H090,PV,CONSTRAINED,VOLTAGE_DROP,Bus_Residential_3,0.0,4.33,0.0,4.33,0.0,0.0,0.0,0.07,Solar export allowed without restriction to support feeder load during VOLTAGE_DROP,,,,,,,,,,,,0.0,4.33,4.33,True
2011-09-16 17:00:00,2011-09-16 13:15:00,PV_H093,PV,CONSTRAINED,VOLTAGE_DROP,Bus_Residential_3,0.0,5.31,0.0,5.31,0.0,0.0,0.0,0.07,Solar export allowed without restriction to support feeder load during VOLTAGE_DROP,,,,,,,,,,,,0.0,5.31,5.31,True
2011-09-16 17:00:00,2011-09-16 13:15:00,PV_H094,PV,CONSTRAINED,VOLTAGE_DROP,Bus_Residential_3,0.0,2.76,0.0,2.76,0.0,0.0,0.0,0.07,Solar export allowed without restriction to support feeder load during VOLTAGE_DROP,,,,,,,,,,,,0.0,2.76,2.76,True
2011-09-16 17:00:00,2011-09-16 13:15:00,PV_H095,PV,CONSTRAINED,VOLTAGE_DROP,Bus_Residential_3,0.0,2.66,0.0,2.66,0.0,0.0,0.0,0.07,Solar export allowed without restriction to support feeder load during VOLTAGE_DROP,,,,,,,,,,,,0.0,2.66,2.66,False
2011-09-16 17:00:00,2011-09-16 13:15:00,PV_H096,PV,CONSTRAINED,VOLTAGE_DROP,Bus_Residential_3,0.0,4.27,0.0,4.27,0.0,0.0,0.0,0.07,Solar export allowed without restriction to support feeder load during VOLTAGE_DROP,,,,,,,,,,,,0.0,4.27,4.27,True
2011-09-16 17:00:00,2011-09-16 13:15:00,PV_H098,PV,CONSTRAINED,VOLTAGE_DROP,Bus_Residential_3,0.0,3.16,0.0,3.16,0.0,0.0,0.0,0.07,Solar export allowed without restriction to support feeder load during VOLTAGE_DROP,,,,,,,,,,,,0.0,3.16,3.16,True
2011-09-16 17:00:00,2011-09-16 13:15:00,PV_H099,PV,CONSTRAINED,VOLTAGE_DROP,Bus_Residential_3,0.0,3.1,0.0,3.1,0.0,0.0,0.0,0.07,Solar export allowed without restriction to support feeder load during VOLTAGE_DROP,,,,,,,,,,,,0.0,3.1,3.1,False
2011-09-16 17:00:00,2011-09-16 13:15:00,BESS_COMMUNITY_01,BESS,CONSTRAINED,VOLTAGE_DROP,Bus_Residential_3,-25.0,25.0,-0.0,25.0,17.76,17.76,25.0,0.0,Battery charging restricted and discharge permitted to relieve VOLTAGE_DROP,0.4878,0.2,0.9,0.1,0.0,25.0,,,,,,,,,
2011-09-16 17:00:00,2011-09-16 13:15:00,EV_001,EV,CONSTRAINED,VOLTAGE_DROP,Bus_Residential_3,0.0,7.4,0.0,0.0,0.0,0.0,0.0,0.05,EV outside availability window (disconnected),,,,,0.0,,18:00,07:30,15.0,0.0,False,,,,
2011-09-16 17:00:00,2011-09-16 13:15:00,EV_002,EV,CONSTRAINED,VOLTAGE_DROP,Bus_Residential_3,0.0,7.4,0.0,0.0,0.0,0.0,0.0,0.05,EV outside availability window (disconnected),,,,,0.0,,18:00,07:30,15.0,0.0,False,,,,
2011-09-16 17:00:00,2011-09-16 13:15:00,EV_003,EV,CONSTRAINED,VOLTAGE_DROP,Bus_Residential_3,0.0,7.4,0.0,0.0,0.0,0.0,0.0,0.05,EV outside availability window (disconnected),,,,,0.0,,18:00,07:30,15.0,0.0,False,,,,
2011-09-16 17:00:00,2011-09-16 13:15:00,EV_004,EV,CONSTRAINED,VOLTAGE_DROP,Bus_Residential_3,0.0,7.4,0.0,0.0,0.0,0.0,0.0,0.05,EV outside availability window (disconnected),,,,,0.0,,18:00,07:30,15.0,0.0,False,,,,
2011-09-16 17:00:00,2011-09-16 13:15:00,EV_005,EV,CONSTRAINED,VOLTAGE_DROP,Bus_Residential_3,0.0,7.4,0.0,0.0,0.0,0.0,0.0,0.05,EV outside availability window (disconnected),,,,,0.0,,18:00,07:30,15.0,0.0,False,,,,
2011-09-16 17:00:00,2011-09-16 13:15:00,EV_006,EV,CONSTRAINED,VOLTAGE_DROP,Bus_Residential_3,0.0,7.4,0.0,0.0,0.0,0.0,0.0,0.05,EV outside availability window (disconnected),,,,,0.0,,18:00,07:30,15.0,0.0,False,,,,
2011-09-16 17:00:00,2011-09-16 13:15:00,EV_007,EV,CONSTRAINED,VOLTAGE_DROP,Bus_Residential_3,0.0,7.4,0.0,0.0,0.0,0.0,0.0,0.05,EV outside availability window (disconnected),,,,,0.0,,18:00,07:30,15.0,0.0,False,,,,
2011-09-16 17:00:00,2011-09-16 13:15:00,EV_008,EV,CONSTRAINED,VOLTAGE_DROP,Bus_Residential_3,0.0,7.4,0.0,0.0,0.0,0.0,0.0,0.05,EV outside availability window (disconnected),,,,,0.0,,18:00,07:30,15.0,0.0,False,,,,
2011-09-16 17:00:00,2011-09-16 13:15:00,EV_009,EV,CONSTRAINED,VOLTAGE_DROP,Bus_Residential_3,0.0,7.4,0.0,0.0,0.0,0.0,0.0,0.05,EV outside availability window (disconnected),,,,,0.0,,18:00,07:30,15.0,0.0,False,,,,
2011-09-16 17:00:00,2011-09-16 13:15:00,EV_010,EV,CONSTRAINED,VOLTAGE_DROP,Bus_Residential_3,0.0,7.4,0.0,0.0,0.0,0.0,0.0,0.05,EV outside availability window (disconnected),,,,,0.0,,18:00,07:30,15.0,0.0,False,,,,
2011-09-16 17:00:00,2011-09-16 13:15:00,EV_011,EV,CONSTRAINED,VOLTAGE_DROP,Bus_Residential_3,0.0,7.4,0.0,0.0,0.0,0.0,0.0,0.05,EV outside availability window (disconnected),,,,,0.0,,18:00,07:30,15.0,0.0,False,,,,
2011-09-16 17:00:00,2011-09-16 13:15:00,EV_012,EV,CONSTRAINED,VOLTAGE_DROP,Bus_Residential_3,0.0,7.4,0.0,0.0,0.0,0.0,0.0,0.05,EV outside availability window (disconnected),,,,,0.0,,18:00,07:30,15.0,0.0,False,,,,
2011-09-16 17:00:00,2011-09-16 13:15:00,EV_013,EV,CONSTRAINED,VOLTAGE_DROP,Bus_Residential_3,0.0,7.4,0.0,0.0,0.0,0.0,0.0,0.05,EV outside availability window (disconnected),,,,,0.0,,18:00,07:30,15.0,0.0,False,,,,
2011-09-16 17:00:00,2011-09-16 13:15:00,EV_014,EV,CONSTRAINED,VOLTAGE_DROP,Bus_Residential_3,0.0,7.4,0.0,0.0,0.0,0.0,0.0,0.05,EV outside availability window (disconnected),,,,,0.0,,18:00,07:30,15.0,0.0,False,,,,
2011-09-16 17:00:00,2011-09-16 13:15:00,EV_015,EV,CONSTRAINED,VOLTAGE_DROP,Bus_Residential_3,0.0,7.4,0.0,0.0,0.0,0.0,0.0,0.05,EV outside availability window (disconnected),,,,,0.0,,18:00,07:30,15.0,0.0,False,,,,
2011-09-16 17:00:00,2011-09-16 13:15:00,EV_016,EV,CONSTRAINED,VOLTAGE_DROP,Bus_Residential_3,0.0,7.4,0.0,0.0,0.0,0.0,0.0,0.05,EV outside availability window (disconnected),,,,,0.0,,18:00,07:30,15.0,0.0,False,,,,
2011-09-16 17:00:00,2011-09-16 13:15:00,EV_017,EV,CONSTRAINED,VOLTAGE_DROP,Bus_Residential_3,0.0,7.4,0.0,0.0,0.0,0.0,0.0,0.05,EV outside availability window (disconnected),,,,,0.0,,18:00,07:30,15.0,0.0,False,,,,
2011-09-16 17:00:00,2011-09-16 13:15:00,EV_018,EV,CONSTRAINED,VOLTAGE_DROP,Bus_Residential_3,0.0,7.4,0.0,0.0,0.0,0.0,0.0,0.05,EV outside availability window (disconnected),,,,,0.0,,18:00,07:30,15.0,0.0,False,,,,
2011-09-16 17:00:00,2011-09-16 13:15:00,EV_019,EV,CONSTRAINED,VOLTAGE_DROP,Bus_Residential_3,0.0,7.4,0.0,0.0,0.0,0.0,0.0,0.05,EV outside availability window (disconnected),,,,,0.0,,18:00,07:30,15.0,0.0,False,,,,
2011-09-16 17:00:00,2011-09-16 13:15:00,EV_020,EV,CONSTRAINED,VOLTAGE_DROP,Bus_Residential_3,0.0,7.4,0.0,0.0,0.0,0.0,0.0,0.05,EV outside availability window (disconnected),,,,,0.0,,18:00,07:30,15.0,0.0,False,,,,
2011-09-16 17:00:00,2011-09-16 13:15:00,FL001,FLEXIBLE_LOAD,CONSTRAINED,VOLTAGE_DROP,Bus_Residential_3,0.0,0.0,0.0,0.0,0.0,0.0,0.0,0.6,Flexible load outside scheduled operating window,,,,,,,,,,,,,,,
2011-09-16 17:00:00,2011-09-16 13:15:00,FL002,FLEXIBLE_LOAD,CONSTRAINED,VOLTAGE_DROP,Bus_Residential_3,0.5,10.0,0.5,10.0,0.0,0.0,10.0,0.9,Flexible load operating within baseline window,,,,,,,,,,,,,,,
2011-09-16 17:00:00,2011-09-16 13:15:00,FL003,FLEXIBLE_LOAD,CONSTRAINED,VOLTAGE_DROP,Bus_Residential_3,0.0,0.0,0.0,0.0,0.0,0.0,0.0,1.05,Flexible load outside scheduled operating window,,,,,,,,,,,,,,,
2011-09-16 17:15:00,2011-09-16 13:15:00,PV_H002,PV,CONSTRAINED,VOLTAGE_DROP,Bus_Residential_3,0.0,3.91,0.0,3.91,0.0,0.0,0.0,0.03,Solar export allowed without restriction to support feeder load during VOLTAGE_DROP,,,,,,,,,,,,0.0,3.91,3.91,True
2011-09-16 17:15:00,2011-09-16 13:15:00,PV_H003,PV,CONSTRAINED,VOLTAGE_DROP,Bus_Residential_3,0.0,3.15,0.0,3.15,0.0,0.0,0.0,0.03,Solar export allowed without restriction to support feeder load during VOLTAGE_DROP,,,,,,,,,,,,0.0,3.15,3.15,True
2011-09-16 17:15:00,2011-09-16 13:15:00,PV_H005,PV,CONSTRAINED,VOLTAGE_DROP,Bus_Residential_3,0.0,3.17,0.0,3.17,0.0,0.0,0.0,0.03,Solar export allowed without restriction to support feeder load during VOLTAGE_DROP,,,,,,,,,,,,0.0,3.17,3.17,False
2011-09-16 17:15:00,2011-09-16 13:15:00,PV_H006,PV,CONSTRAINED,VOLTAGE_DROP,Bus_Residential_3,0.0,2.0,0.0,2.0,0.0,0.0,0.0,0.03,Solar export allowed without restriction to support feeder load during VOLTAGE_DROP,,,,,,,,,,,,0.0,2.0,2.0,True
2011-09-16 17:15:00,2011-09-16 13:15:00,PV_H007,PV,CONSTRAINED,VOLTAGE_DROP,Bus_Residential_3,0.0,3.93,0.0,3.93,0.0,0.0,0.0,0.03,Solar export allowed without restriction to support feeder load during VOLTAGE_DROP,,,,,,,,,,,,0.0,3.93,3.93,False
2011-09-16 17:15:00,2011-09-16 13:15:00,PV_H010,PV,CONSTRAINED,VOLTAGE_DROP,Bus_Residential_3,0.0,3.02,0.0,3.02,0.0,0.0,0.0,0.03,Solar export allowed without restriction to support feeder load during VOLTAGE_DROP,,,,,,,,,,,,0.0,3.02,3.02,False
2011-09-16 17:15:00,2011-09-16 13:15:00,PV_H016,PV,CONSTRAINED,VOLTAGE_DROP,Bus_Residential_3,0.0,2.1,0.0,2.1,0.0,0.0,0.0,0.03,Solar export allowed without restriction to support feeder load during VOLTAGE_DROP,,,,,,,,,,,,0.0,2.1,2.1,True
2011-09-16 17:15:00,2011-09-16 13:15:00,PV_H017,PV,CONSTRAINED,VOLTAGE_DROP,Bus_Residential_3,0.0,3.62,0.0,3.62,0.0,0.0,0.0,0.03,Solar export allowed without restriction to support feeder load during VOLTAGE_DROP,,,,,,,,,,,,0.0,3.62,3.62,True
2011-09-16 17:15:00,2011-09-16 13:15:00,PV_H018,PV,CONSTRAINED,VOLTAGE_DROP,Bus_Residential_3,0.0,2.33,0.0,2.33,0.0,0.0,0.0,0.03,Solar export allowed without restriction to support feeder load during VOLTAGE_DROP,,,,,,,,,,,,0.0,2.33,2.33,True
2011-09-16 17:15:00,2011-09-16 13:15:00,PV_H021,PV,CONSTRAINED,VOLTAGE_DROP,Bus_Residential_3,0.0,5.39,0.0,5.39,0.0,0.0,0.0,0.03,Solar export allowed without restriction to support feeder load during VOLTAGE_DROP,,,,,,,,,,,,0.0,5.39,5.39,True
2011-09-16 17:15:00,2011-09-16 13:15:00,PV_H024,PV,CONSTRAINED,VOLTAGE_DROP,Bus_Residential_3,0.0,2.0,0.0,2.0,0.0,0.0,0.0,0.03,Solar export allowed without restriction to support feeder load during VOLTAGE_DROP,,,,,,,,,,,,0.0,2.0,2.0,True
2011-09-16 17:15:00,2011-09-16 13:15:00,PV_H025,PV,CONSTRAINED,VOLTAGE_DROP,Bus_Residential_3,0.0,3.81,0.0,3.81,0.0,0.0,0.0,0.03,Solar export allowed without restriction to support feeder load during VOLTAGE_DROP,,,,,,,,,,,,0.0,3.81,3.81,False
2011-09-16 17:15:00,2011-09-16 13:15:00,PV_H026,PV,CONSTRAINED,VOLTAGE_DROP,Bus_Residential_3,0.0,3.67,0.0,3.67,0.0,0.0,0.0,0.03,Solar export allowed without restriction to support feeder load during VOLTAGE_DROP,,,,,,,,,,,,0.0,3.67,3.67,False
2011-09-16 17:15:00,2011-09-16 13:15:00,PV_H027,PV,CONSTRAINED,VOLTAGE_DROP,Bus_Residential_3,0.0,3.54,0.0,3.54,0.0,0.0,0.0,0.03,Solar export allowed without restriction to support feeder load during VOLTAGE_DROP,,,,,,,,,,,,0.0,3.54,3.54,True
2011-09-16 17:15:00,2011-09-16 13:15:00,PV_H032,PV,CONSTRAINED,VOLTAGE_DROP,Bus_Residential_3,0.0,3.2,0.0,3.2,0.0,0.0,0.0,0.03,Solar export allowed without restriction to support feeder load during VOLTAGE_DROP,,,,,,,,,,,,0.0,3.2,3.2,False
2011-09-16 17:15:00,2011-09-16 13:15:00,PV_H033,PV,CONSTRAINED,VOLTAGE_DROP,Bus_Residential_3,0.0,2.42,0.0,2.42,0.0,0.0,0.0,0.03,Solar export allowed without restriction to support feeder load during VOLTAGE_DROP,,,,,,,,,,,,0.0,2.42,2.42,True
2011-09-16 17:15:00,2011-09-16 13:15:00,PV_H034,PV,CONSTRAINED,VOLTAGE_DROP,Bus_Residential_3,0.0,3.96,0.0,3.96,0.0,0.0,0.0,0.03,Solar export allowed without restriction to support feeder load during VOLTAGE_DROP,,,,,,,,,,,,0.0,3.96,3.96,True
2011-09-16 17:15:00,2011-09-16 13:15:00,PV_H035,PV,CONSTRAINED,VOLTAGE_DROP,Bus_Residential_3,0.0,2.98,0.0,2.98,0.0,0.0,0.0,0.03,Solar export allowed without restriction to support feeder load during VOLTAGE_DROP,,,,,,,,,,,,0.0,2.98,2.98,True
2011-09-16 17:15:00,2011-09-16 13:15:00,PV_H036,PV,CONSTRAINED,VOLTAGE_DROP,Bus_Residential_3,0.0,3.49,0.0,3.49,0.0,0.0,0.0,0.05,Solar export allowed without restriction to support feeder load during VOLTAGE_DROP,,,,,,,,,,,,0.0,3.49,3.49,False
2011-09-16 17:15:00,2011-09-16 13:15:00,PV_H037,PV,CONSTRAINED,VOLTAGE_DROP,Bus_Residential_3,0.0,3.36,0.0,3.36,0.0,0.0,0.0,0.05,Solar export allowed without restriction to support feeder load during VOLTAGE_DROP,,,,,,,,,,,,0.0,3.36,3.36,False
2011-09-16 17:15:00,2011-09-16 13:15:00,PV_H040,PV,CONSTRAINED,VOLTAGE_DROP,Bus_Residential_3,0.0,4.1,0.0,4.1,0.0,0.0,0.0,0.05,Solar export allowed without restriction to support feeder load during VOLTAGE_DROP,,,,,,,,,,,,0.0,4.1,4.1,False
2011-09-16 17:15:00,2011-09-16 13:15:00,PV_H042,PV,CONSTRAINED,VOLTAGE_DROP,Bus_Residential_3,0.0,2.55,0.0,2.55,0.0,0.0,0.0,0.05,Solar export allowed without restriction to support feeder load during VOLTAGE_DROP,,,,,,,,,,,,0.0,2.55,2.55,True
2011-09-16 17:15:00,2011-09-16 13:15:00,PV_H044,PV,CONSTRAINED,VOLTAGE_DROP,Bus_Residential_3,0.0,3.34,0.0,3.34,0.0,0.0,0.0,0.05,Solar export allowed without restriction to support feeder load during VOLTAGE_DROP,,,,,,,,,,,,0.0,3.34,3.34,False
2011-09-16 17:15:00,2011-09-16 13:15:00,PV_H046,PV,CONSTRAINED,VOLTAGE_DROP,Bus_Residential_3,0.0,4.27,0.0,4.27,0.0,0.0,0.0,0.05,Solar export allowed without restriction to support feeder load during VOLTAGE_DROP,,,,,,,,,,,,0.0,4.27,4.27,False
2011-09-16 17:15:00,2011-09-16 13:15:00,PV_H048,PV,CONSTRAINED,VOLTAGE_DROP,Bus_Residential_3,0.0,3.11,0.0,3.11,0.0,0.0,0.0,0.05,Solar export allowed without restriction to support feeder load during VOLTAGE_DROP,,,,,,,,,,,,0.0,3.11,3.11,False
2011-09-16 17:15:00,2011-09-16 13:15:00,PV_H049,PV,CONSTRAINED,VOLTAGE_DROP,Bus_Residential_3,0.0,2.77,0.0,2.77,0.0,0.0,0.0,0.05,Solar export allowed without restriction to support feeder load during VOLTAGE_DROP,,,,,,,,,,,,0.0,2.77,2.77,True
2011-09-16 17:15:00,2011-09-16 13:15:00,PV_H050,PV,CONSTRAINED,VOLTAGE_DROP,Bus_Residential_3,0.0,3.9,0.0,3.9,0.0,0.0,0.0,0.05,Solar export allowed without restriction to support feeder load during VOLTAGE_DROP,,,,,,,,,,,,0.0,3.9,3.9,True
2011-09-16 17:15:00,2011-09-16 13:15:00,PV_H053,PV,CONSTRAINED,VOLTAGE_DROP,Bus_Residential_3,0.0,4.54,0.0,4.54,0.0,0.0,0.0,0.05,Solar export allowed without restriction to support feeder load during VOLTAGE_DROP,,,,,,,,,,,,0.0,4.54,4.54,False
2011-09-16 17:15:00,2011-09-16 13:15:00,PV_H055,PV,CONSTRAINED,VOLTAGE_DROP,Bus_Residential_3,0.0,2.77,0.0,2.77,0.0,0.0,0.0,0.05,Solar export allowed without restriction to support feeder load during VOLTAGE_DROP,,,,,,,,,,,,0.0,2.77,2.77,True
2011-09-16 17:15:00,2011-09-16 13:15:00,PV_H057,PV,CONSTRAINED,VOLTAGE_DROP,Bus_Residential_3,0.0,4.34,0.0,4.34,0.0,0.0,0.0,0.05,Solar export allowed without restriction to support feeder load during VOLTAGE_DROP,,,,,,,,,,,,0.0,4.34,4.34,True
2011-09-16 17:15:00,2011-09-16 13:15:00,PV_H058,PV,CONSTRAINED,VOLTAGE_DROP,Bus_Residential_3,0.0,3.0,0.0,3.0,0.0,0.0,0.0,0.05,Solar export allowed without restriction to support feeder load during VOLTAGE_DROP,,,,,,,,,,,,0.0,3.0,3.0,True
2011-09-16 17:15:00,2011-09-16 13:15:00,PV_H060,PV,CONSTRAINED,VOLTAGE_DROP,Bus_Residential_3,0.0,5.57,0.0,5.57,0.0,0.0,0.0,0.05,Solar export allowed without restriction to support feeder load during VOLTAGE_DROP,,,,,,,,,,,,0.0,5.57,5.57,True
2011-09-16 17:15:00,2011-09-16 13:15:00,PV_H061,PV,CONSTRAINED,VOLTAGE_DROP,Bus_Residential_3,0.0,3.07,0.0,3.07,0.0,0.0,0.0,0.05,Solar export allowed without restriction to support feeder load during VOLTAGE_DROP,,,,,,,,,,,,0.0,3.07,3.07,True
2011-09-16 17:15:00,2011-09-16 13:15:00,PV_H062,PV,CONSTRAINED,VOLTAGE_DROP,Bus_Residential_3,0.0,6.0,0.0,6.0,0.0,0.0,0.0,0.05,Solar export allowed without restriction to support feeder load during VOLTAGE_DROP,,,,,,,,,,,,0.0,6.0,6.0,False
2011-09-16 17:15:00,2011-09-16 13:15:00,PV_H063,PV,CONSTRAINED,VOLTAGE_DROP,Bus_Residential_3,0.0,4.02,0.0,4.02,0.0,0.0,0.0,0.05,Solar export allowed without restriction to support feeder load during VOLTAGE_DROP,,,,,,,,,,,,0.0,4.02,4.02,False
2011-09-16 17:15:00,2011-09-16 13:15:00,PV_H066,PV,CONSTRAINED,VOLTAGE_DROP,Bus_Residential_3,0.0,4.43,0.0,4.43,0.0,0.0,0.0,0.05,Solar export allowed without restriction to support feeder load during VOLTAGE_DROP,,,,,,,,,,,,0.0,4.43,4.43,False
2011-09-16 17:15:00,2011-09-16 13:15:00,PV_H067,PV,CONSTRAINED,VOLTAGE_DROP,Bus_Residential_3,0.0,2.63,0.0,2.63,0.0,0.0,0.0,0.05,Solar export allowed without restriction to support feeder load during VOLTAGE_DROP,,,,,,,,,,,,0.0,2.63,2.63,True
2011-09-16 17:15:00,2011-09-16 13:15:00,PV_H069,PV,CONSTRAINED,VOLTAGE_DROP,Bus_Residential_3,0.0,3.58,0.0,3.58,0.0,0.0,0.0,0.05,Solar export allowed without restriction to support feeder load during VOLTAGE_DROP,,,,,,,,,,,,0.0,3.58,3.58,True
2011-09-16 17:15:00,2011-09-16 13:15:00,PV_H071,PV,CONSTRAINED,VOLTAGE_DROP,Bus_Residential_3,0.0,4.57,0.0,4.57,0.0,0.0,0.0,0.07,Solar export allowed without restriction to support feeder load during VOLTAGE_DROP,,,,,,,,,,,,0.0,4.57,4.57,True
2011-09-16 17:15:00,2011-09-16 13:15:00,PV_H072,PV,CONSTRAINED,VOLTAGE_DROP,Bus_Residential_3,0.0,5.17,0.0,5.17,0.0,0.0,0.0,0.07,Solar export allowed without restriction to support feeder load during VOLTAGE_DROP,,,,,,,,,,,,0.0,5.17,5.17,True
2011-09-16 17:15:00,2011-09-16 13:15:00,PV_H073,PV,CONSTRAINED,VOLTAGE_DROP,Bus_Residential_3,0.0,3.71,0.0,3.71,0.0,0.0,0.0,0.07,Solar export allowed without restriction to support feeder load during VOLTAGE_DROP,,,,,,,,,,,,0.0,3.71,3.71,True
2011-09-16 17:15:00,2011-09-16 13:15:00,PV_H074,PV,CONSTRAINED,VOLTAGE_DROP,Bus_Residential_3,0.0,4.1,0.0,4.1,0.0,0.0,0.0,0.07,Solar export allowed without restriction to support feeder load during VOLTAGE_DROP,,,,,,,,,,,,0.0,4.1,4.1,False
2011-09-16 17:15:00,2011-09-16 13:15:00,PV_H076,PV,CONSTRAINED,VOLTAGE_DROP,Bus_Residential_3,0.0,4.69,0.0,4.69,0.0,0.0,0.0,0.07,Solar export allowed without restriction to support feeder load during VOLTAGE_DROP,,,,,,,,,,,,0.0,4.69,4.69,True
2011-09-16 17:15:00,2011-09-16 13:15:00,PV_H077,PV,CONSTRAINED,VOLTAGE_DROP,Bus_Residential_3,0.0,5.0,0.0,5.0,0.0,0.0,0.0,0.07,Solar export allowed without restriction to support feeder load during VOLTAGE_DROP,,,,,,,,,,,,0.0,5.0,5.0,True
2011-09-16 17:15:00,2011-09-16 13:15:00,PV_H078,PV,CONSTRAINED,VOLTAGE_DROP,Bus_Residential_3,0.0,2.75,0.0,2.75,0.0,0.0,0.0,0.07,Solar export allowed without restriction to support feeder load during VOLTAGE_DROP,,,,,,,,,,,,0.0,2.75,2.75,False
2011-09-16 17:15:00,2011-09-16 13:15:00,PV_H079,PV,CONSTRAINED,VOLTAGE_DROP,Bus_Residential_3,0.0,2.85,0.0,2.85,0.0,0.0,0.0,0.07,Solar export allowed without restriction to support feeder load during VOLTAGE_DROP,,,,,,,,,,,,0.0,2.85,2.85,True
2011-09-16 17:15:00,2011-09-16 13:15:00,PV_H080,PV,CONSTRAINED,VOLTAGE_DROP,Bus_Residential_3,0.0,4.14,0.0,4.14,0.0,0.0,0.0,0.07,Solar export allowed without restriction to support feeder load during VOLTAGE_DROP,,,,,,,,,,,,0.0,4.14,4.14,False
2011-09-16 17:15:00,2011-09-16 13:15:00,PV_H081,PV,CONSTRAINED,VOLTAGE_DROP,Bus_Residential_3,0.0,4.14,0.0,4.14,0.0,0.0,0.0,0.07,Solar export allowed without restriction to support feeder load during VOLTAGE_DROP,,,,,,,,,,,,0.0,4.14,4.14,True
2011-09-16 17:15:00,2011-09-16 13:15:00,PV_H082,PV,CONSTRAINED,VOLTAGE_DROP,Bus_Residential_3,0.0,2.74,0.0,2.74,0.0,0.0,0.0,0.07,Solar export allowed without restriction to support feeder load during VOLTAGE_DROP,,,,,,,,,,,,0.0,2.74,2.74,True
2011-09-16 17:15:00,2011-09-16 13:15:00,PV_H083,PV,CONSTRAINED,VOLTAGE_DROP,Bus_Residential_3,0.0,3.06,0.0,3.06,0.0,0.0,0.0,0.07,Solar export allowed without restriction to support feeder load during VOLTAGE_DROP,,,,,,,,,,,,0.0,3.06,3.06,True
2011-09-16 17:15:00,2011-09-16 13:15:00,PV_H085,PV,CONSTRAINED,VOLTAGE_DROP,Bus_Residential_3,0.0,3.82,0.0,3.82,0.0,0.0,0.0,0.07,Solar export allowed without restriction to support feeder load during VOLTAGE_DROP,,,,,,,,,,,,0.0,3.82,3.82,False
2011-09-16 17:15:00,2011-09-16 13:15:00,PV_H087,PV,CONSTRAINED,VOLTAGE_DROP,Bus_Residential_3,0.0,4.42,0.0,4.42,0.0,0.0,0.0,0.07,Solar export allowed without restriction to support feeder load during VOLTAGE_DROP,,,,,,,,,,,,0.0,4.42,4.42,False
2011-09-16 17:15:00,2011-09-16 13:15:00,PV_H088,PV,CONSTRAINED,VOLTAGE_DROP,Bus_Residential_3,0.0,2.24,0.0,2.24,0.0,0.0,0.0,0.07,Solar export allowed without restriction to support feeder load during VOLTAGE_DROP,,,,,,,,,,,,0.0,2.24,2.24,False
2011-09-16 17:15:00,2011-09-16 13:15:00,PV_H090,PV,CONSTRAINED,VOLTAGE_DROP,Bus_Residential_3,0.0,4.33,0.0,4.33,0.0,0.0,0.0,0.07,Solar export allowed without restriction to support feeder load during VOLTAGE_DROP,,,,,,,,,,,,0.0,4.33,4.33,True
2011-09-16 17:15:00,2011-09-16 13:15:00,PV_H093,PV,CONSTRAINED,VOLTAGE_DROP,Bus_Residential_3,0.0,5.31,0.0,5.31,0.0,0.0,0.0,0.07,Solar export allowed without restriction to support feeder load during VOLTAGE_DROP,,,,,,,,,,,,0.0,5.31,5.31,True
2011-09-16 17:15:00,2011-09-16 13:15:00,PV_H094,PV,CONSTRAINED,VOLTAGE_DROP,Bus_Residential_3,0.0,2.76,0.0,2.76,0.0,0.0,0.0,0.07,Solar export allowed without restriction to support feeder load during VOLTAGE_DROP,,,,,,,,,,,,0.0,2.76,2.76,True
2011-09-16 17:15:00,2011-09-16 13:15:00,PV_H095,PV,CONSTRAINED,VOLTAGE_DROP,Bus_Residential_3,0.0,2.66,0.0,2.66,0.0,0.0,0.0,0.07,Solar export allowed without restriction to support feeder load during VOLTAGE_DROP,,,,,,,,,,,,0.0,2.66,2.66,False
2011-09-16 17:15:00,2011-09-16 13:15:00,PV_H096,PV,CONSTRAINED,VOLTAGE_DROP,Bus_Residential_3,0.0,4.27,0.0,4.27,0.0,0.0,0.0,0.07,Solar export allowed without restriction to support feeder load during VOLTAGE_DROP,,,,,,,,,,,,0.0,4.27,4.27,True
2011-09-16 17:15:00,2011-09-16 13:15:00,PV_H098,PV,CONSTRAINED,VOLTAGE_DROP,Bus_Residential_3,0.0,3.16,0.0,3.16,0.0,0.0,0.0,0.07,Solar export allowed without restriction to support feeder load during VOLTAGE_DROP,,,,,,,,,,,,0.0,3.16,3.16,True
2011-09-16 17:15:00,2011-09-16 13:15:00,PV_H099,PV,CONSTRAINED,VOLTAGE_DROP,Bus_Residential_3,0.0,3.1,0.0,3.1,0.0,0.0,0.0,0.07,Solar export allowed without restriction to support feeder load during VOLTAGE_DROP,,,,,,,,,,,,0.0,3.1,3.1,False
2011-09-16 17:15:00,2011-09-16 13:15:00,BESS_COMMUNITY_01,BESS,CONSTRAINED,VOLTAGE_DROP,Bus_Residential_3,-25.0,25.0,-0.0,25.0,21.12,21.12,25.0,0.0,Battery charging restricted and discharge permitted to relieve VOLTAGE_DROP,0.4411,0.2,0.9,0.1,0.0,25.0,,,,,,,,,
2011-09-16 17:15:00,2011-09-16 13:15:00,EV_001,EV,CONSTRAINED,VOLTAGE_DROP,Bus_Residential_3,0.0,7.4,0.0,0.0,0.0,0.0,0.0,0.04,EV outside availability window (disconnected),,,,,0.0,,18:00,07:30,15.0,0.0,False,,,,
2011-09-16 17:15:00,2011-09-16 13:15:00,EV_002,EV,CONSTRAINED,VOLTAGE_DROP,Bus_Residential_3,0.0,7.4,0.0,0.0,0.0,0.0,0.0,0.04,EV outside availability window (disconnected),,,,,0.0,,18:00,07:30,15.0,0.0,False,,,,
2011-09-16 17:15:00,2011-09-16 13:15:00,EV_003,EV,CONSTRAINED,VOLTAGE_DROP,Bus_Residential_3,0.0,7.4,0.0,0.0,0.0,0.0,0.0,0.04,EV outside availability window (disconnected),,,,,0.0,,18:00,07:30,15.0,0.0,False,,,,
2011-09-16 17:15:00,2011-09-16 13:15:00,EV_004,EV,CONSTRAINED,VOLTAGE_DROP,Bus_Residential_3,0.0,7.4,0.0,0.0,0.0,0.0,0.0,0.04,EV outside availability window (disconnected),,,,,0.0,,18:00,07:30,15.0,0.0,False,,,,
2011-09-16 17:15:00,2011-09-16 13:15:00,EV_005,EV,CONSTRAINED,VOLTAGE_DROP,Bus_Residential_3,0.0,7.4,0.0,0.0,0.0,0.0,0.0,0.04,EV outside availability window (disconnected),,,,,0.0,,18:00,07:30,15.0,0.0,False,,,,
2011-09-16 17:15:00,2011-09-16 13:15:00,EV_006,EV,CONSTRAINED,VOLTAGE_DROP,Bus_Residential_3,0.0,7.4,0.0,0.0,0.0,0.0,0.0,0.04,EV outside availability window (disconnected),,,,,0.0,,18:00,07:30,15.0,0.0,False,,,,
2011-09-16 17:15:00,2011-09-16 13:15:00,EV_007,EV,CONSTRAINED,VOLTAGE_DROP,Bus_Residential_3,0.0,7.4,0.0,0.0,0.0,0.0,0.0,0.04,EV outside availability window (disconnected),,,,,0.0,,18:00,07:30,15.0,0.0,False,,,,
2011-09-16 17:15:00,2011-09-16 13:15:00,EV_008,EV,CONSTRAINED,VOLTAGE_DROP,Bus_Residential_3,0.0,7.4,0.0,0.0,0.0,0.0,0.0,0.04,EV outside availability window (disconnected),,,,,0.0,,18:00,07:30,15.0,0.0,False,,,,
2011-09-16 17:15:00,2011-09-16 13:15:00,EV_009,EV,CONSTRAINED,VOLTAGE_DROP,Bus_Residential_3,0.0,7.4,0.0,0.0,0.0,0.0,0.0,0.04,EV outside availability window (disconnected),,,,,0.0,,18:00,07:30,15.0,0.0,False,,,,
2011-09-16 17:15:00,2011-09-16 13:15:00,EV_010,EV,CONSTRAINED,VOLTAGE_DROP,Bus_Residential_3,0.0,7.4,0.0,0.0,0.0,0.0,0.0,0.04,EV outside availability window (disconnected),,,,,0.0,,18:00,07:30,15.0,0.0,False,,,,
2011-09-16 17:15:00,2011-09-16 13:15:00,EV_011,EV,CONSTRAINED,VOLTAGE_DROP,Bus_Residential_3,0.0,7.4,0.0,0.0,0.0,0.0,0.0,0.04,EV outside availability window (disconnected),,,,,0.0,,18:00,07:30,15.0,0.0,False,,,,
2011-09-16 17:15:00,2011-09-16 13:15:00,EV_012,EV,CONSTRAINED,VOLTAGE_DROP,Bus_Residential_3,0.0,7.4,0.0,0.0,0.0,0.0,0.0,0.04,EV outside availability window (disconnected),,,,,0.0,,18:00,07:30,15.0,0.0,False,,,,
2011-09-16 17:15:00,2011-09-16 13:15:00,EV_013,EV,CONSTRAINED,VOLTAGE_DROP,Bus_Residential_3,0.0,7.4,0.0,0.0,0.0,0.0,0.0,0.04,EV outside availability window (disconnected),,,,,0.0,,18:00,07:30,15.0,0.0,False,,,,
2011-09-16 17:15:00,2011-09-16 13:15:00,EV_014,EV,CONSTRAINED,VOLTAGE_DROP,Bus_Residential_3,0.0,7.4,0.0,0.0,0.0,0.0,0.0,0.04,EV outside availability window (disconnected),,,,,0.0,,18:00,07:30,15.0,0.0,False,,,,
2011-09-16 17:15:00,2011-09-16 13:15:00,EV_015,EV,CONSTRAINED,VOLTAGE_DROP,Bus_Residential_3,0.0,7.4,0.0,0.0,0.0,0.0,0.0,0.04,EV outside availability window (disconnected),,,,,0.0,,18:00,07:30,15.0,0.0,False,,,,
2011-09-16 17:15:00,2011-09-16 13:15:00,EV_016,EV,CONSTRAINED,VOLTAGE_DROP,Bus_Residential_3,0.0,7.4,0.0,0.0,0.0,0.0,0.0,0.04,EV outside availability window (disconnected),,,,,0.0,,18:00,07:30,15.0,0.0,False,,,,
2011-09-16 17:15:00,2011-09-16 13:15:00,EV_017,EV,CONSTRAINED,VOLTAGE_DROP,Bus_Residential_3,0.0,7.4,0.0,0.0,0.0,0.0,0.0,0.04,EV outside availability window (disconnected),,,,,0.0,,18:00,07:30,15.0,0.0,False,,,,
2011-09-16 17:15:00,2011-09-16 13:15:00,EV_018,EV,CONSTRAINED,VOLTAGE_DROP,Bus_Residential_3,0.0,7.4,0.0,0.0,0.0,0.0,0.0,0.04,EV outside availability window (disconnected),,,,,0.0,,18:00,07:30,15.0,0.0,False,,,,
2011-09-16 17:15:00,2011-09-16 13:15:00,EV_019,EV,CONSTRAINED,VOLTAGE_DROP,Bus_Residential_3,0.0,7.4,0.0,0.0,0.0,0.0,0.0,0.04,EV outside availability window (disconnected),,,,,0.0,,18:00,07:30,15.0,0.0,False,,,,
2011-09-16 17:15:00,2011-09-16 13:15:00,EV_020,EV,CONSTRAINED,VOLTAGE_DROP,Bus_Residential_3,0.0,7.4,0.0,0.0,0.0,0.0,0.0,0.04,EV outside availability window (disconnected),,,,,0.0,,18:00,07:30,15.0,0.0,False,,,,
2011-09-16 17:15:00,2011-09-16 13:15:00,FL001,FLEXIBLE_LOAD,CONSTRAINED,VOLTAGE_DROP,Bus_Residential_3,0.0,0.0,0.0,0.0,0.0,0.0,0.0,0.58,Flexible load outside scheduled operating window,,,,,,,,,,,,,,,
2011-09-16 17:15:00,2011-09-16 13:15:00,FL002,FLEXIBLE_LOAD,CONSTRAINED,VOLTAGE_DROP,Bus_Residential_3,0.5,10.0,0.5,10.0,0.0,0.0,10.0,0.87,Flexible load operating within baseline window,,,,,,,,,,,,,,,
2011-09-16 17:15:00,2011-09-16 13:15:00,FL003,FLEXIBLE_LOAD,CONSTRAINED,VOLTAGE_DROP,Bus_Residential_3,0.0,0.0,0.0,0.0,0.0,0.0,0.0,1.01,Flexible load outside scheduled operating window,,,,,,,,,,,,,,,
