timestamp,der_id,der_type,tech_flex_up_kw,tech_flex_down_kw,flex_up_kw,flex_down_kw,flex_shiftable_kw,energy_flexibility_kwh,available,participating
2026-01-15 00:00,PV_H002,PV,0.0,0.0,0.0,0.0,0.0,0.0,False,True
2026-01-15 00:00,PV_H003,PV,0.0,0.0,0.0,0.0,0.0,0.0,False,True
2026-01-15 00:00,PV_H005,PV,0.0,0.0,0.0,0.0,0.0,0.0,False,False
2026-01-15 00:00,PV_H006,PV,0.0,0.0,0.0,0.0,0.0,0.0,False,True
2026-01-15 00:00,PV_H007,PV,0.0,0.0,0.0,0.0,0.0,0.0,False,False
2026-01-15 00:00,PV_H010,PV,0.0,0.0,0.0,0.0,0.0,0.0,False,False
2026-01-15 00:00,PV_H016,PV,0.0,0.0,0.0,0.0,0.0,0.0,False,True
2026-01-15 00:00,PV_H017,PV,0.0,0.0,0.0,0.0,0.0,0.0,False,True
2026-01-15 00:00,PV_H018,PV,0.0,0.0,0.0,0.0,0.0,0.0,False,True
2026-01-15 00:00,PV_H021,PV,0.0,0.0,0.0,0.0,0.0,0.0,False,True
2026-01-15 00:00,PV_H024,PV,0.0,0.0,0.0,0.0,0.0,0.0,False,True
2026-01-15 00:00,PV_H025,PV,0.0,0.0,0.0,0.0,0.0,0.0,False,False
2026-01-15 00:00,PV_H026,PV,0.0,0.0,0.0,0.0,0.0,0.0,False,False
2026-01-15 00:00,PV_H027,PV,0.0,0.0,0.0,0.0,0.0,0.0,False,True
2026-01-15 00:00,PV_H032,PV,0.0,0.0,0.0,0.0,0.0,0.0,False,False
2026-01-15 00:00,PV_H033,PV,0.0,0.0,0.0,0.0,0.0,0.0,False,True
2026-01-15 00:00,PV_H034,PV,0.0,0.0,0.0,0.0,0.0,0.0,False,True
2026-01-15 00:00,PV_H035,PV,0.0,0.0,0.0,0.0,0.0,0.0,False,True
2026-01-15 00:00,PV_H036,PV,0.0,0.0,0.0,0.0,0.0,0.0,False,False
2026-01-15 00:00,PV_H037,PV,0.0,0.0,0.0,0.0,0.0,0.0,False,False
2026-01-15 00:00,PV_H040,PV,0.0,0.0,0.0,0.0,0.0,0.0,False,False
2026-01-15 00:00,PV_H042,PV,0.0,0.0,0.0,0.0,0.0,0.0,False,True
2026-01-15 00:00,PV_H044,PV,0.0,0.0,0.0,0.0,0.0,0.0,False,False
2026-01-15 00:00,PV_H046,PV,0.0,0.0,0.0,0.0,0.0,0.0,False,False
2026-01-15 00:00,PV_H048,PV,0.0,0.0,0.0,0.0,0.0,0.0,False,False
2026-01-15 00:00,PV_H049,PV,0.0,0.0,0.0,0.0,0.0,0.0,False,True
2026-01-15 00:00,PV_H050,PV,0.0,0.0,0.0,0.0,0.0,0.0,False,True
2026-01-15 00:00,PV_H053,PV,0.0,0.0,0.0,0.0,0.0,0.0,False,False
2026-01-15 00:00,PV_H055,PV,0.0,0.0,0.0,0.0,0.0,0.0,False,True
2026-01-15 00:00,PV_H057,PV,0.0,0.0,0.0,0.0,0.0,0.0,False,True
2026-01-15 00:00,PV_H058,PV,0.0,0.0,0.0,0.0,0.0,0.0,False,True
2026-01-15 00:00,PV_H060,PV,0.0,0.0,0.0,0.0,0.0,0.0,False,True
2026-01-15 00:00,PV_H061,PV,0.0,0.0,0.0,0.0,0.0,0.0,False,True
2026-01-15 00:00,PV_H062,PV,0.0,0.0,0.0,0.0,0.0,0.0,False,False
2026-01-15 00:00,PV_H063,PV,0.0,0.0,0.0,0.0,0.0,0.0,False,False
2026-01-15 00:00,PV_H066,PV,0.0,0.0,0.0,0.0,0.0,0.0,False,False
2026-01-15 00:00,PV_H067,PV,0.0,0.0,0.0,0.0,0.0,0.0,False,True
2026-01-15 00:00,PV_H069,PV,0.0,0.0,0.0,0.0,0.0,0.0,False,True
2026-01-15 00:00,PV_H071,PV,0.0,0.0,0.0,0.0,0.0,0.0,False,True
2026-01-15 00:00,PV_H072,PV,0.0,0.0,0.0,0.0,0.0,0.0,False,True
2026-01-15 00:00,PV_H073,PV,0.0,0.0,0.0,0.0,0.0,0.0,False,True
2026-01-15 00:00,PV_H074,PV,0.0,0.0,0.0,0.0,0.0,0.0,False,False
2026-01-15 00:00,PV_H076,PV,0.0,0.0,0.0,0.0,0.0,0.0,False,True
2026-01-15 00:00,PV_H077,PV,0.0,0.0,0.0,0.0,0.0,0.0,False,True
2026-01-15 00:00,PV_H078,PV,0.0,0.0,0.0,0.0,0.0,0.0,False,False
2026-01-15 00:00,PV_H079,PV,0.0,0.0,0.0,0.0,0.0,0.0,False,True
2026-01-15 00:00,PV_H080,PV,0.0,0.0,0.0,0.0,0.0,0.0,False,False
2026-01-15 00:00,PV_H081,PV,0.0,0.0,0.0,0.0,0.0,0.0,False,True
2026-01-15 00:00,PV_H082,PV,0.0,0.0,0.0,0.0,0.0,0.0,False,True
2026-01-15 00:00,PV_H083,PV,0.0,0.0,0.0,0.0,0.0,0.0,False,True
2026-01-15 00:00,PV_H085,PV,0.0,0.0,0.0,0.0,0.0,0.0,False,False
2026-01-15 00:00,PV_H087,PV,0.0,0.0,0.0,0.0,0.0,0.0,False,False
2026-01-15 00:00,PV_H088,PV,0.0,0.0,0.0,0.0,0.0,0.0,False,False
2026-01-15 00:00,PV_H090,PV,0.0,0.0,0.0,0.0,0.0,0.0,False,True
2026-01-15 00:00,PV_H093,PV,0.0,0.0,0.0,0.0,0.0,0.0,False,True
2026-01-15 00:00,PV_H094,PV,0.0,0.0,0.0,0.0,0.0,0.0,False,True
2026-01-15 00:00,PV_H095,PV,0.0,0.0,0.0,0.0,0.0,0.0,False,False
2026-01-15 00:00,PV_H096,PV,0.0,0.0,0.0,0.0,0.0,0.0,False,True
2026-01-15 00:00,PV_H098,PV,0.0,0.0,0.0,0.0,0.0,0.0,False,True
2026-01-15 00:00,PV_H099,PV,0.0,0.0,0.0,0.0,0.0,0.0,False,False
2026-01-15 00:00,BESS_COMMUNITY_01,BESS,25.0,25.0,25.0,25.0,0.0,60.0,True,True
2026-01-15 00:00,EV_001,EV,0.0,0.0,0.0,0.0,0.0,0.0,False,True
2026-01-15 00:00,EV_002,EV,0.0,0.0,0.0,0.0,0.0,0.0,False,True
2026-01-15 00:00,EV_003,EV,0.0,0.0,0.0,0.0,0.0,0.0,False,True
2026-01-15 00:00,EV_004,EV,0.0,0.0,0.0,0.0,0.0,0.0,False,False
2026-01-15 00:00,EV_005,EV,0.0,0.0,0.0,0.0,0.0,0.0,False,True
2026-01-15 00:00,EV_006,EV,0.0,0.0,0.0,0.0,0.0,0.0,False,True
2026-01-15 00:00,EV_007,EV,0.0,0.0,0.0,0.0,0.0,0.0,False,True
2026-01-15 00:00,EV_008,EV,0.0,0.0,0.0,0.0,0.0,0.0,False,True
2026-01-15 00:00,EV_009,EV,0.0,0.0,0.0,0.0,0.0,0.0,False,True
2026-01-15 00:00,EV_010,EV,0.0,0.0,0.0,0.0,0.0,0.0,False,True
2026-01-15 00:00,EV_011,EV,0.0,0.0,0.0,0.0,0.0,0.0,False,True
2026-01-15 00:00,EV_012,EV,0.0,0.0,0.0,0.0,0.0,0.0,False,False
2026-01-15 00:00,EV_013,EV,0.0,0.0,0.0,0.0,0.0,0.0,False,False
2026-01-15 00:00,EV_014,EV,0.0,0.0,0.0,0.0,0.0,0.0,False,True
2026-01-15 00:00,EV_015,EV,0.0,0.0,0.0,0.0,0.0,0.0,False,True
2026-01-15 00:00,EV_016,EV,0.0,0.0,0.0,0.0,0.0,0.0,False,False
2026-01-15 00:00,EV_017,EV,0.0,0.0,0.0,0.0,0.0,0.0,False,False
2026-01-15 00:00,EV_018,EV,0.0,0.0,0.0,0.0,0.0,0.0,False,True
2026-01-15 00:00,EV_019,EV,0.0,0.0,0.0,0.0,0.0,0.0,False,True
2026-01-15 00:00,EV_020,EV,0.0,0.0,0.0,0.0,0.0,0.0,False,True
2026-01-15 00:00,FL001,FLEXIBLE_LOAD,0.0,0.0,0.0,0.0,0.0,0.0,False,False
2026-01-15 00:00,FL002,FLEXIBLE_LOAD,0.0,0.0,0.0,0.0,0.0,0.0,False,True
2026-01-15 00:00,FL003,FLEXIBLE_LOAD,0.0,0.0,0.0,0.0,0.0,0.0,False,True
2026-01-15 00:15,PV_H002,PV,0.0,0.0,0.0,0.0,0.0,0.0,False,True
2026-01-15 00:15,PV_H003,PV,0.0,0.0,0.0,0.0,0.0,0.0,False,True
2026-01-15 00:15,PV_H005,PV,0.0,0.0,0.0,0.0,0.0,0.0,False,False
2026-01-15 00:15,PV_H006,PV,0.0,0.0,0.0,0.0,0.0,0.0,False,True
2026-01-15 00:15,PV_H007,PV,0.0,0.0,0.0,0.0,0.0,0.0,False,False
2026-01-15 00:15,PV_H010,PV,0.0,0.0,0.0,0.0,0.0,0.0,False,False
2026-01-15 00:15,PV_H016,PV,0.0,0.0,0.0,0.0,0.0,0.0,False,True
2026-01-15 00:15,PV_H017,PV,0.0,0.0,0.0,0.0,0.0,0.0,False,True
2026-01-15 00:15,PV_H018,PV,0.0,0.0,0.0,0.0,0.0,0.0,False,True
2026-01-15 00:15,PV_H021,PV,0.0,0.0,0.0,0.0,0.0,0.0,False,True
2026-01-15 00:15,PV_H024,PV,0.0,0.0,0.0,0.0,0.0,0.0,False,True
2026-01-15 00:15,PV_H025,PV,0.0,0.0,0.0,0.0,0.0,0.0,False,False
2026-01-15 00:15,PV_H026,PV,0.0,0.0,0.0,0.0,0.0,0.0,False,False
2026-01-15 00:15,PV_H027,PV,0.0,0.0,0.0,0.0,0.0,0.0,False,True
2026-01-15 00:15,PV_H032,PV,0.0,0.0,0.0,0.0,0.0,0.0,False,False
2026-01-15 00:15,PV_H033,PV,0.0,0.0,0.0,0.0,0.0,0.0,False,True
2026-01-15 00:15,PV_H034,PV,0.0,0.0,0.0,0.0,0.0,0.0,False,True
2026-01-15 00:15,PV_H035,PV,0.0,0.0,0.0,0.0,0.0,0.0,False,True
2026-01-15 00:15,PV_H036,PV,0.0,0.0,0.0,0.0,0.0,0.0,False,False
2026-01-15 00:15,PV_H037,PV,0.0,0.0,0.0,0.0,0.0,0.0,False,False
2026-01-15 00:15,PV_H040,PV,0.0,0.0,0.0,0.0,0.0,0.0,False,False
2026-01-15 00:15,PV_H042,PV,0.0,0.0,0.0,0.0,0.0,0.0,False,True
2026-01-15 00:15,PV_H044,PV,0.0,0.0,0.0,0.0,0.0,0.0,False,False
2026-01-15 00:15,PV_H046,PV,0.0,0.0,0.0,0.0,0.0,0.0,False,False
2026-01-15 00:15,PV_H048,PV,0.0,0.0,0.0,0.0,0.0,0.0,False,False
2026-01-15 00:15,PV_H049,PV,0.0,0.0,0.0,0.0,0.0,0.0,False,True
2026-01-15 00:15,PV_H050,PV,0.0,0.0,0.0,0.0,0.0,0.0,False,True
2026-01-15 00:15,PV_H053,PV,0.0,0.0,0.0,0.0,0.0,0.0,False,False
2026-01-15 00:15,PV_H055,PV,0.0,0.0,0.0,0.0,0.0,0.0,False,True
2026-01-15 00:15,PV_H057,PV,0.0,0.0,0.0,0.0,0.0,0.0,False,True
2026-01-15 00:15,PV_H058,PV,0.0,0.0,0.0,0.0,0.0,0.0,False,True
2026-01-15 00:15,PV_H060,PV,0.0,0.0,0.0,0.0,0.0,0.0,False,True
2026-01-15 00:15,PV_H061,PV,0.0,0.0,0.0,0.0,0.0,0.0,False,True
2026-01-15 00:15,PV_H062,PV,0.0,0.0,0.0,0.0,0.0,0.0,False,False
2026-01-15 00:15,PV_H063,PV,0.0,0.0,0.0,0.0,0.0,0.0,False,False
2026-01-15 00:15,PV_H066,PV,0.0,0.0,0.0,0.0,0.0,0.0,False,False
2026-01-15 00:15,PV_H067,PV,0.0,0.0,0.0,0.0,0.0,0.0,False,True
2026-01-15 00:15,PV_H069,PV,0.0,0.0,0.0,0.0,0.0,0.0,False,True
2026-01-15 00:15,PV_H071,PV,0.0,0.0,0.0,0.0,0.0,0.0,False,True
2026-01-15 00:15,PV_H072,PV,0.0,0.0,0.0,0.0,0.0,0.0,False,True
2026-01-15 00:15,PV_H073,PV,0.0,0.0,0.0,0.0,0.0,0.0,False,True
2026-01-15 00:15,PV_H074,PV,0.0,0.0,0.0,0.0,0.0,0.0,False,False
2026-01-15 00:15,PV_H076,PV,0.0,0.0,0.0,0.0,0.0,0.0,False,True
2026-01-15 00:15,PV_H077,PV,0.0,0.0,0.0,0.0,0.0,0.0,False,True
2026-01-15 00:15,PV_H078,PV,0.0,0.0,0.0,0.0,0.0,0.0,False,False
2026-01-15 00:15,PV_H079,PV,0.0,0.0,0.0,0.0,0.0,0.0,False,True
2026-01-15 00:15,PV_H080,PV,0.0,0.0,0.0,0.0,0.0,0.0,False,False
2026-01-15 00:15,PV_H081,PV,0.0,0.0,0.0,0.0,0.0,0.0,False,True
2026-01-15 00:15,PV_H082,PV,0.0,0.0,0.0,0.0,0.0,0.0,False,True
2026-01-15 00:15,PV_H083,PV,0.0,0.0,0.0,0.0,0.0,0.0,False,True
2026-01-15 00:15,PV_H085,PV,0.0,0.0,0.0,0.0,0.0,0.0,False,False
2026-01-15 00:15,PV_H087,PV,0.0,0.0,0.0,0.0,0.0,0.0,False,False
2026-01-15 00:15,PV_H088,PV,0.0,0.0,0.0,0.0,0.0,0.0,False,False
2026-01-15 00:15,PV_H090,PV,0.0,0.0,0.0,0.0,0.0,0.0,False,True
2026-01-15 00:15,PV_H093,PV,0.0,0.0,0.0,0.0,0.0,0.0,False,True
2026-01-15 00:15,PV_H094,PV,0.0,0.0,0.0,0.0,0.0,0.0,False,True
2026-01-15 00:15,PV_H095,PV,0.0,0.0,0.0,0.0,0.0,0.0,False,False
2026-01-15 00:15,PV_H096,PV,0.0,0.0,0.0,0.0,0.0,0.0,False,True
2026-01-15 00:15,PV_H098,PV,0.0,0.0,0.0,0.0,0.0,0.0,False,True
2026-01-15 00:15,PV_H099,PV,0.0,0.0,0.0,0.0,0.0,0.0,False,False
2026-01-15 00:15,BESS_COMMUNITY_01,BESS,25.0,25.0,25.0,25.0,0.0,60.0,True,True
2026-01-15 00:15,EV_001,EV,0.0,0.0,0.0,0.0,0.0,0.0,False,True
2026-01-15 00:15,EV_002,EV,0.0,0.0,0.0,0.0,0.0,0.0,False,True
2026-01-15 00:15,EV_003,EV,0.0,0.0,0.0,0.0,0.0,0.0,False,True
2026-01-15 00:15,EV_004,EV,0.0,0.0,0.0,0.0,0.0,0.0,False,False
2026-01-15 00:15,EV_005,EV,0.0,0.0,0.0,0.0,0.0,0.0,False,True
2026-01-15 00:15,EV_006,EV,0.0,0.0,0.0,0.0,0.0,0.0,False,True
2026-01-15 00:15,EV_007,EV,0.0,0.0,0.0,0.0,0.0,0.0,False,True
2026-01-15 00:15,EV_008,EV,0.0,0.0,0.0,0.0,0.0,0.0,False,True
2026-01-15 00:15,EV_009,EV,0.0,0.0,0.0,0.0,0.0,0.0,False,True
2026-01-15 00:15,EV_010,EV,0.0,0.0,0.0,0.0,0.0,0.0,False,True
2026-01-15 00:15,EV_011,EV,0.0,0.0,0.0,0.0,0.0,0.0,False,True
2026-01-15 00:15,EV_012,EV,0.0,0.0,0.0,0.0,0.0,0.0,False,False
2026-01-15 00:15,EV_013,EV,0.0,0.0,0.0,0.0,0.0,0.0,False,False
2026-01-15 00:15,EV_014,EV,0.0,0.0,0.0,0.0,0.0,0.0,False,True
2026-01-15 00:15,EV_015,EV,0.0,0.0,0.0,0.0,0.0,0.0,False,True
2026-01-15 00:15,EV_016,EV,0.0,0.0,0.0,0.0,0.0,0.0,False,False
2026-01-15 00:15,EV_017,EV,0.0,0.0,0.0,0.0,0.0,0.0,False,False
2026-01-15 00:15,EV_018,EV,0.0,0.0,0.0,0.0,0.0,0.0,False,True
2026-01-15 00:15,EV_019,EV,0.0,0.0,0.0,0.0,0.0,0.0,False,True
2026-01-15 00:15,EV_020,EV,0.0,0.0,0.0,0.0,0.0,0.0,False,True
2026-01-15 00:15,FL001,FLEXIBLE_LOAD,0.0,0.0,0.0,0.0,0.0,0.0,False,False
2026-01-15 00:15,FL002,FLEXIBLE_LOAD,0.0,0.0,0.0,0.0,0.0,0.0,False,True
2026-01-15 00:15,FL003,FLEXIBLE_LOAD,0.0,0.0,0.0,0.0,0.0,0.0,False,True
2026-01-15 00:30,PV_H002,PV,0.0,0.0,0.0,0.0,0.0,0.0,False,True
2026-01-15 00:30,PV_H003,PV,0.0,0.0,0.0,0.0,0.0,0.0,False,True
2026-01-15 00:30,PV_H005,PV,0.0,0.0,0.0,0.0,0.0,0.0,False,False
2026-01-15 00:30,PV_H006,PV,0.0,0.0,0.0,0.0,0.0,0.0,False,True
2026-01-15 00:30,PV_H007,PV,0.0,0.0,0.0,0.0,0.0,0.0,False,False
2026-01-15 00:30,PV_H010,PV,0.0,0.0,0.0,0.0,0.0,0.0,False,False
2026-01-15 00:30,PV_H016,PV,0.0,0.0,0.0,0.0,0.0,0.0,False,True
2026-01-15 00:30,PV_H017,PV,0.0,0.0,0.0,0.0,0.0,0.0,False,True
2026-01-15 00:30,PV_H018,PV,0.0,0.0,0.0,0.0,0.0,0.0,False,True
2026-01-15 00:30,PV_H021,PV,0.0,0.0,0.0,0.0,0.0,0.0,False,True
2026-01-15 00:30,PV_H024,PV,0.0,0.0,0.0,0.0,0.0,0.0,False,True
2026-01-15 00:30,PV_H025,PV,0.0,0.0,0.0,0.0,0.0,0.0,False,False
2026-01-15 00:30,PV_H026,PV,0.0,0.0,0.0,0.0,0.0,0.0,False,False
2026-01-15 00:30,PV_H027,PV,0.0,0.0,0.0,0.0,0.0,0.0,False,True
2026-01-15 00:30,PV_H032,PV,0.0,0.0,0.0,0.0,0.0,0.0,False,False
2026-01-15 00:30,PV_H033,PV,0.0,0.0,0.0,0.0,0.0,0.0,False,True
2026-01-15 00:30,PV_H034,PV,0.0,0.0,0.0,0.0,0.0,0.0,False,True
2026-01-15 00:30,PV_H035,PV,0.0,0.0,0.0,0.0,0.0,0.0,False,True
2026-01-15 00:30,PV_H036,PV,0.0,0.0,0.0,0.0,0.0,0.0,False,False
2026-01-15 00:30,PV_H037,PV,0.0,0.0,0.0,0.0,0.0,0.0,False,False
2026-01-15 00:30,PV_H040,PV,0.0,0.0,0.0,0.0,0.0,0.0,False,False
2026-01-15 00:30,PV_H042,PV,0.0,0.0,0.0,0.0,0.0,0.0,False,True
2026-01-15 00:30,PV_H044,PV,0.0,0.0,0.0,0.0,0.0,0.0,False,False
2026-01-15 00:30,PV_H046,PV,0.0,0.0,0.0,0.0,0.0,0.0,False,False
2026-01-15 00:30,PV_H048,PV,0.0,0.0,0.0,0.0,0.0,0.0,False,False
2026-01-15 00:30,PV_H049,PV,0.0,0.0,0.0,0.0,0.0,0.0,False,True
2026-01-15 00:30,PV_H050,PV,0.0,0.0,0.0,0.0,0.0,0.0,False,True
2026-01-15 00:30,PV_H053,PV,0.0,0.0,0.0,0.0,0.0,0.0,False,False
2026-01-15 00:30,PV_H055,PV,0.0,0.0,0.0,0.0,0.0,0.0,False,True
2026-01-15 00:30,PV_H057,PV,0.0,0.0,0.0,0.0,0.0,0.0,False,True
2026-01-15 00:30,PV_H058,PV,0.0,0.0,0.0,0.0,0.0,0.0,False,True
2026-01-15 00:30,PV_H060,PV,0.0,0.0,0.0,0.0,0.0,0.0,False,True
2026-01-15 00:30,PV_H061,PV,0.0,0.0,0.0,0.0,0.0,0.0,False,True
2026-01-15 00:30,PV_H062,PV,0.0,0.0,0.0,0.0,0.0,0.0,False,False
2026-01-15 00:30,PV_H063,PV,0.0,0.0,0.0,0.0,0.0,0.0,False,False
2026-01-15 00:30,PV_H066,PV,0.0,0.0,0.0,0.0,0.0,0.0,False,False
2026-01-15 00:30,PV_H067,PV,0.0,0.0,0.0,0.0,0.0,0.0,False,True
2026-01-15 00:30,PV_H069,PV,0.0,0.0,0.0,0.0,0.0,0.0,False,True
2026-01-15 00:30,PV_H071,PV,0.0,0.0,0.0,0.0,0.0,0.0,False,True
2026-01-15 00:30,PV_H072,PV,0.0,0.0,0.0,0.0,0.0,0.0,False,True
2026-01-15 00:30,PV_H073,PV,0.0,0.0,0.0,0.0,0.0,0.0,False,True
2026-01-15 00:30,PV_H074,PV,0.0,0.0,0.0,0.0,0.0,0.0,False,False
2026-01-15 00:30,PV_H076,PV,0.0,0.0,0.0,0.0,0.0,0.0,False,True
2026-01-15 00:30,PV_H077,PV,0.0,0.0,0.0,0.0,0.0,0.0,False,True
2026-01-15 00:30,PV_H078,PV,0.0,0.0,0.0,0.0,0.0,0.0,False,False
2026-01-15 00:30,PV_H079,PV,0.0,0.0,0.0,0.0,0.0,0.0,False,True
2026-01-15 00:30,PV_H080,PV,0.0,0.0,0.0,0.0,0.0,0.0,False,False
2026-01-15 00:30,PV_H081,PV,0.0,0.0,0.0,0.0,0.0,0.0,False,True
2026-01-15 00:30,PV_H082,PV,0.0,0.0,0.0,0.0,0.0,0.0,False,True
2026-01-15 00:30,PV_H083,PV,0.0,0.0,0.0,0.0,0.0,0.0,False,True
2026-01-15 00:30,PV_H085,PV,0.0,0.0,0.0,0.0,0.0,0.0,False,False
2026-01-15 00:30,PV_H087,PV,0.0,0.0,0.0,0.0,0.0,0.0,False,False
2026-01-15 00:30,PV_H088,PV,0.0,0.0,0.0,0.0,0.0,0.0,False,False
2026-01-15 00:30,PV_H090,PV,0.0,0.0,0.0,0.0,0.0,0.0,False,True
2026-01-15 00:30,PV_H093,PV,0.0,0.0,0.0,0.0,0.0,0.0,False,True
2026-01-15 00:30,PV_H094,PV,0.0,0.0,0.0,0.0,0.0,0.0,False,True
2026-01-15 00:30,PV_H095,PV,0.0,0.0,0.0,0.0,0.0,0.0,False,False
2026-01-15 00:30,PV_H096,PV,0.0,0.0,0.0,0.0,0.0,0.0,False,True
2026-01-15 00:30,PV_H098,PV,0.0,0.0,0.0,0.0,0.0,0.0,False,True
2026-01-15 00:30,PV_H099,PV,0.0,0.0,0.0,0.0,0.0,0.0,False,False
2026-01-15 00:30,BESS_COMMUNITY_01,BESS,25.0,25.0,25.0,25.0,0.0,60.0,True,True
2026-01-15 00:30,EV_001,EV,0.0,0.0,0.0,0.0,0.0,0.0,False,True
2026-01-15 00:30,EV_002,EV,0.0,0.0,0.0,0.0,0.0,0.0,False,True
2026-01-15 00:30,EV_003,EV,0.0,0.0,0.0,0.0,0.0,0.0,False,True
2026-01-15 00:30,EV_004,EV,0.0,0.0,0.0,0.0,0.0,0.0,False,False
2026-01-15 00:30,EV_005,EV,0.0,0.0,0.0,0.0,0.0,0.0,False,True
2026-01-15 00:30,EV_006,EV,0.0,0.0,0.0,0.0,0.0,0.0,False,True
2026-01-15 00:30,EV_007,EV,0.0,0.0,0.0,0.0,0.0,0.0,False,True
2026-01-15 00:30,EV_008,EV,0.0,0.0,0.0,0.0,0.0,0.0,False,True
2026-01-15 00:30,EV_009,EV,0.0,0.0,0.0,0.0,0.0,0.0,False,True
2026-01-15 00:30,EV_010,EV,0.0,0.0,0.0,0.0,0.0,0.0,False,True
2026-01-15 00:30,EV_011,EV,0.0,0.0,0.0,0.0,0.0,0.0,False,True
2026-01-15 00:30,EV_012,EV,0.0,0.0,0.0,0.0,0.0,0.0,False,False
2026-01-15 00:30,EV_013,EV,0.0,0.0,0.0,0.0,0.0,0.0,False,False
2026-01-15 00:30,EV_014,EV,0.0,0.0,0.0,0.0,0.0,0.0,False,True
2026-01-15 00:30,EV_015,EV,0.0,0.0,0.0,0.0,0.0,0.0,False,True
2026-01-15 00:30,EV_016,EV,0.0,0.0,0.0,0.0,0.0,0.0,False,False
2026-01-15 00:30,EV_017,EV,0.0,0.0,0.0,0.0,0.0,0.0,False,False
2026-01-15 00:30,EV_018,EV,0.0,0.0,0.0,0.0,0.0,0.0,False,True
2026-01-15 00:30,EV_019,EV,0.0,0.0,0.0,0.0,0.0,0.0,False,True
2026-01-15 00:30,EV_020,EV,0.0,0.0,0.0,0.0,0.0,0.0,False,True
2026-01-15 00:30,FL001,FLEXIBLE_LOAD,0.0,0.0,0.0,0.0,0.0,0.0,False,False
2026-01-15 00:30,FL002,FLEXIBLE_LOAD,0.0,0.0,0.0,0.0,0.0,0.0,False,True
2026-01-15 00:30,FL003,FLEXIBLE_LOAD,0.0,0.0,0.0,0.0,0.0,0.0,False,True
2026-01-15 00:45,PV_H002,PV,0.0,0.0,0.0,0.0,0.0,0.0,False,True
2026-01-15 00:45,PV_H003,PV,0.0,0.0,0.0,0.0,0.0,0.0,False,True
2026-01-15 00:45,PV_H005,PV,0.0,0.0,0.0,0.0,0.0,0.0,False,False
2026-01-15 00:45,PV_H006,PV,0.0,0.0,0.0,0.0,0.0,0.0,False,True
2026-01-15 00:45,PV_H007,PV,0.0,0.0,0.0,0.0,0.0,0.0,False,False
2026-01-15 00:45,PV_H010,PV,0.0,0.0,0.0,0.0,0.0,0.0,False,False
2026-01-15 00:45,PV_H016,PV,0.0,0.0,0.0,0.0,0.0,0.0,False,True
2026-01-15 00:45,PV_H017,PV,0.0,0.0,0.0,0.0,0.0,0.0,False,True
2026-01-15 00:45,PV_H018,PV,0.0,0.0,0.0,0.0,0.0,0.0,False,True
2026-01-15 00:45,PV_H021,PV,0.0,0.0,0.0,0.0,0.0,0.0,False,True
2026-01-15 00:45,PV_H024,PV,0.0,0.0,0.0,0.0,0.0,0.0,False,True
2026-01-15 00:45,PV_H025,PV,0.0,0.0,0.0,0.0,0.0,0.0,False,False
2026-01-15 00:45,PV_H026,PV,0.0,0.0,0.0,0.0,0.0,0.0,False,False
2026-01-15 00:45,PV_H027,PV,0.0,0.0,0.0,0.0,0.0,0.0,False,True
2026-01-15 00:45,PV_H032,PV,0.0,0.0,0.0,0.0,0.0,0.0,False,False
2026-01-15 00:45,PV_H033,PV,0.0,0.0,0.0,0.0,0.0,0.0,False,True
2026-01-15 00:45,PV_H034,PV,0.0,0.0,0.0,0.0,0.0,0.0,False,True
2026-01-15 00:45,PV_H035,PV,0.0,0.0,0.0,0.0,0.0,0.0,False,True
2026-01-15 00:45,PV_H036,PV,0.0,0.0,0.0,0.0,0.0,0.0,False,False
2026-01-15 00:45,PV_H037,PV,0.0,0.0,0.0,0.0,0.0,0.0,False,False
2026-01-15 00:45,PV_H040,PV,0.0,0.0,0.0,0.0,0.0,0.0,False,False
2026-01-15 00:45,PV_H042,PV,0.0,0.0,0.0,0.0,0.0,0.0,False,True
2026-01-15 00:45,PV_H044,PV,0.0,0.0,0.0,0.0,0.0,0.0,False,False
2026-01-15 00:45,PV_H046,PV,0.0,0.0,0.0,0.0,0.0,0.0,False,False
2026-01-15 00:45,PV_H048,PV,0.0,0.0,0.0,0.0,0.0,0.0,False,False
2026-01-15 00:45,PV_H049,PV,0.0,0.0,0.0,0.0,0.0,0.0,False,True
2026-01-15 00:45,PV_H050,PV,0.0,0.0,0.0,0.0,0.0,0.0,False,True
2026-01-15 00:45,PV_H053,PV,0.0,0.0,0.0,0.0,0.0,0.0,False,False
2026-01-15 00:45,PV_H055,PV,0.0,0.0,0.0,0.0,0.0,0.0,False,True
2026-01-15 00:45,PV_H057,PV,0.0,0.0,0.0,0.0,0.0,0.0,False,True
2026-01-15 00:45,PV_H058,PV,0.0,0.0,0.0,0.0,0.0,0.0,False,True
2026-01-15 00:45,PV_H060,PV,0.0,0.0,0.0,0.0,0.0,0.0,False,True
2026-01-15 00:45,PV_H061,PV,0.0,0.0,0.0,0.0,0.0,0.0,False,True
2026-01-15 00:45,PV_H062,PV,0.0,0.0,0.0,0.0,0.0,0.0,False,False
2026-01-15 00:45,PV_H063,PV,0.0,0.0,0.0,0.0,0.0,0.0,False,False
2026-01-15 00:45,PV_H066,PV,0.0,0.0,0.0,0.0,0.0,0.0,False,False
2026-01-15 00:45,PV_H067,PV,0.0,0.0,0.0,0.0,0.0,0.0,False,True
2026-01-15 00:45,PV_H069,PV,0.0,0.0,0.0,0.0,0.0,0.0,False,True
2026-01-15 00:45,PV_H071,PV,0.0,0.0,0.0,0.0,0.0,0.0,False,True
2026-01-15 00:45,PV_H072,PV,0.0,0.0,0.0,0.0,0.0,0.0,False,True
2026-01-15 00:45,PV_H073,PV,0.0,0.0,0.0,0.0,0.0,0.0,False,True
2026-01-15 00:45,PV_H074,PV,0.0,0.0,0.0,0.0,0.0,0.0,False,False
2026-01-15 00:45,PV_H076,PV,0.0,0.0,0.0,0.0,0.0,0.0,False,True
2026-01-15 00:45,PV_H077,PV,0.0,0.0,0.0,0.0,0.0,0.0,False,True
2026-01-15 00:45,PV_H078,PV,0.0,0.0,0.0,0.0,0.0,0.0,False,False
2026-01-15 00:45,PV_H079,PV,0.0,0.0,0.0,0.0,0.0,0.0,False,True
2026-01-15 00:45,PV_H080,PV,0.0,0.0,0.0,0.0,0.0,0.0,False,False
2026-01-15 00:45,PV_H081,PV,0.0,0.0,0.0,0.0,0.0,0.0,False,True
2026-01-15 00:45,PV_H082,PV,0.0,0.0,0.0,0.0,0.0,0.0,False,True
2026-01-15 00:45,PV_H083,PV,0.0,0.0,0.0,0.0,0.0,0.0,False,True
2026-01-15 00:45,PV_H085,PV,0.0,0.0,0.0,0.0,0.0,0.0,False,False
2026-01-15 00:45,PV_H087,PV,0.0,0.0,0.0,0.0,0.0,0.0,False,False
2026-01-15 00:45,PV_H088,PV,0.0,0.0,0.0,0.0,0.0,0.0,False,False
2026-01-15 00:45,PV_H090,PV,0.0,0.0,0.0,0.0,0.0,0.0,False,True
2026-01-15 00:45,PV_H093,PV,0.0,0.0,0.0,0.0,0.0,0.0,False,True
2026-01-15 00:45,PV_H094,PV,0.0,0.0,0.0,0.0,0.0,0.0,False,True
2026-01-15 00:45,PV_H095,PV,0.0,0.0,0.0,0.0,0.0,0.0,False,False
2026-01-15 00:45,PV_H096,PV,0.0,0.0,0.0,0.0,0.0,0.0,False,True
2026-01-15 00:45,PV_H098,PV,0.0,0.0,0.0,0.0,0.0,0.0,False,True
2026-01-15 00:45,PV_H099,PV,0.0,0.0,0.0,0.0,0.0,0.0,False,False
2026-01-15 00:45,BESS_COMMUNITY_01,BESS,25.0,25.0,25.0,25.0,0.0,60.0,True,True
2026-01-15 00:45,EV_001,EV,0.0,0.0,0.0,0.0,0.0,0.0,False,True
2026-01-15 00:45,EV_002,EV,0.0,0.0,0.0,0.0,0.0,0.0,False,True
2026-01-15 00:45,EV_003,EV,0.0,0.0,0.0,0.0,0.0,0.0,False,True
2026-01-15 00:45,EV_004,EV,0.0,0.0,0.0,0.0,0.0,0.0,False,False
2026-01-15 00:45,EV_005,EV,0.0,0.0,0.0,0.0,0.0,0.0,False,True
2026-01-15 00:45,EV_006,EV,0.0,0.0,0.0,0.0,0.0,0.0,False,True
2026-01-15 00:45,EV_007,EV,0.0,0.0,0.0,0.0,0.0,0.0,False,True
2026-01-15 00:45,EV_008,EV,0.0,0.0,0.0,0.0,0.0,0.0,False,True
2026-01-15 00:45,EV_009,EV,0.0,0.0,0.0,0.0,0.0,0.0,False,True
2026-01-15 00:45,EV_010,EV,0.0,0.0,0.0,0.0,0.0,0.0,False,True
2026-01-15 00:45,EV_011,EV,0.0,0.0,0.0,0.0,0.0,0.0,False,True
2026-01-15 00:45,EV_012,EV,0.0,0.0,0.0,0.0,0.0,0.0,False,False
2026-01-15 00:45,EV_013,EV,0.0,0.0,0.0,0.0,0.0,0.0,False,False
2026-01-15 00:45,EV_014,EV,0.0,0.0,0.0,0.0,0.0,0.0,False,True
2026-01-15 00:45,EV_015,EV,0.0,0.0,0.0,0.0,0.0,0.0,False,True
2026-01-15 00:45,EV_016,EV,0.0,0.0,0.0,0.0,0.0,0.0,False,False
2026-01-15 00:45,EV_017,EV,0.0,0.0,0.0,0.0,0.0,0.0,False,False
2026-01-15 00:45,EV_018,EV,0.0,0.0,0.0,0.0,0.0,0.0,False,True
2026-01-15 00:45,EV_019,EV,0.0,0.0,0.0,0.0,0.0,0.0,False,True
2026-01-15 00:45,EV_020,EV,0.0,0.0,0.0,0.0,0.0,0.0,False,True
2026-01-15 00:45,FL001,FLEXIBLE_LOAD,0.0,0.0,0.0,0.0,0.0,0.0,False,False
2026-01-15 00:45,FL002,FLEXIBLE_LOAD,0.0,0.0,0.0,0.0,0.0,0.0,False,True
2026-01-15 00:45,FL003,FLEXIBLE_LOAD,0.0,0.0,0.0,0.0,0.0,0.0,False,True
2026-01-15 01:00,PV_H002,PV,0.0,0.0,0.0,0.0,0.0,0.0,False,True
2026-01-15 01:00,PV_H003,PV,0.0,0.0,0.0,0.0,0.0,0.0,False,True
2026-01-15 01:00,PV_H005,PV,0.0,0.0,0.0,0.0,0.0,0.0,False,False
2026-01-15 01:00,PV_H006,PV,0.0,0.0,0.0,0.0,0.0,0.0,False,True
2026-01-15 01:00,PV_H007,PV,0.0,0.0,0.0,0.0,0.0,0.0,False,False
2026-01-15 01:00,PV_H010,PV,0.0,0.0,0.0,0.0,0.0,0.0,False,False
2026-01-15 01:00,PV_H016,PV,0.0,0.0,0.0,0.0,0.0,0.0,False,True
2026-01-15 01:00,PV_H017,PV,0.0,0.0,0.0,0.0,0.0,0.0,False,True
2026-01-15 01:00,PV_H018,PV,0.0,0.0,0.0,0.0,0.0,0.0,False,True
2026-01-15 01:00,PV_H021,PV,0.0,0.0,0.0,0.0,0.0,0.0,False,True
2026-01-15 01:00,PV_H024,PV,0.0,0.0,0.0,0.0,0.0,0.0,False,True
2026-01-15 01:00,PV_H025,PV,0.0,0.0,0.0,0.0,0.0,0.0,False,False
2026-01-15 01:00,PV_H026,PV,0.0,0.0,0.0,0.0,0.0,0.0,False,False
2026-01-15 01:00,PV_H027,PV,0.0,0.0,0.0,0.0,0.0,0.0,False,True
2026-01-15 01:00,PV_H032,PV,0.0,0.0,0.0,0.0,0.0,0.0,False,False
2026-01-15 01:00,PV_H033,PV,0.0,0.0,0.0,0.0,0.0,0.0,False,True
2026-01-15 01:00,PV_H034,PV,0.0,0.0,0.0,0.0,0.0,0.0,False,True
2026-01-15 01:00,PV_H035,PV,0.0,0.0,0.0,0.0,0.0,0.0,False,True
2026-01-15 01:00,PV_H036,PV,0.0,0.0,0.0,0.0,0.0,0.0,False,False
2026-01-15 01:00,PV_H037,PV,0.0,0.0,0.0,0.0,0.0,0.0,False,False
2026-01-15 01:00,PV_H040,PV,0.0,0.0,0.0,0.0,0.0,0.0,False,False
2026-01-15 01:00,PV_H042,PV,0.0,0.0,0.0,0.0,0.0,0.0,False,True
2026-01-15 01:00,PV_H044,PV,0.0,0.0,0.0,0.0,0.0,0.0,False,False
2026-01-15 01:00,PV_H046,PV,0.0,0.0,0.0,0.0,0.0,0.0,False,False
2026-01-15 01:00,PV_H048,PV,0.0,0.0,0.0,0.0,0.0,0.0,False,False
2026-01-15 01:00,PV_H049,PV,0.0,0.0,0.0,0.0,0.0,0.0,False,True
2026-01-15 01:00,PV_H050,PV,0.0,0.0,0.0,0.0,0.0,0.0,False,True
2026-01-15 01:00,PV_H053,PV,0.0,0.0,0.0,0.0,0.0,0.0,False,False
2026-01-15 01:00,PV_H055,PV,0.0,0.0,0.0,0.0,0.0,0.0,False,True
2026-01-15 01:00,PV_H057,PV,0.0,0.0,0.0,0.0,0.0,0.0,False,True
2026-01-15 01:00,PV_H058,PV,0.0,0.0,0.0,0.0,0.0,0.0,False,True
2026-01-15 01:00,PV_H060,PV,0.0,0.0,0.0,0.0,0.0,0.0,False,True
2026-01-15 01:00,PV_H061,PV,0.0,0.0,0.0,0.0,0.0,0.0,False,True
2026-01-15 01:00,PV_H062,PV,0.0,0.0,0.0,0.0,0.0,0.0,False,False
2026-01-15 01:00,PV_H063,PV,0.0,0.0,0.0,0.0,0.0,0.0,False,False
2026-01-15 01:00,PV_H066,PV,0.0,0.0,0.0,0.0,0.0,0.0,False,False
2026-01-15 01:00,PV_H067,PV,0.0,0.0,0.0,0.0,0.0,0.0,False,True
2026-01-15 01:00,PV_H069,PV,0.0,0.0,0.0,0.0,0.0,0.0,False,True
2026-01-15 01:00,PV_H071,PV,0.0,0.0,0.0,0.0,0.0,0.0,False,True
2026-01-15 01:00,PV_H072,PV,0.0,0.0,0.0,0.0,0.0,0.0,False,True
2026-01-15 01:00,PV_H073,PV,0.0,0.0,0.0,0.0,0.0,0.0,False,True
2026-01-15 01:00,PV_H074,PV,0.0,0.0,0.0,0.0,0.0,0.0,False,False
2026-01-15 01:00,PV_H076,PV,0.0,0.0,0.0,0.0,0.0,0.0,False,True
2026-01-15 01:00,PV_H077,PV,0.0,0.0,0.0,0.0,0.0,0.0,False,True
2026-01-15 01:00,PV_H078,PV,0.0,0.0,0.0,0.0,0.0,0.0,False,False
2026-01-15 01:00,PV_H079,PV,0.0,0.0,0.0,0.0,0.0,0.0,False,True
2026-01-15 01:00,PV_H080,PV,0.0,0.0,0.0,0.0,0.0,0.0,False,False
2026-01-15 01:00,PV_H081,PV,0.0,0.0,0.0,0.0,0.0,0.0,False,True
2026-01-15 01:00,PV_H082,PV,0.0,0.0,0.0,0.0,0.0,0.0,False,True
2026-01-15 01:00,PV_H083,PV,0.0,0.0,0.0,0.0,0.0,0.0,False,True
2026-01-15 01:00,PV_H085,PV,0.0,0.0,0.0,0.0,0.0,0.0,False,False
2026-01-15 01:00,PV_H087,PV,0.0,0.0,0.0,0.0,0.0,0.0,False,False
2026-01-15 01:00,PV_H088,PV,0.0,0.0,0.0,0.0,0.0,0.0,False,False
2026-01-15 01:00,PV_H090,PV,0.0,0.0,0.0,0.0,0.0,0.0,False,True
2026-01-15 01:00,PV_H093,PV,0.0,0.0,0.0,0.0,0.0,0.0,False,True
2026-01-15 01:00,PV_H094,PV,0.0,0.0,0.0,0.0,0.0,0.0,False,True
2026-01-15 01:00,PV_H095,PV,0.0,0.0,0.0,0.0,0.0,0.0,False,False
2026-01-15 01:00,PV_H096,PV,0.0,0.0,0.0,0.0,0.0,0.0,False,True
2026-01-15 01:00,PV_H098,PV,0.0,0.0,0.0,0.0,0.0,0.0,False,True
2026-01-15 01:00,PV_H099,PV,0.0,0.0,0.0,0.0,0.0,0.0,False,False
2026-01-15 01:00,BESS_COMMUNITY_01,BESS,25.0,25.0,25.0,25.0,0.0,60.0,True,True
2026-01-15 01:00,EV_001,EV,0.0,0.0,0.0,0.0,0.0,0.0,False,True
2026-01-15 01:00,EV_002,EV,0.0,0.0,0.0,0.0,0.0,0.0,False,True
2026-01-15 01:00,EV_003,EV,0.0,0.0,0.0,0.0,0.0,0.0,False,True
2026-01-15 01:00,EV_004,EV,0.0,0.0,0.0,0.0,0.0,0.0,False,False
2026-01-15 01:00,EV_005,EV,0.0,0.0,0.0,0.0,0.0,0.0,False,True
2026-01-15 01:00,EV_006,EV,0.0,0.0,0.0,0.0,0.0,0.0,False,True
2026-01-15 01:00,EV_007,EV,0.0,0.0,0.0,0.0,0.0,0.0,False,True
2026-01-15 01:00,EV_008,EV,0.0,0.0,0.0,0.0,0.0,0.0,False,True
2026-01-15 01:00,EV_009,EV,0.0,0.0,0.0,0.0,0.0,0.0,False,True
2026-01-15 01:00,EV_010,EV,0.0,0.0,0.0,0.0,0.0,0.0,False,True
2026-01-15 01:00,EV_011,EV,0.0,0.0,0.0,0.0,0.0,0.0,False,True
2026-01-15 01:00,EV_012,EV,0.0,0.0,0.0,0.0,0.0,0.0,False,False
2026-01-15 01:00,EV_013,EV,0.0,0.0,0.0,0.0,0.0,0.0,False,False
2026-01-15 01:00,EV_014,EV,0.0,0.0,0.0,0.0,0.0,0.0,False,True
2026-01-15 01:00,EV_015,EV,0.0,0.0,0.0,0.0,0.0,0.0,False,True
2026-01-15 01:00,EV_016,EV,0.0,0.0,0.0,0.0,0.0,0.0,False,False
2026-01-15 01:00,EV_017,EV,0.0,0.0,0.0,0.0,0.0,0.0,False,False
2026-01-15 01:00,EV_018,EV,0.0,0.0,0.0,0.0,0.0,0.0,False,True
2026-01-15 01:00,EV_019,EV,0.0,0.0,0.0,0.0,0.0,0.0,False,True
2026-01-15 01:00,EV_020,EV,0.0,0.0,0.0,0.0,0.0,0.0,False,True
2026-01-15 01:00,FL001,FLEXIBLE_LOAD,0.0,0.0,0.0,0.0,0.0,0.0,False,False
2026-01-15 01:00,FL002,FLEXIBLE_LOAD,0.0,0.0,0.0,0.0,0.0,0.0,False,True
2026-01-15 01:00,FL003,FLEXIBLE_LOAD,0.0,0.0,0.0,0.0,0.0,0.0,False,True
2026-01-15 01:15,PV_H002,PV,0.0,0.0,0.0,0.0,0.0,0.0,False,True
2026-01-15 01:15,PV_H003,PV,0.0,0.0,0.0,0.0,0.0,0.0,False,True
2026-01-15 01:15,PV_H005,PV,0.0,0.0,0.0,0.0,0.0,0.0,False,False
2026-01-15 01:15,PV_H006,PV,0.0,0.0,0.0,0.0,0.0,0.0,False,True
2026-01-15 01:15,PV_H007,PV,0.0,0.0,0.0,0.0,0.0,0.0,False,False
2026-01-15 01:15,PV_H010,PV,0.0,0.0,0.0,0.0,0.0,0.0,False,False
2026-01-15 01:15,PV_H016,PV,0.0,0.0,0.0,0.0,0.0,0.0,False,True
2026-01-15 01:15,PV_H017,PV,0.0,0.0,0.0,0.0,0.0,0.0,False,True
2026-01-15 01:15,PV_H018,PV,0.0,0.0,0.0,0.0,0.0,0.0,False,True
2026-01-15 01:15,PV_H021,PV,0.0,0.0,0.0,0.0,0.0,0.0,False,True
2026-01-15 01:15,PV_H024,PV,0.0,0.0,0.0,0.0,0.0,0.0,False,True
2026-01-15 01:15,PV_H025,PV,0.0,0.0,0.0,0.0,0.0,0.0,False,False
2026-01-15 01:15,PV_H026,PV,0.0,0.0,0.0,0.0,0.0,0.0,False,False
2026-01-15 01:15,PV_H027,PV,0.0,0.0,0.0,0.0,0.0,0.0,False,True
2026-01-15 01:15,PV_H032,PV,0.0,0.0,0.0,0.0,0.0,0.0,False,False
2026-01-15 01:15,PV_H033,PV,0.0,0.0,0.0,0.0,0.0,0.0,False,True
2026-01-15 01:15,PV_H034,PV,0.0,0.0,0.0,0.0,0.0,0.0,False,True
2026-01-15 01:15,PV_H035,PV,0.0,0.0,0.0,0.0,0.0,0.0,False,True
2026-01-15 01:15,PV_H036,PV,0.0,0.0,0.0,0.0,0.0,0.0,False,False
2026-01-15 01:15,PV_H037,PV,0.0,0.0,0.0,0.0,0.0,0.0,False,False
2026-01-15 01:15,PV_H040,PV,0.0,0.0,0.0,0.0,0.0,0.0,False,False
2026-01-15 01:15,PV_H042,PV,0.0,0.0,0.0,0.0,0.0,0.0,False,True
2026-01-15 01:15,PV_H044,PV,0.0,0.0,0.0,0.0,0.0,0.0,False,False
2026-01-15 01:15,PV_H046,PV,0.0,0.0,0.0,0.0,0.0,0.0,False,False
2026-01-15 01:15,PV_H048,PV,0.0,0.0,0.0,0.0,0.0,0.0,False,False
2026-01-15 01:15,PV_H049,PV,0.0,0.0,0.0,0.0,0.0,0.0,False,True
2026-01-15 01:15,PV_H050,PV,0.0,0.0,0.0,0.0,0.0,0.0,False,True
2026-01-15 01:15,PV_H053,PV,0.0,0.0,0.0,0.0,0.0,0.0,False,False
2026-01-15 01:15,PV_H055,PV,0.0,0.0,0.0,0.0,0.0,0.0,False,True
2026-01-15 01:15,PV_H057,PV,0.0,0.0,0.0,0.0,0.0,0.0,False,True
2026-01-15 01:15,PV_H058,PV,0.0,0.0,0.0,0.0,0.0,0.0,False,True
2026-01-15 01:15,PV_H060,PV,0.0,0.0,0.0,0.0,0.0,0.0,False,True
2026-01-15 01:15,PV_H061,PV,0.0,0.0,0.0,0.0,0.0,0.0,False,True
2026-01-15 01:15,PV_H062,PV,0.0,0.0,0.0,0.0,0.0,0.0,False,False
2026-01-15 01:15,PV_H063,PV,0.0,0.0,0.0,0.0,0.0,0.0,False,False
2026-01-15 01:15,PV_H066,PV,0.0,0.0,0.0,0.0,0.0,0.0,False,False
2026-01-15 01:15,PV_H067,PV,0.0,0.0,0.0,0.0,0.0,0.0,False,True
2026-01-15 01:15,PV_H069,PV,0.0,0.0,0.0,0.0,0.0,0.0,False,True
2026-01-15 01:15,PV_H071,PV,0.0,0.0,0.0,0.0,0.0,0.0,False,True
2026-01-15 01:15,PV_H072,PV,0.0,0.0,0.0,0.0,0.0,0.0,False,True
2026-01-15 01:15,PV_H073,PV,0.0,0.0,0.0,0.0,0.0,0.0,False,True
2026-01-15 01:15,PV_H074,PV,0.0,0.0,0.0,0.0,0.0,0.0,False,False
2026-01-15 01:15,PV_H076,PV,0.0,0.0,0.0,0.0,0.0,0.0,False,True
2026-01-15 01:15,PV_H077,PV,0.0,0.0,0.0,0.0,0.0,0.0,False,True
2026-01-15 01:15,PV_H078,PV,0.0,0.0,0.0,0.0,0.0,0.0,False,False
2026-01-15 01:15,PV_H079,PV,0.0,0.0,0.0,0.0,0.0,0.0,False,True
2026-01-15 01:15,PV_H080,PV,0.0,0.0,0.0,0.0,0.0,0.0,False,False
2026-01-15 01:15,PV_H081,PV,0.0,0.0,0.0,0.0,0.0,0.0,False,True
2026-01-15 01:15,PV_H082,PV,0.0,0.0,0.0,0.0,0.0,0.0,False,True
2026-01-15 01:15,PV_H083,PV,0.0,0.0,0.0,0.0,0.0,0.0,False,True
2026-01-15 01:15,PV_H085,PV,0.0,0.0,0.0,0.0,0.0,0.0,False,False
2026-01-15 01:15,PV_H087,PV,0.0,0.0,0.0,0.0,0.0,0.0,False,False
2026-01-15 01:15,PV_H088,PV,0.0,0.0,0.0,0.0,0.0,0.0,False,False
2026-01-15 01:15,PV_H090,PV,0.0,0.0,0.0,0.0,0.0,0.0,False,True
2026-01-15 01:15,PV_H093,PV,0.0,0.0,0.0,0.0,0.0,0.0,False,True
2026-01-15 01:15,PV_H094,PV,0.0,0.0,0.0,0.0,0.0,0.0,False,True
2026-01-15 01:15,PV_H095,PV,0.0,0.0,0.0,0.0,0.0,0.0,False,False
2026-01-15 01:15,PV_H096,PV,0.0,0.0,0.0,0.0,0.0,0.0,False,True
2026-01-15 01:15,PV_H098,PV,0.0,0.0,0.0,0.0,0.0,0.0,False,True
2026-01-15 01:15,PV_H099,PV,0.0,0.0,0.0,0.0,0.0,0.0,False,False
2026-01-15 01:15,BESS_COMMUNITY_01,BESS,25.0,25.0,25.0,25.0,0.0,60.0,True,True
2026-01-15 01:15,EV_001,EV,0.0,0.0,0.0,0.0,0.0,0.0,False,True
2026-01-15 01:15,EV_002,EV,0.0,0.0,0.0,0.0,0.0,0.0,False,True
2026-01-15 01:15,EV_003,EV,0.0,0.0,0.0,0.0,0.0,0.0,False,True
2026-01-15 01:15,EV_004,EV,0.0,0.0,0.0,0.0,0.0,0.0,False,False
2026-01-15 01:15,EV_005,EV,0.0,0.0,0.0,0.0,0.0,0.0,False,True
2026-01-15 01:15,EV_006,EV,0.0,0.0,0.0,0.0,0.0,0.0,False,True
2026-01-15 01:15,EV_007,EV,0.0,0.0,0.0,0.0,0.0,0.0,False,True
2026-01-15 01:15,EV_008,EV,0.0,0.0,0.0,0.0,0.0,0.0,False,True
2026-01-15 01:15,EV_009,EV,0.0,0.0,0.0,0.0,0.0,0.0,False,True
2026-01-15 01:15,EV_010,EV,0.0,0.0,0.0,0.0,0.0,0.0,False,True
2026-01-15 01:15,EV_011,EV,0.0,0.0,0.0,0.0,0.0,0.0,False,True
2026-01-15 01:15,EV_012,EV,0.0,0.0,0.0,0.0,0.0,0.0,False,False
2026-01-15 01:15,EV_013,EV,0.0,0.0,0.0,0.0,0.0,0.0,False,False
2026-01-15 01:15,EV_014,EV,0.0,0.0,0.0,0.0,0.0,0.0,False,True
2026-01-15 01:15,EV_015,EV,0.0,0.0,0.0,0.0,0.0,0.0,False,True
2026-01-15 01:15,EV_016,EV,0.0,0.0,0.0,0.0,0.0,0.0,False,False
2026-01-15 01:15,EV_017,EV,0.0,0.0,0.0,0.0,0.0,0.0,False,False
2026-01-15 01:15,EV_018,EV,0.0,0.0,0.0,0.0,0.0,0.0,False,True
2026-01-15 01:15,EV_019,EV,0.0,0.0,0.0,0.0,0.0,0.0,False,True
2026-01-15 01:15,EV_020,EV,0.0,0.0,0.0,0.0,0.0,0.0,False,True
2026-01-15 01:15,FL001,FLEXIBLE_LOAD,0.0,0.0,0.0,0.0,0.0,0.0,False,False
2026-01-15 01:15,FL002,FLEXIBLE_LOAD,0.0,0.0,0.0,0.0,0.0,0.0,False,True
2026-01-15 01:15,FL003,FLEXIBLE_LOAD,0.0,0.0,0.0,0.0,0.0,0.0,False,True
2026-01-15 01:30,PV_H002,PV,0.0,0.0,0.0,0.0,0.0,0.0,False,True
2026-01-15 01:30,PV_H003,PV,0.0,0.0,0.0,0.0,0.0,0.0,False,True
2026-01-15 01:30,PV_H005,PV,0.0,0.0,0.0,0.0,0.0,0.0,False,False
2026-01-15 01:30,PV_H006,PV,0.0,0.0,0.0,0.0,0.0,0.0,False,True
2026-01-15 01:30,PV_H007,PV,0.0,0.0,0.0,0.0,0.0,0.0,False,False
2026-01-15 01:30,PV_H010,PV,0.0,0.0,0.0,0.0,0.0,0.0,False,False
2026-01-15 01:30,PV_H016,PV,0.0,0.0,0.0,0.0,0.0,0.0,False,True
2026-01-15 01:30,PV_H017,PV,0.0,0.0,0.0,0.0,0.0,0.0,False,True
2026-01-15 01:30,PV_H018,PV,0.0,0.0,0.0,0.0,0.0,0.0,False,True
2026-01-15 01:30,PV_H021,PV,0.0,0.0,0.0,0.0,0.0,0.0,False,True
2026-01-15 01:30,PV_H024,PV,0.0,0.0,0.0,0.0,0.0,0.0,False,True
2026-01-15 01:30,PV_H025,PV,0.0,0.0,0.0,0.0,0.0,0.0,False,False
2026-01-15 01:30,PV_H026,PV,0.0,0.0,0.0,0.0,0.0,0.0,False,False
2026-01-15 01:30,PV_H027,PV,0.0,0.0,0.0,0.0,0.0,0.0,False,True
2026-01-15 01:30,PV_H032,PV,0.0,0.0,0.0,0.0,0.0,0.0,False,False
2026-01-15 01:30,PV_H033,PV,0.0,0.0,0.0,0.0,0.0,0.0,False,True
2026-01-15 01:30,PV_H034,PV,0.0,0.0,0.0,0.0,0.0,0.0,False,True
2026-01-15 01:30,PV_H035,PV,0.0,0.0,0.0,0.0,0.0,0.0,False,True
2026-01-15 01:30,PV_H036,PV,0.0,0.0,0.0,0.0,0.0,0.0,False,False
2026-01-15 01:30,PV_H037,PV,0.0,0.0,0.0,0.0,0.0,0.0,False,False
2026-01-15 01:30,PV_H040,PV,0.0,0.0,0.0,0.0,0.0,0.0,False,False
2026-01-15 01:30,PV_H042,PV,0.0,0.0,0.0,0.0,0.0,0.0,False,True
2026-01-15 01:30,PV_H044,PV,0.0,0.0,0.0,0.0,0.0,0.0,False,False
2026-01-15 01:30,PV_H046,PV,0.0,0.0,0.0,0.0,0.0,0.0,False,False
2026-01-15 01:30,PV_H048,PV,0.0,0.0,0.0,0.0,0.0,0.0,False,False
2026-01-15 01:30,PV_H049,PV,0.0,0.0,0.0,0.0,0.0,0.0,False,True
2026-01-15 01:30,PV_H050,PV,0.0,0.0,0.0,0.0,0.0,0.0,False,True
2026-01-15 01:30,PV_H053,PV,0.0,0.0,0.0,0.0,0.0,0.0,False,False
2026-01-15 01:30,PV_H055,PV,0.0,0.0,0.0,0.0,0.0,0.0,False,True
2026-01-15 01:30,PV_H057,PV,0.0,0.0,0.0,0.0,0.0,0.0,False,True
2026-01-15 01:30,PV_H058,PV,0.0,0.0,0.0,0.0,0.0,0.0,False,True
2026-01-15 01:30,PV_H060,PV,0.0,0.0,0.0,0.0,0.0,0.0,False,True
2026-01-15 01:30,PV_H061,PV,0.0,0.0,0.0,0.0,0.0,0.0,False,True
2026-01-15 01:30,PV_H062,PV,0.0,0.0,0.0,0.0,0.0,0.0,False,False
2026-01-15 01:30,PV_H063,PV,0.0,0.0,0.0,0.0,0.0,0.0,False,False
2026-01-15 01:30,PV_H066,PV,0.0,0.0,0.0,0.0,0.0,0.0,False,False
2026-01-15 01:30,PV_H067,PV,0.0,0.0,0.0,0.0,0.0,0.0,False,True
2026-01-15 01:30,PV_H069,PV,0.0,0.0,0.0,0.0,0.0,0.0,False,True
2026-01-15 01:30,PV_H071,PV,0.0,0.0,0.0,0.0,0.0,0.0,False,True
2026-01-15 01:30,PV_H072,PV,0.0,0.0,0.0,0.0,0.0,0.0,False,True
2026-01-15 01:30,PV_H073,PV,0.0,0.0,0.0,0.0,0.0,0.0,False,True
2026-01-15 01:30,PV_H074,PV,0.0,0.0,0.0,0.0,0.0,0.0,False,False
2026-01-15 01:30,PV_H076,PV,0.0,0.0,0.0,0.0,0.0,0.0,False,True
2026-01-15 01:30,PV_H077,PV,0.0,0.0,0.0,0.0,0.0,0.0,False,True
2026-01-15 01:30,PV_H078,PV,0.0,0.0,0.0,0.0,0.0,0.0,False,False
2026-01-15 01:30,PV_H079,PV,0.0,0.0,0.0,0.0,0.0,0.0,False,True
2026-01-15 01:30,PV_H080,PV,0.0,0.0,0.0,0.0,0.0,0.0,False,False
2026-01-15 01:30,PV_H081,PV,0.0,0.0,0.0,0.0,0.0,0.0,False,True
2026-01-15 01:30,PV_H082,PV,0.0,0.0,0.0,0.0,0.0,0.0,False,True
2026-01-15 01:30,PV_H083,PV,0.0,0.0,0.0,0.0,0.0,0.0,False,True
2026-01-15 01:30,PV_H085,PV,0.0,0.0,0.0,0.0,0.0,0.0,False,False
2026-01-15 01:30,PV_H087,PV,0.0,0.0,0.0,0.0,0.0,0.0,False,False
2026-01-15 01:30,PV_H088,PV,0.0,0.0,0.0,0.0,0.0,0.0,False,False
2026-01-15 01:30,PV_H090,PV,0.0,0.0,0.0,0.0,0.0,0.0,False,True
2026-01-15 01:30,PV_H093,PV,0.0,0.0,0.0,0.0,0.0,0.0,False,True
2026-01-15 01:30,PV_H094,PV,0.0,0.0,0.0,0.0,0.0,0.0,False,True
2026-01-15 01:30,PV_H095,PV,0.0,0.0,0.0,0.0,0.0,0.0,False,False
2026-01-15 01:30,PV_H096,PV,0.0,0.0,0.0,0.0,0.0,0.0,False,True
2026-01-15 01:30,PV_H098,PV,0.0,0.0,0.0,0.0,0.0,0.0,False,True
2026-01-15 01:30,PV_H099,PV,0.0,0.0,0.0,0.0,0.0,0.0,False,False
2026-01-15 01:30,BESS_COMMUNITY_01,BESS,25.0,25.0,25.0,25.0,0.0,60.0,True,True
2026-01-15 01:30,EV_001,EV,0.0,0.0,0.0,0.0,0.0,0.0,False,True
2026-01-15 01:30,EV_002,EV,0.0,0.0,0.0,0.0,0.0,0.0,False,True
2026-01-15 01:30,EV_003,EV,0.0,0.0,0.0,0.0,0.0,0.0,False,True
2026-01-15 01:30,EV_004,EV,0.0,0.0,0.0,0.0,0.0,0.0,False,False
2026-01-15 01:30,EV_005,EV,0.0,0.0,0.0,0.0,0.0,0.0,False,True
2026-01-15 01:30,EV_006,EV,0.0,0.0,0.0,0.0,0.0,0.0,False,True
2026-01-15 01:30,EV_007,EV,0.0,0.0,0.0,0.0,0.0,0.0,False,True
2026-01-15 01:30,EV_008,EV,0.0,0.0,0.0,0.0,0.0,0.0,False,True
2026-01-15 01:30,EV_009,EV,0.0,0.0,0.0,0.0,0.0,0.0,False,True
2026-01-15 01:30,EV_010,EV,0.0,0.0,0.0,0.0,0.0,0.0,False,True
2026-01-15 01:30,EV_011,EV,0.0,0.0,0.0,0.0,0.0,0.0,False,True
2026-01-15 01:30,EV_012,EV,0.0,0.0,0.0,0.0,0.0,0.0,False,False
2026-01-15 01:30,EV_013,EV,0.0,0.0,0.0,0.0,0.0,0.0,False,False
2026-01-15 01:30,EV_014,EV,0.0,0.0,0.0,0.0,0.0,0.0,False,True
2026-01-15 01:30,EV_015,EV,0.0,0.0,0.0,0.0,0.0,0.0,False,True
2026-01-15 01:30,EV_016,EV,0.0,0.0,0.0,0.0,0.0,0.0,False,False
2026-01-15 01:30,EV_017,EV,0.0,0.0,0.0,0.0,0.0,0.0,False,False
2026-01-15 01:30,EV_018,EV,0.0,0.0,0.0,0.0,0.0,0.0,False,True
2026-01-15 01:30,EV_019,EV,0.0,0.0,0.0,0.0,0.0,0.0,False,True
2026-01-15 01:30,EV_020,EV,0.0,0.0,0.0,0.0,0.0,0.0,False,True
2026-01-15 01:30,FL001,FLEXIBLE_LOAD,0.0,0.0,0.0,0.0,0.0,0.0,False,False
2026-01-15 01:30,FL002,FLEXIBLE_LOAD,0.0,0.0,0.0,0.0,0.0,0.0,False,True
2026-01-15 01:30,FL003,FLEXIBLE_LOAD,0.0,0.0,0.0,0.0,0.0,0.0,False,True
2026-01-15 01:45,PV_H002,PV,0.0,0.0,0.0,0.0,0.0,0.0,False,True
2026-01-15 01:45,PV_H003,PV,0.0,0.0,0.0,0.0,0.0,0.0,False,True
2026-01-15 01:45,PV_H005,PV,0.0,0.0,0.0,0.0,0.0,0.0,False,False
2026-01-15 01:45,PV_H006,PV,0.0,0.0,0.0,0.0,0.0,0.0,False,True
2026-01-15 01:45,PV_H007,PV,0.0,0.0,0.0,0.0,0.0,0.0,False,False
2026-01-15 01:45,PV_H010,PV,0.0,0.0,0.0,0.0,0.0,0.0,False,False
2026-01-15 01:45,PV_H016,PV,0.0,0.0,0.0,0.0,0.0,0.0,False,True
2026-01-15 01:45,PV_H017,PV,0.0,0.0,0.0,0.0,0.0,0.0,False,True
2026-01-15 01:45,PV_H018,PV,0.0,0.0,0.0,0.0,0.0,0.0,False,True
2026-01-15 01:45,PV_H021,PV,0.0,0.0,0.0,0.0,0.0,0.0,False,True
2026-01-15 01:45,PV_H024,PV,0.0,0.0,0.0,0.0,0.0,0.0,False,True
2026-01-15 01:45,PV_H025,PV,0.0,0.0,0.0,0.0,0.0,0.0,False,False
2026-01-15 01:45,PV_H026,PV,0.0,0.0,0.0,0.0,0.0,0.0,False,False
2026-01-15 01:45,PV_H027,PV,0.0,0.0,0.0,0.0,0.0,0.0,False,True
2026-01-15 01:45,PV_H032,PV,0.0,0.0,0.0,0.0,0.0,0.0,False,False
2026-01-15 01:45,PV_H033,PV,0.0,0.0,0.0,0.0,0.0,0.0,False,True
2026-01-15 01:45,PV_H034,PV,0.0,0.0,0.0,0.0,0.0,0.0,False,True
2026-01-15 01:45,PV_H035,PV,0.0,0.0,0.0,0.0,0.0,0.0,False,True
2026-01-15 01:45,PV_H036,PV,0.0,0.0,0.0,0.0,0.0,0.0,False,False
2026-01-15 01:45,PV_H037,PV,0.0,0.0,0.0,0.0,0.0,0.0,False,False
2026-01-15 01:45,PV_H040,PV,0.0,0.0,0.0,0.0,0.0,0.0,False,False
2026-01-15 01:45,PV_H042,PV,0.0,0.0,0.0,0.0,0.0,0.0,False,True
2026-01-15 01:45,PV_H044,PV,0.0,0.0,0.0,0.0,0.0,0.0,False,False
2026-01-15 01:45,PV_H046,PV,0.0,0.0,0.0,0.0,0.0,0.0,False,False
2026-01-15 01:45,PV_H048,PV,0.0,0.0,0.0,0.0,0.0,0.0,False,False
2026-01-15 01:45,PV_H049,PV,0.0,0.0,0.0,0.0,0.0,0.0,False,True
2026-01-15 01:45,PV_H050,PV,0.0,0.0,0.0,0.0,0.0,0.0,False,True
2026-01-15 01:45,PV_H053,PV,0.0,0.0,0.0,0.0,0.0,0.0,False,False
2026-01-15 01:45,PV_H055,PV,0.0,0.0,0.0,0.0,0.0,0.0,False,True
2026-01-15 01:45,PV_H057,PV,0.0,0.0,0.0,0.0,0.0,0.0,False,True
2026-01-15 01:45,PV_H058,PV,0.0,0.0,0.0,0.0,0.0,0.0,False,True
2026-01-15 01:45,PV_H060,PV,0.0,0.0,0.0,0.0,0.0,0.0,False,True
2026-01-15 01:45,PV_H061,PV,0.0,0.0,0.0,0.0,0.0,0.0,False,True
2026-01-15 01:45,PV_H062,PV,0.0,0.0,0.0,0.0,0.0,0.0,False,False
2026-01-15 01:45,PV_H063,PV,0.0,0.0,0.0,0.0,0.0,0.0,False,False
2026-01-15 01:45,PV_H066,PV,0.0,0.0,0.0,0.0,0.0,0.0,False,False
2026-01-15 01:45,PV_H067,PV,0.0,0.0,0.0,0.0,0.0,0.0,False,True
2026-01-15 01:45,PV_H069,PV,0.0,0.0,0.0,0.0,0.0,0.0,False,True
2026-01-15 01:45,PV_H071,PV,0.0,0.0,0.0,0.0,0.0,0.0,False,True
2026-01-15 01:45,PV_H072,PV,0.0,0.0,0.0,0.0,0.0,0.0,False,True
2026-01-15 01:45,PV_H073,PV,0.0,0.0,0.0,0.0,0.0,0.0,False,True
2026-01-15 01:45,PV_H074,PV,0.0,0.0,0.0,0.0,0.0,0.0,False,False
2026-01-15 01:45,PV_H076,PV,0.0,0.0,0.0,0.0,0.0,0.0,False,True
2026-01-15 01:45,PV_H077,PV,0.0,0.0,0.0,0.0,0.0,0.0,False,True
2026-01-15 01:45,PV_H078,PV,0.0,0.0,0.0,0.0,0.0,0.0,False,False
2026-01-15 01:45,PV_H079,PV,0.0,0.0,0.0,0.0,0.0,0.0,False,True
2026-01-15 01:45,PV_H080,PV,0.0,0.0,0.0,0.0,0.0,0.0,False,False
2026-01-15 01:45,PV_H081,PV,0.0,0.0,0.0,0.0,0.0,0.0,False,True
2026-01-15 01:45,PV_H082,PV,0.0,0.0,0.0,0.0,0.0,0.0,False,True
2026-01-15 01:45,PV_H083,PV,0.0,0.0,0.0,0.0,0.0,0.0,False,True
2026-01-15 01:45,PV_H085,PV,0.0,0.0,0.0,0.0,0.0,0.0,False,False
2026-01-15 01:45,PV_H087,PV,0.0,0.0,0.0,0.0,0.0,0.0,False,False
2026-01-15 01:45,PV_H088,PV,0.0,0.0,0.0,0.0,0.0,0.0,False,False
2026-01-15 01:45,PV_H090,PV,0.0,0.0,0.0,0.0,0.0,0.0,False,True
2026-01-15 01:45,PV_H093,PV,0.0,0.0,0.0,0.0,0.0,0.0,False,True
2026-01-15 01:45,PV_H094,PV,0.0,0.0,0.0,0.0,0.0,0.0,False,True
2026-01-15 01:45,PV_H095,PV,0.0,0.0,0.0,0.0,0.0,0.0,False,False
2026-01-15 01:45,PV_H096,PV,0.0,0.0,0.0,0.0,0.0,0.0,False,True
2026-01-15 01:45,PV_H098,PV,0.0,0.0,0.0,0.0,0.0,0.0,False,True
2026-01-15 01:45,PV_H099,PV,0.0,0.0,0.0,0.0,0.0,0.0,False,False
2026-01-15 01:45,BESS_COMMUNITY_01,BESS,25.0,25.0,25.0,25.0,0.0,60.0,True,True
2026-01-15 01:45,EV_001,EV,0.0,0.0,0.0,0.0,0.0,0.0,False,True
2026-01-15 01:45,EV_002,EV,0.0,0.0,0.0,0.0,0.0,0.0,False,True
2026-01-15 01:45,EV_003,EV,0.0,0.0,0.0,0.0,0.0,0.0,False,True
2026-01-15 01:45,EV_004,EV,0.0,0.0,0.0,0.0,0.0,0.0,False,False
2026-01-15 01:45,EV_005,EV,0.0,0.0,0.0,0.0,0.0,0.0,False,True
2026-01-15 01:45,EV_006,EV,0.0,0.0,0.0,0.0,0.0,0.0,False,True
2026-01-15 01:45,EV_007,EV,0.0,0.0,0.0,0.0,0.0,0.0,False,True
2026-01-15 01:45,EV_008,EV,0.0,0.0,0.0,0.0,0.0,0.0,False,True
2026-01-15 01:45,EV_009,EV,0.0,0.0,0.0,0.0,0.0,0.0,False,True
2026-01-15 01:45,EV_010,EV,0.0,0.0,0.0,0.0,0.0,0.0,False,True
2026-01-15 01:45,EV_011,EV,0.0,0.0,0.0,0.0,0.0,0.0,False,True
2026-01-15 01:45,EV_012,EV,0.0,0.0,0.0,0.0,0.0,0.0,False,False
2026-01-15 01:45,EV_013,EV,0.0,0.0,0.0,0.0,0.0,0.0,False,False
2026-01-15 01:45,EV_014,EV,0.0,0.0,0.0,0.0,0.0,0.0,False,True
2026-01-15 01:45,EV_015,EV,0.0,0.0,0.0,0.0,0.0,0.0,False,True
2026-01-15 01:45,EV_016,EV,0.0,0.0,0.0,0.0,0.0,0.0,False,False
2026-01-15 01:45,EV_017,EV,0.0,0.0,0.0,0.0,0.0,0.0,False,False
2026-01-15 01:45,EV_018,EV,0.0,0.0,0.0,0.0,0.0,0.0,False,True
2026-01-15 01:45,EV_019,EV,0.0,0.0,0.0,0.0,0.0,0.0,False,True
2026-01-15 01:45,EV_020,EV,0.0,0.0,0.0,0.0,0.0,0.0,False,True
2026-01-15 01:45,FL001,FLEXIBLE_LOAD,0.0,0.0,0.0,0.0,0.0,0.0,False,False
2026-01-15 01:45,FL002,FLEXIBLE_LOAD,0.0,0.0,0.0,0.0,0.0,0.0,False,True
2026-01-15 01:45,FL003,FLEXIBLE_LOAD,0.0,0.0,0.0,0.0,0.0,0.0,False,True
2026-01-15 02:00,PV_H002,PV,0.0,0.0,0.0,0.0,0.0,0.0,False,True
2026-01-15 02:00,PV_H003,PV,0.0,0.0,0.0,0.0,0.0,0.0,False,True
2026-01-15 02:00,PV_H005,PV,0.0,0.0,0.0,0.0,0.0,0.0,False,False
2026-01-15 02:00,PV_H006,PV,0.0,0.0,0.0,0.0,0.0,0.0,False,True
2026-01-15 02:00,PV_H007,PV,0.0,0.0,0.0,0.0,0.0,0.0,False,False
2026-01-15 02:00,PV_H010,PV,0.0,0.0,0.0,0.0,0.0,0.0,False,False
2026-01-15 02:00,PV_H016,PV,0.0,0.0,0.0,0.0,0.0,0.0,False,True
2026-01-15 02:00,PV_H017,PV,0.0,0.0,0.0,0.0,0.0,0.0,False,True
2026-01-15 02:00,PV_H018,PV,0.0,0.0,0.0,0.0,0.0,0.0,False,True
2026-01-15 02:00,PV_H021,PV,0.0,0.0,0.0,0.0,0.0,0.0,False,True
2026-01-15 02:00,PV_H024,PV,0.0,0.0,0.0,0.0,0.0,0.0,False,True
2026-01-15 02:00,PV_H025,PV,0.0,0.0,0.0,0.0,0.0,0.0,False,False
2026-01-15 02:00,PV_H026,PV,0.0,0.0,0.0,0.0,0.0,0.0,False,False
2026-01-15 02:00,PV_H027,PV,0.0,0.0,0.0,0.0,0.0,0.0,False,True
2026-01-15 02:00,PV_H032,PV,0.0,0.0,0.0,0.0,0.0,0.0,False,False
2026-01-15 02:00,PV_H033,PV,0.0,0.0,0.0,0.0,0.0,0.0,False,True
2026-01-15 02:00,PV_H034,PV,0.0,0.0,0.0,0.0,0.0,0.0,False,True
2026-01-15 02:00,PV_H035,PV,0.0,0.0,0.0,0.0,0.0,0.0,False,True
2026-01-15 02:00,PV_H036,PV,0.0,0.0,0.0,0.0,0.0,0.0,False,False
2026-01-15 02:00,PV_H037,PV,0.0,0.0,0.0,0.0,0.0,0.0,False,False
2026-01-15 02:00,PV_H040,PV,0.0,0.0,0.0,0.0,0.0,0.0,False,False
2026-01-15 02:00,PV_H042,PV,0.0,0.0,0.0,0.0,0.0,0.0,False,True
2026-01-15 02:00,PV_H044,PV,0.0,0.0,0.0,0.0,0.0,0.0,False,False
2026-01-15 02:00,PV_H046,PV,0.0,0.0,0.0,0.0,0.0,0.0,False,False
2026-01-15 02:00,PV_H048,PV,0.0,0.0,0.0,0.0,0.0,0.0,False,False
2026-01-15 02:00,PV_H049,PV,0.0,0.0,0.0,0.0,0.0,0.0,False,True
2026-01-15 02:00,PV_H050,PV,0.0,0.0,0.0,0.0,0.0,0.0,False,True
2026-01-15 02:00,PV_H053,PV,0.0,0.0,0.0,0.0,0.0,0.0,False,False
2026-01-15 02:00,PV_H055,PV,0.0,0.0,0.0,0.0,0.0,0.0,False,True
2026-01-15 02:00,PV_H057,PV,0.0,0.0,0.0,0.0,0.0,0.0,False,True
2026-01-15 02:00,PV_H058,PV,0.0,0.0,0.0,0.0,0.0,0.0,False,True
2026-01-15 02:00,PV_H060,PV,0.0,0.0,0.0,0.0,0.0,0.0,False,True
2026-01-15 02:00,PV_H061,PV,0.0,0.0,0.0,0.0,0.0,0.0,False,True
2026-01-15 02:00,PV_H062,PV,0.0,0.0,0.0,0.0,0.0,0.0,False,False
2026-01-15 02:00,PV_H063,PV,0.0,0.0,0.0,0.0,0.0,0.0,False,False
2026-01-15 02:00,PV_H066,PV,0.0,0.0,0.0,0.0,0.0,0.0,False,False
2026-01-15 02:00,PV_H067,PV,0.0,0.0,0.0,0.0,0.0,0.0,False,True
2026-01-15 02:00,PV_H069,PV,0.0,0.0,0.0,0.0,0.0,0.0,False,True
2026-01-15 02:00,PV_H071,PV,0.0,0.0,0.0,0.0,0.0,0.0,False,True
2026-01-15 02:00,PV_H072,PV,0.0,0.0,0.0,0.0,0.0,0.0,False,True
2026-01-15 02:00,PV_H073,PV,0.0,0.0,0.0,0.0,0.0,0.0,False,True
2026-01-15 02:00,PV_H074,PV,0.0,0.0,0.0,0.0,0.0,0.0,False,False
2026-01-15 02:00,PV_H076,PV,0.0,0.0,0.0,0.0,0.0,0.0,False,True
2026-01-15 02:00,PV_H077,PV,0.0,0.0,0.0,0.0,0.0,0.0,False,True
2026-01-15 02:00,PV_H078,PV,0.0,0.0,0.0,0.0,0.0,0.0,False,False
2026-01-15 02:00,PV_H079,PV,0.0,0.0,0.0,0.0,0.0,0.0,False,True
2026-01-15 02:00,PV_H080,PV,0.0,0.0,0.0,0.0,0.0,0.0,False,False
2026-01-15 02:00,PV_H081,PV,0.0,0.0,0.0,0.0,0.0,0.0,False,True
2026-01-15 02:00,PV_H082,PV,0.0,0.0,0.0,0.0,0.0,0.0,False,True
2026-01-15 02:00,PV_H083,PV,0.0,0.0,0.0,0.0,0.0,0.0,False,True
2026-01-15 02:00,PV_H085,PV,0.0,0.0,0.0,0.0,0.0,0.0,False,False
2026-01-15 02:00,PV_H087,PV,0.0,0.0,0.0,0.0,0.0,0.0,False,False
2026-01-15 02:00,PV_H088,PV,0.0,0.0,0.0,0.0,0.0,0.0,False,False
2026-01-15 02:00,PV_H090,PV,0.0,0.0,0.0,0.0,0.0,0.0,False,True
2026-01-15 02:00,PV_H093,PV,0.0,0.0,0.0,0.0,0.0,0.0,False,True
2026-01-15 02:00,PV_H094,PV,0.0,0.0,0.0,0.0,0.0,0.0,False,True
2026-01-15 02:00,PV_H095,PV,0.0,0.0,0.0,0.0,0.0,0.0,False,False
2026-01-15 02:00,PV_H096,PV,0.0,0.0,0.0,0.0,0.0,0.0,False,True
2026-01-15 02:00,PV_H098,PV,0.0,0.0,0.0,0.0,0.0,0.0,False,True
2026-01-15 02:00,PV_H099,PV,0.0,0.0,0.0,0.0,0.0,0.0,False,False
2026-01-15 02:00,BESS_COMMUNITY_01,BESS,25.0,25.0,25.0,25.0,0.0,60.0,True,True
2026-01-15 02:00,EV_001,EV,0.0,0.0,0.0,0.0,0.0,0.0,False,True
2026-01-15 02:00,EV_002,EV,0.0,0.0,0.0,0.0,0.0,0.0,False,True
2026-01-15 02:00,EV_003,EV,0.0,0.0,0.0,0.0,0.0,0.0,False,True
2026-01-15 02:00,EV_004,EV,0.0,0.0,0.0,0.0,0.0,0.0,False,False
2026-01-15 02:00,EV_005,EV,0.0,0.0,0.0,0.0,0.0,0.0,False,True
2026-01-15 02:00,EV_006,EV,0.0,0.0,0.0,0.0,0.0,0.0,False,True
2026-01-15 02:00,EV_007,EV,0.0,0.0,0.0,0.0,0.0,0.0,False,True
2026-01-15 02:00,EV_008,EV,0.0,0.0,0.0,0.0,0.0,0.0,False,True
2026-01-15 02:00,EV_009,EV,0.0,0.0,0.0,0.0,0.0,0.0,False,True
2026-01-15 02:00,EV_010,EV,0.0,0.0,0.0,0.0,0.0,0.0,False,True
2026-01-15 02:00,EV_011,EV,0.0,0.0,0.0,0.0,0.0,0.0,False,True
2026-01-15 02:00,EV_012,EV,0.0,0.0,0.0,0.0,0.0,0.0,False,False
2026-01-15 02:00,EV_013,EV,0.0,0.0,0.0,0.0,0.0,0.0,False,False
2026-01-15 02:00,EV_014,EV,0.0,0.0,0.0,0.0,0.0,0.0,False,True
2026-01-15 02:00,EV_015,EV,0.0,0.0,0.0,0.0,0.0,0.0,False,True
2026-01-15 02:00,EV_016,EV,0.0,0.0,0.0,0.0,0.0,0.0,False,False
2026-01-15 02:00,EV_017,EV,0.0,0.0,0.0,0.0,0.0,0.0,False,False
2026-01-15 02:00,EV_018,EV,0.0,0.0,0.0,0.0,0.0,0.0,False,True
2026-01-15 02:00,EV_019,EV,0.0,0.0,0.0,0.0,0.0,0.0,False,True
2026-01-15 02:00,EV_020,EV,0.0,0.0,0.0,0.0,0.0,0.0,False,True
2026-01-15 02:00,FL001,FLEXIBLE_LOAD,0.0,0.0,0.0,0.0,0.0,0.0,False,False
2026-01-15 02:00,FL002,FLEXIBLE_LOAD,0.0,0.0,0.0,0.0,0.0,0.0,False,True
2026-01-15 02:00,FL003,FLEXIBLE_LOAD,0.0,0.0,0.0,0.0,0.0,0.0,False,True
2026-01-15 02:15,PV_H002,PV,0.0,0.0,0.0,0.0,0.0,0.0,False,True
2026-01-15 02:15,PV_H003,PV,0.0,0.0,0.0,0.0,0.0,0.0,False,True
2026-01-15 02:15,PV_H005,PV,0.0,0.0,0.0,0.0,0.0,0.0,False,False
2026-01-15 02:15,PV_H006,PV,0.0,0.0,0.0,0.0,0.0,0.0,False,True
2026-01-15 02:15,PV_H007,PV,0.0,0.0,0.0,0.0,0.0,0.0,False,False
2026-01-15 02:15,PV_H010,PV,0.0,0.0,0.0,0.0,0.0,0.0,False,False
2026-01-15 02:15,PV_H016,PV,0.0,0.0,0.0,0.0,0.0,0.0,False,True
2026-01-15 02:15,PV_H017,PV,0.0,0.0,0.0,0.0,0.0,0.0,False,True
2026-01-15 02:15,PV_H018,PV,0.0,0.0,0.0,0.0,0.0,0.0,False,True
2026-01-15 02:15,PV_H021,PV,0.0,0.0,0.0,0.0,0.0,0.0,False,True
2026-01-15 02:15,PV_H024,PV,0.0,0.0,0.0,0.0,0.0,0.0,False,True
2026-01-15 02:15,PV_H025,PV,0.0,0.0,0.0,0.0,0.0,0.0,False,False
2026-01-15 02:15,PV_H026,PV,0.0,0.0,0.0,0.0,0.0,0.0,False,False
2026-01-15 02:15,PV_H027,PV,0.0,0.0,0.0,0.0,0.0,0.0,False,True
2026-01-15 02:15,PV_H032,PV,0.0,0.0,0.0,0.0,0.0,0.0,False,False
2026-01-15 02:15,PV_H033,PV,0.0,0.0,0.0,0.0,0.0,0.0,False,True
2026-01-15 02:15,PV_H034,PV,0.0,0.0,0.0,0.0,0.0,0.0,False,True
2026-01-15 02:15,PV_H035,PV,0.0,0.0,0.0,0.0,0.0,0.0,False,True
2026-01-15 02:15,PV_H036,PV,0.0,0.0,0.0,0.0,0.0,0.0,False,False
2026-01-15 02:15,PV_H037,PV,0.0,0.0,0.0,0.0,0.0,0.0,False,False
2026-01-15 02:15,PV_H040,PV,0.0,0.0,0.0,0.0,0.0,0.0,False,False
2026-01-15 02:15,PV_H042,PV,0.0,0.0,0.0,0.0,0.0,0.0,False,True
2026-01-15 02:15,PV_H044,PV,0.0,0.0,0.0,0.0,0.0,0.0,False,False
2026-01-15 02:15,PV_H046,PV,0.0,0.0,0.0,0.0,0.0,0.0,False,False
2026-01-15 02:15,PV_H048,PV,0.0,0.0,0.0,0.0,0.0,0.0,False,False
2026-01-15 02:15,PV_H049,PV,0.0,0.0,0.0,0.0,0.0,0.0,False,True
2026-01-15 02:15,PV_H050,PV,0.0,0.0,0.0,0.0,0.0,0.0,False,True
2026-01-15 02:15,PV_H053,PV,0.0,0.0,0.0,0.0,0.0,0.0,False,False
2026-01-15 02:15,PV_H055,PV,0.0,0.0,0.0,0.0,0.0,0.0,False,True
2026-01-15 02:15,PV_H057,PV,0.0,0.0,0.0,0.0,0.0,0.0,False,True
2026-01-15 02:15,PV_H058,PV,0.0,0.0,0.0,0.0,0.0,0.0,False,True
2026-01-15 02:15,PV_H060,PV,0.0,0.0,0.0,0.0,0.0,0.0,False,True
2026-01-15 02:15,PV_H061,PV,0.0,0.0,0.0,0.0,0.0,0.0,False,True
2026-01-15 02:15,PV_H062,PV,0.0,0.0,0.0,0.0,0.0,0.0,False,False
2026-01-15 02:15,PV_H063,PV,0.0,0.0,0.0,0.0,0.0,0.0,False,False
2026-01-15 02:15,PV_H066,PV,0.0,0.0,0.0,0.0,0.0,0.0,False,False
2026-01-15 02:15,PV_H067,PV,0.0,0.0,0.0,0.0,0.0,0.0,False,True
2026-01-15 02:15,PV_H069,PV,0.0,0.0,0.0,0.0,0.0,0.0,False,True
2026-01-15 02:15,PV_H071,PV,0.0,0.0,0.0,0.0,0.0,0.0,False,True
2026-01-15 02:15,PV_H072,PV,0.0,0.0,0.0,0.0,0.0,0.0,False,True
2026-01-15 02:15,PV_H073,PV,0.0,0.0,0.0,0.0,0.0,0.0,False,True
2026-01-15 02:15,PV_H074,PV,0.0,0.0,0.0,0.0,0.0,0.0,False,False
2026-01-15 02:15,PV_H076,PV,0.0,0.0,0.0,0.0,0.0,0.0,False,True
2026-01-15 02:15,PV_H077,PV,0.0,0.0,0.0,0.0,0.0,0.0,False,True
2026-01-15 02:15,PV_H078,PV,0.0,0.0,0.0,0.0,0.0,0.0,False,False
2026-01-15 02:15,PV_H079,PV,0.0,0.0,0.0,0.0,0.0,0.0,False,True
2026-01-15 02:15,PV_H080,PV,0.0,0.0,0.0,0.0,0.0,0.0,False,False
2026-01-15 02:15,PV_H081,PV,0.0,0.0,0.0,0.0,0.0,0.0,False,True
2026-01-15 02:15,PV_H082,PV,0.0,0.0,0.0,0.0,0.0,0.0,False,True
2026-01-15 02:15,PV_H083,PV,0.0,0.0,0.0,0.0,0.0,0.0,False,True
2026-01-15 02:15,PV_H085,PV,0.0,0.0,0.0,0.0,0.0,0.0,False,False
2026-01-15 02:15,PV_H087,PV,0.0,0.0,0.0,0.0,0.0,0.0,False,False
2026-01-15 02:15,PV_H088,PV,0.0,0.0,0.0,0.0,0.0,0.0,False,False
2026-01-15 02:15,PV_H090,PV,0.0,0.0,0.0,0.0,0.0,0.0,False,True
2026-01-15 02:15,PV_H093,PV,0.0,0.0,0.0,0.0,0.0,0.0,False,True
2026-01-15 02:15,PV_H094,PV,0.0,0.0,0.0,0.0,0.0,0.0,False,True
2026-01-15 02:15,PV_H095,PV,0.0,0.0,0.0,0.0,0.0,0.0,False,False
2026-01-15 02:15,PV_H096,PV,0.0,0.0,0.0,0.0,0.0,0.0,False,True
2026-01-15 02:15,PV_H098,PV,0.0,0.0,0.0,0.0,0.0,0.0,False,True
2026-01-15 02:15,PV_H099,PV,0.0,0.0,0.0,0.0,0.0,0.0,False,False
2026-01-15 02:15,BESS_COMMUNITY_01,BESS,25.0,25.0,25.0,25.0,0.0,60.0,True,True
2026-01-15 02:15,EV_001,EV,0.0,0.0,0.0,0.0,0.0,0.0,False,True
2026-01-15 02:15,EV_002,EV,0.0,0.0,0.0,0.0,0.0,0.0,False,True
2026-01-15 02:15,EV_003,EV,0.0,0.0,0.0,0.0,0.0,0.0,False,True
2026-01-15 02:15,EV_004,EV,0.0,0.0,0.0,0.0,0.0,0.0,False,False
2026-01-15 02:15,EV_005,EV,0.0,0.0,0.0,0.0,0.0,0.0,False,True
2026-01-15 02:15,EV_006,EV,0.0,0.0,0.0,0.0,0.0,0.0,False,True
2026-01-15 02:15,EV_007,EV,0.0,0.0,0.0,0.0,0.0,0.0,False,True
2026-01-15 02:15,EV_008,EV,0.0,0.0,0.0,0.0,0.0,0.0,False,True
2026-01-15 02:15,EV_009,EV,0.0,0.0,0.0,0.0,0.0,0.0,False,True
2026-01-15 02:15,EV_010,EV,0.0,0.0,0.0,0.0,0.0,0.0,False,True
2026-01-15 02:15,EV_011,EV,0.0,0.0,0.0,0.0,0.0,0.0,False,True
2026-01-15 02:15,EV_012,EV,0.0,0.0,0.0,0.0,0.0,0.0,False,False
2026-01-15 02:15,EV_013,EV,0.0,0.0,0.0,0.0,0.0,0.0,False,False
2026-01-15 02:15,EV_014,EV,0.0,0.0,0.0,0.0,0.0,0.0,False,True
2026-01-15 02:15,EV_015,EV,0.0,0.0,0.0,0.0,0.0,0.0,False,True
2026-01-15 02:15,EV_016,EV,0.0,0.0,0.0,0.0,0.0,0.0,False,False
2026-01-15 02:15,EV_017,EV,0.0,0.0,0.0,0.0,0.0,0.0,False,False
2026-01-15 02:15,EV_018,EV,0.0,0.0,0.0,0.0,0.0,0.0,False,True
2026-01-15 02:15,EV_019,EV,0.0,0.0,0.0,0.0,0.0,0.0,False,True
2026-01-15 02:15,EV_020,EV,0.0,0.0,0.0,0.0,0.0,0.0,False,True
2026-01-15 02:15,FL001,FLEXIBLE_LOAD,0.0,0.0,0.0,0.0,0.0,0.0,False,False
2026-01-15 02:15,FL002,FLEXIBLE_LOAD,0.0,0.0,0.0,0.0,0.0,0.0,False,True
2026-01-15 02:15,FL003,FLEXIBLE_LOAD,0.0,0.0,0.0,0.0,0.0,0.0,False,True
2026-01-15 02:30,PV_H002,PV,0.0,0.0,0.0,0.0,0.0,0.0,False,True
2026-01-15 02:30,PV_H003,PV,0.0,0.0,0.0,0.0,0.0,0.0,False,True
2026-01-15 02:30,PV_H005,PV,0.0,0.0,0.0,0.0,0.0,0.0,False,False
2026-01-15 02:30,PV_H006,PV,0.0,0.0,0.0,0.0,0.0,0.0,False,True
2026-01-15 02:30,PV_H007,PV,0.0,0.0,0.0,0.0,0.0,0.0,False,False
2026-01-15 02:30,PV_H010,PV,0.0,0.0,0.0,0.0,0.0,0.0,False,False
2026-01-15 02:30,PV_H016,PV,0.0,0.0,0.0,0.0,0.0,0.0,False,True
2026-01-15 02:30,PV_H017,PV,0.0,0.0,0.0,0.0,0.0,0.0,False,True
2026-01-15 02:30,PV_H018,PV,0.0,0.0,0.0,0.0,0.0,0.0,False,True
2026-01-15 02:30,PV_H021,PV,0.0,0.0,0.0,0.0,0.0,0.0,False,True
2026-01-15 02:30,PV_H024,PV,0.0,0.0,0.0,0.0,0.0,0.0,False,True
2026-01-15 02:30,PV_H025,PV,0.0,0.0,0.0,0.0,0.0,0.0,False,False
2026-01-15 02:30,PV_H026,PV,0.0,0.0,0.0,0.0,0.0,0.0,False,False
2026-01-15 02:30,PV_H027,PV,0.0,0.0,0.0,0.0,0.0,0.0,False,True
2026-01-15 02:30,PV_H032,PV,0.0,0.0,0.0,0.0,0.0,0.0,False,False
2026-01-15 02:30,PV_H033,PV,0.0,0.0,0.0,0.0,0.0,0.0,False,True
2026-01-15 02:30,PV_H034,PV,0.0,0.0,0.0,0.0,0.0,0.0,False,True
2026-01-15 02:30,PV_H035,PV,0.0,0.0,0.0,0.0,0.0,0.0,False,True
2026-01-15 02:30,PV_H036,PV,0.0,0.0,0.0,0.0,0.0,0.0,False,False
2026-01-15 02:30,PV_H037,PV,0.0,0.0,0.0,0.0,0.0,0.0,False,False
2026-01-15 02:30,PV_H040,PV,0.0,0.0,0.0,0.0,0.0,0.0,False,False
2026-01-15 02:30,PV_H042,PV,0.0,0.0,0.0,0.0,0.0,0.0,False,True
2026-01-15 02:30,PV_H044,PV,0.0,0.0,0.0,0.0,0.0,0.0,False,False
2026-01-15 02:30,PV_H046,PV,0.0,0.0,0.0,0.0,0.0,0.0,False,False
2026-01-15 02:30,PV_H048,PV,0.0,0.0,0.0,0.0,0.0,0.0,False,False
2026-01-15 02:30,PV_H049,PV,0.0,0.0,0.0,0.0,0.0,0.0,False,True
2026-01-15 02:30,PV_H050,PV,0.0,0.0,0.0,0.0,0.0,0.0,False,True
2026-01-15 02:30,PV_H053,PV,0.0,0.0,0.0,0.0,0.0,0.0,False,False
2026-01-15 02:30,PV_H055,PV,0.0,0.0,0.0,0.0,0.0,0.0,False,True
2026-01-15 02:30,PV_H057,PV,0.0,0.0,0.0,0.0,0.0,0.0,False,True
2026-01-15 02:30,PV_H058,PV,0.0,0.0,0.0,0.0,0.0,0.0,False,True
2026-01-15 02:30,PV_H060,PV,0.0,0.0,0.0,0.0,0.0,0.0,False,True
2026-01-15 02:30,PV_H061,PV,0.0,0.0,0.0,0.0,0.0,0.0,False,True
2026-01-15 02:30,PV_H062,PV,0.0,0.0,0.0,0.0,0.0,0.0,False,False
2026-01-15 02:30,PV_H063,PV,0.0,0.0,0.0,0.0,0.0,0.0,False,False
2026-01-15 02:30,PV_H066,PV,0.0,0.0,0.0,0.0,0.0,0.0,False,False
2026-01-15 02:30,PV_H067,PV,0.0,0.0,0.0,0.0,0.0,0.0,False,True
2026-01-15 02:30,PV_H069,PV,0.0,0.0,0.0,0.0,0.0,0.0,False,True
2026-01-15 02:30,PV_H071,PV,0.0,0.0,0.0,0.0,0.0,0.0,False,True
2026-01-15 02:30,PV_H072,PV,0.0,0.0,0.0,0.0,0.0,0.0,False,True
2026-01-15 02:30,PV_H073,PV,0.0,0.0,0.0,0.0,0.0,0.0,False,True
2026-01-15 02:30,PV_H074,PV,0.0,0.0,0.0,0.0,0.0,0.0,False,False
2026-01-15 02:30,PV_H076,PV,0.0,0.0,0.0,0.0,0.0,0.0,False,True
2026-01-15 02:30,PV_H077,PV,0.0,0.0,0.0,0.0,0.0,0.0,False,True
2026-01-15 02:30,PV_H078,PV,0.0,0.0,0.0,0.0,0.0,0.0,False,False
2026-01-15 02:30,PV_H079,PV,0.0,0.0,0.0,0.0,0.0,0.0,False,True
2026-01-15 02:30,PV_H080,PV,0.0,0.0,0.0,0.0,0.0,0.0,False,False
2026-01-15 02:30,PV_H081,PV,0.0,0.0,0.0,0.0,0.0,0.0,False,True
2026-01-15 02:30,PV_H082,PV,0.0,0.0,0.0,0.0,0.0,0.0,False,True
2026-01-15 02:30,PV_H083,PV,0.0,0.0,0.0,0.0,0.0,0.0,False,True
2026-01-15 02:30,PV_H085,PV,0.0,0.0,0.0,0.0,0.0,0.0,False,False
2026-01-15 02:30,PV_H087,PV,0.0,0.0,0.0,0.0,0.0,0.0,False,False
2026-01-15 02:30,PV_H088,PV,0.0,0.0,0.0,0.0,0.0,0.0,False,False
2026-01-15 02:30,PV_H090,PV,0.0,0.0,0.0,0.0,0.0,0.0,False,True
2026-01-15 02:30,PV_H093,PV,0.0,0.0,0.0,0.0,0.0,0.0,False,True
2026-01-15 02:30,PV_H094,PV,0.0,0.0,0.0,0.0,0.0,0.0,False,True
2026-01-15 02:30,PV_H095,PV,0.0,0.0,0.0,0.0,0.0,0.0,False,False
2026-01-15 02:30,PV_H096,PV,0.0,0.0,0.0,0.0,0.0,0.0,False,True
2026-01-15 02:30,PV_H098,PV,0.0,0.0,0.0,0.0,0.0,0.0,False,True
2026-01-15 02:30,PV_H099,PV,0.0,0.0,0.0,0.0,0.0,0.0,False,False
2026-01-15 02:30,BESS_COMMUNITY_01,BESS,25.0,25.0,25.0,25.0,0.0,60.0,True,True
2026-01-15 02:30,EV_001,EV,0.0,0.0,0.0,0.0,0.0,0.0,False,True
2026-01-15 02:30,EV_002,EV,0.0,0.0,0.0,0.0,0.0,0.0,False,True
2026-01-15 02:30,EV_003,EV,0.0,0.0,0.0,0.0,0.0,0.0,False,True
2026-01-15 02:30,EV_004,EV,0.0,0.0,0.0,0.0,0.0,0.0,False,False
2026-01-15 02:30,EV_005,EV,0.0,0.0,0.0,0.0,0.0,0.0,False,True
2026-01-15 02:30,EV_006,EV,0.0,0.0,0.0,0.0,0.0,0.0,False,True
2026-01-15 02:30,EV_007,EV,0.0,0.0,0.0,0.0,0.0,0.0,False,True
2026-01-15 02:30,EV_008,EV,0.0,0.0,0.0,0.0,0.0,0.0,False,True
2026-01-15 02:30,EV_009,EV,0.0,0.0,0.0,0.0,0.0,0.0,False,True
2026-01-15 02:30,EV_010,EV,0.0,0.0,0.0,0.0,0.0,0.0,False,True
2026-01-15 02:30,EV_011,EV,0.0,0.0,0.0,0.0,0.0,0.0,False,True
2026-01-15 02:30,EV_012,EV,0.0,0.0,0.0,0.0,0.0,0.0,False,False
2026-01-15 02:30,EV_013,EV,0.0,0.0,0.0,0.0,0.0,0.0,False,False
2026-01-15 02:30,EV_014,EV,0.0,0.0,0.0,0.0,0.0,0.0,False,True
2026-01-15 02:30,EV_015,EV,0.0,0.0,0.0,0.0,0.0,0.0,False,True
2026-01-15 02:30,EV_016,EV,0.0,0.0,0.0,0.0,0.0,0.0,False,False
2026-01-15 02:30,EV_017,EV,0.0,0.0,0.0,0.0,0.0,0.0,False,False
2026-01-15 02:30,EV_018,EV,0.0,0.0,0.0,0.0,0.0,0.0,False,True
2026-01-15 02:30,EV_019,EV,0.0,0.0,0.0,0.0,0.0,0.0,False,True
2026-01-15 02:30,EV_020,EV,0.0,0.0,0.0,0.0,0.0,0.0,False,True
2026-01-15 02:30,FL001,FLEXIBLE_LOAD,0.0,0.0,0.0,0.0,0.0,0.0,False,False
2026-01-15 02:30,FL002,FLEXIBLE_LOAD,0.0,0.0,0.0,0.0,0.0,0.0,False,True
2026-01-15 02:30,FL003,FLEXIBLE_LOAD,0.0,0.0,0.0,0.0,0.0,0.0,False,True
2026-01-15 02:45,PV_H002,PV,0.0,0.0,0.0,0.0,0.0,0.0,False,True
2026-01-15 02:45,PV_H003,PV,0.0,0.0,0.0,0.0,0.0,0.0,False,True
2026-01-15 02:45,PV_H005,PV,0.0,0.0,0.0,0.0,0.0,0.0,False,False
2026-01-15 02:45,PV_H006,PV,0.0,0.0,0.0,0.0,0.0,0.0,False,True
2026-01-15 02:45,PV_H007,PV,0.0,0.0,0.0,0.0,0.0,0.0,False,False
2026-01-15 02:45,PV_H010,PV,0.0,0.0,0.0,0.0,0.0,0.0,False,False
2026-01-15 02:45,PV_H016,PV,0.0,0.0,0.0,0.0,0.0,0.0,False,True
2026-01-15 02:45,PV_H017,PV,0.0,0.0,0.0,0.0,0.0,0.0,False,True
2026-01-15 02:45,PV_H018,PV,0.0,0.0,0.0,0.0,0.0,0.0,False,True
2026-01-15 02:45,PV_H021,PV,0.0,0.0,0.0,0.0,0.0,0.0,False,True
2026-01-15 02:45,PV_H024,PV,0.0,0.0,0.0,0.0,0.0,0.0,False,True
2026-01-15 02:45,PV_H025,PV,0.0,0.0,0.0,0.0,0.0,0.0,False,False
2026-01-15 02:45,PV_H026,PV,0.0,0.0,0.0,0.0,0.0,0.0,False,False
2026-01-15 02:45,PV_H027,PV,0.0,0.0,0.0,0.0,0.0,0.0,False,True
2026-01-15 02:45,PV_H032,PV,0.0,0.0,0.0,0.0,0.0,0.0,False,False
2026-01-15 02:45,PV_H033,PV,0.0,0.0,0.0,0.0,0.0,0.0,False,True
2026-01-15 02:45,PV_H034,PV,0.0,0.0,0.0,0.0,0.0,0.0,False,True
2026-01-15 02:45,PV_H035,PV,0.0,0.0,0.0,0.0,0.0,0.0,False,True
2026-01-15 02:45,PV_H036,PV,0.0,0.0,0.0,0.0,0.0,0.0,False,False
2026-01-15 02:45,PV_H037,PV,0.0,0.0,0.0,0.0,0.0,0.0,False,False
2026-01-15 02:45,PV_H040,PV,0.0,0.0,0.0,0.0,0.0,0.0,False,False
2026-01-15 02:45,PV_H042,PV,0.0,0.0,0.0,0.0,0.0,0.0,False,True
2026-01-15 02:45,PV_H044,PV,0.0,0.0,0.0,0.0,0.0,0.0,False,False
2026-01-15 02:45,PV_H046,PV,0.0,0.0,0.0,0.0,0.0,0.0,False,False
2026-01-15 02:45,PV_H048,PV,0.0,0.0,0.0,0.0,0.0,0.0,False,False
2026-01-15 02:45,PV_H049,PV,0.0,0.0,0.0,0.0,0.0,0.0,False,True
2026-01-15 02:45,PV_H050,PV,0.0,0.0,0.0,0.0,0.0,0.0,False,True
2026-01-15 02:45,PV_H053,PV,0.0,0.0,0.0,0.0,0.0,0.0,False,False
2026-01-15 02:45,PV_H055,PV,0.0,0.0,0.0,0.0,0.0,0.0,False,True
2026-01-15 02:45,PV_H057,PV,0.0,0.0,0.0,0.0,0.0,0.0,False,True
2026-01-15 02:45,PV_H058,PV,0.0,0.0,0.0,0.0,0.0,0.0,False,True
2026-01-15 02:45,PV_H060,PV,0.0,0.0,0.0,0.0,0.0,0.0,False,True
2026-01-15 02:45,PV_H061,PV,0.0,0.0,0.0,0.0,0.0,0.0,False,True
2026-01-15 02:45,PV_H062,PV,0.0,0.0,0.0,0.0,0.0,0.0,False,False
2026-01-15 02:45,PV_H063,PV,0.0,0.0,0.0,0.0,0.0,0.0,False,False
2026-01-15 02:45,PV_H066,PV,0.0,0.0,0.0,0.0,0.0,0.0,False,False
2026-01-15 02:45,PV_H067,PV,0.0,0.0,0.0,0.0,0.0,0.0,False,True
2026-01-15 02:45,PV_H069,PV,0.0,0.0,0.0,0.0,0.0,0.0,False,True
2026-01-15 02:45,PV_H071,PV,0.0,0.0,0.0,0.0,0.0,0.0,False,True
2026-01-15 02:45,PV_H072,PV,0.0,0.0,0.0,0.0,0.0,0.0,False,True
2026-01-15 02:45,PV_H073,PV,0.0,0.0,0.0,0.0,0.0,0.0,False,True
2026-01-15 02:45,PV_H074,PV,0.0,0.0,0.0,0.0,0.0,0.0,False,False
2026-01-15 02:45,PV_H076,PV,0.0,0.0,0.0,0.0,0.0,0.0,False,True
2026-01-15 02:45,PV_H077,PV,0.0,0.0,0.0,0.0,0.0,0.0,False,True
2026-01-15 02:45,PV_H078,PV,0.0,0.0,0.0,0.0,0.0,0.0,False,False
2026-01-15 02:45,PV_H079,PV,0.0,0.0,0.0,0.0,0.0,0.0,False,True
2026-01-15 02:45,PV_H080,PV,0.0,0.0,0.0,0.0,0.0,0.0,False,False
2026-01-15 02:45,PV_H081,PV,0.0,0.0,0.0,0.0,0.0,0.0,False,True
2026-01-15 02:45,PV_H082,PV,0.0,0.0,0.0,0.0,0.0,0.0,False,True
2026-01-15 02:45,PV_H083,PV,0.0,0.0,0.0,0.0,0.0,0.0,False,True
2026-01-15 02:45,PV_H085,PV,0.0,0.0,0.0,0.0,0.0,0.0,False,False
2026-01-15 02:45,PV_H087,PV,0.0,0.0,0.0,0.0,0.0,0.0,False,False
2026-01-15 02:45,PV_H088,PV,0.0,0.0,0.0,0.0,0.0,0.0,False,False
2026-01-15 02:45,PV_H090,PV,0.0,0.0,0.0,0.0,0.0,0.0,False,True
2026-01-15 02:45,PV_H093,PV,0.0,0.0,0.0,0.0,0.0,0.0,False,True
2026-01-15 02:45,PV_H094,PV,0.0,0.0,0.0,0.0,0.0,0.0,False,True
2026-01-15 02:45,PV_H095,PV,0.0,0.0,0.0,0.0,0.0,0.0,False,False
2026-01-15 02:45,PV_H096,PV,0.0,0.0,0.0,0.0,0.0,0.0,False,True
2026-01-15 02:45,PV_H098,PV,0.0,0.0,0.0,0.0,0.0,0.0,False,True
2026-01-15 02:45,PV_H099,PV,0.0,0.0,0.0,0.0,0.0,0.0,False,False
2026-01-15 02:45,BESS_COMMUNITY_01,BESS,25.0,25.0,25.0,25.0,0.0,60.0,True,True
2026-01-15 02:45,EV_001,EV,0.0,0.0,0.0,0.0,0.0,0.0,False,True
2026-01-15 02:45,EV_002,EV,0.0,0.0,0.0,0.0,0.0,0.0,False,True
2026-01-15 02:45,EV_003,EV,0.0,0.0,0.0,0.0,0.0,0.0,False,True
2026-01-15 02:45,EV_004,EV,0.0,0.0,0.0,0.0,0.0,0.0,False,False
2026-01-15 02:45,EV_005,EV,0.0,0.0,0.0,0.0,0.0,0.0,False,True
2026-01-15 02:45,EV_006,EV,0.0,0.0,0.0,0.0,0.0,0.0,False,True
2026-01-15 02:45,EV_007,EV,0.0,0.0,0.0,0.0,0.0,0.0,False,True
2026-01-15 02:45,EV_008,EV,0.0,0.0,0.0,0.0,0.0,0.0,False,True
2026-01-15 02:45,EV_009,EV,0.0,0.0,0.0,0.0,0.0,0.0,False,True
2026-01-15 02:45,EV_010,EV,0.0,0.0,0.0,0.0,0.0,0.0,False,True
2026-01-15 02:45,EV_011,EV,0.0,0.0,0.0,0.0,0.0,0.0,False,True
2026-01-15 02:45,EV_012,EV,0.0,0.0,0.0,0.0,0.0,0.0,False,False
2026-01-15 02:45,EV_013,EV,0.0,0.0,0.0,0.0,0.0,0.0,False,False
2026-01-15 02:45,EV_014,EV,0.0,0.0,0.0,0.0,0.0,0.0,False,True
2026-01-15 02:45,EV_015,EV,0.0,0.0,0.0,0.0,0.0,0.0,False,True
2026-01-15 02:45,EV_016,EV,0.0,0.0,0.0,0.0,0.0,0.0,False,False
2026-01-15 02:45,EV_017,EV,0.0,0.0,0.0,0.0,0.0,0.0,False,False
2026-01-15 02:45,EV_018,EV,0.0,0.0,0.0,0.0,0.0,0.0,False,True
2026-01-15 02:45,EV_019,EV,0.0,0.0,0.0,0.0,0.0,0.0,False,True
2026-01-15 02:45,EV_020,EV,0.0,0.0,0.0,0.0,0.0,0.0,False,True
2026-01-15 02:45,FL001,FLEXIBLE_LOAD,0.0,0.0,0.0,0.0,0.0,0.0,False,False
2026-01-15 02:45,FL002,FLEXIBLE_LOAD,0.0,0.0,0.0,0.0,0.0,0.0,False,True
2026-01-15 02:45,FL003,FLEXIBLE_LOAD,0.0,0.0,0.0,0.0,0.0,0.0,False,True
2026-01-15 03:00,PV_H002,PV,0.0,0.0,0.0,0.0,0.0,0.0,False,True
2026-01-15 03:00,PV_H003,PV,0.0,0.0,0.0,0.0,0.0,0.0,False,True
2026-01-15 03:00,PV_H005,PV,0.0,0.0,0.0,0.0,0.0,0.0,False,False
2026-01-15 03:00,PV_H006,PV,0.0,0.0,0.0,0.0,0.0,0.0,False,True
2026-01-15 03:00,PV_H007,PV,0.0,0.0,0.0,0.0,0.0,0.0,False,False
2026-01-15 03:00,PV_H010,PV,0.0,0.0,0.0,0.0,0.0,0.0,False,False
2026-01-15 03:00,PV_H016,PV,0.0,0.0,0.0,0.0,0.0,0.0,False,True
2026-01-15 03:00,PV_H017,PV,0.0,0.0,0.0,0.0,0.0,0.0,False,True
2026-01-15 03:00,PV_H018,PV,0.0,0.0,0.0,0.0,0.0,0.0,False,True
2026-01-15 03:00,PV_H021,PV,0.0,0.0,0.0,0.0,0.0,0.0,False,True
2026-01-15 03:00,PV_H024,PV,0.0,0.0,0.0,0.0,0.0,0.0,False,True
2026-01-15 03:00,PV_H025,PV,0.0,0.0,0.0,0.0,0.0,0.0,False,False
2026-01-15 03:00,PV_H026,PV,0.0,0.0,0.0,0.0,0.0,0.0,False,False
2026-01-15 03:00,PV_H027,PV,0.0,0.0,0.0,0.0,0.0,0.0,False,True
2026-01-15 03:00,PV_H032,PV,0.0,0.0,0.0,0.0,0.0,0.0,False,False
2026-01-15 03:00,PV_H033,PV,0.0,0.0,0.0,0.0,0.0,0.0,False,True
2026-01-15 03:00,PV_H034,PV,0.0,0.0,0.0,0.0,0.0,0.0,False,True
2026-01-15 03:00,PV_H035,PV,0.0,0.0,0.0,0.0,0.0,0.0,False,True
2026-01-15 03:00,PV_H036,PV,0.0,0.0,0.0,0.0,0.0,0.0,False,False
2026-01-15 03:00,PV_H037,PV,0.0,0.0,0.0,0.0,0.0,0.0,False,False
2026-01-15 03:00,PV_H040,PV,0.0,0.0,0.0,0.0,0.0,0.0,False,False
2026-01-15 03:00,PV_H042,PV,0.0,0.0,0.0,0.0,0.0,0.0,False,True
2026-01-15 03:00,PV_H044,PV,0.0,0.0,0.0,0.0,0.0,0.0,False,False
2026-01-15 03:00,PV_H046,PV,0.0,0.0,0.0,0.0,0.0,0.0,False,False
2026-01-15 03:00,PV_H048,PV,0.0,0.0,0.0,0.0,0.0,0.0,False,False
2026-01-15 03:00,PV_H049,PV,0.0,0.0,0.0,0.0,0.0,0.0,False,True
2026-01-15 03:00,PV_H050,PV,0.0,0.0,0.0,0.0,0.0,0.0,False,True
2026-01-15 03:00,PV_H053,PV,0.0,0.0,0.0,0.0,0.0,0.0,False,False
2026-01-15 03:00,PV_H055,PV,0.0,0.0,0.0,0.0,0.0,0.0,False,True
2026-01-15 03:00,PV_H057,PV,0.0,0.0,0.0,0.0,0.0,0.0,False,True
2026-01-15 03:00,PV_H058,PV,0.0,0.0,0.0,0.0,0.0,0.0,False,True
2026-01-15 03:00,PV_H060,PV,0.0,0.0,0.0,0.0,0.0,0.0,False,True
2026-01-15 03:00,PV_H061,PV,0.0,0.0,0.0,0.0,0.0,0.0,False,True
2026-01-15 03:00,PV_H062,PV,0.0,0.0,0.0,0.0,0.0,0.0,False,False
2026-01-15 03:00,PV_H063,PV,0.0,0.0,0.0,0.0,0.0,0.0,False,False
2026-01-15 03:00,PV_H066,PV,0.0,0.0,0.0,0.0,0.0,0.0,False,False
2026-01-15 03:00,PV_H067,PV,0.0,0.0,0.0,0.0,0.0,0.0,False,True
2026-01-15 03:00,PV_H069,PV,0.0,0.0,0.0,0.0,0.0,0.0,False,True
2026-01-15 03:00,PV_H071,PV,0.0,0.0,0.0,0.0,0.0,0.0,False,True
2026-01-15 03:00,PV_H072,PV,0.0,0.0,0.0,0.0,0.0,0.0,False,True
2026-01-15 03:00,PV_H073,PV,0.0,0.0,0.0,0.0,0.0,0.0,False,True
2026-01-15 03:00,PV_H074,PV,0.0,0.0,0.0,0.0,0.0,0.0,False,False
2026-01-15 03:00,PV_H076,PV,0.0,0.0,0.0,0.0,0.0,0.0,False,True
2026-01-15 03:00,PV_H077,PV,0.0,0.0,0.0,0.0,0.0,0.0,False,True
2026-01-15 03:00,PV_H078,PV,0.0,0.0,0.0,0.0,0.0,0.0,False,False
2026-01-15 03:00,PV_H079,PV,0.0,0.0,0.0,0.0,0.0,0.0,False,True
2026-01-15 03:00,PV_H080,PV,0.0,0.0,0.0,0.0,0.0,0.0,False,False
2026-01-15 03:00,PV_H081,PV,0.0,0.0,0.0,0.0,0.0,0.0,False,True
2026-01-15 03:00,PV_H082,PV,0.0,0.0,0.0,0.0,0.0,0.0,False,True
2026-01-15 03:00,PV_H083,PV,0.0,0.0,0.0,0.0,0.0,0.0,False,True
2026-01-15 03:00,PV_H085,PV,0.0,0.0,0.0,0.0,0.0,0.0,False,False
2026-01-15 03:00,PV_H087,PV,0.0,0.0,0.0,0.0,0.0,0.0,False,False
2026-01-15 03:00,PV_H088,PV,0.0,0.0,0.0,0.0,0.0,0.0,False,False
2026-01-15 03:00,PV_H090,PV,0.0,0.0,0.0,0.0,0.0,0.0,False,True
2026-01-15 03:00,PV_H093,PV,0.0,0.0,0.0,0.0,0.0,0.0,False,True
2026-01-15 03:00,PV_H094,PV,0.0,0.0,0.0,0.0,0.0,0.0,False,True
2026-01-15 03:00,PV_H095,PV,0.0,0.0,0.0,0.0,0.0,0.0,False,False
2026-01-15 03:00,PV_H096,PV,0.0,0.0,0.0,0.0,0.0,0.0,False,True
2026-01-15 03:00,PV_H098,PV,0.0,0.0,0.0,0.0,0.0,0.0,False,True
2026-01-15 03:00,PV_H099,PV,0.0,0.0,0.0,0.0,0.0,0.0,False,False
2026-01-15 03:00,BESS_COMMUNITY_01,BESS,25.0,25.0,25.0,25.0,0.0,60.0,True,True
2026-01-15 03:00,EV_001,EV,0.0,0.0,0.0,0.0,0.0,0.0,False,True
2026-01-15 03:00,EV_002,EV,0.0,0.0,0.0,0.0,0.0,0.0,False,True
2026-01-15 03:00,EV_003,EV,0.0,0.0,0.0,0.0,0.0,0.0,False,True
2026-01-15 03:00,EV_004,EV,0.0,0.0,0.0,0.0,0.0,0.0,False,False
2026-01-15 03:00,EV_005,EV,0.0,0.0,0.0,0.0,0.0,0.0,False,True
2026-01-15 03:00,EV_006,EV,0.0,0.0,0.0,0.0,0.0,0.0,False,True
2026-01-15 03:00,EV_007,EV,0.0,0.0,0.0,0.0,0.0,0.0,False,True
2026-01-15 03:00,EV_008,EV,0.0,0.0,0.0,0.0,0.0,0.0,False,True
2026-01-15 03:00,EV_009,EV,0.0,0.0,0.0,0.0,0.0,0.0,False,True
2026-01-15 03:00,EV_010,EV,0.0,0.0,0.0,0.0,0.0,0.0,False,True
2026-01-15 03:00,EV_011,EV,0.0,0.0,0.0,0.0,0.0,0.0,False,True
2026-01-15 03:00,EV_012,EV,0.0,0.0,0.0,0.0,0.0,0.0,False,False
2026-01-15 03:00,EV_013,EV,0.0,0.0,0.0,0.0,0.0,0.0,False,False
2026-01-15 03:00,EV_014,EV,0.0,0.0,0.0,0.0,0.0,0.0,False,True
2026-01-15 03:00,EV_015,EV,0.0,0.0,0.0,0.0,0.0,0.0,False,True
2026-01-15 03:00,EV_016,EV,0.0,0.0,0.0,0.0,0.0,0.0,False,False
2026-01-15 03:00,EV_017,EV,0.0,0.0,0.0,0.0,0.0,0.0,False,False
2026-01-15 03:00,EV_018,EV,0.0,0.0,0.0,0.0,0.0,0.0,False,True
2026-01-15 03:00,EV_019,EV,0.0,0.0,0.0,0.0,0.0,0.0,False,True
2026-01-15 03:00,EV_020,EV,0.0,0.0,0.0,0.0,0.0,0.0,False,True
2026-01-15 03:00,FL001,FLEXIBLE_LOAD,0.0,0.0,0.0,0.0,0.0,0.0,False,False
2026-01-15 03:00,FL002,FLEXIBLE_LOAD,0.0,0.0,0.0,0.0,0.0,0.0,False,True
2026-01-15 03:00,FL003,FLEXIBLE_LOAD,0.0,0.0,0.0,0.0,0.0,0.0,False,True
2026-01-15 03:15,PV_H002,PV,0.0,0.0,0.0,0.0,0.0,0.0,False,True
2026-01-15 03:15,PV_H003,PV,0.0,0.0,0.0,0.0,0.0,0.0,False,True
2026-01-15 03:15,PV_H005,PV,0.0,0.0,0.0,0.0,0.0,0.0,False,False
2026-01-15 03:15,PV_H006,PV,0.0,0.0,0.0,0.0,0.0,0.0,False,True
2026-01-15 03:15,PV_H007,PV,0.0,0.0,0.0,0.0,0.0,0.0,False,False
2026-01-15 03:15,PV_H010,PV,0.0,0.0,0.0,0.0,0.0,0.0,False,False
2026-01-15 03:15,PV_H016,PV,0.0,0.0,0.0,0.0,0.0,0.0,False,True
2026-01-15 03:15,PV_H017,PV,0.0,0.0,0.0,0.0,0.0,0.0,False,True
2026-01-15 03:15,PV_H018,PV,0.0,0.0,0.0,0.0,0.0,0.0,False,True
2026-01-15 03:15,PV_H021,PV,0.0,0.0,0.0,0.0,0.0,0.0,False,True
2026-01-15 03:15,PV_H024,PV,0.0,0.0,0.0,0.0,0.0,0.0,False,True
2026-01-15 03:15,PV_H025,PV,0.0,0.0,0.0,0.0,0.0,0.0,False,False
2026-01-15 03:15,PV_H026,PV,0.0,0.0,0.0,0.0,0.0,0.0,False,False
2026-01-15 03:15,PV_H027,PV,0.0,0.0,0.0,0.0,0.0,0.0,False,True
2026-01-15 03:15,PV_H032,PV,0.0,0.0,0.0,0.0,0.0,0.0,False,False
2026-01-15 03:15,PV_H033,PV,0.0,0.0,0.0,0.0,0.0,0.0,False,True
2026-01-15 03:15,PV_H034,PV,0.0,0.0,0.0,0.0,0.0,0.0,False,True
2026-01-15 03:15,PV_H035,PV,0.0,0.0,0.0,0.0,0.0,0.0,False,True
2026-01-15 03:15,PV_H036,PV,0.0,0.0,0.0,0.0,0.0,0.0,False,False
2026-01-15 03:15,PV_H037,PV,0.0,0.0,0.0,0.0,0.0,0.0,False,False
2026-01-15 03:15,PV_H040,PV,0.0,0.0,0.0,0.0,0.0,0.0,False,False
2026-01-15 03:15,PV_H042,PV,0.0,0.0,0.0,0.0,0.0,0.0,False,True
2026-01-15 03:15,PV_H044,PV,0.0,0.0,0.0,0.0,0.0,0.0,False,False
2026-01-15 03:15,PV_H046,PV,0.0,0.0,0.0,0.0,0.0,0.0,False,False
2026-01-15 03:15,PV_H048,PV,0.0,0.0,0.0,0.0,0.0,0.0,False,False
2026-01-15 03:15,PV_H049,PV,0.0,0.0,0.0,0.0,0.0,0.0,False,True
2026-01-15 03:15,PV_H050,PV,0.0,0.0,0.0,0.0,0.0,0.0,False,True
2026-01-15 03:15,PV_H053,PV,0.0,0.0,0.0,0.0,0.0,0.0,False,False
2026-01-15 03:15,PV_H055,PV,0.0,0.0,0.0,0.0,0.0,0.0,False,True
2026-01-15 03:15,PV_H057,PV,0.0,0.0,0.0,0.0,0.0,0.0,False,True
2026-01-15 03:15,PV_H058,PV,0.0,0.0,0.0,0.0,0.0,0.0,False,True
2026-01-15 03:15,PV_H060,PV,0.0,0.0,0.0,0.0,0.0,0.0,False,True
2026-01-15 03:15,PV_H061,PV,0.0,0.0,0.0,0.0,0.0,0.0,False,True
2026-01-15 03:15,PV_H062,PV,0.0,0.0,0.0,0.0,0.0,0.0,False,False
2026-01-15 03:15,PV_H063,PV,0.0,0.0,0.0,0.0,0.0,0.0,False,False
2026-01-15 03:15,PV_H066,PV,0.0,0.0,0.0,0.0,0.0,0.0,False,False
2026-01-15 03:15,PV_H067,PV,0.0,0.0,0.0,0.0,0.0,0.0,False,True
2026-01-15 03:15,PV_H069,PV,0.0,0.0,0.0,0.0,0.0,0.0,False,True
2026-01-15 03:15,PV_H071,PV,0.0,0.0,0.0,0.0,0.0,0.0,False,True
2026-01-15 03:15,PV_H072,PV,0.0,0.0,0.0,0.0,0.0,0.0,False,True
2026-01-15 03:15,PV_H073,PV,0.0,0.0,0.0,0.0,0.0,0.0,False,True
2026-01-15 03:15,PV_H074,PV,0.0,0.0,0.0,0.0,0.0,0.0,False,False
2026-01-15 03:15,PV_H076,PV,0.0,0.0,0.0,0.0,0.0,0.0,False,True
2026-01-15 03:15,PV_H077,PV,0.0,0.0,0.0,0.0,0.0,0.0,False,True
2026-01-15 03:15,PV_H078,PV,0.0,0.0,0.0,0.0,0.0,0.0,False,False
2026-01-15 03:15,PV_H079,PV,0.0,0.0,0.0,0.0,0.0,0.0,False,True
2026-01-15 03:15,PV_H080,PV,0.0,0.0,0.0,0.0,0.0,0.0,False,False
2026-01-15 03:15,PV_H081,PV,0.0,0.0,0.0,0.0,0.0,0.0,False,True
2026-01-15 03:15,PV_H082,PV,0.0,0.0,0.0,0.0,0.0,0.0,False,True
2026-01-15 03:15,PV_H083,PV,0.0,0.0,0.0,0.0,0.0,0.0,False,True
2026-01-15 03:15,PV_H085,PV,0.0,0.0,0.0,0.0,0.0,0.0,False,False
2026-01-15 03:15,PV_H087,PV,0.0,0.0,0.0,0.0,0.0,0.0,False,False
2026-01-15 03:15,PV_H088,PV,0.0,0.0,0.0,0.0,0.0,0.0,False,False
2026-01-15 03:15,PV_H090,PV,0.0,0.0,0.0,0.0,0.0,0.0,False,True
2026-01-15 03:15,PV_H093,PV,0.0,0.0,0.0,0.0,0.0,0.0,False,True
2026-01-15 03:15,PV_H094,PV,0.0,0.0,0.0,0.0,0.0,0.0,False,True
2026-01-15 03:15,PV_H095,PV,0.0,0.0,0.0,0.0,0.0,0.0,False,False
2026-01-15 03:15,PV_H096,PV,0.0,0.0,0.0,0.0,0.0,0.0,False,True
2026-01-15 03:15,PV_H098,PV,0.0,0.0,0.0,0.0,0.0,0.0,False,True
2026-01-15 03:15,PV_H099,PV,0.0,0.0,0.0,0.0,0.0,0.0,False,False
2026-01-15 03:15,BESS_COMMUNITY_01,BESS,25.0,25.0,25.0,25.0,0.0,60.0,True,True
2026-01-15 03:15,EV_001,EV,0.0,0.0,0.0,0.0,0.0,0.0,False,True
2026-01-15 03:15,EV_002,EV,0.0,0.0,0.0,0.0,0.0,0.0,False,True
2026-01-15 03:15,EV_003,EV,0.0,0.0,0.0,0.0,0.0,0.0,False,True
2026-01-15 03:15,EV_004,EV,0.0,0.0,0.0,0.0,0.0,0.0,False,False
2026-01-15 03:15,EV_005,EV,0.0,0.0,0.0,0.0,0.0,0.0,False,True
2026-01-15 03:15,EV_006,EV,0.0,0.0,0.0,0.0,0.0,0.0,False,True
2026-01-15 03:15,EV_007,EV,0.0,0.0,0.0,0.0,0.0,0.0,False,True
2026-01-15 03:15,EV_008,EV,0.0,0.0,0.0,0.0,0.0,0.0,False,True
2026-01-15 03:15,EV_009,EV,0.0,0.0,0.0,0.0,0.0,0.0,False,True
2026-01-15 03:15,EV_010,EV,0.0,0.0,0.0,0.0,0.0,0.0,False,True
2026-01-15 03:15,EV_011,EV,0.0,0.0,0.0,0.0,0.0,0.0,False,True
2026-01-15 03:15,EV_012,EV,0.0,0.0,0.0,0.0,0.0,0.0,False,False
2026-01-15 03:15,EV_013,EV,0.0,0.0,0.0,0.0,0.0,0.0,False,False
2026-01-15 03:15,EV_014,EV,0.0,0.0,0.0,0.0,0.0,0.0,False,True
2026-01-15 03:15,EV_015,EV,0.0,0.0,0.0,0.0,0.0,0.0,False,True
2026-01-15 03:15,EV_016,EV,0.0,0.0,0.0,0.0,0.0,0.0,False,False
2026-01-15 03:15,EV_017,EV,0.0,0.0,0.0,0.0,0.0,0.0,False,False
2026-01-15 03:15,EV_018,EV,0.0,0.0,0.0,0.0,0.0,0.0,False,True
2026-01-15 03:15,EV_019,EV,0.0,0.0,0.0,0.0,0.0,0.0,False,True
2026-01-15 03:15,EV_020,EV,0.0,0.0,0.0,0.0,0.0,0.0,False,True
2026-01-15 03:15,FL001,FLEXIBLE_LOAD,0.0,0.0,0.0,0.0,0.0,0.0,False,False
2026-01-15 03:15,FL002,FLEXIBLE_LOAD,0.0,0.0,0.0,0.0,0.0,0.0,False,True
2026-01-15 03:15,FL003,FLEXIBLE_LOAD,0.0,0.0,0.0,0.0,0.0,0.0,False,True
2026-01-15 03:30,PV_H002,PV,0.0,0.0,0.0,0.0,0.0,0.0,False,True
2026-01-15 03:30,PV_H003,PV,0.0,0.0,0.0,0.0,0.0,0.0,False,True
2026-01-15 03:30,PV_H005,PV,0.0,0.0,0.0,0.0,0.0,0.0,False,False
2026-01-15 03:30,PV_H006,PV,0.0,0.0,0.0,0.0,0.0,0.0,False,True
2026-01-15 03:30,PV_H007,PV,0.0,0.0,0.0,0.0,0.0,0.0,False,False
2026-01-15 03:30,PV_H010,PV,0.0,0.0,0.0,0.0,0.0,0.0,False,False
2026-01-15 03:30,PV_H016,PV,0.0,0.0,0.0,0.0,0.0,0.0,False,True
2026-01-15 03:30,PV_H017,PV,0.0,0.0,0.0,0.0,0.0,0.0,False,True
2026-01-15 03:30,PV_H018,PV,0.0,0.0,0.0,0.0,0.0,0.0,False,True
2026-01-15 03:30,PV_H021,PV,0.0,0.0,0.0,0.0,0.0,0.0,False,True
2026-01-15 03:30,PV_H024,PV,0.0,0.0,0.0,0.0,0.0,0.0,False,True
2026-01-15 03:30,PV_H025,PV,0.0,0.0,0.0,0.0,0.0,0.0,False,False
2026-01-15 03:30,PV_H026,PV,0.0,0.0,0.0,0.0,0.0,0.0,False,False
2026-01-15 03:30,PV_H027,PV,0.0,0.0,0.0,0.0,0.0,0.0,False,True
2026-01-15 03:30,PV_H032,PV,0.0,0.0,0.0,0.0,0.0,0.0,False,False
2026-01-15 03:30,PV_H033,PV,0.0,0.0,0.0,0.0,0.0,0.0,False,True
2026-01-15 03:30,PV_H034,PV,0.0,0.0,0.0,0.0,0.0,0.0,False,True
2026-01-15 03:30,PV_H035,PV,0.0,0.0,0.0,0.0,0.0,0.0,False,True
2026-01-15 03:30,PV_H036,PV,0.0,0.0,0.0,0.0,0.0,0.0,False,False
2026-01-15 03:30,PV_H037,PV,0.0,0.0,0.0,0.0,0.0,0.0,False,False
2026-01-15 03:30,PV_H040,PV,0.0,0.0,0.0,0.0,0.0,0.0,False,False
2026-01-15 03:30,PV_H042,PV,0.0,0.0,0.0,0.0,0.0,0.0,False,True
2026-01-15 03:30,PV_H044,PV,0.0,0.0,0.0,0.0,0.0,0.0,False,False
2026-01-15 03:30,PV_H046,PV,0.0,0.0,0.0,0.0,0.0,0.0,False,False
2026-01-15 03:30,PV_H048,PV,0.0,0.0,0.0,0.0,0.0,0.0,False,False
2026-01-15 03:30,PV_H049,PV,0.0,0.0,0.0,0.0,0.0,0.0,False,True
2026-01-15 03:30,PV_H050,PV,0.0,0.0,0.0,0.0,0.0,0.0,False,True
2026-01-15 03:30,PV_H053,PV,0.0,0.0,0.0,0.0,0.0,0.0,False,False
2026-01-15 03:30,PV_H055,PV,0.0,0.0,0.0,0.0,0.0,0.0,False,True
2026-01-15 03:30,PV_H057,PV,0.0,0.0,0.0,0.0,0.0,0.0,False,True
2026-01-15 03:30,PV_H058,PV,0.0,0.0,0.0,0.0,0.0,0.0,False,True
2026-01-15 03:30,PV_H060,PV,0.0,0.0,0.0,0.0,0.0,0.0,False,True
2026-01-15 03:30,PV_H061,PV,0.0,0.0,0.0,0.0,0.0,0.0,False,True
2026-01-15 03:30,PV_H062,PV,0.0,0.0,0.0,0.0,0.0,0.0,False,False
2026-01-15 03:30,PV_H063,PV,0.0,0.0,0.0,0.0,0.0,0.0,False,False
2026-01-15 03:30,PV_H066,PV,0.0,0.0,0.0,0.0,0.0,0.0,False,False
2026-01-15 03:30,PV_H067,PV,0.0,0.0,0.0,0.0,0.0,0.0,False,True
2026-01-15 03:30,PV_H069,PV,0.0,0.0,0.0,0.0,0.0,0.0,False,True
2026-01-15 03:30,PV_H071,PV,0.0,0.0,0.0,0.0,0.0,0.0,False,True
2026-01-15 03:30,PV_H072,PV,0.0,0.0,0.0,0.0,0.0,0.0,False,True
2026-01-15 03:30,PV_H073,PV,0.0,0.0,0.0,0.0,0.0,0.0,False,True
2026-01-15 03:30,PV_H074,PV,0.0,0.0,0.0,0.0,0.0,0.0,False,False
2026-01-15 03:30,PV_H076,PV,0.0,0.0,0.0,0.0,0.0,0.0,False,True
2026-01-15 03:30,PV_H077,PV,0.0,0.0,0.0,0.0,0.0,0.0,False,True
2026-01-15 03:30,PV_H078,PV,0.0,0.0,0.0,0.0,0.0,0.0,False,False
2026-01-15 03:30,PV_H079,PV,0.0,0.0,0.0,0.0,0.0,0.0,False,True
2026-01-15 03:30,PV_H080,PV,0.0,0.0,0.0,0.0,0.0,0.0,False,False
2026-01-15 03:30,PV_H081,PV,0.0,0.0,0.0,0.0,0.0,0.0,False,True
2026-01-15 03:30,PV_H082,PV,0.0,0.0,0.0,0.0,0.0,0.0,False,True
2026-01-15 03:30,PV_H083,PV,0.0,0.0,0.0,0.0,0.0,0.0,False,True
2026-01-15 03:30,PV_H085,PV,0.0,0.0,0.0,0.0,0.0,0.0,False,False
2026-01-15 03:30,PV_H087,PV,0.0,0.0,0.0,0.0,0.0,0.0,False,False
2026-01-15 03:30,PV_H088,PV,0.0,0.0,0.0,0.0,0.0,0.0,False,False
2026-01-15 03:30,PV_H090,PV,0.0,0.0,0.0,0.0,0.0,0.0,False,True
2026-01-15 03:30,PV_H093,PV,0.0,0.0,0.0,0.0,0.0,0.0,False,True
2026-01-15 03:30,PV_H094,PV,0.0,0.0,0.0,0.0,0.0,0.0,False,True
2026-01-15 03:30,PV_H095,PV,0.0,0.0,0.0,0.0,0.0,0.0,False,False
2026-01-15 03:30,PV_H096,PV,0.0,0.0,0.0,0.0,0.0,0.0,False,True
2026-01-15 03:30,PV_H098,PV,0.0,0.0,0.0,0.0,0.0,0.0,False,True
2026-01-15 03:30,PV_H099,PV,0.0,0.0,0.0,0.0,0.0,0.0,False,False
2026-01-15 03:30,BESS_COMMUNITY_01,BESS,25.0,25.0,25.0,25.0,0.0,60.0,True,True
2026-01-15 03:30,EV_001,EV,0.0,0.0,0.0,0.0,0.0,0.0,False,True
2026-01-15 03:30,EV_002,EV,0.0,0.0,0.0,0.0,0.0,0.0,False,True
2026-01-15 03:30,EV_003,EV,0.0,0.0,0.0,0.0,0.0,0.0,False,True
2026-01-15 03:30,EV_004,EV,0.0,0.0,0.0,0.0,0.0,0.0,False,False
2026-01-15 03:30,EV_005,EV,0.0,0.0,0.0,0.0,0.0,0.0,False,True
2026-01-15 03:30,EV_006,EV,0.0,0.0,0.0,0.0,0.0,0.0,False,True
2026-01-15 03:30,EV_007,EV,0.0,0.0,0.0,0.0,0.0,0.0,False,True
2026-01-15 03:30,EV_008,EV,0.0,0.0,0.0,0.0,0.0,0.0,False,True
2026-01-15 03:30,EV_009,EV,0.0,0.0,0.0,0.0,0.0,0.0,False,True
2026-01-15 03:30,EV_010,EV,0.0,0.0,0.0,0.0,0.0,0.0,False,True
2026-01-15 03:30,EV_011,EV,0.0,0.0,0.0,0.0,0.0,0.0,False,True
2026-01-15 03:30,EV_012,EV,0.0,0.0,0.0,0.0,0.0,0.0,False,False
2026-01-15 03:30,EV_013,EV,0.0,0.0,0.0,0.0,0.0,0.0,False,False
2026-01-15 03:30,EV_014,EV,0.0,0.0,0.0,0.0,0.0,0.0,False,True
2026-01-15 03:30,EV_015,EV,0.0,0.0,0.0,0.0,0.0,0.0,False,True
2026-01-15 03:30,EV_016,EV,0.0,0.0,0.0,0.0,0.0,0.0,False,False
2026-01-15 03:30,EV_017,EV,0.0,0.0,0.0,0.0,0.0,0.0,False,False
2026-01-15 03:30,EV_018,EV,0.0,0.0,0.0,0.0,0.0,0.0,False,True
2026-01-15 03:30,EV_019,EV,0.0,0.0,0.0,0.0,0.0,0.0,False,True
2026-01-15 03:30,EV_020,EV,0.0,0.0,0.0,0.0,0.0,0.0,False,True
2026-01-15 03:30,FL001,FLEXIBLE_LOAD,0.0,0.0,0.0,0.0,0.0,0.0,False,False
2026-01-15 03:30,FL002,FLEXIBLE_LOAD,0.0,0.0,0.0,0.0,0.0,0.0,False,True
2026-01-15 03:30,FL003,FLEXIBLE_LOAD,0.0,0.0,0.0,0.0,0.0,0.0,False,True
2026-01-15 03:45,PV_H002,PV,0.0,0.0,0.0,0.0,0.0,0.0,False,True
2026-01-15 03:45,PV_H003,PV,0.0,0.0,0.0,0.0,0.0,0.0,False,True
2026-01-15 03:45,PV_H005,PV,0.0,0.0,0.0,0.0,0.0,0.0,False,False
2026-01-15 03:45,PV_H006,PV,0.0,0.0,0.0,0.0,0.0,0.0,False,True
2026-01-15 03:45,PV_H007,PV,0.0,0.0,0.0,0.0,0.0,0.0,False,False
2026-01-15 03:45,PV_H010,PV,0.0,0.0,0.0,0.0,0.0,0.0,False,False
2026-01-15 03:45,PV_H016,PV,0.0,0.0,0.0,0.0,0.0,0.0,False,True
2026-01-15 03:45,PV_H017,PV,0.0,0.0,0.0,0.0,0.0,0.0,False,True
2026-01-15 03:45,PV_H018,PV,0.0,0.0,0.0,0.0,0.0,0.0,False,True
2026-01-15 03:45,PV_H021,PV,0.0,0.0,0.0,0.0,0.0,0.0,False,True
2026-01-15 03:45,PV_H024,PV,0.0,0.0,0.0,0.0,0.0,0.0,False,True
2026-01-15 03:45,PV_H025,PV,0.0,0.0,0.0,0.0,0.0,0.0,False,False
2026-01-15 03:45,PV_H026,PV,0.0,0.0,0.0,0.0,0.0,0.0,False,False
2026-01-15 03:45,PV_H027,PV,0.0,0.0,0.0,0.0,0.0,0.0,False,True
2026-01-15 03:45,PV_H032,PV,0.0,0.0,0.0,0.0,0.0,0.0,False,False
2026-01-15 03:45,PV_H033,PV,0.0,0.0,0.0,0.0,0.0,0.0,False,True
2026-01-15 03:45,PV_H034,PV,0.0,0.0,0.0,0.0,0.0,0.0,False,True
2026-01-15 03:45,PV_H035,PV,0.0,0.0,0.0,0.0,0.0,0.0,False,True
2026-01-15 03:45,PV_H036,PV,0.0,0.0,0.0,0.0,0.0,0.0,False,False
2026-01-15 03:45,PV_H037,PV,0.0,0.0,0.0,0.0,0.0,0.0,False,False
2026-01-15 03:45,PV_H040,PV,0.0,0.0,0.0,0.0,0.0,0.0,False,False
2026-01-15 03:45,PV_H042,PV,0.0,0.0,0.0,0.0,0.0,0.0,False,True
2026-01-15 03:45,PV_H044,PV,0.0,0.0,0.0,0.0,0.0,0.0,False,False
2026-01-15 03:45,PV_H046,PV,0.0,0.0,0.0,0.0,0.0,0.0,False,False
2026-01-15 03:45,PV_H048,PV,0.0,0.0,0.0,0.0,0.0,0.0,False,False
2026-01-15 03:45,PV_H049,PV,0.0,0.0,0.0,0.0,0.0,0.0,False,True
2026-01-15 03:45,PV_H050,PV,0.0,0.0,0.0,0.0,0.0,0.0,False,True
2026-01-15 03:45,PV_H053,PV,0.0,0.0,0.0,0.0,0.0,0.0,False,False
2026-01-15 03:45,PV_H055,PV,0.0,0.0,0.0,0.0,0.0,0.0,False,True
2026-01-15 03:45,PV_H057,PV,0.0,0.0,0.0,0.0,0.0,0.0,False,True
2026-01-15 03:45,PV_H058,PV,0.0,0.0,0.0,0.0,0.0,0.0,False,True
2026-01-15 03:45,PV_H060,PV,0.0,0.0,0.0,0.0,0.0,0.0,False,True
2026-01-15 03:45,PV_H061,PV,0.0,0.0,0.0,0.0,0.0,0.0,False,True
2026-01-15 03:45,PV_H062,PV,0.0,0.0,0.0,0.0,0.0,0.0,False,False
2026-01-15 03:45,PV_H063,PV,0.0,0.0,0.0,0.0,0.0,0.0,False,False
2026-01-15 03:45,PV_H066,PV,0.0,0.0,0.0,0.0,0.0,0.0,False,False
2026-01-15 03:45,PV_H067,PV,0.0,0.0,0.0,0.0,0.0,0.0,False,True
2026-01-15 03:45,PV_H069,PV,0.0,0.0,0.0,0.0,0.0,0.0,False,True
2026-01-15 03:45,PV_H071,PV,0.0,0.0,0.0,0.0,0.0,0.0,False,True
2026-01-15 03:45,PV_H072,PV,0.0,0.0,0.0,0.0,0.0,0.0,False,True
2026-01-15 03:45,PV_H073,PV,0.0,0.0,0.0,0.0,0.0,0.0,False,True
2026-01-15 03:45,PV_H074,PV,0.0,0.0,0.0,0.0,0.0,0.0,False,False
2026-01-15 03:45,PV_H076,PV,0.0,0.0,0.0,0.0,0.0,0.0,False,True
2026-01-15 03:45,PV_H077,PV,0.0,0.0,0.0,0.0,0.0,0.0,False,True
2026-01-15 03:45,PV_H078,PV,0.0,0.0,0.0,0.0,0.0,0.0,False,False
2026-01-15 03:45,PV_H079,PV,0.0,0.0,0.0,0.0,0.0,0.0,False,True
2026-01-15 03:45,PV_H080,PV,0.0,0.0,0.0,0.0,0.0,0.0,False,False
2026-01-15 03:45,PV_H081,PV,0.0,0.0,0.0,0.0,0.0,0.0,False,True
2026-01-15 03:45,PV_H082,PV,0.0,0.0,0.0,0.0,0.0,0.0,False,True
2026-01-15 03:45,PV_H083,PV,0.0,0.0,0.0,0.0,0.0,0.0,False,True
2026-01-15 03:45,PV_H085,PV,0.0,0.0,0.0,0.0,0.0,0.0,False,False
2026-01-15 03:45,PV_H087,PV,0.0,0.0,0.0,0.0,0.0,0.0,False,False
2026-01-15 03:45,PV_H088,PV,0.0,0.0,0.0,0.0,0.0,0.0,False,False
2026-01-15 03:45,PV_H090,PV,0.0,0.0,0.0,0.0,0.0,0.0,False,True
2026-01-15 03:45,PV_H093,PV,0.0,0.0,0.0,0.0,0.0,0.0,False,True
2026-01-15 03:45,PV_H094,PV,0.0,0.0,0.0,0.0,0.0,0.0,False,True
2026-01-15 03:45,PV_H095,PV,0.0,0.0,0.0,0.0,0.0,0.0,False,False
2026-01-15 03:45,PV_H096,PV,0.0,0.0,0.0,0.0,0.0,0.0,False,True
2026-01-15 03:45,PV_H098,PV,0.0,0.0,0.0,0.0,0.0,0.0,False,True
2026-01-15 03:45,PV_H099,PV,0.0,0.0,0.0,0.0,0.0,0.0,False,False
2026-01-15 03:45,BESS_COMMUNITY_01,BESS,25.0,25.0,25.0,25.0,0.0,60.0,True,True
2026-01-15 03:45,EV_001,EV,0.0,0.0,0.0,0.0,0.0,0.0,False,True
2026-01-15 03:45,EV_002,EV,0.0,0.0,0.0,0.0,0.0,0.0,False,True
2026-01-15 03:45,EV_003,EV,0.0,0.0,0.0,0.0,0.0,0.0,False,True
2026-01-15 03:45,EV_004,EV,0.0,0.0,0.0,0.0,0.0,0.0,False,False
2026-01-15 03:45,EV_005,EV,0.0,0.0,0.0,0.0,0.0,0.0,False,True
2026-01-15 03:45,EV_006,EV,0.0,0.0,0.0,0.0,0.0,0.0,False,True
2026-01-15 03:45,EV_007,EV,0.0,0.0,0.0,0.0,0.0,0.0,False,True
2026-01-15 03:45,EV_008,EV,0.0,0.0,0.0,0.0,0.0,0.0,False,True
2026-01-15 03:45,EV_009,EV,0.0,0.0,0.0,0.0,0.0,0.0,False,True
2026-01-15 03:45,EV_010,EV,0.0,0.0,0.0,0.0,0.0,0.0,False,True
2026-01-15 03:45,EV_011,EV,0.0,0.0,0.0,0.0,0.0,0.0,False,True
2026-01-15 03:45,EV_012,EV,0.0,0.0,0.0,0.0,0.0,0.0,False,False
2026-01-15 03:45,EV_013,EV,0.0,0.0,0.0,0.0,0.0,0.0,False,False
2026-01-15 03:45,EV_014,EV,0.0,0.0,0.0,0.0,0.0,0.0,False,True
2026-01-15 03:45,EV_015,EV,0.0,0.0,0.0,0.0,0.0,0.0,False,True
2026-01-15 03:45,EV_016,EV,0.0,0.0,0.0,0.0,0.0,0.0,False,False
2026-01-15 03:45,EV_017,EV,0.0,0.0,0.0,0.0,0.0,0.0,False,False
2026-01-15 03:45,EV_018,EV,0.0,0.0,0.0,0.0,0.0,0.0,False,True
2026-01-15 03:45,EV_019,EV,0.0,0.0,0.0,0.0,0.0,0.0,False,True
2026-01-15 03:45,EV_020,EV,0.0,0.0,0.0,0.0,0.0,0.0,False,True
2026-01-15 03:45,FL001,FLEXIBLE_LOAD,0.0,0.0,0.0,0.0,0.0,0.0,False,False
2026-01-15 03:45,FL002,FLEXIBLE_LOAD,0.0,0.0,0.0,0.0,0.0,0.0,False,True
2026-01-15 03:45,FL003,FLEXIBLE_LOAD,0.0,0.0,0.0,0.0,0.0,0.0,False,True
2026-01-15 04:00,PV_H002,PV,0.0,0.0,0.0,0.0,0.0,0.0,False,True
2026-01-15 04:00,PV_H003,PV,0.0,0.0,0.0,0.0,0.0,0.0,False,True
2026-01-15 04:00,PV_H005,PV,0.0,0.0,0.0,0.0,0.0,0.0,False,False
2026-01-15 04:00,PV_H006,PV,0.0,0.0,0.0,0.0,0.0,0.0,False,True
2026-01-15 04:00,PV_H007,PV,0.0,0.0,0.0,0.0,0.0,0.0,False,False
2026-01-15 04:00,PV_H010,PV,0.0,0.0,0.0,0.0,0.0,0.0,False,False
2026-01-15 04:00,PV_H016,PV,0.0,0.0,0.0,0.0,0.0,0.0,False,True
2026-01-15 04:00,PV_H017,PV,0.0,0.0,0.0,0.0,0.0,0.0,False,True
2026-01-15 04:00,PV_H018,PV,0.0,0.0,0.0,0.0,0.0,0.0,False,True
2026-01-15 04:00,PV_H021,PV,0.0,0.0,0.0,0.0,0.0,0.0,False,True
2026-01-15 04:00,PV_H024,PV,0.0,0.0,0.0,0.0,0.0,0.0,False,True
2026-01-15 04:00,PV_H025,PV,0.0,0.0,0.0,0.0,0.0,0.0,False,False
2026-01-15 04:00,PV_H026,PV,0.0,0.0,0.0,0.0,0.0,0.0,False,False
2026-01-15 04:00,PV_H027,PV,0.0,0.0,0.0,0.0,0.0,0.0,False,True
2026-01-15 04:00,PV_H032,PV,0.0,0.0,0.0,0.0,0.0,0.0,False,False
2026-01-15 04:00,PV_H033,PV,0.0,0.0,0.0,0.0,0.0,0.0,False,True
2026-01-15 04:00,PV_H034,PV,0.0,0.0,0.0,0.0,0.0,0.0,False,True
2026-01-15 04:00,PV_H035,PV,0.0,0.0,0.0,0.0,0.0,0.0,False,True
2026-01-15 04:00,PV_H036,PV,0.0,0.0,0.0,0.0,0.0,0.0,False,False
2026-01-15 04:00,PV_H037,PV,0.0,0.0,0.0,0.0,0.0,0.0,False,False
2026-01-15 04:00,PV_H040,PV,0.0,0.0,0.0,0.0,0.0,0.0,False,False
2026-01-15 04:00,PV_H042,PV,0.0,0.0,0.0,0.0,0.0,0.0,False,True
2026-01-15 04:00,PV_H044,PV,0.0,0.0,0.0,0.0,0.0,0.0,False,False
2026-01-15 04:00,PV_H046,PV,0.0,0.0,0.0,0.0,0.0,0.0,False,False
2026-01-15 04:00,PV_H048,PV,0.0,0.0,0.0,0.0,0.0,0.0,False,False
2026-01-15 04:00,PV_H049,PV,0.0,0.0,0.0,0.0,0.0,0.0,False,True
2026-01-15 04:00,PV_H050,PV,0.0,0.0,0.0,0.0,0.0,0.0,False,True
2026-01-15 04:00,PV_H053,PV,0.0,0.0,0.0,0.0,0.0,0.0,False,False
2026-01-15 04:00,PV_H055,PV,0.0,0.0,0.0,0.0,0.0,0.0,False,True
2026-01-15 04:00,PV_H057,PV,0.0,0.0,0.0,0.0,0.0,0.0,False,True
2026-01-15 04:00,PV_H058,PV,0.0,0.0,0.0,0.0,0.0,0.0,False,True
2026-01-15 04:00,PV_H060,PV,0.0,0.0,0.0,0.0,0.0,0.0,False,True
2026-01-15 04:00,PV_H061,PV,0.0,0.0,0.0,0.0,0.0,0.0,False,True
2026-01-15 04:00,PV_H062,PV,0.0,0.0,0.0,0.0,0.0,0.0,False,False
2026-01-15 04:00,PV_H063,PV,0.0,0.0,0.0,0.0,0.0,0.0,False,False
2026-01-15 04:00,PV_H066,PV,0.0,0.0,0.0,0.0,0.0,0.0,False,False
2026-01-15 04:00,PV_H067,PV,0.0,0.0,0.0,0.0,0.0,0.0,False,True
2026-01-15 04:00,PV_H069,PV,0.0,0.0,0.0,0.0,0.0,0.0,False,True
2026-01-15 04:00,PV_H071,PV,0.0,0.0,0.0,0.0,0.0,0.0,False,True
2026-01-15 04:00,PV_H072,PV,0.0,0.0,0.0,0.0,0.0,0.0,False,True
2026-01-15 04:00,PV_H073,PV,0.0,0.0,0.0,0.0,0.0,0.0,False,True
2026-01-15 04:00,PV_H074,PV,0.0,0.0,0.0,0.0,0.0,0.0,False,False
2026-01-15 04:00,PV_H076,PV,0.0,0.0,0.0,0.0,0.0,0.0,False,True
2026-01-15 04:00,PV_H077,PV,0.0,0.0,0.0,0.0,0.0,0.0,False,True
2026-01-15 04:00,PV_H078,PV,0.0,0.0,0.0,0.0,0.0,0.0,False,False
2026-01-15 04:00,PV_H079,PV,0.0,0.0,0.0,0.0,0.0,0.0,False,True
2026-01-15 04:00,PV_H080,PV,0.0,0.0,0.0,0.0,0.0,0.0,False,False
2026-01-15 04:00,PV_H081,PV,0.0,0.0,0.0,0.0,0.0,0.0,False,True
2026-01-15 04:00,PV_H082,PV,0.0,0.0,0.0,0.0,0.0,0.0,False,True
2026-01-15 04:00,PV_H083,PV,0.0,0.0,0.0,0.0,0.0,0.0,False,True
2026-01-15 04:00,PV_H085,PV,0.0,0.0,0.0,0.0,0.0,0.0,False,False
2026-01-15 04:00,PV_H087,PV,0.0,0.0,0.0,0.0,0.0,0.0,False,False
2026-01-15 04:00,PV_H088,PV,0.0,0.0,0.0,0.0,0.0,0.0,False,False
2026-01-15 04:00,PV_H090,PV,0.0,0.0,0.0,0.0,0.0,0.0,False,True
2026-01-15 04:00,PV_H093,PV,0.0,0.0,0.0,0.0,0.0,0.0,False,True
2026-01-15 04:00,PV_H094,PV,0.0,0.0,0.0,0.0,0.0,0.0,False,True
2026-01-15 04:00,PV_H095,PV,0.0,0.0,0.0,0.0,0.0,0.0,False,False
2026-01-15 04:00,PV_H096,PV,0.0,0.0,0.0,0.0,0.0,0.0,False,True
2026-01-15 04:00,PV_H098,PV,0.0,0.0,0.0,0.0,0.0,0.0,False,True
2026-01-15 04:00,PV_H099,PV,0.0,0.0,0.0,0.0,0.0,0.0,False,False
2026-01-15 04:00,BESS_COMMUNITY_01,BESS,25.0,25.0,25.0,25.0,0.0,60.0,True,True
2026-01-15 04:00,EV_001,EV,0.0,0.0,0.0,0.0,0.0,0.0,False,True
2026-01-15 04:00,EV_002,EV,0.0,0.0,0.0,0.0,0.0,0.0,False,True
2026-01-15 04:00,EV_003,EV,0.0,0.0,0.0,0.0,0.0,0.0,False,True
2026-01-15 04:00,EV_004,EV,0.0,0.0,0.0,0.0,0.0,0.0,False,False
2026-01-15 04:00,EV_005,EV,0.0,0.0,0.0,0.0,0.0,0.0,False,True
2026-01-15 04:00,EV_006,EV,0.0,0.0,0.0,0.0,0.0,0.0,False,True
2026-01-15 04:00,EV_007,EV,0.0,0.0,0.0,0.0,0.0,0.0,False,True
2026-01-15 04:00,EV_008,EV,0.0,0.0,0.0,0.0,0.0,0.0,False,True
2026-01-15 04:00,EV_009,EV,0.0,0.0,0.0,0.0,0.0,0.0,False,True
2026-01-15 04:00,EV_010,EV,0.0,0.0,0.0,0.0,0.0,0.0,False,True
2026-01-15 04:00,EV_011,EV,0.0,0.0,0.0,0.0,0.0,0.0,False,True
2026-01-15 04:00,EV_012,EV,0.0,0.0,0.0,0.0,0.0,0.0,False,False
2026-01-15 04:00,EV_013,EV,0.0,0.0,0.0,0.0,0.0,0.0,False,False
2026-01-15 04:00,EV_014,EV,0.0,0.0,0.0,0.0,0.0,0.0,False,True
2026-01-15 04:00,EV_015,EV,0.0,0.0,0.0,0.0,0.0,0.0,False,True
2026-01-15 04:00,EV_016,EV,0.0,0.0,0.0,0.0,0.0,0.0,False,False
2026-01-15 04:00,EV_017,EV,0.0,0.0,0.0,0.0,0.0,0.0,False,False
2026-01-15 04:00,EV_018,EV,0.0,0.0,0.0,0.0,0.0,0.0,False,True
2026-01-15 04:00,EV_019,EV,0.0,0.0,0.0,0.0,0.0,0.0,False,True
2026-01-15 04:00,EV_020,EV,0.0,0.0,0.0,0.0,0.0,0.0,False,True
2026-01-15 04:00,FL001,FLEXIBLE_LOAD,0.0,0.0,0.0,0.0,0.0,0.0,False,False
2026-01-15 04:00,FL002,FLEXIBLE_LOAD,0.0,0.0,0.0,0.0,0.0,0.0,False,True
2026-01-15 04:00,FL003,FLEXIBLE_LOAD,0.0,0.0,0.0,0.0,0.0,0.0,False,True
2026-01-15 04:15,PV_H002,PV,0.0,0.0,0.0,0.0,0.0,0.0,False,True
2026-01-15 04:15,PV_H003,PV,0.0,0.0,0.0,0.0,0.0,0.0,False,True
2026-01-15 04:15,PV_H005,PV,0.0,0.0,0.0,0.0,0.0,0.0,False,False
2026-01-15 04:15,PV_H006,PV,0.0,0.0,0.0,0.0,0.0,0.0,False,True
2026-01-15 04:15,PV_H007,PV,0.0,0.0,0.0,0.0,0.0,0.0,False,False
2026-01-15 04:15,PV_H010,PV,0.0,0.0,0.0,0.0,0.0,0.0,False,False
2026-01-15 04:15,PV_H016,PV,0.0,0.0,0.0,0.0,0.0,0.0,False,True
2026-01-15 04:15,PV_H017,PV,0.0,0.0,0.0,0.0,0.0,0.0,False,True
2026-01-15 04:15,PV_H018,PV,0.0,0.0,0.0,0.0,0.0,0.0,False,True
2026-01-15 04:15,PV_H021,PV,0.0,0.0,0.0,0.0,0.0,0.0,False,True
2026-01-15 04:15,PV_H024,PV,0.0,0.0,0.0,0.0,0.0,0.0,False,True
2026-01-15 04:15,PV_H025,PV,0.0,0.0,0.0,0.0,0.0,0.0,False,False
2026-01-15 04:15,PV_H026,PV,0.0,0.0,0.0,0.0,0.0,0.0,False,False
2026-01-15 04:15,PV_H027,PV,0.0,0.0,0.0,0.0,0.0,0.0,False,True
2026-01-15 04:15,PV_H032,PV,0.0,0.0,0.0,0.0,0.0,0.0,False,False
2026-01-15 04:15,PV_H033,PV,0.0,0.0,0.0,0.0,0.0,0.0,False,True
2026-01-15 04:15,PV_H034,PV,0.0,0.0,0.0,0.0,0.0,0.0,False,True
2026-01-15 04:15,PV_H035,PV,0.0,0.0,0.0,0.0,0.0,0.0,False,True
2026-01-15 04:15,PV_H036,PV,0.0,0.0,0.0,0.0,0.0,0.0,False,False
2026-01-15 04:15,PV_H037,PV,0.0,0.0,0.0,0.0,0.0,0.0,False,False
2026-01-15 04:15,PV_H040,PV,0.0,0.0,0.0,0.0,0.0,0.0,False,False
2026-01-15 04:15,PV_H042,PV,0.0,0.0,0.0,0.0,0.0,0.0,False,True
2026-01-15 04:15,PV_H044,PV,0.0,0.0,0.0,0.0,0.0,0.0,False,False
2026-01-15 04:15,PV_H046,PV,0.0,0.0,0.0,0.0,0.0,0.0,False,False
2026-01-15 04:15,PV_H048,PV,0.0,0.0,0.0,0.0,0.0,0.0,False,False
2026-01-15 04:15,PV_H049,PV,0.0,0.0,0.0,0.0,0.0,0.0,False,True
2026-01-15 04:15,PV_H050,PV,0.0,0.0,0.0,0.0,0.0,0.0,False,True
2026-01-15 04:15,PV_H053,PV,0.0,0.0,0.0,0.0,0.0,0.0,False,False
2026-01-15 04:15,PV_H055,PV,0.0,0.0,0.0,0.0,0.0,0.0,False,True
2026-01-15 04:15,PV_H057,PV,0.0,0.0,0.0,0.0,0.0,0.0,False,True
2026-01-15 04:15,PV_H058,PV,0.0,0.0,0.0,0.0,0.0,0.0,False,True
2026-01-15 04:15,PV_H060,PV,0.0,0.0,0.0,0.0,0.0,0.0,False,True
2026-01-15 04:15,PV_H061,PV,0.0,0.0,0.0,0.0,0.0,0.0,False,True
2026-01-15 04:15,PV_H062,PV,0.0,0.0,0.0,0.0,0.0,0.0,False,False
2026-01-15 04:15,PV_H063,PV,0.0,0.0,0.0,0.0,0.0,0.0,False,False
2026-01-15 04:15,PV_H066,PV,0.0,0.0,0.0,0.0,0.0,0.0,False,False
2026-01-15 04:15,PV_H067,PV,0.0,0.0,0.0,0.0,0.0,0.0,False,True
2026-01-15 04:15,PV_H069,PV,0.0,0.0,0.0,0.0,0.0,0.0,False,True
2026-01-15 04:15,PV_H071,PV,0.0,0.0,0.0,0.0,0.0,0.0,False,True
2026-01-15 04:15,PV_H072,PV,0.0,0.0,0.0,0.0,0.0,0.0,False,True
2026-01-15 04:15,PV_H073,PV,0.0,0.0,0.0,0.0,0.0,0.0,False,True
2026-01-15 04:15,PV_H074,PV,0.0,0.0,0.0,0.0,0.0,0.0,False,False
2026-01-15 04:15,PV_H076,PV,0.0,0.0,0.0,0.0,0.0,0.0,False,True
2026-01-15 04:15,PV_H077,PV,0.0,0.0,0.0,0.0,0.0,0.0,False,True
2026-01-15 04:15,PV_H078,PV,0.0,0.0,0.0,0.0,0.0,0.0,False,False
2026-01-15 04:15,PV_H079,PV,0.0,0.0,0.0,0.0,0.0,0.0,False,True
2026-01-15 04:15,PV_H080,PV,0.0,0.0,0.0,0.0,0.0,0.0,False,False
2026-01-15 04:15,PV_H081,PV,0.0,0.0,0.0,0.0,0.0,0.0,False,True
2026-01-15 04:15,PV_H082,PV,0.0,0.0,0.0,0.0,0.0,0.0,False,True
2026-01-15 04:15,PV_H083,PV,0.0,0.0,0.0,0.0,0.0,0.0,False,True
2026-01-15 04:15,PV_H085,PV,0.0,0.0,0.0,0.0,0.0,0.0,False,False
2026-01-15 04:15,PV_H087,PV,0.0,0.0,0.0,0.0,0.0,0.0,False,False
2026-01-15 04:15,PV_H088,PV,0.0,0.0,0.0,0.0,0.0,0.0,False,False
2026-01-15 04:15,PV_H090,PV,0.0,0.0,0.0,0.0,0.0,0.0,False,True
2026-01-15 04:15,PV_H093,PV,0.0,0.0,0.0,0.0,0.0,0.0,False,True
2026-01-15 04:15,PV_H094,PV,0.0,0.0,0.0,0.0,0.0,0.0,False,True
2026-01-15 04:15,PV_H095,PV,0.0,0.0,0.0,0.0,0.0,0.0,False,False
2026-01-15 04:15,PV_H096,PV,0.0,0.0,0.0,0.0,0.0,0.0,False,True
2026-01-15 04:15,PV_H098,PV,0.0,0.0,0.0,0.0,0.0,0.0,False,True
2026-01-15 04:15,PV_H099,PV,0.0,0.0,0.0,0.0,0.0,0.0,False,False
2026-01-15 04:15,BESS_COMMUNITY_01,BESS,25.0,25.0,25.0,25.0,0.0,60.0,True,True
2026-01-15 04:15,EV_001,EV,0.0,0.0,0.0,0.0,0.0,0.0,False,True
2026-01-15 04:15,EV_002,EV,0.0,0.0,0.0,0.0,0.0,0.0,False,True
2026-01-15 04:15,EV_003,EV,0.0,0.0,0.0,0.0,0.0,0.0,False,True
2026-01-15 04:15,EV_004,EV,0.0,0.0,0.0,0.0,0.0,0.0,False,False
2026-01-15 04:15,EV_005,EV,0.0,0.0,0.0,0.0,0.0,0.0,False,True
2026-01-15 04:15,EV_006,EV,0.0,0.0,0.0,0.0,0.0,0.0,False,True
2026-01-15 04:15,EV_007,EV,0.0,0.0,0.0,0.0,0.0,0.0,False,True
2026-01-15 04:15,EV_008,EV,0.0,0.0,0.0,0.0,0.0,0.0,False,True
2026-01-15 04:15,EV_009,EV,0.0,0.0,0.0,0.0,0.0,0.0,False,True
2026-01-15 04:15,EV_010,EV,0.0,0.0,0.0,0.0,0.0,0.0,False,True
2026-01-15 04:15,EV_011,EV,0.0,0.0,0.0,0.0,0.0,0.0,False,True
2026-01-15 04:15,EV_012,EV,0.0,0.0,0.0,0.0,0.0,0.0,False,False
2026-01-15 04:15,EV_013,EV,0.0,0.0,0.0,0.0,0.0,0.0,False,False
2026-01-15 04:15,EV_014,EV,0.0,0.0,0.0,0.0,0.0,0.0,False,True
2026-01-15 04:15,EV_015,EV,0.0,0.0,0.0,0.0,0.0,0.0,False,True
2026-01-15 04:15,EV_016,EV,0.0,0.0,0.0,0.0,0.0,0.0,False,False
2026-01-15 04:15,EV_017,EV,0.0,0.0,0.0,0.0,0.0,0.0,False,False
2026-01-15 04:15,EV_018,EV,0.0,0.0,0.0,0.0,0.0,0.0,False,True
2026-01-15 04:15,EV_019,EV,0.0,0.0,0.0,0.0,0.0,0.0,False,True
2026-01-15 04:15,EV_020,EV,0.0,0.0,0.0,0.0,0.0,0.0,False,True
2026-01-15 04:15,FL001,FLEXIBLE_LOAD,0.0,0.0,0.0,0.0,0.0,0.0,False,False
2026-01-15 04:15,FL002,FLEXIBLE_LOAD,0.0,0.0,0.0,0.0,0.0,0.0,False,True
2026-01-15 04:15,FL003,FLEXIBLE_LOAD,0.0,0.0,0.0,0.0,0.0,0.0,False,True
2026-01-15 04:30,PV_H002,PV,0.0,0.0,0.0,0.0,0.0,0.0,False,True
2026-01-15 04:30,PV_H003,PV,0.0,0.0,0.0,0.0,0.0,0.0,False,True
2026-01-15 04:30,PV_H005,PV,0.0,0.0,0.0,0.0,0.0,0.0,False,False
2026-01-15 04:30,PV_H006,PV,0.0,0.0,0.0,0.0,0.0,0.0,False,True
2026-01-15 04:30,PV_H007,PV,0.0,0.0,0.0,0.0,0.0,0.0,False,False
2026-01-15 04:30,PV_H010,PV,0.0,0.0,0.0,0.0,0.0,0.0,False,False
2026-01-15 04:30,PV_H016,PV,0.0,0.0,0.0,0.0,0.0,0.0,False,True
2026-01-15 04:30,PV_H017,PV,0.0,0.0,0.0,0.0,0.0,0.0,False,True
2026-01-15 04:30,PV_H018,PV,0.0,0.0,0.0,0.0,0.0,0.0,False,True
2026-01-15 04:30,PV_H021,PV,0.0,0.0,0.0,0.0,0.0,0.0,False,True
2026-01-15 04:30,PV_H024,PV,0.0,0.0,0.0,0.0,0.0,0.0,False,True
2026-01-15 04:30,PV_H025,PV,0.0,0.0,0.0,0.0,0.0,0.0,False,False
2026-01-15 04:30,PV_H026,PV,0.0,0.0,0.0,0.0,0.0,0.0,False,False
2026-01-15 04:30,PV_H027,PV,0.0,0.0,0.0,0.0,0.0,0.0,False,True
2026-01-15 04:30,PV_H032,PV,0.0,0.0,0.0,0.0,0.0,0.0,False,False
2026-01-15 04:30,PV_H033,PV,0.0,0.0,0.0,0.0,0.0,0.0,False,True
2026-01-15 04:30,PV_H034,PV,0.0,0.0,0.0,0.0,0.0,0.0,False,True
2026-01-15 04:30,PV_H035,PV,0.0,0.0,0.0,0.0,0.0,0.0,False,True
2026-01-15 04:30,PV_H036,PV,0.0,0.0,0.0,0.0,0.0,0.0,False,False
2026-01-15 04:30,PV_H037,PV,0.0,0.0,0.0,0.0,0.0,0.0,False,False
2026-01-15 04:30,PV_H040,PV,0.0,0.0,0.0,0.0,0.0,0.0,False,False
2026-01-15 04:30,PV_H042,PV,0.0,0.0,0.0,0.0,0.0,0.0,False,True
2026-01-15 04:30,PV_H044,PV,0.0,0.0,0.0,0.0,0.0,0.0,False,False
2026-01-15 04:30,PV_H046,PV,0.0,0.0,0.0,0.0,0.0,0.0,False,False
2026-01-15 04:30,PV_H048,PV,0.0,0.0,0.0,0.0,0.0,0.0,False,False
2026-01-15 04:30,PV_H049,PV,0.0,0.0,0.0,0.0,0.0,0.0,False,True
2026-01-15 04:30,PV_H050,PV,0.0,0.0,0.0,0.0,0.0,0.0,False,True
2026-01-15 04:30,PV_H053,PV,0.0,0.0,0.0,0.0,0.0,0.0,False,False
2026-01-15 04:30,PV_H055,PV,0.0,0.0,0.0,0.0,0.0,0.0,False,True
2026-01-15 04:30,PV_H057,PV,0.0,0.0,0.0,0.0,0.0,0.0,False,True
2026-01-15 04:30,PV_H058,PV,0.0,0.0,0.0,0.0,0.0,0.0,False,True
2026-01-15 04:30,PV_H060,PV,0.0,0.0,0.0,0.0,0.0,0.0,False,True
2026-01-15 04:30,PV_H061,PV,0.0,0.0,0.0,0.0,0.0,0.0,False,True
2026-01-15 04:30,PV_H062,PV,0.0,0.0,0.0,0.0,0.0,0.0,False,False
2026-01-15 04:30,PV_H063,PV,0.0,0.0,0.0,0.0,0.0,0.0,False,False
2026-01-15 04:30,PV_H066,PV,0.0,0.0,0.0,0.0,0.0,0.0,False,False
2026-01-15 04:30,PV_H067,PV,0.0,0.0,0.0,0.0,0.0,0.0,False,True
2026-01-15 04:30,PV_H069,PV,0.0,0.0,0.0,0.0,0.0,0.0,False,True
2026-01-15 04:30,PV_H071,PV,0.0,0.0,0.0,0.0,0.0,0.0,False,True
2026-01-15 04:30,PV_H072,PV,0.0,0.0,0.0,0.0,0.0,0.0,False,True
2026-01-15 04:30,PV_H073,PV,0.0,0.0,0.0,0.0,0.0,0.0,False,True
2026-01-15 04:30,PV_H074,PV,0.0,0.0,0.0,0.0,0.0,0.0,False,False
2026-01-15 04:30,PV_H076,PV,0.0,0.0,0.0,0.0,0.0,0.0,False,True
2026-01-15 04:30,PV_H077,PV,0.0,0.0,0.0,0.0,0.0,0.0,False,True
2026-01-15 04:30,PV_H078,PV,0.0,0.0,0.0,0.0,0.0,0.0,False,False
2026-01-15 04:30,PV_H079,PV,0.0,0.0,0.0,0.0,0.0,0.0,False,True
2026-01-15 04:30,PV_H080,PV,0.0,0.0,0.0,0.0,0.0,0.0,False,False
2026-01-15 04:30,PV_H081,PV,0.0,0.0,0.0,0.0,0.0,0.0,False,True
2026-01-15 04:30,PV_H082,PV,0.0,0.0,0.0,0.0,0.0,0.0,False,True
2026-01-15 04:30,PV_H083,PV,0.0,0.0,0.0,0.0,0.0,0.0,False,True
2026-01-15 04:30,PV_H085,PV,0.0,0.0,0.0,0.0,0.0,0.0,False,False
2026-01-15 04:30,PV_H087,PV,0.0,0.0,0.0,0.0,0.0,0.0,False,False
2026-01-15 04:30,PV_H088,PV,0.0,0.0,0.0,0.0,0.0,0.0,False,False
2026-01-15 04:30,PV_H090,PV,0.0,0.0,0.0,0.0,0.0,0.0,False,True
2026-01-15 04:30,PV_H093,PV,0.0,0.0,0.0,0.0,0.0,0.0,False,True
2026-01-15 04:30,PV_H094,PV,0.0,0.0,0.0,0.0,0.0,0.0,False,True
2026-01-15 04:30,PV_H095,PV,0.0,0.0,0.0,0.0,0.0,0.0,False,False
2026-01-15 04:30,PV_H096,PV,0.0,0.0,0.0,0.0,0.0,0.0,False,True
2026-01-15 04:30,PV_H098,PV,0.0,0.0,0.0,0.0,0.0,0.0,False,True
2026-01-15 04:30,PV_H099,PV,0.0,0.0,0.0,0.0,0.0,0.0,False,False
2026-01-15 04:30,BESS_COMMUNITY_01,BESS,25.0,25.0,25.0,25.0,0.0,60.0,True,True
2026-01-15 04:30,EV_001,EV,0.0,0.0,0.0,0.0,0.0,0.0,False,True
2026-01-15 04:30,EV_002,EV,0.0,0.0,0.0,0.0,0.0,0.0,False,True
2026-01-15 04:30,EV_003,EV,0.0,0.0,0.0,0.0,0.0,0.0,False,True
2026-01-15 04:30,EV_004,EV,0.0,0.0,0.0,0.0,0.0,0.0,False,False
2026-01-15 04:30,EV_005,EV,0.0,0.0,0.0,0.0,0.0,0.0,False,True
2026-01-15 04:30,EV_006,EV,0.0,0.0,0.0,0.0,0.0,0.0,False,True
2026-01-15 04:30,EV_007,EV,0.0,0.0,0.0,0.0,0.0,0.0,False,True
2026-01-15 04:30,EV_008,EV,0.0,0.0,0.0,0.0,0.0,0.0,False,True
2026-01-15 04:30,EV_009,EV,0.0,0.0,0.0,0.0,0.0,0.0,False,True
2026-01-15 04:30,EV_010,EV,0.0,0.0,0.0,0.0,0.0,0.0,False,True
2026-01-15 04:30,EV_011,EV,0.0,0.0,0.0,0.0,0.0,0.0,False,True
2026-01-15 04:30,EV_012,EV,0.0,0.0,0.0,0.0,0.0,0.0,False,False
2026-01-15 04:30,EV_013,EV,0.0,0.0,0.0,0.0,0.0,0.0,False,False
2026-01-15 04:30,EV_014,EV,0.0,0.0,0.0,0.0,0.0,0.0,False,True
2026-01-15 04:30,EV_015,EV,0.0,0.0,0.0,0.0,0.0,0.0,False,True
2026-01-15 04:30,EV_016,EV,0.0,0.0,0.0,0.0,0.0,0.0,False,False
2026-01-15 04:30,EV_017,EV,0.0,0.0,0.0,0.0,0.0,0.0,False,False
2026-01-15 04:30,EV_018,EV,0.0,0.0,0.0,0.0,0.0,0.0,False,True
2026-01-15 04:30,EV_019,EV,0.0,0.0,0.0,0.0,0.0,0.0,False,True
2026-01-15 04:30,EV_020,EV,0.0,0.0,0.0,0.0,0.0,0.0,False,True
2026-01-15 04:30,FL001,FLEXIBLE_LOAD,0.0,0.0,0.0,0.0,0.0,0.0,False,False
2026-01-15 04:30,FL002,FLEXIBLE_LOAD,0.0,0.0,0.0,0.0,0.0,0.0,False,True
2026-01-15 04:30,FL003,FLEXIBLE_LOAD,0.0,0.0,0.0,0.0,0.0,0.0,False,True
2026-01-15 04:45,PV_H002,PV,0.0,0.0,0.0,0.0,0.0,0.0,False,True
2026-01-15 04:45,PV_H003,PV,0.0,0.0,0.0,0.0,0.0,0.0,False,True
2026-01-15 04:45,PV_H005,PV,0.0,0.0,0.0,0.0,0.0,0.0,False,False
2026-01-15 04:45,PV_H006,PV,0.0,0.0,0.0,0.0,0.0,0.0,False,True
2026-01-15 04:45,PV_H007,PV,0.0,0.0,0.0,0.0,0.0,0.0,False,False
2026-01-15 04:45,PV_H010,PV,0.0,0.0,0.0,0.0,0.0,0.0,False,False
2026-01-15 04:45,PV_H016,PV,0.0,0.0,0.0,0.0,0.0,0.0,False,True
2026-01-15 04:45,PV_H017,PV,0.0,0.0,0.0,0.0,0.0,0.0,False,True
2026-01-15 04:45,PV_H018,PV,0.0,0.0,0.0,0.0,0.0,0.0,False,True
2026-01-15 04:45,PV_H021,PV,0.0,0.0,0.0,0.0,0.0,0.0,False,True
2026-01-15 04:45,PV_H024,PV,0.0,0.0,0.0,0.0,0.0,0.0,False,True
2026-01-15 04:45,PV_H025,PV,0.0,0.0,0.0,0.0,0.0,0.0,False,False
2026-01-15 04:45,PV_H026,PV,0.0,0.0,0.0,0.0,0.0,0.0,False,False
2026-01-15 04:45,PV_H027,PV,0.0,0.0,0.0,0.0,0.0,0.0,False,True
2026-01-15 04:45,PV_H032,PV,0.0,0.0,0.0,0.0,0.0,0.0,False,False
2026-01-15 04:45,PV_H033,PV,0.0,0.0,0.0,0.0,0.0,0.0,False,True
2026-01-15 04:45,PV_H034,PV,0.0,0.0,0.0,0.0,0.0,0.0,False,True
2026-01-15 04:45,PV_H035,PV,0.0,0.0,0.0,0.0,0.0,0.0,False,True
2026-01-15 04:45,PV_H036,PV,0.0,0.0,0.0,0.0,0.0,0.0,False,False
2026-01-15 04:45,PV_H037,PV,0.0,0.0,0.0,0.0,0.0,0.0,False,False
2026-01-15 04:45,PV_H040,PV,0.0,0.0,0.0,0.0,0.0,0.0,False,False
2026-01-15 04:45,PV_H042,PV,0.0,0.0,0.0,0.0,0.0,0.0,False,True
2026-01-15 04:45,PV_H044,PV,0.0,0.0,0.0,0.0,0.0,0.0,False,False
2026-01-15 04:45,PV_H046,PV,0.0,0.0,0.0,0.0,0.0,0.0,False,False
2026-01-15 04:45,PV_H048,PV,0.0,0.0,0.0,0.0,0.0,0.0,False,False
2026-01-15 04:45,PV_H049,PV,0.0,0.0,0.0,0.0,0.0,0.0,False,True
2026-01-15 04:45,PV_H050,PV,0.0,0.0,0.0,0.0,0.0,0.0,False,True
2026-01-15 04:45,PV_H053,PV,0.0,0.0,0.0,0.0,0.0,0.0,False,False
2026-01-15 04:45,PV_H055,PV,0.0,0.0,0.0,0.0,0.0,0.0,False,True
2026-01-15 04:45,PV_H057,PV,0.0,0.0,0.0,0.0,0.0,0.0,False,True
2026-01-15 04:45,PV_H058,PV,0.0,0.0,0.0,0.0,0.0,0.0,False,True
2026-01-15 04:45,PV_H060,PV,0.0,0.0,0.0,0.0,0.0,0.0,False,True
2026-01-15 04:45,PV_H061,PV,0.0,0.0,0.0,0.0,0.0,0.0,False,True
2026-01-15 04:45,PV_H062,PV,0.0,0.0,0.0,0.0,0.0,0.0,False,False
2026-01-15 04:45,PV_H063,PV,0.0,0.0,0.0,0.0,0.0,0.0,False,False
2026-01-15 04:45,PV_H066,PV,0.0,0.0,0.0,0.0,0.0,0.0,False,False
2026-01-15 04:45,PV_H067,PV,0.0,0.0,0.0,0.0,0.0,0.0,False,True
2026-01-15 04:45,PV_H069,PV,0.0,0.0,0.0,0.0,0.0,0.0,False,True
2026-01-15 04:45,PV_H071,PV,0.0,0.0,0.0,0.0,0.0,0.0,False,True
2026-01-15 04:45,PV_H072,PV,0.0,0.0,0.0,0.0,0.0,0.0,False,True
2026-01-15 04:45,PV_H073,PV,0.0,0.0,0.0,0.0,0.0,0.0,False,True
2026-01-15 04:45,PV_H074,PV,0.0,0.0,0.0,0.0,0.0,0.0,False,False
2026-01-15 04:45,PV_H076,PV,0.0,0.0,0.0,0.0,0.0,0.0,False,True
2026-01-15 04:45,PV_H077,PV,0.0,0.0,0.0,0.0,0.0,0.0,False,True
2026-01-15 04:45,PV_H078,PV,0.0,0.0,0.0,0.0,0.0,0.0,False,False
2026-01-15 04:45,PV_H079,PV,0.0,0.0,0.0,0.0,0.0,0.0,False,True
2026-01-15 04:45,PV_H080,PV,0.0,0.0,0.0,0.0,0.0,0.0,False,False
2026-01-15 04:45,PV_H081,PV,0.0,0.0,0.0,0.0,0.0,0.0,False,True
2026-01-15 04:45,PV_H082,PV,0.0,0.0,0.0,0.0,0.0,0.0,False,True
2026-01-15 04:45,PV_H083,PV,0.0,0.0,0.0,0.0,0.0,0.0,False,True
2026-01-15 04:45,PV_H085,PV,0.0,0.0,0.0,0.0,0.0,0.0,False,False
2026-01-15 04:45,PV_H087,PV,0.0,0.0,0.0,0.0,0.0,0.0,False,False
2026-01-15 04:45,PV_H088,PV,0.0,0.0,0.0,0.0,0.0,0.0,False,False
2026-01-15 04:45,PV_H090,PV,0.0,0.0,0.0,0.0,0.0,0.0,False,True
2026-01-15 04:45,PV_H093,PV,0.0,0.0,0.0,0.0,0.0,0.0,False,True
2026-01-15 04:45,PV_H094,PV,0.0,0.0,0.0,0.0,0.0,0.0,False,True
2026-01-15 04:45,PV_H095,PV,0.0,0.0,0.0,0.0,0.0,0.0,False,False
2026-01-15 04:45,PV_H096,PV,0.0,0.0,0.0,0.0,0.0,0.0,False,True
2026-01-15 04:45,PV_H098,PV,0.0,0.0,0.0,0.0,0.0,0.0,False,True
2026-01-15 04:45,PV_H099,PV,0.0,0.0,0.0,0.0,0.0,0.0,False,False
2026-01-15 04:45,BESS_COMMUNITY_01,BESS,25.0,25.0,25.0,25.0,0.0,60.0,True,True
2026-01-15 04:45,EV_001,EV,0.0,0.0,0.0,0.0,0.0,0.0,False,True
2026-01-15 04:45,EV_002,EV,0.0,0.0,0.0,0.0,0.0,0.0,False,True
2026-01-15 04:45,EV_003,EV,0.0,0.0,0.0,0.0,0.0,0.0,False,True
2026-01-15 04:45,EV_004,EV,0.0,0.0,0.0,0.0,0.0,0.0,False,False
2026-01-15 04:45,EV_005,EV,0.0,0.0,0.0,0.0,0.0,0.0,False,True
2026-01-15 04:45,EV_006,EV,0.0,0.0,0.0,0.0,0.0,0.0,False,True
2026-01-15 04:45,EV_007,EV,0.0,0.0,0.0,0.0,0.0,0.0,False,True
2026-01-15 04:45,EV_008,EV,0.0,0.0,0.0,0.0,0.0,0.0,False,True
2026-01-15 04:45,EV_009,EV,0.0,0.0,0.0,0.0,0.0,0.0,False,True
2026-01-15 04:45,EV_010,EV,0.0,0.0,0.0,0.0,0.0,0.0,False,True
2026-01-15 04:45,EV_011,EV,0.0,0.0,0.0,0.0,0.0,0.0,False,True
2026-01-15 04:45,EV_012,EV,0.0,0.0,0.0,0.0,0.0,0.0,False,False
2026-01-15 04:45,EV_013,EV,0.0,0.0,0.0,0.0,0.0,0.0,False,False
2026-01-15 04:45,EV_014,EV,0.0,0.0,0.0,0.0,0.0,0.0,False,True
2026-01-15 04:45,EV_015,EV,0.0,0.0,0.0,0.0,0.0,0.0,False,True
2026-01-15 04:45,EV_016,EV,0.0,0.0,0.0,0.0,0.0,0.0,False,False
2026-01-15 04:45,EV_017,EV,0.0,0.0,0.0,0.0,0.0,0.0,False,False
2026-01-15 04:45,EV_018,EV,0.0,0.0,0.0,0.0,0.0,0.0,False,True
2026-01-15 04:45,EV_019,EV,0.0,0.0,0.0,0.0,0.0,0.0,False,True
2026-01-15 04:45,EV_020,EV,0.0,0.0,0.0,0.0,0.0,0.0,False,True
2026-01-15 04:45,FL001,FLEXIBLE_LOAD,0.0,0.0,0.0,0.0,0.0,0.0,False,False
2026-01-15 04:45,FL002,FLEXIBLE_LOAD,0.0,0.0,0.0,0.0,0.0,0.0,False,True
2026-01-15 04:45,FL003,FLEXIBLE_LOAD,0.0,0.0,0.0,0.0,0.0,0.0,False,True
2026-01-15 05:00,PV_H002,PV,0.0,0.0,0.0,0.0,0.0,0.0,False,True
2026-01-15 05:00,PV_H003,PV,0.0,0.0,0.0,0.0,0.0,0.0,False,True
2026-01-15 05:00,PV_H005,PV,0.0,0.0,0.0,0.0,0.0,0.0,False,False
2026-01-15 05:00,PV_H006,PV,0.0,0.0,0.0,0.0,0.0,0.0,False,True
2026-01-15 05:00,PV_H007,PV,0.0,0.0,0.0,0.0,0.0,0.0,False,False
2026-01-15 05:00,PV_H010,PV,0.0,0.0,0.0,0.0,0.0,0.0,False,False
2026-01-15 05:00,PV_H016,PV,0.0,0.0,0.0,0.0,0.0,0.0,False,True
2026-01-15 05:00,PV_H017,PV,0.0,0.0,0.0,0.0,0.0,0.0,False,True
2026-01-15 05:00,PV_H018,PV,0.0,0.0,0.0,0.0,0.0,0.0,False,True
2026-01-15 05:00,PV_H021,PV,0.0,0.0,0.0,0.0,0.0,0.0,False,True
2026-01-15 05:00,PV_H024,PV,0.0,0.0,0.0,0.0,0.0,0.0,False,True
2026-01-15 05:00,PV_H025,PV,0.0,0.0,0.0,0.0,0.0,0.0,False,False
2026-01-15 05:00,PV_H026,PV,0.0,0.0,0.0,0.0,0.0,0.0,False,False
2026-01-15 05:00,PV_H027,PV,0.0,0.0,0.0,0.0,0.0,0.0,False,True
2026-01-15 05:00,PV_H032,PV,0.0,0.0,0.0,0.0,0.0,0.0,False,False
2026-01-15 05:00,PV_H033,PV,0.0,0.0,0.0,0.0,0.0,0.0,False,True
2026-01-15 05:00,PV_H034,PV,0.0,0.0,0.0,0.0,0.0,0.0,False,True
2026-01-15 05:00,PV_H035,PV,0.0,0.0,0.0,0.0,0.0,0.0,False,True
2026-01-15 05:00,PV_H036,PV,0.0,0.0,0.0,0.0,0.0,0.0,False,False
2026-01-15 05:00,PV_H037,PV,0.0,0.0,0.0,0.0,0.0,0.0,False,False
2026-01-15 05:00,PV_H040,PV,0.0,0.0,0.0,0.0,0.0,0.0,False,False
2026-01-15 05:00,PV_H042,PV,0.0,0.0,0.0,0.0,0.0,0.0,False,True
2026-01-15 05:00,PV_H044,PV,0.0,0.0,0.0,0.0,0.0,0.0,False,False
2026-01-15 05:00,PV_H046,PV,0.0,0.0,0.0,0.0,0.0,0.0,False,False
2026-01-15 05:00,PV_H048,PV,0.0,0.0,0.0,0.0,0.0,0.0,False,False
2026-01-15 05:00,PV_H049,PV,0.0,0.0,0.0,0.0,0.0,0.0,False,True
2026-01-15 05:00,PV_H050,PV,0.0,0.0,0.0,0.0,0.0,0.0,False,True
2026-01-15 05:00,PV_H053,PV,0.0,0.0,0.0,0.0,0.0,0.0,False,False
2026-01-15 05:00,PV_H055,PV,0.0,0.0,0.0,0.0,0.0,0.0,False,True
2026-01-15 05:00,PV_H057,PV,0.0,0.0,0.0,0.0,0.0,0.0,False,True
2026-01-15 05:00,PV_H058,PV,0.0,0.0,0.0,0.0,0.0,0.0,False,True
2026-01-15 05:00,PV_H060,PV,0.0,0.0,0.0,0.0,0.0,0.0,False,True
2026-01-15 05:00,PV_H061,PV,0.0,0.0,0.0,0.0,0.0,0.0,False,True
2026-01-15 05:00,PV_H062,PV,0.0,0.0,0.0,0.0,0.0,0.0,False,False
2026-01-15 05:00,PV_H063,PV,0.0,0.0,0.0,0.0,0.0,0.0,False,False
2026-01-15 05:00,PV_H066,PV,0.0,0.0,0.0,0.0,0.0,0.0,False,False
2026-01-15 05:00,PV_H067,PV,0.0,0.0,0.0,0.0,0.0,0.0,False,True
2026-01-15 05:00,PV_H069,PV,0.0,0.0,0.0,0.0,0.0,0.0,False,True
2026-01-15 05:00,PV_H071,PV,0.0,0.0,0.0,0.0,0.0,0.0,False,True
2026-01-15 05:00,PV_H072,PV,0.0,0.0,0.0,0.0,0.0,0.0,False,True
2026-01-15 05:00,PV_H073,PV,0.0,0.0,0.0,0.0,0.0,0.0,False,True
2026-01-15 05:00,PV_H074,PV,0.0,0.0,0.0,0.0,0.0,0.0,False,False
2026-01-15 05:00,PV_H076,PV,0.0,0.0,0.0,0.0,0.0,0.0,False,True
2026-01-15 05:00,PV_H077,PV,0.0,0.0,0.0,0.0,0.0,0.0,False,True
2026-01-15 05:00,PV_H078,PV,0.0,0.0,0.0,0.0,0.0,0.0,False,False
2026-01-15 05:00,PV_H079,PV,0.0,0.0,0.0,0.0,0.0,0.0,False,True
2026-01-15 05:00,PV_H080,PV,0.0,0.0,0.0,0.0,0.0,0.0,False,False
2026-01-15 05:00,PV_H081,PV,0.0,0.0,0.0,0.0,0.0,0.0,False,True
2026-01-15 05:00,PV_H082,PV,0.0,0.0,0.0,0.0,0.0,0.0,False,True
2026-01-15 05:00,PV_H083,PV,0.0,0.0,0.0,0.0,0.0,0.0,False,True
2026-01-15 05:00,PV_H085,PV,0.0,0.0,0.0,0.0,0.0,0.0,False,False
2026-01-15 05:00,PV_H087,PV,0.0,0.0,0.0,0.0,0.0,0.0,False,False
2026-01-15 05:00,PV_H088,PV,0.0,0.0,0.0,0.0,0.0,0.0,False,False
2026-01-15 05:00,PV_H090,PV,0.0,0.0,0.0,0.0,0.0,0.0,False,True
2026-01-15 05:00,PV_H093,PV,0.0,0.0,0.0,0.0,0.0,0.0,False,True
2026-01-15 05:00,PV_H094,PV,0.0,0.0,0.0,0.0,0.0,0.0,False,True
2026-01-15 05:00,PV_H095,PV,0.0,0.0,0.0,0.0,0.0,0.0,False,False
2026-01-15 05:00,PV_H096,PV,0.0,0.0,0.0,0.0,0.0,0.0,False,True
2026-01-15 05:00,PV_H098,PV,0.0,0.0,0.0,0.0,0.0,0.0,False,True
2026-01-15 05:00,PV_H099,PV,0.0,0.0,0.0,0.0,0.0,0.0,False,False
2026-01-15 05:00,BESS_COMMUNITY_01,BESS,25.0,25.0,25.0,25.0,0.0,60.0,True,True
2026-01-15 05:00,EV_001,EV,0.0,0.0,0.0,0.0,0.0,0.0,False,True
2026-01-15 05:00,EV_002,EV,0.0,0.0,0.0,0.0,0.0,0.0,False,True
2026-01-15 05:00,EV_003,EV,0.0,0.0,0.0,0.0,0.0,0.0,False,True
2026-01-15 05:00,EV_004,EV,0.0,0.0,0.0,0.0,0.0,0.0,False,False
2026-01-15 05:00,EV_005,EV,0.0,0.0,0.0,0.0,0.0,0.0,False,True
2026-01-15 05:00,EV_006,EV,0.0,0.0,0.0,0.0,0.0,0.0,False,True
2026-01-15 05:00,EV_007,EV,0.0,0.0,0.0,0.0,0.0,0.0,False,True
2026-01-15 05:00,EV_008,EV,0.0,0.0,0.0,0.0,0.0,0.0,False,True
2026-01-15 05:00,EV_009,EV,0.0,0.0,0.0,0.0,0.0,0.0,False,True
2026-01-15 05:00,EV_010,EV,0.0,0.0,0.0,0.0,0.0,0.0,False,True
2026-01-15 05:00,EV_011,EV,0.0,0.0,0.0,0.0,0.0,0.0,False,True
2026-01-15 05:00,EV_012,EV,0.0,0.0,0.0,0.0,0.0,0.0,False,False
2026-01-15 05:00,EV_013,EV,0.0,0.0,0.0,0.0,0.0,0.0,False,False
2026-01-15 05:00,EV_014,EV,0.0,0.0,0.0,0.0,0.0,0.0,False,True
2026-01-15 05:00,EV_015,EV,0.0,0.0,0.0,0.0,0.0,0.0,False,True
2026-01-15 05:00,EV_016,EV,0.0,0.0,0.0,0.0,0.0,0.0,False,False
2026-01-15 05:00,EV_017,EV,0.0,0.0,0.0,0.0,0.0,0.0,False,False
2026-01-15 05:00,EV_018,EV,0.0,0.0,0.0,0.0,0.0,0.0,False,True
2026-01-15 05:00,EV_019,EV,0.0,0.0,0.0,0.0,0.0,0.0,False,True
2026-01-15 05:00,EV_020,EV,0.0,0.0,0.0,0.0,0.0,0.0,False,True
2026-01-15 05:00,FL001,FLEXIBLE_LOAD,0.0,0.0,0.0,0.0,0.0,0.0,False,False
2026-01-15 05:00,FL002,FLEXIBLE_LOAD,0.0,0.0,0.0,0.0,0.0,0.0,False,True
2026-01-15 05:00,FL003,FLEXIBLE_LOAD,0.0,0.0,0.0,0.0,0.0,0.0,False,True
2026-01-15 05:15,PV_H002,PV,0.0,0.0,0.0,0.0,0.0,0.0,False,True
2026-01-15 05:15,PV_H003,PV,0.0,0.0,0.0,0.0,0.0,0.0,False,True
2026-01-15 05:15,PV_H005,PV,0.0,0.0,0.0,0.0,0.0,0.0,False,False
2026-01-15 05:15,PV_H006,PV,0.0,0.0,0.0,0.0,0.0,0.0,False,True
2026-01-15 05:15,PV_H007,PV,0.0,0.0,0.0,0.0,0.0,0.0,False,False
2026-01-15 05:15,PV_H010,PV,0.0,0.0,0.0,0.0,0.0,0.0,False,False
2026-01-15 05:15,PV_H016,PV,0.0,0.0,0.0,0.0,0.0,0.0,False,True
2026-01-15 05:15,PV_H017,PV,0.0,0.0,0.0,0.0,0.0,0.0,False,True
2026-01-15 05:15,PV_H018,PV,0.0,0.0,0.0,0.0,0.0,0.0,False,True
2026-01-15 05:15,PV_H021,PV,0.0,0.0,0.0,0.0,0.0,0.0,False,True
2026-01-15 05:15,PV_H024,PV,0.0,0.0,0.0,0.0,0.0,0.0,False,True
2026-01-15 05:15,PV_H025,PV,0.0,0.0,0.0,0.0,0.0,0.0,False,False
2026-01-15 05:15,PV_H026,PV,0.0,0.0,0.0,0.0,0.0,0.0,False,False
2026-01-15 05:15,PV_H027,PV,0.0,0.0,0.0,0.0,0.0,0.0,False,True
2026-01-15 05:15,PV_H032,PV,0.0,0.0,0.0,0.0,0.0,0.0,False,False
2026-01-15 05:15,PV_H033,PV,0.0,0.0,0.0,0.0,0.0,0.0,False,True
2026-01-15 05:15,PV_H034,PV,0.0,0.0,0.0,0.0,0.0,0.0,False,True
2026-01-15 05:15,PV_H035,PV,0.0,0.0,0.0,0.0,0.0,0.0,False,True
2026-01-15 05:15,PV_H036,PV,0.0,0.0,0.0,0.0,0.0,0.0,False,False
2026-01-15 05:15,PV_H037,PV,0.0,0.0,0.0,0.0,0.0,0.0,False,False
2026-01-15 05:15,PV_H040,PV,0.0,0.0,0.0,0.0,0.0,0.0,False,False
2026-01-15 05:15,PV_H042,PV,0.0,0.0,0.0,0.0,0.0,0.0,False,True
2026-01-15 05:15,PV_H044,PV,0.0,0.0,0.0,0.0,0.0,0.0,False,False
2026-01-15 05:15,PV_H046,PV,0.0,0.0,0.0,0.0,0.0,0.0,False,False
2026-01-15 05:15,PV_H048,PV,0.0,0.0,0.0,0.0,0.0,0.0,False,False
2026-01-15 05:15,PV_H049,PV,0.0,0.0,0.0,0.0,0.0,0.0,False,True
2026-01-15 05:15,PV_H050,PV,0.0,0.0,0.0,0.0,0.0,0.0,False,True
2026-01-15 05:15,PV_H053,PV,0.0,0.0,0.0,0.0,0.0,0.0,False,False
2026-01-15 05:15,PV_H055,PV,0.0,0.0,0.0,0.0,0.0,0.0,False,True
2026-01-15 05:15,PV_H057,PV,0.0,0.0,0.0,0.0,0.0,0.0,False,True
2026-01-15 05:15,PV_H058,PV,0.0,0.0,0.0,0.0,0.0,0.0,False,True
2026-01-15 05:15,PV_H060,PV,0.0,0.0,0.0,0.0,0.0,0.0,False,True
2026-01-15 05:15,PV_H061,PV,0.0,0.0,0.0,0.0,0.0,0.0,False,True
2026-01-15 05:15,PV_H062,PV,0.0,0.0,0.0,0.0,0.0,0.0,False,False
2026-01-15 05:15,PV_H063,PV,0.0,0.0,0.0,0.0,0.0,0.0,False,False
2026-01-15 05:15,PV_H066,PV,0.0,0.0,0.0,0.0,0.0,0.0,False,False
2026-01-15 05:15,PV_H067,PV,0.0,0.0,0.0,0.0,0.0,0.0,False,True
2026-01-15 05:15,PV_H069,PV,0.0,0.0,0.0,0.0,0.0,0.0,False,True
2026-01-15 05:15,PV_H071,PV,0.0,0.0,0.0,0.0,0.0,0.0,False,True
2026-01-15 05:15,PV_H072,PV,0.0,0.0,0.0,0.0,0.0,0.0,False,True
2026-01-15 05:15,PV_H073,PV,0.0,0.0,0.0,0.0,0.0,0.0,False,True
2026-01-15 05:15,PV_H074,PV,0.0,0.0,0.0,0.0,0.0,0.0,False,False
2026-01-15 05:15,PV_H076,PV,0.0,0.0,0.0,0.0,0.0,0.0,False,True
2026-01-15 05:15,PV_H077,PV,0.0,0.0,0.0,0.0,0.0,0.0,False,True
2026-01-15 05:15,PV_H078,PV,0.0,0.0,0.0,0.0,0.0,0.0,False,False
2026-01-15 05:15,PV_H079,PV,0.0,0.0,0.0,0.0,0.0,0.0,False,True
2026-01-15 05:15,PV_H080,PV,0.0,0.0,0.0,0.0,0.0,0.0,False,False
2026-01-15 05:15,PV_H081,PV,0.0,0.0,0.0,0.0,0.0,0.0,False,True
2026-01-15 05:15,PV_H082,PV,0.0,0.0,0.0,0.0,0.0,0.0,False,True
2026-01-15 05:15,PV_H083,PV,0.0,0.0,0.0,0.0,0.0,0.0,False,True
2026-01-15 05:15,PV_H085,PV,0.0,0.0,0.0,0.0,0.0,0.0,False,False
2026-01-15 05:15,PV_H087,PV,0.0,0.0,0.0,0.0,0.0,0.0,False,False
2026-01-15 05:15,PV_H088,PV,0.0,0.0,0.0,0.0,0.0,0.0,False,False
2026-01-15 05:15,PV_H090,PV,0.0,0.0,0.0,0.0,0.0,0.0,False,True
2026-01-15 05:15,PV_H093,PV,0.0,0.0,0.0,0.0,0.0,0.0,False,True
2026-01-15 05:15,PV_H094,PV,0.0,0.0,0.0,0.0,0.0,0.0,False,True
2026-01-15 05:15,PV_H095,PV,0.0,0.0,0.0,0.0,0.0,0.0,False,False
2026-01-15 05:15,PV_H096,PV,0.0,0.0,0.0,0.0,0.0,0.0,False,True
2026-01-15 05:15,PV_H098,PV,0.0,0.0,0.0,0.0,0.0,0.0,False,True
2026-01-15 05:15,PV_H099,PV,0.0,0.0,0.0,0.0,0.0,0.0,False,False
2026-01-15 05:15,BESS_COMMUNITY_01,BESS,25.0,25.0,25.0,25.0,0.0,60.0,True,True
2026-01-15 05:15,EV_001,EV,0.0,0.0,0.0,0.0,0.0,0.0,False,True
2026-01-15 05:15,EV_002,EV,0.0,0.0,0.0,0.0,0.0,0.0,False,True
2026-01-15 05:15,EV_003,EV,0.0,0.0,0.0,0.0,0.0,0.0,False,True
2026-01-15 05:15,EV_004,EV,0.0,0.0,0.0,0.0,0.0,0.0,False,False
2026-01-15 05:15,EV_005,EV,0.0,0.0,0.0,0.0,0.0,0.0,False,True
2026-01-15 05:15,EV_006,EV,0.0,0.0,0.0,0.0,0.0,0.0,False,True
2026-01-15 05:15,EV_007,EV,0.0,0.0,0.0,0.0,0.0,0.0,False,True
2026-01-15 05:15,EV_008,EV,0.0,0.0,0.0,0.0,0.0,0.0,False,True
2026-01-15 05:15,EV_009,EV,0.0,0.0,0.0,0.0,0.0,0.0,False,True
2026-01-15 05:15,EV_010,EV,0.0,0.0,0.0,0.0,0.0,0.0,False,True
2026-01-15 05:15,EV_011,EV,0.0,0.0,0.0,0.0,0.0,0.0,False,True
2026-01-15 05:15,EV_012,EV,0.0,0.0,0.0,0.0,0.0,0.0,False,False
2026-01-15 05:15,EV_013,EV,0.0,0.0,0.0,0.0,0.0,0.0,False,False
2026-01-15 05:15,EV_014,EV,0.0,0.0,0.0,0.0,0.0,0.0,False,True
2026-01-15 05:15,EV_015,EV,0.0,0.0,0.0,0.0,0.0,0.0,False,True
2026-01-15 05:15,EV_016,EV,0.0,0.0,0.0,0.0,0.0,0.0,False,False
2026-01-15 05:15,EV_017,EV,0.0,0.0,0.0,0.0,0.0,0.0,False,False
2026-01-15 05:15,EV_018,EV,0.0,0.0,0.0,0.0,0.0,0.0,False,True
2026-01-15 05:15,EV_019,EV,0.0,0.0,0.0,0.0,0.0,0.0,False,True
2026-01-15 05:15,EV_020,EV,0.0,0.0,0.0,0.0,0.0,0.0,False,True
2026-01-15 05:15,FL001,FLEXIBLE_LOAD,0.0,0.0,0.0,0.0,0.0,0.0,False,False
2026-01-15 05:15,FL002,FLEXIBLE_LOAD,0.0,0.0,0.0,0.0,0.0,0.0,False,True
2026-01-15 05:15,FL003,FLEXIBLE_LOAD,0.0,0.0,0.0,0.0,0.0,0.0,False,True
2026-01-15 05:30,PV_H002,PV,0.0,0.0,0.0,0.0,0.0,0.0,False,True
2026-01-15 05:30,PV_H003,PV,0.0,0.0,0.0,0.0,0.0,0.0,False,True
2026-01-15 05:30,PV_H005,PV,0.0,0.0,0.0,0.0,0.0,0.0,False,False
2026-01-15 05:30,PV_H006,PV,0.0,0.0,0.0,0.0,0.0,0.0,False,True
2026-01-15 05:30,PV_H007,PV,0.0,0.0,0.0,0.0,0.0,0.0,False,False
2026-01-15 05:30,PV_H010,PV,0.0,0.0,0.0,0.0,0.0,0.0,False,False
2026-01-15 05:30,PV_H016,PV,0.0,0.0,0.0,0.0,0.0,0.0,False,True
2026-01-15 05:30,PV_H017,PV,0.0,0.0,0.0,0.0,0.0,0.0,False,True
2026-01-15 05:30,PV_H018,PV,0.0,0.0,0.0,0.0,0.0,0.0,False,True
2026-01-15 05:30,PV_H021,PV,0.0,0.0,0.0,0.0,0.0,0.0,False,True
2026-01-15 05:30,PV_H024,PV,0.0,0.0,0.0,0.0,0.0,0.0,False,True
2026-01-15 05:30,PV_H025,PV,0.0,0.0,0.0,0.0,0.0,0.0,False,False
2026-01-15 05:30,PV_H026,PV,0.0,0.0,0.0,0.0,0.0,0.0,False,False
2026-01-15 05:30,PV_H027,PV,0.0,0.0,0.0,0.0,0.0,0.0,False,True
2026-01-15 05:30,PV_H032,PV,0.0,0.0,0.0,0.0,0.0,0.0,False,False
2026-01-15 05:30,PV_H033,PV,0.0,0.0,0.0,0.0,0.0,0.0,False,True
2026-01-15 05:30,PV_H034,PV,0.0,0.0,0.0,0.0,0.0,0.0,False,True
2026-01-15 05:30,PV_H035,PV,0.0,0.0,0.0,0.0,0.0,0.0,False,True
2026-01-15 05:30,PV_H036,PV,0.0,0.0,0.0,0.0,0.0,0.0,False,False
2026-01-15 05:30,PV_H037,PV,0.0,0.0,0.0,0.0,0.0,0.0,False,False
2026-01-15 05:30,PV_H040,PV,0.0,0.0,0.0,0.0,0.0,0.0,False,False
2026-01-15 05:30,PV_H042,PV,0.0,0.0,0.0,0.0,0.0,0.0,False,True
2026-01-15 05:30,PV_H044,PV,0.0,0.0,0.0,0.0,0.0,0.0,False,False
2026-01-15 05:30,PV_H046,PV,0.0,0.0,0.0,0.0,0.0,0.0,False,False
2026-01-15 05:30,PV_H048,PV,0.0,0.0,0.0,0.0,0.0,0.0,False,False
2026-01-15 05:30,PV_H049,PV,0.0,0.0,0.0,0.0,0.0,0.0,False,True
2026-01-15 05:30,PV_H050,PV,0.0,0.0,0.0,0.0,0.0,0.0,False,True
2026-01-15 05:30,PV_H053,PV,0.0,0.0,0.0,0.0,0.0,0.0,False,False
2026-01-15 05:30,PV_H055,PV,0.0,0.0,0.0,0.0,0.0,0.0,False,True
2026-01-15 05:30,PV_H057,PV,0.0,0.0,0.0,0.0,0.0,0.0,False,True
2026-01-15 05:30,PV_H058,PV,0.0,0.0,0.0,0.0,0.0,0.0,False,True
2026-01-15 05:30,PV_H060,PV,0.0,0.0,0.0,0.0,0.0,0.0,False,True
2026-01-15 05:30,PV_H061,PV,0.0,0.0,0.0,0.0,0.0,0.0,False,True
2026-01-15 05:30,PV_H062,PV,0.0,0.0,0.0,0.0,0.0,0.0,False,False
2026-01-15 05:30,PV_H063,PV,0.0,0.0,0.0,0.0,0.0,0.0,False,False
2026-01-15 05:30,PV_H066,PV,0.0,0.0,0.0,0.0,0.0,0.0,False,False
2026-01-15 05:30,PV_H067,PV,0.0,0.0,0.0,0.0,0.0,0.0,False,True
2026-01-15 05:30,PV_H069,PV,0.0,0.0,0.0,0.0,0.0,0.0,False,True
2026-01-15 05:30,PV_H071,PV,0.0,0.0,0.0,0.0,0.0,0.0,False,True
2026-01-15 05:30,PV_H072,PV,0.0,0.0,0.0,0.0,0.0,0.0,False,True
2026-01-15 05:30,PV_H073,PV,0.0,0.0,0.0,0.0,0.0,0.0,False,True
2026-01-15 05:30,PV_H074,PV,0.0,0.0,0.0,0.0,0.0,0.0,False,False
2026-01-15 05:30,PV_H076,PV,0.0,0.0,0.0,0.0,0.0,0.0,False,True
2026-01-15 05:30,PV_H077,PV,0.0,0.0,0.0,0.0,0.0,0.0,False,True
2026-01-15 05:30,PV_H078,PV,0.0,0.0,0.0,0.0,0.0,0.0,False,False
2026-01-15 05:30,PV_H079,PV,0.0,0.0,0.0,0.0,0.0,0.0,False,True
2026-01-15 05:30,PV_H080,PV,0.0,0.0,0.0,0.0,0.0,0.0,False,False
2026-01-15 05:30,PV_H081,PV,0.0,0.0,0.0,0.0,0.0,0.0,False,True
2026-01-15 05:30,PV_H082,PV,0.0,0.0,0.0,0.0,0.0,0.0,False,True
2026-01-15 05:30,PV_H083,PV,0.0,0.0,0.0,0.0,0.0,0.0,False,True
2026-01-15 05:30,PV_H085,PV,0.0,0.0,0.0,0.0,0.0,0.0,False,False
2026-01-15 05:30,PV_H087,PV,0.0,0.0,0.0,0.0,0.0,0.0,False,False
2026-01-15 05:30,PV_H088,PV,0.0,0.0,0.0,0.0,0.0,0.0,False,False
2026-01-15 05:30,PV_H090,PV,0.0,0.0,0.0,0.0,0.0,0.0,False,True
2026-01-15 05:30,PV_H093,PV,0.0,0.0,0.0,0.0,0.0,0.0,False,True
2026-01-15 05:30,PV_H094,PV,0.0,0.0,0.0,0.0,0.0,0.0,False,True
2026-01-15 05:30,PV_H095,PV,0.0,0.0,0.0,0.0,0.0,0.0,False,False
2026-01-15 05:30,PV_H096,PV,0.0,0.0,0.0,0.0,0.0,0.0,False,True
2026-01-15 05:30,PV_H098,PV,0.0,0.0,0.0,0.0,0.0,0.0,False,True
2026-01-15 05:30,PV_H099,PV,0.0,0.0,0.0,0.0,0.0,0.0,False,False
2026-01-15 05:30,BESS_COMMUNITY_01,BESS,25.0,25.0,25.0,25.0,0.0,60.0,True,True
2026-01-15 05:30,EV_001,EV,0.0,0.0,0.0,0.0,0.0,0.0,False,True
2026-01-15 05:30,EV_002,EV,0.0,0.0,0.0,0.0,0.0,0.0,False,True
2026-01-15 05:30,EV_003,EV,0.0,0.0,0.0,0.0,0.0,0.0,False,True
2026-01-15 05:30,EV_004,EV,0.0,0.0,0.0,0.0,0.0,0.0,False,False
2026-01-15 05:30,EV_005,EV,0.0,0.0,0.0,0.0,0.0,0.0,False,True
2026-01-15 05:30,EV_006,EV,0.0,0.0,0.0,0.0,0.0,0.0,False,True
2026-01-15 05:30,EV_007,EV,0.0,0.0,0.0,0.0,0.0,0.0,False,True
2026-01-15 05:30,EV_008,EV,0.0,0.0,0.0,0.0,0.0,0.0,False,True
2026-01-15 05:30,EV_009,EV,0.0,0.0,0.0,0.0,0.0,0.0,False,True
2026-01-15 05:30,EV_010,EV,0.0,0.0,0.0,0.0,0.0,0.0,False,True
2026-01-15 05:30,EV_011,EV,0.0,0.0,0.0,0.0,0.0,0.0,False,True
2026-01-15 05:30,EV_012,EV,0.0,0.0,0.0,0.0,0.0,0.0,False,False
2026-01-15 05:30,EV_013,EV,0.0,0.0,0.0,0.0,0.0,0.0,False,False
2026-01-15 05:30,EV_014,EV,0.0,0.0,0.0,0.0,0.0,0.0,False,True
2026-01-15 05:30,EV_015,EV,0.0,0.0,0.0,0.0,0.0,0.0,False,True
2026-01-15 05:30,EV_016,EV,0.0,0.0,0.0,0.0,0.0,0.0,False,False
2026-01-15 05:30,EV_017,EV,0.0,0.0,0.0,0.0,0.0,0.0,False,False
2026-01-15 05:30,EV_018,EV,0.0,0.0,0.0,0.0,0.0,0.0,False,True
2026-01-15 05:30,EV_019,EV,0.0,0.0,0.0,0.0,0.0,0.0,False,True
2026-01-15 05:30,EV_020,EV,0.0,0.0,0.0,0.0,0.0,0.0,False,True
2026-01-15 05:30,FL001,FLEXIBLE_LOAD,0.0,3.5,0.0,0.0,0.0,0.0,True,False
2026-01-15 05:30,FL002,FLEXIBLE_LOAD,0.0,0.0,0.0,0.0,0.0,0.0,False,True
2026-01-15 05:30,FL003,FLEXIBLE_LOAD,0.0,0.0,0.0,0.0,0.0,0.0,False,True
2026-01-15 05:45,PV_H002,PV,0.0,0.0,0.0,0.0,0.0,0.0,False,True
2026-01-15 05:45,PV_H003,PV,0.0,0.0,0.0,0.0,0.0,0.0,False,True
2026-01-15 05:45,PV_H005,PV,0.0,0.0,0.0,0.0,0.0,0.0,False,False
2026-01-15 05:45,PV_H006,PV,0.0,0.0,0.0,0.0,0.0,0.0,False,True
2026-01-15 05:45,PV_H007,PV,0.0,0.0,0.0,0.0,0.0,0.0,False,False
2026-01-15 05:45,PV_H010,PV,0.0,0.0,0.0,0.0,0.0,0.0,False,False
2026-01-15 05:45,PV_H016,PV,0.0,0.0,0.0,0.0,0.0,0.0,False,True
2026-01-15 05:45,PV_H017,PV,0.0,0.0,0.0,0.0,0.0,0.0,False,True
2026-01-15 05:45,PV_H018,PV,0.0,0.0,0.0,0.0,0.0,0.0,False,True
2026-01-15 05:45,PV_H021,PV,0.0,0.0,0.0,0.0,0.0,0.0,False,True
2026-01-15 05:45,PV_H024,PV,0.0,0.0,0.0,0.0,0.0,0.0,False,True
2026-01-15 05:45,PV_H025,PV,0.0,0.0,0.0,0.0,0.0,0.0,False,False
2026-01-15 05:45,PV_H026,PV,0.0,0.0,0.0,0.0,0.0,0.0,False,False
2026-01-15 05:45,PV_H027,PV,0.0,0.0,0.0,0.0,0.0,0.0,False,True
2026-01-15 05:45,PV_H032,PV,0.0,0.0,0.0,0.0,0.0,0.0,False,False
2026-01-15 05:45,PV_H033,PV,0.0,0.0,0.0,0.0,0.0,0.0,False,True
2026-01-15 05:45,PV_H034,PV,0.0,0.0,0.0,0.0,0.0,0.0,False,True
2026-01-15 05:45,PV_H035,PV,0.0,0.0,0.0,0.0,0.0,0.0,False,True
2026-01-15 05:45,PV_H036,PV,0.0,0.0,0.0,0.0,0.0,0.0,False,False
2026-01-15 05:45,PV_H037,PV,0.0,0.0,0.0,0.0,0.0,0.0,False,False
2026-01-15 05:45,PV_H040,PV,0.0,0.0,0.0,0.0,0.0,0.0,False,False
2026-01-15 05:45,PV_H042,PV,0.0,0.0,0.0,0.0,0.0,0.0,False,True
2026-01-15 05:45,PV_H044,PV,0.0,0.0,0.0,0.0,0.0,0.0,False,False
2026-01-15 05:45,PV_H046,PV,0.0,0.0,0.0,0.0,0.0,0.0,False,False
2026-01-15 05:45,PV_H048,PV,0.0,0.0,0.0,0.0,0.0,0.0,False,False
2026-01-15 05:45,PV_H049,PV,0.0,0.0,0.0,0.0,0.0,0.0,False,True
2026-01-15 05:45,PV_H050,PV,0.0,0.0,0.0,0.0,0.0,0.0,False,True
2026-01-15 05:45,PV_H053,PV,0.0,0.0,0.0,0.0,0.0,0.0,False,False
2026-01-15 05:45,PV_H055,PV,0.0,0.0,0.0,0.0,0.0,0.0,False,True
2026-01-15 05:45,PV_H057,PV,0.0,0.0,0.0,0.0,0.0,0.0,False,True
2026-01-15 05:45,PV_H058,PV,0.0,0.0,0.0,0.0,0.0,0.0,False,True
2026-01-15 05:45,PV_H060,PV,0.0,0.0,0.0,0.0,0.0,0.0,False,True
2026-01-15 05:45,PV_H061,PV,0.0,0.0,0.0,0.0,0.0,0.0,False,True
2026-01-15 05:45,PV_H062,PV,0.0,0.0,0.0,0.0,0.0,0.0,False,False
2026-01-15 05:45,PV_H063,PV,0.0,0.0,0.0,0.0,0.0,0.0,False,False
2026-01-15 05:45,PV_H066,PV,0.0,0.0,0.0,0.0,0.0,0.0,False,False
2026-01-15 05:45,PV_H067,PV,0.0,0.0,0.0,0.0,0.0,0.0,False,True
2026-01-15 05:45,PV_H069,PV,0.0,0.0,0.0,0.0,0.0,0.0,False,True
2026-01-15 05:45,PV_H071,PV,0.0,0.0,0.0,0.0,0.0,0.0,False,True
2026-01-15 05:45,PV_H072,PV,0.0,0.0,0.0,0.0,0.0,0.0,False,True
2026-01-15 05:45,PV_H073,PV,0.0,0.0,0.0,0.0,0.0,0.0,False,True
2026-01-15 05:45,PV_H074,PV,0.0,0.0,0.0,0.0,0.0,0.0,False,False
2026-01-15 05:45,PV_H076,PV,0.0,0.0,0.0,0.0,0.0,0.0,False,True
2026-01-15 05:45,PV_H077,PV,0.0,0.0,0.0,0.0,0.0,0.0,False,True
2026-01-15 05:45,PV_H078,PV,0.0,0.0,0.0,0.0,0.0,0.0,False,False
2026-01-15 05:45,PV_H079,PV,0.0,0.0,0.0,0.0,0.0,0.0,False,True
2026-01-15 05:45,PV_H080,PV,0.0,0.0,0.0,0.0,0.0,0.0,False,False
2026-01-15 05:45,PV_H081,PV,0.0,0.0,0.0,0.0,0.0,0.0,False,True
2026-01-15 05:45,PV_H082,PV,0.0,0.0,0.0,0.0,0.0,0.0,False,True
2026-01-15 05:45,PV_H083,PV,0.0,0.0,0.0,0.0,0.0,0.0,False,True
2026-01-15 05:45,PV_H085,PV,0.0,0.0,0.0,0.0,0.0,0.0,False,False
2026-01-15 05:45,PV_H087,PV,0.0,0.0,0.0,0.0,0.0,0.0,False,False
2026-01-15 05:45,PV_H088,PV,0.0,0.0,0.0,0.0,0.0,0.0,False,False
2026-01-15 05:45,PV_H090,PV,0.0,0.0,0.0,0.0,0.0,0.0,False,True
2026-01-15 05:45,PV_H093,PV,0.0,0.0,0.0,0.0,0.0,0.0,False,True
2026-01-15 05:45,PV_H094,PV,0.0,0.0,0.0,0.0,0.0,0.0,False,True
2026-01-15 05:45,PV_H095,PV,0.0,0.0,0.0,0.0,0.0,0.0,False,False
2026-01-15 05:45,PV_H096,PV,0.0,0.0,0.0,0.0,0.0,0.0,False,True
2026-01-15 05:45,PV_H098,PV,0.0,0.0,0.0,0.0,0.0,0.0,False,True
2026-01-15 05:45,PV_H099,PV,0.0,0.0,0.0,0.0,0.0,0.0,False,False
2026-01-15 05:45,BESS_COMMUNITY_01,BESS,25.0,25.0,25.0,25.0,0.0,60.0,True,True
2026-01-15 05:45,EV_001,EV,0.0,0.0,0.0,0.0,0.0,0.0,False,True
2026-01-15 05:45,EV_002,EV,0.0,0.0,0.0,0.0,0.0,0.0,False,True
2026-01-15 05:45,EV_003,EV,0.0,0.0,0.0,0.0,0.0,0.0,False,True
2026-01-15 05:45,EV_004,EV,0.0,0.0,0.0,0.0,0.0,0.0,False,False
2026-01-15 05:45,EV_005,EV,0.0,0.0,0.0,0.0,0.0,0.0,False,True
2026-01-15 05:45,EV_006,EV,0.0,0.0,0.0,0.0,0.0,0.0,False,True
2026-01-15 05:45,EV_007,EV,0.0,0.0,0.0,0.0,0.0,0.0,False,True
2026-01-15 05:45,EV_008,EV,0.0,0.0,0.0,0.0,0.0,0.0,False,True
2026-01-15 05:45,EV_009,EV,0.0,0.0,0.0,0.0,0.0,0.0,False,True
2026-01-15 05:45,EV_010,EV,0.0,0.0,0.0,0.0,0.0,0.0,False,True
2026-01-15 05:45,EV_011,EV,0.0,0.0,0.0,0.0,0.0,0.0,False,True
2026-01-15 05:45,EV_012,EV,0.0,0.0,0.0,0.0,0.0,0.0,False,False
2026-01-15 05:45,EV_013,EV,0.0,0.0,0.0,0.0,0.0,0.0,False,False
2026-01-15 05:45,EV_014,EV,0.0,0.0,0.0,0.0,0.0,0.0,False,True
2026-01-15 05:45,EV_015,EV,0.0,0.0,0.0,0.0,0.0,0.0,False,True
2026-01-15 05:45,EV_016,EV,0.0,0.0,0.0,0.0,0.0,0.0,False,False
2026-01-15 05:45,EV_017,EV,0.0,0.0,0.0,0.0,0.0,0.0,False,False
2026-01-15 05:45,EV_018,EV,0.0,0.0,0.0,0.0,0.0,0.0,False,True
2026-01-15 05:45,EV_019,EV,0.0,0.0,0.0,0.0,0.0,0.0,False,True
2026-01-15 05:45,EV_020,EV,0.0,0.0,0.0,0.0,0.0,0.0,False,True
2026-01-15 05:45,FL001,FLEXIBLE_LOAD,0.0,3.5,0.0,0.0,0.0,0.0,True,False
2026-01-15 05:45,FL002,FLEXIBLE_LOAD,0.0,0.0,0.0,0.0,0.0,0.0,False,True
2026-01-15 05:45,FL003,FLEXIBLE_LOAD,0.0,0.0,0.0,0.0,0.0,0.0,False,True
2026-01-15 06:00,PV_H002,PV,0.0,0.0,0.0,0.0,0.0,0.0,False,True
2026-01-15 06:00,PV_H003,PV,0.0,0.0,0.0,0.0,0.0,0.0,False,True
2026-01-15 06:00,PV_H005,PV,0.0,0.0,0.0,0.0,0.0,0.0,False,False
2026-01-15 06:00,PV_H006,PV,0.0,0.0,0.0,0.0,0.0,0.0,False,True
2026-01-15 06:00,PV_H007,PV,0.0,0.0,0.0,0.0,0.0,0.0,False,False
2026-01-15 06:00,PV_H010,PV,0.0,0.0,0.0,0.0,0.0,0.0,False,False
2026-01-15 06:00,PV_H016,PV,0.0,0.0,0.0,0.0,0.0,0.0,False,True
2026-01-15 06:00,PV_H017,PV,0.0,0.0,0.0,0.0,0.0,0.0,False,True
2026-01-15 06:00,PV_H018,PV,0.0,0.0,0.0,0.0,0.0,0.0,False,True
2026-01-15 06:00,PV_H021,PV,0.0,0.0,0.0,0.0,0.0,0.0,False,True
2026-01-15 06:00,PV_H024,PV,0.0,0.0,0.0,0.0,0.0,0.0,False,True
2026-01-15 06:00,PV_H025,PV,0.0,0.0,0.0,0.0,0.0,0.0,False,False
2026-01-15 06:00,PV_H026,PV,0.0,0.0,0.0,0.0,0.0,0.0,False,False
2026-01-15 06:00,PV_H027,PV,0.0,0.0,0.0,0.0,0.0,0.0,False,True
2026-01-15 06:00,PV_H032,PV,0.0,0.0,0.0,0.0,0.0,0.0,False,False
2026-01-15 06:00,PV_H033,PV,0.0,0.0,0.0,0.0,0.0,0.0,False,True
2026-01-15 06:00,PV_H034,PV,0.0,0.0,0.0,0.0,0.0,0.0,False,True
2026-01-15 06:00,PV_H035,PV,0.0,0.0,0.0,0.0,0.0,0.0,False,True
2026-01-15 06:00,PV_H036,PV,0.0,0.0,0.0,0.0,0.0,0.0,False,False
2026-01-15 06:00,PV_H037,PV,0.0,0.0,0.0,0.0,0.0,0.0,False,False
2026-01-15 06:00,PV_H040,PV,0.0,0.0,0.0,0.0,0.0,0.0,False,False
2026-01-15 06:00,PV_H042,PV,0.0,0.0,0.0,0.0,0.0,0.0,False,True
2026-01-15 06:00,PV_H044,PV,0.0,0.0,0.0,0.0,0.0,0.0,False,False
2026-01-15 06:00,PV_H046,PV,0.0,0.0,0.0,0.0,0.0,0.0,False,False
2026-01-15 06:00,PV_H048,PV,0.0,0.0,0.0,0.0,0.0,0.0,False,False
2026-01-15 06:00,PV_H049,PV,0.0,0.0,0.0,0.0,0.0,0.0,False,True
2026-01-15 06:00,PV_H050,PV,0.0,0.0,0.0,0.0,0.0,0.0,False,True
2026-01-15 06:00,PV_H053,PV,0.0,0.0,0.0,0.0,0.0,0.0,False,False
2026-01-15 06:00,PV_H055,PV,0.0,0.0,0.0,0.0,0.0,0.0,False,True
2026-01-15 06:00,PV_H057,PV,0.0,0.0,0.0,0.0,0.0,0.0,False,True
2026-01-15 06:00,PV_H058,PV,0.0,0.0,0.0,0.0,0.0,0.0,False,True
2026-01-15 06:00,PV_H060,PV,0.0,0.0,0.0,0.0,0.0,0.0,False,True
2026-01-15 06:00,PV_H061,PV,0.0,0.0,0.0,0.0,0.0,0.0,False,True
2026-01-15 06:00,PV_H062,PV,0.0,0.0,0.0,0.0,0.0,0.0,False,False
2026-01-15 06:00,PV_H063,PV,0.0,0.0,0.0,0.0,0.0,0.0,False,False
2026-01-15 06:00,PV_H066,PV,0.0,0.0,0.0,0.0,0.0,0.0,False,False
2026-01-15 06:00,PV_H067,PV,0.0,0.0,0.0,0.0,0.0,0.0,False,True
2026-01-15 06:00,PV_H069,PV,0.0,0.0,0.0,0.0,0.0,0.0,False,True
2026-01-15 06:00,PV_H071,PV,0.0,0.0,0.0,0.0,0.0,0.0,False,True
2026-01-15 06:00,PV_H072,PV,0.0,0.0,0.0,0.0,0.0,0.0,False,True
2026-01-15 06:00,PV_H073,PV,0.0,0.0,0.0,0.0,0.0,0.0,False,True
2026-01-15 06:00,PV_H074,PV,0.0,0.0,0.0,0.0,0.0,0.0,False,False
2026-01-15 06:00,PV_H076,PV,0.0,0.0,0.0,0.0,0.0,0.0,False,True
2026-01-15 06:00,PV_H077,PV,0.0,0.0,0.0,0.0,0.0,0.0,False,True
2026-01-15 06:00,PV_H078,PV,0.0,0.0,0.0,0.0,0.0,0.0,False,False
2026-01-15 06:00,PV_H079,PV,0.0,0.0,0.0,0.0,0.0,0.0,False,True
2026-01-15 06:00,PV_H080,PV,0.0,0.0,0.0,0.0,0.0,0.0,False,False
2026-01-15 06:00,PV_H081,PV,0.0,0.0,0.0,0.0,0.0,0.0,False,True
2026-01-15 06:00,PV_H082,PV,0.0,0.0,0.0,0.0,0.0,0.0,False,True
2026-01-15 06:00,PV_H083,PV,0.0,0.0,0.0,0.0,0.0,0.0,False,True
2026-01-15 06:00,PV_H085,PV,0.0,0.0,0.0,0.0,0.0,0.0,False,False
2026-01-15 06:00,PV_H087,PV,0.0,0.0,0.0,0.0,0.0,0.0,False,False
2026-01-15 06:00,PV_H088,PV,0.0,0.0,0.0,0.0,0.0,0.0,False,False
2026-01-15 06:00,PV_H090,PV,0.0,0.0,0.0,0.0,0.0,0.0,False,True
2026-01-15 06:00,PV_H093,PV,0.0,0.0,0.0,0.0,0.0,0.0,False,True
2026-01-15 06:00,PV_H094,PV,0.0,0.0,0.0,0.0,0.0,0.0,False,True
2026-01-15 06:00,PV_H095,PV,0.0,0.0,0.0,0.0,0.0,0.0,False,False
2026-01-15 06:00,PV_H096,PV,0.0,0.0,0.0,0.0,0.0,0.0,False,True
2026-01-15 06:00,PV_H098,PV,0.0,0.0,0.0,0.0,0.0,0.0,False,True
2026-01-15 06:00,PV_H099,PV,0.0,0.0,0.0,0.0,0.0,0.0,False,False
2026-01-15 06:00,BESS_COMMUNITY_01,BESS,25.0,25.0,25.0,25.0,0.0,60.0,True,True
2026-01-15 06:00,EV_001,EV,0.0,0.0,0.0,0.0,0.0,0.0,False,True
2026-01-15 06:00,EV_002,EV,0.0,0.0,0.0,0.0,0.0,0.0,False,True
2026-01-15 06:00,EV_003,EV,0.0,0.0,0.0,0.0,0.0,0.0,False,True
2026-01-15 06:00,EV_004,EV,0.0,0.0,0.0,0.0,0.0,0.0,False,False
2026-01-15 06:00,EV_005,EV,0.0,0.0,0.0,0.0,0.0,0.0,False,True
2026-01-15 06:00,EV_006,EV,0.0,0.0,0.0,0.0,0.0,0.0,False,True
2026-01-15 06:00,EV_007,EV,0.0,0.0,0.0,0.0,0.0,0.0,False,True
2026-01-15 06:00,EV_008,EV,0.0,0.0,0.0,0.0,0.0,0.0,False,True
2026-01-15 06:00,EV_009,EV,0.0,0.0,0.0,0.0,0.0,0.0,False,True
2026-01-15 06:00,EV_010,EV,0.0,0.0,0.0,0.0,0.0,0.0,False,True
2026-01-15 06:00,EV_011,EV,0.0,0.0,0.0,0.0,0.0,0.0,False,True
2026-01-15 06:00,EV_012,EV,0.0,0.0,0.0,0.0,0.0,0.0,False,False
2026-01-15 06:00,EV_013,EV,0.0,0.0,0.0,0.0,0.0,0.0,False,False
2026-01-15 06:00,EV_014,EV,0.0,0.0,0.0,0.0,0.0,0.0,False,True
2026-01-15 06:00,EV_015,EV,0.0,0.0,0.0,0.0,0.0,0.0,False,True
2026-01-15 06:00,EV_016,EV,0.0,0.0,0.0,0.0,0.0,0.0,False,False
2026-01-15 06:00,EV_017,EV,0.0,0.0,0.0,0.0,0.0,0.0,False,False
2026-01-15 06:00,EV_018,EV,0.0,0.0,0.0,0.0,0.0,0.0,False,True
2026-01-15 06:00,EV_019,EV,0.0,0.0,0.0,0.0,0.0,0.0,False,True
2026-01-15 06:00,EV_020,EV,0.0,0.0,0.0,0.0,0.0,0.0,False,True
2026-01-15 06:00,FL001,FLEXIBLE_LOAD,0.0,3.5,0.0,0.0,0.0,0.0,True,False
2026-01-15 06:00,FL002,FLEXIBLE_LOAD,0.0,0.0,0.0,0.0,0.0,0.0,False,True
2026-01-15 06:00,FL003,FLEXIBLE_LOAD,0.0,0.0,0.0,0.0,0.0,0.0,False,True
2026-01-15 06:15,PV_H002,PV,0.0,0.158,0.0,0.158,0.0,0.039,True,True
2026-01-15 06:15,PV_H003,PV,0.0,0.131,0.0,0.131,0.0,0.033,True,True
2026-01-15 06:15,PV_H005,PV,0.0,0.137,0.0,0.0,0.0,0.0,True,False
2026-01-15 06:15,PV_H006,PV,0.0,0.087,0.0,0.087,0.0,0.022,True,True
2026-01-15 06:15,PV_H007,PV,0.0,0.167,0.0,0.0,0.0,0.0,True,False
2026-01-15 06:15,PV_H010,PV,0.0,0.127,0.0,0.0,0.0,0.0,True,False
2026-01-15 06:15,PV_H016,PV,0.0,0.093,0.0,0.093,0.0,0.023,True,True
2026-01-15 06:15,PV_H017,PV,0.0,0.154,0.0,0.154,0.0,0.039,True,True
2026-01-15 06:15,PV_H018,PV,0.0,0.096,0.0,0.096,0.0,0.024,True,True
2026-01-15 06:15,PV_H021,PV,0.0,0.211,0.0,0.211,0.0,0.053,True,True
2026-01-15 06:15,PV_H024,PV,0.0,0.082,0.0,0.082,0.0,0.02,True,True
2026-01-15 06:15,PV_H025,PV,0.0,0.162,0.0,0.0,0.0,0.0,True,False
2026-01-15 06:15,PV_H026,PV,0.0,0.156,0.0,0.0,0.0,0.0,True,False
2026-01-15 06:15,PV_H027,PV,0.0,0.157,0.0,0.157,0.0,0.039,True,True
2026-01-15 06:15,PV_H032,PV,0.0,0.124,0.0,0.0,0.0,0.0,True,False
2026-01-15 06:15,PV_H033,PV,0.0,0.1,0.0,0.1,0.0,0.025,True,True
2026-01-15 06:15,PV_H034,PV,0.0,0.158,0.0,0.158,0.0,0.04,True,True
2026-01-15 06:15,PV_H035,PV,0.0,0.118,0.0,0.118,0.0,0.029,True,True
2026-01-15 06:15,PV_H036,PV,0.0,0.154,0.0,0.0,0.0,0.0,True,False
2026-01-15 06:15,PV_H037,PV,0.0,0.137,0.0,0.0,0.0,0.0,True,False
2026-01-15 06:15,PV_H040,PV,0.0,0.176,0.0,0.0,0.0,0.0,True,False
2026-01-15 06:15,PV_H042,PV,0.0,0.112,0.0,0.112,0.0,0.028,True,True
2026-01-15 06:15,PV_H044,PV,0.0,0.135,0.0,0.0,0.0,0.0,True,False
2026-01-15 06:15,PV_H046,PV,0.0,0.185,0.0,0.0,0.0,0.0,True,False
2026-01-15 06:15,PV_H048,PV,0.0,0.133,0.0,0.0,0.0,0.0,True,False
2026-01-15 06:15,PV_H049,PV,0.0,0.122,0.0,0.122,0.0,0.031,True,True
2026-01-15 06:15,PV_H050,PV,0.0,0.155,0.0,0.155,0.0,0.039,True,True
2026-01-15 06:15,PV_H053,PV,0.0,0.188,0.0,0.0,0.0,0.0,True,False
2026-01-15 06:15,PV_H055,PV,0.0,0.11,0.0,0.11,0.0,0.027,True,True
2026-01-15 06:15,PV_H057,PV,0.0,0.192,0.0,0.192,0.0,0.048,True,True
2026-01-15 06:15,PV_H058,PV,0.0,0.127,0.0,0.127,0.0,0.032,True,True
2026-01-15 06:15,PV_H060,PV,0.0,0.235,0.0,0.235,0.0,0.059,True,True
2026-01-15 06:15,PV_H061,PV,0.0,0.133,0.0,0.133,0.0,0.033,True,True
2026-01-15 06:15,PV_H062,PV,0.0,0.26,0.0,0.0,0.0,0.0,True,False
2026-01-15 06:15,PV_H063,PV,0.0,0.168,0.0,0.0,0.0,0.0,True,False
2026-01-15 06:15,PV_H066,PV,0.0,0.181,0.0,0.0,0.0,0.0,True,False
2026-01-15 06:15,PV_H067,PV,0.0,0.112,0.0,0.112,0.0,0.028,True,True
2026-01-15 06:15,PV_H069,PV,0.0,0.147,0.0,0.147,0.0,0.037,True,True
2026-01-15 06:15,PV_H071,PV,0.0,0.191,0.0,0.191,0.0,0.048,True,True
2026-01-15 06:15,PV_H072,PV,0.0,0.212,0.0,0.212,0.0,0.053,True,True
2026-01-15 06:15,PV_H073,PV,0.0,0.159,0.0,0.159,0.0,0.04,True,True
2026-01-15 06:15,PV_H074,PV,0.0,0.175,0.0,0.0,0.0,0.0,True,False
2026-01-15 06:15,PV_H076,PV,0.0,0.213,0.0,0.213,0.0,0.053,True,True
2026-01-15 06:15,PV_H077,PV,0.0,0.202,0.0,0.202,0.0,0.05,True,True
2026-01-15 06:15,PV_H078,PV,0.0,0.111,0.0,0.0,0.0,0.0,True,False
2026-01-15 06:15,PV_H079,PV,0.0,0.121,0.0,0.121,0.0,0.03,True,True
2026-01-15 06:15,PV_H080,PV,0.0,0.175,0.0,0.0,0.0,0.0,True,False
2026-01-15 06:15,PV_H081,PV,0.0,0.172,0.0,0.172,0.0,0.043,True,True
2026-01-15 06:15,PV_H082,PV,0.0,0.113,0.0,0.113,0.0,0.028,True,True
2026-01-15 06:15,PV_H083,PV,0.0,0.127,0.0,0.127,0.0,0.032,True,True
2026-01-15 06:15,PV_H085,PV,0.0,0.164,0.0,0.0,0.0,0.0,True,False
2026-01-15 06:15,PV_H087,PV,0.0,0.191,0.0,0.0,0.0,0.0,True,False
2026-01-15 06:15,PV_H088,PV,0.0,0.088,0.0,0.0,0.0,0.0,True,False
2026-01-15 06:15,PV_H090,PV,0.0,0.191,0.0,0.191,0.0,0.048,True,True
2026-01-15 06:15,PV_H093,PV,0.0,0.219,0.0,0.219,0.0,0.055,True,True
2026-01-15 06:15,PV_H094,PV,0.0,0.117,0.0,0.117,0.0,0.029,True,True
2026-01-15 06:15,PV_H095,PV,0.0,0.116,0.0,0.0,0.0,0.0,True,False
2026-01-15 06:15,PV_H096,PV,0.0,0.178,0.0,0.178,0.0,0.044,True,True
2026-01-15 06:15,PV_H098,PV,0.0,0.134,0.0,0.134,0.0,0.034,True,True
2026-01-15 06:15,PV_H099,PV,0.0,0.125,0.0,0.0,0.0,0.0,True,False
2026-01-15 06:15,BESS_COMMUNITY_01,BESS,25.0,25.0,25.0,25.0,0.0,60.0,True,True
2026-01-15 06:15,EV_001,EV,0.0,0.0,0.0,0.0,0.0,0.0,False,True
2026-01-15 06:15,EV_002,EV,0.0,0.0,0.0,0.0,0.0,0.0,False,True
2026-01-15 06:15,EV_003,EV,0.0,0.0,0.0,0.0,0.0,0.0,False,True
2026-01-15 06:15,EV_004,EV,0.0,0.0,0.0,0.0,0.0,0.0,False,False
2026-01-15 06:15,EV_005,EV,0.0,0.0,0.0,0.0,0.0,0.0,False,True
2026-01-15 06:15,EV_006,EV,0.0,0.0,0.0,0.0,0.0,0.0,False,True
2026-01-15 06:15,EV_007,EV,0.0,0.0,0.0,0.0,0.0,0.0,False,True
2026-01-15 06:15,EV_008,EV,0.0,0.0,0.0,0.0,0.0,0.0,False,True
2026-01-15 06:15,EV_009,EV,0.0,0.0,0.0,0.0,0.0,0.0,False,True
2026-01-15 06:15,EV_010,EV,0.0,0.0,0.0,0.0,0.0,0.0,False,True
2026-01-15 06:15,EV_011,EV,0.0,0.0,0.0,0.0,0.0,0.0,False,True
2026-01-15 06:15,EV_012,EV,0.0,0.0,0.0,0.0,0.0,0.0,False,False
2026-01-15 06:15,EV_013,EV,0.0,0.0,0.0,0.0,0.0,0.0,False,False
2026-01-15 06:15,EV_014,EV,0.0,0.0,0.0,0.0,0.0,0.0,False,True
2026-01-15 06:15,EV_015,EV,0.0,0.0,0.0,0.0,0.0,0.0,False,True
2026-01-15 06:15,EV_016,EV,0.0,0.0,0.0,0.0,0.0,0.0,False,False
2026-01-15 06:15,EV_017,EV,0.0,0.0,0.0,0.0,0.0,0.0,False,False
2026-01-15 06:15,EV_018,EV,0.0,0.0,0.0,0.0,0.0,0.0,False,True
2026-01-15 06:15,EV_019,EV,0.0,0.0,0.0,0.0,0.0,0.0,False,True
2026-01-15 06:15,EV_020,EV,0.0,0.0,0.0,0.0,0.0,0.0,False,True
2026-01-15 06:15,FL001,FLEXIBLE_LOAD,0.0,3.5,0.0,0.0,0.0,0.0,True,False
2026-01-15 06:15,FL002,FLEXIBLE_LOAD,0.0,0.0,0.0,0.0,0.0,0.0,False,True
2026-01-15 06:15,FL003,FLEXIBLE_LOAD,0.0,0.0,0.0,0.0,0.0,0.0,False,True
2026-01-15 06:30,PV_H002,PV,0.0,0.346,0.0,0.346,0.0,0.086,True,True
2026-01-15 06:30,PV_H003,PV,0.0,0.296,0.0,0.296,0.0,0.074,True,True
2026-01-15 06:30,PV_H005,PV,0.0,0.299,0.0,0.0,0.0,0.0,True,False
2026-01-15 06:30,PV_H006,PV,0.0,0.195,0.0,0.195,0.0,0.049,True,True
2026-01-15 06:30,PV_H007,PV,0.0,0.368,0.0,0.0,0.0,0.0,True,False
2026-01-15 06:30,PV_H010,PV,0.0,0.289,0.0,0.0,0.0,0.0,True,False
2026-01-15 06:30,PV_H016,PV,0.0,0.202,0.0,0.202,0.0,0.051,True,True
2026-01-15 06:30,PV_H017,PV,0.0,0.333,0.0,0.333,0.0,0.083,True,True
2026-01-15 06:30,PV_H018,PV,0.0,0.215,0.0,0.215,0.0,0.054,True,True
2026-01-15 06:30,PV_H021,PV,0.0,0.462,0.0,0.462,0.0,0.115,True,True
2026-01-15 06:30,PV_H024,PV,0.0,0.184,0.0,0.184,0.0,0.046,True,True
2026-01-15 06:30,PV_H025,PV,0.0,0.357,0.0,0.0,0.0,0.0,True,False
2026-01-15 06:30,PV_H026,PV,0.0,0.351,0.0,0.0,0.0,0.0,True,False
2026-01-15 06:30,PV_H027,PV,0.0,0.349,0.0,0.349,0.0,0.087,True,True
2026-01-15 06:30,PV_H032,PV,0.0,0.28,0.0,0.0,0.0,0.0,True,False
2026-01-15 06:30,PV_H033,PV,0.0,0.228,0.0,0.228,0.0,0.057,True,True
2026-01-15 06:30,PV_H034,PV,0.0,0.342,0.0,0.342,0.0,0.085,True,True
2026-01-15 06:30,PV_H035,PV,0.0,0.263,0.0,0.263,0.0,0.066,True,True
2026-01-15 06:30,PV_H036,PV,0.0,0.34,0.0,0.0,0.0,0.0,True,False
2026-01-15 06:30,PV_H037,PV,0.0,0.297,0.0,0.0,0.0,0.0,True,False
2026-01-15 06:30,PV_H040,PV,0.0,0.39,0.0,0.0,0.0,0.0,True,False
2026-01-15 06:30,PV_H042,PV,0.0,0.247,0.0,0.247,0.0,0.062,True,True
2026-01-15 06:30,PV_H044,PV,0.0,0.305,0.0,0.0,0.0,0.0,True,False
2026-01-15 06:30,PV_H046,PV,0.0,0.404,0.0,0.0,0.0,0.0,True,False
2026-01-15 06:30,PV_H048,PV,0.0,0.283,0.0,0.0,0.0,0.0,True,False
2026-01-15 06:30,PV_H049,PV,0.0,0.265,0.0,0.265,0.0,0.066,True,True
2026-01-15 06:30,PV_H050,PV,0.0,0.341,0.0,0.341,0.0,0.085,True,True
2026-01-15 06:30,PV_H053,PV,0.0,0.433,0.0,0.0,0.0,0.0,True,False
2026-01-15 06:30,PV_H055,PV,0.0,0.238,0.0,0.238,0.0,0.059,True,True
2026-01-15 06:30,PV_H057,PV,0.0,0.424,0.0,0.424,0.0,0.106,True,True
2026-01-15 06:30,PV_H058,PV,0.0,0.281,0.0,0.281,0.0,0.07,True,True
2026-01-15 06:30,PV_H060,PV,0.0,0.519,0.0,0.519,0.0,0.13,True,True
2026-01-15 06:30,PV_H061,PV,0.0,0.294,0.0,0.294,0.0,0.074,True,True
2026-01-15 06:30,PV_H062,PV,0.0,0.585,0.0,0.0,0.0,0.0,True,False
2026-01-15 06:30,PV_H063,PV,0.0,0.375,0.0,0.0,0.0,0.0,True,False
2026-01-15 06:30,PV_H066,PV,0.0,0.402,0.0,0.0,0.0,0.0,True,False
2026-01-15 06:30,PV_H067,PV,0.0,0.24,0.0,0.24,0.0,0.06,True,True
2026-01-15 06:30,PV_H069,PV,0.0,0.317,0.0,0.317,0.0,0.079,True,True
2026-01-15 06:30,PV_H071,PV,0.0,0.429,0.0,0.429,0.0,0.107,True,True
2026-01-15 06:30,PV_H072,PV,0.0,0.478,0.0,0.478,0.0,0.12,True,True
2026-01-15 06:30,PV_H073,PV,0.0,0.355,0.0,0.355,0.0,0.089,True,True
2026-01-15 06:30,PV_H074,PV,0.0,0.38,0.0,0.0,0.0,0.0,True,False
2026-01-15 06:30,PV_H076,PV,0.0,0.469,0.0,0.469,0.0,0.117,True,True
2026-01-15 06:30,PV_H077,PV,0.0,0.445,0.0,0.445,0.0,0.111,True,True
2026-01-15 06:30,PV_H078,PV,0.0,0.242,0.0,0.0,0.0,0.0,True,False
2026-01-15 06:30,PV_H079,PV,0.0,0.269,0.0,0.269,0.0,0.067,True,True
2026-01-15 06:30,PV_H080,PV,0.0,0.406,0.0,0.0,0.0,0.0,True,False
2026-01-15 06:30,PV_H081,PV,0.0,0.378,0.0,0.378,0.0,0.094,True,True
2026-01-15 06:30,PV_H082,PV,0.0,0.238,0.0,0.238,0.0,0.06,True,True
2026-01-15 06:30,PV_H083,PV,0.0,0.28,0.0,0.28,0.0,0.07,True,True
2026-01-15 06:30,PV_H085,PV,0.0,0.358,0.0,0.0,0.0,0.0,True,False
2026-01-15 06:30,PV_H087,PV,0.0,0.431,0.0,0.0,0.0,0.0,True,False
2026-01-15 06:30,PV_H088,PV,0.0,0.195,0.0,0.0,0.0,0.0,True,False
2026-01-15 06:30,PV_H090,PV,0.0,0.417,0.0,0.417,0.0,0.104,True,True
2026-01-15 06:30,PV_H093,PV,0.0,0.465,0.0,0.465,0.0,0.116,True,True
2026-01-15 06:30,PV_H094,PV,0.0,0.257,0.0,0.257,0.0,0.064,True,True
2026-01-15 06:30,PV_H095,PV,0.0,0.254,0.0,0.0,0.0,0.0,True,False
2026-01-15 06:30,PV_H096,PV,0.0,0.388,0.0,0.388,0.0,0.097,True,True
2026-01-15 06:30,PV_H098,PV,0.0,0.293,0.0,0.293,0.0,0.073,True,True
2026-01-15 06:30,PV_H099,PV,0.0,0.277,0.0,0.0,0.0,0.0,True,False
2026-01-15 06:30,BESS_COMMUNITY_01,BESS,25.0,25.0,25.0,25.0,0.0,60.0,True,True
2026-01-15 06:30,EV_001,EV,0.0,0.0,0.0,0.0,0.0,0.0,False,True
2026-01-15 06:30,EV_002,EV,0.0,0.0,0.0,0.0,0.0,0.0,False,True
2026-01-15 06:30,EV_003,EV,0.0,0.0,0.0,0.0,0.0,0.0,False,True
2026-01-15 06:30,EV_004,EV,0.0,0.0,0.0,0.0,0.0,0.0,False,False
2026-01-15 06:30,EV_005,EV,0.0,0.0,0.0,0.0,0.0,0.0,False,True
2026-01-15 06:30,EV_006,EV,0.0,0.0,0.0,0.0,0.0,0.0,False,True
2026-01-15 06:30,EV_007,EV,0.0,0.0,0.0,0.0,0.0,0.0,False,True
2026-01-15 06:30,EV_008,EV,0.0,0.0,0.0,0.0,0.0,0.0,False,True
2026-01-15 06:30,EV_009,EV,0.0,0.0,0.0,0.0,0.0,0.0,False,True
2026-01-15 06:30,EV_010,EV,0.0,0.0,0.0,0.0,0.0,0.0,False,True
2026-01-15 06:30,EV_011,EV,0.0,0.0,0.0,0.0,0.0,0.0,False,True
2026-01-15 06:30,EV_012,EV,0.0,0.0,0.0,0.0,0.0,0.0,False,False
2026-01-15 06:30,EV_013,EV,0.0,0.0,0.0,0.0,0.0,0.0,False,False
2026-01-15 06:30,EV_014,EV,0.0,0.0,0.0,0.0,0.0,0.0,False,True
2026-01-15 06:30,EV_015,EV,0.0,0.0,0.0,0.0,0.0,0.0,False,True
2026-01-15 06:30,EV_016,EV,0.0,0.0,0.0,0.0,0.0,0.0,False,False
2026-01-15 06:30,EV_017,EV,0.0,0.0,0.0,0.0,0.0,0.0,False,False
2026-01-15 06:30,EV_018,EV,0.0,0.0,0.0,0.0,0.0,0.0,False,True
2026-01-15 06:30,EV_019,EV,0.0,0.0,0.0,0.0,0.0,0.0,False,True
2026-01-15 06:30,EV_020,EV,0.0,0.0,0.0,0.0,0.0,0.0,False,True
2026-01-15 06:30,FL001,FLEXIBLE_LOAD,0.0,3.5,0.0,0.0,0.0,0.0,True,False
2026-01-15 06:30,FL002,FLEXIBLE_LOAD,0.0,0.0,0.0,0.0,0.0,0.0,False,True
2026-01-15 06:30,FL003,FLEXIBLE_LOAD,0.0,0.0,0.0,0.0,0.0,0.0,False,True
2026-01-15 06:45,PV_H002,PV,0.0,0.532,0.0,0.532,0.0,0.133,True,True
2026-01-15 06:45,PV_H003,PV,0.0,0.452,0.0,0.452,0.0,0.113,True,True
2026-01-15 06:45,PV_H005,PV,0.0,0.474,0.0,0.0,0.0,0.0,True,False
2026-01-15 06:45,PV_H006,PV,0.0,0.314,0.0,0.314,0.0,0.078,True,True
2026-01-15 06:45,PV_H007,PV,0.0,0.578,0.0,0.0,0.0,0.0,True,False
2026-01-15 06:45,PV_H010,PV,0.0,0.451,0.0,0.0,0.0,0.0,True,False
2026-01-15 06:45,PV_H016,PV,0.0,0.338,0.0,0.338,0.0,0.084,True,True
2026-01-15 06:45,PV_H017,PV,0.0,0.54,0.0,0.54,0.0,0.135,True,True
2026-01-15 06:45,PV_H018,PV,0.0,0.34,0.0,0.34,0.0,0.085,True,True
2026-01-15 06:45,PV_H021,PV,0.0,0.749,0.0,0.749,0.0,0.187,True,True
2026-01-15 06:45,PV_H024,PV,0.0,0.292,0.0,0.292,0.0,0.073,True,True
2026-01-15 06:45,PV_H025,PV,0.0,0.572,0.0,0.0,0.0,0.0,True,False
2026-01-15 06:45,PV_H026,PV,0.0,0.552,0.0,0.0,0.0,0.0,True,False
2026-01-15 06:45,PV_H027,PV,0.0,0.531,0.0,0.531,0.0,0.133,True,True
2026-01-15 06:45,PV_H032,PV,0.0,0.437,0.0,0.0,0.0,0.0,True,False
2026-01-15 06:45,PV_H033,PV,0.0,0.368,0.0,0.368,0.0,0.092,True,True
2026-01-15 06:45,PV_H034,PV,0.0,0.563,0.0,0.563,0.0,0.141,True,True
2026-01-15 06:45,PV_H035,PV,0.0,0.422,0.0,0.422,0.0,0.105,True,True
2026-01-15 06:45,PV_H036,PV,0.0,0.527,0.0,0.0,0.0,0.0,True,False
2026-01-15 06:45,PV_H037,PV,0.0,0.472,0.0,0.0,0.0,0.0,True,False
2026-01-15 06:45,PV_H040,PV,0.0,0.615,0.0,0.0,0.0,0.0,True,False
2026-01-15 06:45,PV_H042,PV,0.0,0.399,0.0,0.399,0.0,0.1,True,True
2026-01-15 06:45,PV_H044,PV,0.0,0.476,0.0,0.0,0.0,0.0,True,False
2026-01-15 06:45,PV_H046,PV,0.0,0.65,0.0,0.0,0.0,0.0,True,False
2026-01-15 06:45,PV_H048,PV,0.0,0.461,0.0,0.0,0.0,0.0,True,False
2026-01-15 06:45,PV_H049,PV,0.0,0.436,0.0,0.436,0.0,0.109,True,True
2026-01-15 06:45,PV_H050,PV,0.0,0.548,0.0,0.548,0.0,0.137,True,True
2026-01-15 06:45,PV_H053,PV,0.0,0.672,0.0,0.0,0.0,0.0,True,False
2026-01-15 06:45,PV_H055,PV,0.0,0.381,0.0,0.381,0.0,0.095,True,True
2026-01-15 06:45,PV_H057,PV,0.0,0.685,0.0,0.685,0.0,0.171,True,True
2026-01-15 06:45,PV_H058,PV,0.0,0.451,0.0,0.451,0.0,0.113,True,True
2026-01-15 06:45,PV_H060,PV,0.0,0.829,0.0,0.829,0.0,0.207,True,True
2026-01-15 06:45,PV_H061,PV,0.0,0.475,0.0,0.475,0.0,0.119,True,True
2026-01-15 06:45,PV_H062,PV,0.0,0.915,0.0,0.0,0.0,0.0,True,False
2026-01-15 06:45,PV_H063,PV,0.0,0.599,0.0,0.0,0.0,0.0,True,False
2026-01-15 06:45,PV_H066,PV,0.0,0.645,0.0,0.0,0.0,0.0,True,False
2026-01-15 06:45,PV_H067,PV,0.0,0.392,0.0,0.392,0.0,0.098,True,True
2026-01-15 06:45,PV_H069,PV,0.0,0.496,0.0,0.496,0.0,0.124,True,True
2026-01-15 06:45,PV_H071,PV,0.0,0.696,0.0,0.696,0.0,0.174,True,True
2026-01-15 06:45,PV_H072,PV,0.0,0.753,0.0,0.753,0.0,0.188,True,True
2026-01-15 06:45,PV_H073,PV,0.0,0.554,0.0,0.554,0.0,0.138,True,True
2026-01-15 06:45,PV_H074,PV,0.0,0.603,0.0,0.0,0.0,0.0,True,False
2026-01-15 06:45,PV_H076,PV,0.0,0.735,0.0,0.735,0.0,0.184,True,True
2026-01-15 06:45,PV_H077,PV,0.0,0.714,0.0,0.714,0.0,0.179,True,True
2026-01-15 06:45,PV_H078,PV,0.0,0.397,0.0,0.0,0.0,0.0,True,False
2026-01-15 06:45,PV_H079,PV,0.0,0.426,0.0,0.426,0.0,0.106,True,True
2026-01-15 06:45,PV_H080,PV,0.0,0.611,0.0,0.0,0.0,0.0,True,False
2026-01-15 06:45,PV_H081,PV,0.0,0.601,0.0,0.601,0.0,0.15,True,True
2026-01-15 06:45,PV_H082,PV,0.0,0.387,0.0,0.387,0.0,0.097,True,True
2026-01-15 06:45,PV_H083,PV,0.0,0.437,0.0,0.437,0.0,0.109,True,True
2026-01-15 06:45,PV_H085,PV,0.0,0.562,0.0,0.0,0.0,0.0,True,False
2026-01-15 06:45,PV_H087,PV,0.0,0.696,0.0,0.0,0.0,0.0,True,False
2026-01-15 06:45,PV_H088,PV,0.0,0.304,0.0,0.0,0.0,0.0,True,False
2026-01-15 06:45,PV_H090,PV,0.0,0.659,0.0,0.659,0.0,0.165,True,True
2026-01-15 06:45,PV_H093,PV,0.0,0.771,0.0,0.771,0.0,0.193,True,True
2026-01-15 06:45,PV_H094,PV,0.0,0.414,0.0,0.414,0.0,0.104,True,True
2026-01-15 06:45,PV_H095,PV,0.0,0.398,0.0,0.0,0.0,0.0,True,False
2026-01-15 06:45,PV_H096,PV,0.0,0.624,0.0,0.624,0.0,0.156,True,True
2026-01-15 06:45,PV_H098,PV,0.0,0.48,0.0,0.48,0.0,0.12,True,True
2026-01-15 06:45,PV_H099,PV,0.0,0.44,0.0,0.0,0.0,0.0,True,False
2026-01-15 06:45,BESS_COMMUNITY_01,BESS,25.0,25.0,25.0,25.0,0.0,60.0,True,True
2026-01-15 06:45,EV_001,EV,0.0,0.0,0.0,0.0,0.0,0.0,False,True
2026-01-15 06:45,EV_002,EV,0.0,0.0,0.0,0.0,0.0,0.0,False,True
2026-01-15 06:45,EV_003,EV,0.0,0.0,0.0,0.0,0.0,0.0,False,True
2026-01-15 06:45,EV_004,EV,0.0,0.0,0.0,0.0,0.0,0.0,False,False
2026-01-15 06:45,EV_005,EV,0.0,0.0,0.0,0.0,0.0,0.0,False,True
2026-01-15 06:45,EV_006,EV,0.0,0.0,0.0,0.0,0.0,0.0,False,True
2026-01-15 06:45,EV_007,EV,0.0,0.0,0.0,0.0,0.0,0.0,False,True
2026-01-15 06:45,EV_008,EV,0.0,0.0,0.0,0.0,0.0,0.0,False,True
2026-01-15 06:45,EV_009,EV,0.0,0.0,0.0,0.0,0.0,0.0,False,True
2026-01-15 06:45,EV_010,EV,0.0,0.0,0.0,0.0,0.0,0.0,False,True
2026-01-15 06:45,EV_011,EV,0.0,0.0,0.0,0.0,0.0,0.0,False,True
2026-01-15 06:45,EV_012,EV,0.0,0.0,0.0,0.0,0.0,0.0,False,False
2026-01-15 06:45,EV_013,EV,0.0,0.0,0.0,0.0,0.0,0.0,False,False
2026-01-15 06:45,EV_014,EV,0.0,0.0,0.0,0.0,0.0,0.0,False,True
2026-01-15 06:45,EV_015,EV,0.0,0.0,0.0,0.0,0.0,0.0,False,True
2026-01-15 06:45,EV_016,EV,0.0,0.0,0.0,0.0,0.0,0.0,False,False
2026-01-15 06:45,EV_017,EV,0.0,0.0,0.0,0.0,0.0,0.0,False,False
2026-01-15 06:45,EV_018,EV,0.0,0.0,0.0,0.0,0.0,0.0,False,True
2026-01-15 06:45,EV_019,EV,0.0,0.0,0.0,0.0,0.0,0.0,False,True
2026-01-15 06:45,EV_020,EV,0.0,0.0,0.0,0.0,0.0,0.0,False,True
2026-01-15 06:45,FL001,FLEXIBLE_LOAD,0.0,3.5,0.0,0.0,0.0,0.0,True,False
2026-01-15 06:45,FL002,FLEXIBLE_LOAD,0.0,0.0,0.0,0.0,0.0,0.0,False,True
2026-01-15 06:45,FL003,FLEXIBLE_LOAD,0.0,0.0,0.0,0.0,0.0,0.0,False,True
2026-01-15 07:00,PV_H002,PV,0.0,0.753,0.0,0.753,0.0,0.188,True,True
2026-01-15 07:00,PV_H003,PV,0.0,0.632,0.0,0.632,0.0,0.158,True,True
2026-01-15 07:00,PV_H005,PV,0.0,0.644,0.0,0.0,0.0,0.0,True,False
2026-01-15 07:00,PV_H006,PV,0.0,0.443,0.0,0.443,0.0,0.111,True,True
2026-01-15 07:00,PV_H007,PV,0.0,0.796,0.0,0.0,0.0,0.0,True,False
2026-01-15 07:00,PV_H010,PV,0.0,0.64,0.0,0.0,0.0,0.0,True,False
2026-01-15 07:00,PV_H016,PV,0.0,0.46,0.0,0.46,0.0,0.115,True,True
2026-01-15 07:00,PV_H017,PV,0.0,0.735,0.0,0.735,0.0,0.184,True,True
2026-01-15 07:00,PV_H018,PV,0.0,0.479,0.0,0.479,0.0,0.12,True,True
2026-01-15 07:00,PV_H021,PV,0.0,1.02,0.0,1.02,0.0,0.255,True,True
2026-01-15 07:00,PV_H024,PV,0.0,0.411,0.0,0.411,0.0,0.103,True,True
2026-01-15 07:00,PV_H025,PV,0.0,0.802,0.0,0.0,0.0,0.0,True,False
2026-01-15 07:00,PV_H026,PV,0.0,0.765,0.0,0.0,0.0,0.0,True,False
2026-01-15 07:00,PV_H027,PV,0.0,0.757,0.0,0.757,0.0,0.189,True,True
2026-01-15 07:00,PV_H032,PV,0.0,0.619,0.0,0.0,0.0,0.0,True,False
2026-01-15 07:00,PV_H033,PV,0.0,0.502,0.0,0.502,0.0,0.126,True,True
2026-01-15 07:00,PV_H034,PV,0.0,0.781,0.0,0.781,0.0,0.195,True,True
2026-01-15 07:00,PV_H035,PV,0.0,0.588,0.0,0.588,0.0,0.147,True,True
2026-01-15 07:00,PV_H036,PV,0.0,0.734,0.0,0.0,0.0,0.0,True,False
2026-01-15 07:00,PV_H037,PV,0.0,0.65,0.0,0.0,0.0,0.0,True,False
2026-01-15 07:00,PV_H040,PV,0.0,0.86,0.0,0.0,0.0,0.0,True,False
2026-01-15 07:00,PV_H042,PV,0.0,0.549,0.0,0.549,0.0,0.137,True,True
2026-01-15 07:00,PV_H044,PV,0.0,0.653,0.0,0.0,0.0,0.0,True,False
2026-01-15 07:00,PV_H046,PV,0.0,0.912,0.0,0.0,0.0,0.0,True,False
2026-01-15 07:00,PV_H048,PV,0.0,0.626,0.0,0.0,0.0,0.0,True,False
2026-01-15 07:00,PV_H049,PV,0.0,0.57,0.0,0.57,0.0,0.142,True,True
2026-01-15 07:00,PV_H050,PV,0.0,0.738,0.0,0.738,0.0,0.184,True,True
2026-01-15 07:00,PV_H053,PV,0.0,0.927,0.0,0.0,0.0,0.0,True,False
2026-01-15 07:00,PV_H055,PV,0.0,0.526,0.0,0.526,0.0,0.132,True,True
2026-01-15 07:00,PV_H057,PV,0.0,0.924,0.0,0.924,0.0,0.231,True,True
2026-01-15 07:00,PV_H058,PV,0.0,0.614,0.0,0.614,0.0,0.153,True,True
2026-01-15 07:00,PV_H060,PV,0.0,1.134,0.0,1.134,0.0,0.283,True,True
2026-01-15 07:00,PV_H061,PV,0.0,0.665,0.0,0.665,0.0,0.166,True,True
2026-01-15 07:00,PV_H062,PV,0.0,1.272,0.0,0.0,0.0,0.0,True,False
2026-01-15 07:00,PV_H063,PV,0.0,0.826,0.0,0.0,0.0,0.0,True,False
2026-01-15 07:00,PV_H066,PV,0.0,0.854,0.0,0.0,0.0,0.0,True,False
2026-01-15 07:00,PV_H067,PV,0.0,0.546,0.0,0.546,0.0,0.136,True,True
2026-01-15 07:00,PV_H069,PV,0.0,0.699,0.0,0.699,0.0,0.175,True,True
2026-01-15 07:00,PV_H071,PV,0.0,0.977,0.0,0.977,0.0,0.244,True,True
2026-01-15 07:00,PV_H072,PV,0.0,1.028,0.0,1.028,0.0,0.257,True,True
2026-01-15 07:00,PV_H073,PV,0.0,0.771,0.0,0.771,0.0,0.193,True,True
2026-01-15 07:00,PV_H074,PV,0.0,0.849,0.0,0.0,0.0,0.0,True,False
2026-01-15 07:00,PV_H076,PV,0.0,1.009,0.0,1.009,0.0,0.252,True,True
2026-01-15 07:00,PV_H077,PV,0.0,0.992,0.0,0.992,0.0,0.248,True,True
2026-01-15 07:00,PV_H078,PV,0.0,0.53,0.0,0.0,0.0,0.0,True,False
2026-01-15 07:00,PV_H079,PV,0.0,0.601,0.0,0.601,0.0,0.15,True,True
2026-01-15 07:00,PV_H080,PV,0.0,0.889,0.0,0.0,0.0,0.0,True,False
2026-01-15 07:00,PV_H081,PV,0.0,0.809,0.0,0.809,0.0,0.202,True,True
2026-01-15 07:00,PV_H082,PV,0.0,0.526,0.0,0.526,0.0,0.132,True,True
2026-01-15 07:00,PV_H083,PV,0.0,0.633,0.0,0.633,0.0,0.158,True,True
2026-01-15 07:00,PV_H085,PV,0.0,0.771,0.0,0.0,0.0,0.0,True,False
2026-01-15 07:00,PV_H087,PV,0.0,0.936,0.0,0.0,0.0,0.0,True,False
2026-01-15 07:00,PV_H088,PV,0.0,0.42,0.0,0.0,0.0,0.0,True,False
2026-01-15 07:00,PV_H090,PV,0.0,0.909,0.0,0.909,0.0,0.227,True,True
2026-01-15 07:00,PV_H093,PV,0.0,1.035,0.0,1.035,0.0,0.259,True,True
2026-01-15 07:00,PV_H094,PV,0.0,0.594,0.0,0.594,0.0,0.149,True,True
2026-01-15 07:00,PV_H095,PV,0.0,0.56,0.0,0.0,0.0,0.0,True,False
2026-01-15 07:00,PV_H096,PV,0.0,0.862,0.0,0.862,0.0,0.215,True,True
2026-01-15 07:00,PV_H098,PV,0.0,0.663,0.0,0.663,0.0,0.166,True,True
2026-01-15 07:00,PV_H099,PV,0.0,0.623,0.0,0.0,0.0,0.0,True,False
2026-01-15 07:00,BESS_COMMUNITY_01,BESS,25.0,25.0,25.0,25.0,0.0,60.0,True,True
2026-01-15 07:00,EV_001,EV,0.0,0.0,0.0,0.0,0.0,0.0,False,True
2026-01-15 07:00,EV_002,EV,0.0,0.0,0.0,0.0,0.0,0.0,False,True
2026-01-15 07:00,EV_003,EV,0.0,0.0,0.0,0.0,0.0,0.0,False,True
2026-01-15 07:00,EV_004,EV,0.0,0.0,0.0,0.0,0.0,0.0,False,False
2026-01-15 07:00,EV_005,EV,0.0,0.0,0.0,0.0,0.0,0.0,False,True
2026-01-15 07:00,EV_006,EV,0.0,0.0,0.0,0.0,0.0,0.0,False,True
2026-01-15 07:00,EV_007,EV,0.0,0.0,0.0,0.0,0.0,0.0,False,True
2026-01-15 07:00,EV_008,EV,0.0,0.0,0.0,0.0,0.0,0.0,False,True
2026-01-15 07:00,EV_009,EV,0.0,0.0,0.0,0.0,0.0,0.0,False,True
2026-01-15 07:00,EV_010,EV,0.0,0.0,0.0,0.0,0.0,0.0,False,True
2026-01-15 07:00,EV_011,EV,0.0,0.0,0.0,0.0,0.0,0.0,False,True
2026-01-15 07:00,EV_012,EV,0.0,0.0,0.0,0.0,0.0,0.0,False,False
2026-01-15 07:00,EV_013,EV,0.0,0.0,0.0,0.0,0.0,0.0,False,False
2026-01-15 07:00,EV_014,EV,0.0,0.0,0.0,0.0,0.0,0.0,False,True
2026-01-15 07:00,EV_015,EV,0.0,0.0,0.0,0.0,0.0,0.0,False,True
2026-01-15 07:00,EV_016,EV,0.0,0.0,0.0,0.0,0.0,0.0,False,False
2026-01-15 07:00,EV_017,EV,0.0,0.0,0.0,0.0,0.0,0.0,False,False
2026-01-15 07:00,EV_018,EV,0.0,0.0,0.0,0.0,0.0,0.0,False,True
2026-01-15 07:00,EV_019,EV,0.0,0.0,0.0,0.0,0.0,0.0,False,True
2026-01-15 07:00,EV_020,EV,0.0,0.0,0.0,0.0,0.0,0.0,False,True
2026-01-15 07:00,FL001,FLEXIBLE_LOAD,0.0,3.5,0.0,0.0,0.0,0.0,True,False
2026-01-15 07:00,FL002,FLEXIBLE_LOAD,0.0,0.0,0.0,0.0,0.0,0.0,False,True
2026-01-15 07:00,FL003,FLEXIBLE_LOAD,0.0,0.0,0.0,0.0,0.0,0.0,False,True
2026-01-15 07:15,PV_H002,PV,0.0,0.962,0.0,0.962,0.0,0.24,True,True
2026-01-15 07:15,PV_H003,PV,0.0,0.823,0.0,0.823,0.0,0.206,True,True
2026-01-15 07:15,PV_H005,PV,0.0,0.832,0.0,0.0,0.0,0.0,True,False
2026-01-15 07:15,PV_H006,PV,0.0,0.551,0.0,0.551,0.0,0.138,True,True
2026-01-15 07:15,PV_H007,PV,0.0,1.035,0.0,0.0,0.0,0.0,True,False
2026-01-15 07:15,PV_H010,PV,0.0,0.807,0.0,0.0,0.0,0.0,True,False
2026-01-15 07:15,PV_H016,PV,0.0,0.572,0.0,0.572,0.0,0.143,True,True
2026-01-15 07:15,PV_H017,PV,0.0,0.953,0.0,0.953,0.0,0.238,True,True
2026-01-15 07:15,PV_H018,PV,0.0,0.612,0.0,0.612,0.0,0.153,True,True
2026-01-15 07:15,PV_H021,PV,0.0,1.335,0.0,1.335,0.0,0.334,True,True
2026-01-15 07:15,PV_H024,PV,0.0,0.514,0.0,0.514,0.0,0.128,True,True
2026-01-15 07:15,PV_H025,PV,0.0,1.044,0.0,0.0,0.0,0.0,True,False
2026-01-15 07:15,PV_H026,PV,0.0,0.948,0.0,0.0,0.0,0.0,True,False
2026-01-15 07:15,PV_H027,PV,0.0,0.97,0.0,0.97,0.0,0.242,True,True
2026-01-15 07:15,PV_H032,PV,0.0,0.8,0.0,0.0,0.0,0.0,True,False
2026-01-15 07:15,PV_H033,PV,0.0,0.635,0.0,0.635,0.0,0.159,True,True
2026-01-15 07:15,PV_H034,PV,0.0,1.008,0.0,1.008,0.0,0.252,True,True
2026-01-15 07:15,PV_H035,PV,0.0,0.727,0.0,0.727,0.0,0.182,True,True
2026-01-15 07:15,PV_H036,PV,0.0,0.942,0.0,0.0,0.0,0.0,True,False
2026-01-15 07:15,PV_H037,PV,0.0,0.826,0.0,0.0,0.0,0.0,True,False
2026-01-15 07:15,PV_H040,PV,0.0,1.082,0.0,0.0,0.0,0.0,True,False
2026-01-15 07:15,PV_H042,PV,0.0,0.703,0.0,0.703,0.0,0.176,True,True
2026-01-15 07:15,PV_H044,PV,0.0,0.853,0.0,0.0,0.0,0.0,True,False
2026-01-15 07:15,PV_H046,PV,0.0,1.151,0.0,0.0,0.0,0.0,True,False
2026-01-15 07:15,PV_H048,PV,0.0,0.805,0.0,0.0,0.0,0.0,True,False
2026-01-15 07:15,PV_H049,PV,0.0,0.748,0.0,0.748,0.0,0.187,True,True
2026-01-15 07:15,PV_H050,PV,0.0,0.961,0.0,0.961,0.0,0.24,True,True
2026-01-15 07:15,PV_H053,PV,0.0,1.167,0.0,0.0,0.0,0.0,True,False
2026-01-15 07:15,PV_H055,PV,0.0,0.691,0.0,0.691,0.0,0.173,True,True
2026-01-15 07:15,PV_H057,PV,0.0,1.194,0.0,1.194,0.0,0.299,True,True
2026-01-15 07:15,PV_H058,PV,0.0,0.806,0.0,0.806,0.0,0.202,True,True
2026-01-15 07:15,PV_H060,PV,0.0,1.438,0.0,1.438,0.0,0.359,True,True
2026-01-15 07:15,PV_H061,PV,0.0,0.842,0.0,0.842,0.0,0.211,True,True
2026-01-15 07:15,PV_H062,PV,0.0,1.685,0.0,0.0,0.0,0.0,True,False
2026-01-15 07:15,PV_H063,PV,0.0,1.051,0.0,0.0,0.0,0.0,True,False
2026-01-15 07:15,PV_H066,PV,0.0,1.138,0.0,0.0,0.0,0.0,True,False
2026-01-15 07:15,PV_H067,PV,0.0,0.69,0.0,0.69,0.0,0.172,True,True
2026-01-15 07:15,PV_H069,PV,0.0,0.899,0.0,0.899,0.0,0.225,True,True
2026-01-15 07:15,PV_H071,PV,0.0,1.241,0.0,1.241,0.0,0.31,True,True
2026-01-15 07:15,PV_H072,PV,0.0,1.321,0.0,1.321,0.0,0.33,True,True
2026-01-15 07:15,PV_H073,PV,0.0,0.968,0.0,0.968,0.0,0.242,True,True
2026-01-15 07:15,PV_H074,PV,0.0,1.091,0.0,0.0,0.0,0.0,True,False
2026-01-15 07:15,PV_H076,PV,0.0,1.295,0.0,1.295,0.0,0.324,True,True
2026-01-15 07:15,PV_H077,PV,0.0,1.234,0.0,1.234,0.0,0.308,True,True
2026-01-15 07:15,PV_H078,PV,0.0,0.704,0.0,0.0,0.0,0.0,True,False
2026-01-15 07:15,PV_H079,PV,0.0,0.766,0.0,0.766,0.0,0.191,True,True
2026-01-15 07:15,PV_H080,PV,0.0,1.096,0.0,0.0,0.0,0.0,True,False
2026-01-15 07:15,PV_H081,PV,0.0,1.087,0.0,1.087,0.0,0.272,True,True
2026-01-15 07:15,PV_H082,PV,0.0,0.691,0.0,0.691,0.0,0.173,True,True
2026-01-15 07:15,PV_H083,PV,0.0,0.8,0.0,0.8,0.0,0.2,True,True
2026-01-15 07:15,PV_H085,PV,0.0,1.012,0.0,0.0,0.0,0.0,True,False
2026-01-15 07:15,PV_H087,PV,0.0,1.196,0.0,0.0,0.0,0.0,True,False
2026-01-15 07:15,PV_H088,PV,0.0,0.545,0.0,0.0,0.0,0.0,True,False
2026-01-15 07:15,PV_H090,PV,0.0,1.183,0.0,1.183,0.0,0.296,True,True
2026-01-15 07:15,PV_H093,PV,0.0,1.315,0.0,1.315,0.0,0.329,True,True
2026-01-15 07:15,PV_H094,PV,0.0,0.755,0.0,0.755,0.0,0.189,True,True
2026-01-15 07:15,PV_H095,PV,0.0,0.719,0.0,0.0,0.0,0.0,True,False
2026-01-15 07:15,PV_H096,PV,0.0,1.079,0.0,1.079,0.0,0.27,True,True
2026-01-15 07:15,PV_H098,PV,0.0,0.861,0.0,0.861,0.0,0.215,True,True
2026-01-15 07:15,PV_H099,PV,0.0,0.782,0.0,0.0,0.0,0.0,True,False
2026-01-15 07:15,BESS_COMMUNITY_01,BESS,25.0,25.0,25.0,25.0,0.0,60.0,True,True
2026-01-15 07:15,EV_001,EV,0.0,0.0,0.0,0.0,0.0,0.0,False,True
2026-01-15 07:15,EV_002,EV,0.0,0.0,0.0,0.0,0.0,0.0,False,True
2026-01-15 07:15,EV_003,EV,0.0,0.0,0.0,0.0,0.0,0.0,False,True
2026-01-15 07:15,EV_004,EV,0.0,0.0,0.0,0.0,0.0,0.0,False,False
2026-01-15 07:15,EV_005,EV,0.0,0.0,0.0,0.0,0.0,0.0,False,True
2026-01-15 07:15,EV_006,EV,0.0,0.0,0.0,0.0,0.0,0.0,False,True
2026-01-15 07:15,EV_007,EV,0.0,0.0,0.0,0.0,0.0,0.0,False,True
2026-01-15 07:15,EV_008,EV,0.0,0.0,0.0,0.0,0.0,0.0,False,True
2026-01-15 07:15,EV_009,EV,0.0,0.0,0.0,0.0,0.0,0.0,False,True
2026-01-15 07:15,EV_010,EV,0.0,0.0,0.0,0.0,0.0,0.0,False,True
2026-01-15 07:15,EV_011,EV,0.0,0.0,0.0,0.0,0.0,0.0,False,True
2026-01-15 07:15,EV_012,EV,0.0,0.0,0.0,0.0,0.0,0.0,False,False
2026-01-15 07:15,EV_013,EV,0.0,0.0,0.0,0.0,0.0,0.0,False,False
2026-01-15 07:15,EV_014,EV,0.0,0.0,0.0,0.0,0.0,0.0,False,True
2026-01-15 07:15,EV_015,EV,0.0,0.0,0.0,0.0,0.0,0.0,False,True
2026-01-15 07:15,EV_016,EV,0.0,0.0,0.0,0.0,0.0,0.0,False,False
2026-01-15 07:15,EV_017,EV,0.0,0.0,0.0,0.0,0.0,0.0,False,False
2026-01-15 07:15,EV_018,EV,0.0,0.0,0.0,0.0,0.0,0.0,False,True
2026-01-15 07:15,EV_019,EV,0.0,0.0,0.0,0.0,0.0,0.0,False,True
2026-01-15 07:15,EV_020,EV,0.0,0.0,0.0,0.0,0.0,0.0,False,True
2026-01-15 07:15,FL001,FLEXIBLE_LOAD,0.0,3.5,0.0,0.0,0.0,0.0,True,False
2026-01-15 07:15,FL002,FLEXIBLE_LOAD,0.0,0.0,0.0,0.0,0.0,0.0,False,True
2026-01-15 07:15,FL003,FLEXIBLE_LOAD,0.0,0.0,0.0,0.0,0.0,0.0,False,True
2026-01-15 07:30,PV_H002,PV,0.0,1.166,0.0,1.166,0.0,0.291,True,True
2026-01-15 07:30,PV_H003,PV,0.0,0.99,0.0,0.99,0.0,0.248,True,True
2026-01-15 07:30,PV_H005,PV,0.0,1.004,0.0,0.0,0.0,0.0,True,False
2026-01-15 07:30,PV_H006,PV,0.0,0.674,0.0,0.674,0.0,0.168,True,True
2026-01-15 07:30,PV_H007,PV,0.0,1.274,0.0,0.0,0.0,0.0,True,False
2026-01-15 07:30,PV_H010,PV,0.0,0.981,0.0,0.0,0.0,0.0,True,False
2026-01-15 07:30,PV_H016,PV,0.0,0.705,0.0,0.705,0.0,0.176,True,True
2026-01-15 07:30,PV_H017,PV,0.0,1.156,0.0,1.156,0.0,0.289,True,True
2026-01-15 07:30,PV_H018,PV,0.0,0.715,0.0,0.715,0.0,0.179,True,True
2026-01-15 07:30,PV_H021,PV,0.0,1.592,0.0,1.592,0.0,0.398,True,True
2026-01-15 07:30,PV_H024,PV,0.0,0.649,0.0,0.649,0.0,0.162,True,True
2026-01-15 07:30,PV_H025,PV,0.0,1.212,0.0,0.0,0.0,0.0,True,False
2026-01-15 07:30,PV_H026,PV,0.0,1.2,0.0,0.0,0.0,0.0,True,False
2026-01-15 07:30,PV_H027,PV,0.0,1.189,0.0,1.189,0.0,0.297,True,True
2026-01-15 07:30,PV_H032,PV,0.0,0.978,0.0,0.0,0.0,0.0,True,False
2026-01-15 07:30,PV_H033,PV,0.0,0.794,0.0,0.794,0.0,0.198,True,True
2026-01-15 07:30,PV_H034,PV,0.0,1.2,0.0,1.2,0.0,0.3,True,True
2026-01-15 07:30,PV_H035,PV,0.0,0.912,0.0,0.912,0.0,0.228,True,True
2026-01-15 07:30,PV_H036,PV,0.0,1.176,0.0,0.0,0.0,0.0,True,False
2026-01-15 07:30,PV_H037,PV,0.0,1.047,0.0,0.0,0.0,0.0,True,False
2026-01-15 07:30,PV_H040,PV,0.0,1.37,0.0,0.0,0.0,0.0,True,False
2026-01-15 07:30,PV_H042,PV,0.0,0.861,0.0,0.861,0.0,0.215,True,True
2026-01-15 07:30,PV_H044,PV,0.0,1.01,0.0,0.0,0.0,0.0,True,False
2026-01-15 07:30,PV_H046,PV,0.0,1.452,0.0,0.0,0.0,0.0,True,False
2026-01-15 07:30,PV_H048,PV,0.0,0.985,0.0,0.0,0.0,0.0,True,False
2026-01-15 07:30,PV_H049,PV,0.0,0.928,0.0,0.928,0.0,0.232,True,True
2026-01-15 07:30,PV_H050,PV,0.0,1.169,0.0,1.169,0.0,0.292,True,True
2026-01-15 07:30,PV_H053,PV,0.0,1.456,0.0,0.0,0.0,0.0,True,False
2026-01-15 07:30,PV_H055,PV,0.0,0.839,0.0,0.839,0.0,0.21,True,True
2026-01-15 07:30,PV_H057,PV,0.0,1.448,0.0,1.448,0.0,0.362,True,True
2026-01-15 07:30,PV_H058,PV,0.0,0.981,0.0,0.981,0.0,0.245,True,True
2026-01-15 07:30,PV_H060,PV,0.0,1.81,0.0,1.81,0.0,0.452,True,True
2026-01-15 07:30,PV_H061,PV,0.0,1.022,0.0,1.022,0.0,0.256,True,True
2026-01-15 07:30,PV_H062,PV,0.0,2.039,0.0,0.0,0.0,0.0,True,False
2026-01-15 07:30,PV_H063,PV,0.0,1.3,0.0,0.0,0.0,0.0,True,False
2026-01-15 07:30,PV_H066,PV,0.0,1.371,0.0,0.0,0.0,0.0,True,False
2026-01-15 07:30,PV_H067,PV,0.0,0.837,0.0,0.837,0.0,0.209,True,True
2026-01-15 07:30,PV_H069,PV,0.0,1.09,0.0,1.09,0.0,0.273,True,True
2026-01-15 07:30,PV_H071,PV,0.0,1.476,0.0,1.476,0.0,0.369,True,True
2026-01-15 07:30,PV_H072,PV,0.0,1.629,0.0,1.629,0.0,0.407,True,True
2026-01-15 07:30,PV_H073,PV,0.0,1.21,0.0,1.21,0.0,0.303,True,True
2026-01-15 07:30,PV_H074,PV,0.0,1.333,0.0,0.0,0.0,0.0,True,False
2026-01-15 07:30,PV_H076,PV,0.0,1.584,0.0,1.584,0.0,0.396,True,True
2026-01-15 07:30,PV_H077,PV,0.0,1.562,0.0,1.562,0.0,0.391,True,True
2026-01-15 07:30,PV_H078,PV,0.0,0.858,0.0,0.0,0.0,0.0,True,False
2026-01-15 07:30,PV_H079,PV,0.0,0.941,0.0,0.941,0.0,0.235,True,True
2026-01-15 07:30,PV_H080,PV,0.0,1.324,0.0,0.0,0.0,0.0,True,False
2026-01-15 07:30,PV_H081,PV,0.0,1.291,0.0,1.291,0.0,0.323,True,True
2026-01-15 07:30,PV_H082,PV,0.0,0.84,0.0,0.84,0.0,0.21,True,True
2026-01-15 07:30,PV_H083,PV,0.0,0.964,0.0,0.964,0.0,0.241,True,True
2026-01-15 07:30,PV_H085,PV,0.0,1.23,0.0,0.0,0.0,0.0,True,False
2026-01-15 07:30,PV_H087,PV,0.0,1.472,0.0,0.0,0.0,0.0,True,False
2026-01-15 07:30,PV_H088,PV,0.0,0.671,0.0,0.0,0.0,0.0,True,False
2026-01-15 07:30,PV_H090,PV,0.0,1.468,0.0,1.468,0.0,0.367,True,True
2026-01-15 07:30,PV_H093,PV,0.0,1.619,0.0,1.619,0.0,0.405,True,True
2026-01-15 07:30,PV_H094,PV,0.0,0.894,0.0,0.894,0.0,0.224,True,True
2026-01-15 07:30,PV_H095,PV,0.0,0.864,0.0,0.0,0.0,0.0,True,False
2026-01-15 07:30,PV_H096,PV,0.0,1.318,0.0,1.318,0.0,0.329,True,True
2026-01-15 07:30,PV_H098,PV,0.0,1.029,0.0,1.029,0.0,0.257,True,True
2026-01-15 07:30,PV_H099,PV,0.0,0.942,0.0,0.0,0.0,0.0,True,False
2026-01-15 07:30,BESS_COMMUNITY_01,BESS,25.0,25.0,25.0,25.0,0.0,60.0,True,True
2026-01-15 07:30,EV_001,EV,0.0,0.0,0.0,0.0,0.0,0.0,False,True
2026-01-15 07:30,EV_002,EV,0.0,0.0,0.0,0.0,0.0,0.0,False,True
2026-01-15 07:30,EV_003,EV,0.0,0.0,0.0,0.0,0.0,0.0,False,True
2026-01-15 07:30,EV_004,EV,0.0,0.0,0.0,0.0,0.0,0.0,False,False
2026-01-15 07:30,EV_005,EV,0.0,0.0,0.0,0.0,0.0,0.0,False,True
2026-01-15 07:30,EV_006,EV,0.0,0.0,0.0,0.0,0.0,0.0,False,True
2026-01-15 07:30,EV_007,EV,0.0,0.0,0.0,0.0,0.0,0.0,False,True
2026-01-15 07:30,EV_008,EV,0.0,0.0,0.0,0.0,0.0,0.0,False,True
2026-01-15 07:30,EV_009,EV,0.0,0.0,0.0,0.0,0.0,0.0,False,True
2026-01-15 07:30,EV_010,EV,0.0,0.0,0.0,0.0,0.0,0.0,False,True
2026-01-15 07:30,EV_011,EV,0.0,0.0,0.0,0.0,0.0,0.0,False,True
2026-01-15 07:30,EV_012,EV,0.0,0.0,0.0,0.0,0.0,0.0,False,False
2026-01-15 07:30,EV_013,EV,0.0,0.0,0.0,0.0,0.0,0.0,False,False
2026-01-15 07:30,EV_014,EV,0.0,0.0,0.0,0.0,0.0,0.0,False,True
2026-01-15 07:30,EV_015,EV,0.0,0.0,0.0,0.0,0.0,0.0,False,True
2026-01-15 07:30,EV_016,EV,0.0,0.0,0.0,0.0,0.0,0.0,False,False
2026-01-15 07:30,EV_017,EV,0.0,0.0,0.0,0.0,0.0,0.0,False,False
2026-01-15 07:30,EV_018,EV,0.0,0.0,0.0,0.0,0.0,0.0,False,True
2026-01-15 07:30,EV_019,EV,0.0,0.0,0.0,0.0,0.0,0.0,False,True
2026-01-15 07:30,EV_020,EV,0.0,0.0,0.0,0.0,0.0,0.0,False,True
2026-01-15 07:30,FL001,FLEXIBLE_LOAD,0.0,3.5,0.0,0.0,0.0,0.0,True,False
2026-01-15 07:30,FL002,FLEXIBLE_LOAD,0.0,0.0,0.0,0.0,0.0,0.0,False,True
2026-01-15 07:30,FL003,FLEXIBLE_LOAD,0.0,0.0,0.0,0.0,0.0,0.0,False,True
2026-01-15 07:45,PV_H002,PV,0.0,1.381,0.0,1.381,0.0,0.345,True,True
2026-01-15 07:45,PV_H003,PV,0.0,1.182,0.0,1.182,0.0,0.295,True,True
2026-01-15 07:45,PV_H005,PV,0.0,1.213,0.0,0.0,0.0,0.0,True,False
2026-01-15 07:45,PV_H006,PV,0.0,0.8,0.0,0.8,0.0,0.2,True,True
2026-01-15 07:45,PV_H007,PV,0.0,1.509,0.0,0.0,0.0,0.0,True,False
2026-01-15 07:45,PV_H010,PV,0.0,1.164,0.0,0.0,0.0,0.0,True,False
2026-01-15 07:45,PV_H016,PV,0.0,0.845,0.0,0.845,0.0,0.211,True,True
2026-01-15 07:45,PV_H017,PV,0.0,1.339,0.0,1.339,0.0,0.335,True,True
2026-01-15 07:45,PV_H018,PV,0.0,0.881,0.0,0.881,0.0,0.22,True,True
2026-01-15 07:45,PV_H021,PV,0.0,1.922,0.0,1.922,0.0,0.481,True,True
2026-01-15 07:45,PV_H024,PV,0.0,0.743,0.0,0.743,0.0,0.186,True,True
2026-01-15 07:45,PV_H025,PV,0.0,1.435,0.0,0.0,0.0,0.0,True,False
2026-01-15 07:45,PV_H026,PV,0.0,1.4,0.0,0.0,0.0,0.0,True,False
2026-01-15 07:45,PV_H027,PV,0.0,1.414,0.0,1.414,0.0,0.354,True,True
2026-01-15 07:45,PV_H032,PV,0.0,1.137,0.0,0.0,0.0,0.0,True,False
2026-01-15 07:45,PV_H033,PV,0.0,0.933,0.0,0.933,0.0,0.233,True,True
2026-01-15 07:45,PV_H034,PV,0.0,1.435,0.0,1.435,0.0,0.359,True,True
2026-01-15 07:45,PV_H035,PV,0.0,1.06,0.0,1.06,0.0,0.265,True,True
2026-01-15 07:45,PV_H036,PV,0.0,1.398,0.0,0.0,0.0,0.0,True,False
2026-01-15 07:45,PV_H037,PV,0.0,1.235,0.0,0.0,0.0,0.0,True,False
2026-01-15 07:45,PV_H040,PV,0.0,1.615,0.0,0.0,0.0,0.0,True,False
2026-01-15 07:45,PV_H042,PV,0.0,1.008,0.0,1.008,0.0,0.252,True,True
2026-01-15 07:45,PV_H044,PV,0.0,1.217,0.0,0.0,0.0,0.0,True,False
2026-01-15 07:45,PV_H046,PV,0.0,1.669,0.0,0.0,0.0,0.0,True,False
2026-01-15 07:45,PV_H048,PV,0.0,1.196,0.0,0.0,0.0,0.0,True,False
2026-01-15 07:45,PV_H049,PV,0.0,1.101,0.0,1.101,0.0,0.275,True,True
2026-01-15 07:45,PV_H050,PV,0.0,1.418,0.0,1.418,0.0,0.354,True,True
2026-01-15 07:45,PV_H053,PV,0.0,1.671,0.0,0.0,0.0,0.0,True,False
2026-01-15 07:45,PV_H055,PV,0.0,0.995,0.0,0.995,0.0,0.249,True,True
2026-01-15 07:45,PV_H057,PV,0.0,1.723,0.0,1.723,0.0,0.431,True,True
2026-01-15 07:45,PV_H058,PV,0.0,1.173,0.0,1.173,0.0,0.293,True,True
2026-01-15 07:45,PV_H060,PV,0.0,2.129,0.0,2.129,0.0,0.532,True,True
2026-01-15 07:45,PV_H061,PV,0.0,1.198,0.0,1.198,0.0,0.299,True,True
2026-01-15 07:45,PV_H062,PV,0.0,2.43,0.0,0.0,0.0,0.0,True,False
2026-01-15 07:45,PV_H063,PV,0.0,1.54,0.0,0.0,0.0,0.0,True,False
2026-01-15 07:45,PV_H066,PV,0.0,1.667,0.0,0.0,0.0,0.0,True,False
2026-01-15 07:45,PV_H067,PV,0.0,1.028,0.0,1.028,0.0,0.257,True,True
2026-01-15 07:45,PV_H069,PV,0.0,1.3,0.0,1.3,0.0,0.325,True,True
2026-01-15 07:45,PV_H071,PV,0.0,1.734,0.0,1.734,0.0,0.433,True,True
2026-01-15 07:45,PV_H072,PV,0.0,1.935,0.0,1.935,0.0,0.484,True,True
2026-01-15 07:45,PV_H073,PV,0.0,1.413,0.0,1.413,0.0,0.353,True,True
2026-01-15 07:45,PV_H074,PV,0.0,1.583,0.0,0.0,0.0,0.0,True,False
2026-01-15 07:45,PV_H076,PV,0.0,1.882,0.0,1.882,0.0,0.471,True,True
2026-01-15 07:45,PV_H077,PV,0.0,1.845,0.0,1.845,0.0,0.461,True,True
2026-01-15 07:45,PV_H078,PV,0.0,0.99,0.0,0.0,0.0,0.0,True,False
2026-01-15 07:45,PV_H079,PV,0.0,1.111,0.0,1.111,0.0,0.278,True,True
2026-01-15 07:45,PV_H080,PV,0.0,1.624,0.0,0.0,0.0,0.0,True,False
2026-01-15 07:45,PV_H081,PV,0.0,1.503,0.0,1.503,0.0,0.376,True,True
2026-01-15 07:45,PV_H082,PV,0.0,0.975,0.0,0.975,0.0,0.244,True,True
2026-01-15 07:45,PV_H083,PV,0.0,1.162,0.0,1.162,0.0,0.29,True,True
2026-01-15 07:45,PV_H085,PV,0.0,1.414,0.0,0.0,0.0,0.0,True,False
2026-01-15 07:45,PV_H087,PV,0.0,1.725,0.0,0.0,0.0,0.0,True,False
2026-01-15 07:45,PV_H088,PV,0.0,0.788,0.0,0.0,0.0,0.0,True,False
2026-01-15 07:45,PV_H090,PV,0.0,1.665,0.0,1.665,0.0,0.416,True,True
2026-01-15 07:45,PV_H093,PV,0.0,1.933,0.0,1.933,0.0,0.483,True,True
2026-01-15 07:45,PV_H094,PV,0.0,1.073,0.0,1.073,0.0,0.268,True,True
2026-01-15 07:45,PV_H095,PV,0.0,1.039,0.0,0.0,0.0,0.0,True,False
2026-01-15 07:45,PV_H096,PV,0.0,1.581,0.0,1.581,0.0,0.395,True,True
2026-01-15 07:45,PV_H098,PV,0.0,1.226,0.0,1.226,0.0,0.306,True,True
2026-01-15 07:45,PV_H099,PV,0.0,1.131,0.0,0.0,0.0,0.0,True,False
2026-01-15 07:45,BESS_COMMUNITY_01,BESS,25.0,25.0,25.0,25.0,0.0,60.0,True,True
2026-01-15 07:45,EV_001,EV,0.0,0.0,0.0,0.0,0.0,0.0,False,True
2026-01-15 07:45,EV_002,EV,0.0,0.0,0.0,0.0,0.0,0.0,False,True
2026-01-15 07:45,EV_003,EV,0.0,0.0,0.0,0.0,0.0,0.0,False,True
2026-01-15 07:45,EV_004,EV,0.0,0.0,0.0,0.0,0.0,0.0,False,False
2026-01-15 07:45,EV_005,EV,0.0,0.0,0.0,0.0,0.0,0.0,False,True
2026-01-15 07:45,EV_006,EV,0.0,0.0,0.0,0.0,0.0,0.0,False,True
2026-01-15 07:45,EV_007,EV,0.0,0.0,0.0,0.0,0.0,0.0,False,True
2026-01-15 07:45,EV_008,EV,0.0,0.0,0.0,0.0,0.0,0.0,False,True
2026-01-15 07:45,EV_009,EV,0.0,0.0,0.0,0.0,0.0,0.0,False,True
2026-01-15 07:45,EV_010,EV,0.0,0.0,0.0,0.0,0.0,0.0,False,True
2026-01-15 07:45,EV_011,EV,0.0,0.0,0.0,0.0,0.0,0.0,False,True
2026-01-15 07:45,EV_012,EV,0.0,0.0,0.0,0.0,0.0,0.0,False,False
2026-01-15 07:45,EV_013,EV,0.0,0.0,0.0,0.0,0.0,0.0,False,False
2026-01-15 07:45,EV_014,EV,0.0,0.0,0.0,0.0,0.0,0.0,False,True
2026-01-15 07:45,EV_015,EV,0.0,0.0,0.0,0.0,0.0,0.0,False,True
2026-01-15 07:45,EV_016,EV,0.0,0.0,0.0,0.0,0.0,0.0,False,False
2026-01-15 07:45,EV_017,EV,0.0,0.0,0.0,0.0,0.0,0.0,False,False
2026-01-15 07:45,EV_018,EV,0.0,0.0,0.0,0.0,0.0,0.0,False,True
2026-01-15 07:45,EV_019,EV,0.0,0.0,0.0,0.0,0.0,0.0,False,True
2026-01-15 07:45,EV_020,EV,0.0,0.0,0.0,0.0,0.0,0.0,False,True
2026-01-15 07:45,FL001,FLEXIBLE_LOAD,0.0,3.5,0.0,0.0,0.0,0.0,True,False
2026-01-15 07:45,FL002,FLEXIBLE_LOAD,0.0,0.0,0.0,0.0,0.0,0.0,False,True
2026-01-15 07:45,FL003,FLEXIBLE_LOAD,0.0,0.0,0.0,0.0,0.0,0.0,False,True
2026-01-15 08:00,PV_H002,PV,0.0,1.618,0.0,1.618,0.0,0.405,True,True
2026-01-15 08:00,PV_H003,PV,0.0,1.306,0.0,1.306,0.0,0.327,True,True
2026-01-15 08:00,PV_H005,PV,0.0,1.379,0.0,0.0,0.0,0.0,True,False
2026-01-15 08:00,PV_H006,PV,0.0,0.93,0.0,0.93,0.0,0.233,True,True
2026-01-15 08:00,PV_H007,PV,0.0,1.653,0.0,0.0,0.0,0.0,True,False
2026-01-15 08:00,PV_H010,PV,0.0,1.324,0.0,0.0,0.0,0.0,True,False
2026-01-15 08:00,PV_H016,PV,0.0,0.945,0.0,0.945,0.0,0.236,True,True
2026-01-15 08:00,PV_H017,PV,0.0,1.576,0.0,1.576,0.0,0.394,True,True
2026-01-15 08:00,PV_H018,PV,0.0,1.009,0.0,1.009,0.0,0.252,True,True
2026-01-15 08:00,PV_H021,PV,0.0,2.16,0.0,2.16,0.0,0.54,True,True
2026-01-15 08:00,PV_H024,PV,0.0,0.856,0.0,0.856,0.0,0.214,True,True
2026-01-15 08:00,PV_H025,PV,0.0,1.663,0.0,0.0,0.0,0.0,True,False
2026-01-15 08:00,PV_H026,PV,0.0,1.619,0.0,0.0,0.0,0.0,True,False
2026-01-15 08:00,PV_H027,PV,0.0,1.611,0.0,1.611,0.0,0.403,True,True
2026-01-15 08:00,PV_H032,PV,0.0,1.335,0.0,0.0,0.0,0.0,True,False
2026-01-15 08:00,PV_H033,PV,0.0,1.075,0.0,1.075,0.0,0.269,True,True
2026-01-15 08:00,PV_H034,PV,0.0,1.622,0.0,1.622,0.0,0.405,True,True
2026-01-15 08:00,PV_H035,PV,0.0,1.225,0.0,1.225,0.0,0.306,True,True
2026-01-15 08:00,PV_H036,PV,0.0,1.603,0.0,0.0,0.0,0.0,True,False
2026-01-15 08:00,PV_H037,PV,0.0,1.423,0.0,0.0,0.0,0.0,True,False
2026-01-15 08:00,PV_H040,PV,0.0,1.867,0.0,0.0,0.0,0.0,True,False
2026-01-15 08:00,PV_H042,PV,0.0,1.163,0.0,1.163,0.0,0.291,True,True
2026-01-15 08:00,PV_H044,PV,0.0,1.402,0.0,0.0,0.0,0.0,True,False
2026-01-15 08:00,PV_H046,PV,0.0,1.953,0.0,0.0,0.0,0.0,True,False
2026-01-15 08:00,PV_H048,PV,0.0,1.349,0.0,0.0,0.0,0.0,True,False
2026-01-15 08:00,PV_H049,PV,0.0,1.279,0.0,1.279,0.0,0.32,True,True
2026-01-15 08:00,PV_H050,PV,0.0,1.649,0.0,1.649,0.0,0.412,True,True
2026-01-15 08:00,PV_H053,PV,0.0,1.986,0.0,0.0,0.0,0.0,True,False
2026-01-15 08:00,PV_H055,PV,0.0,1.139,0.0,1.139,0.0,0.285,True,True
2026-01-15 08:00,PV_H057,PV,0.0,1.975,0.0,1.975,0.0,0.494,True,True
2026-01-15 08:00,PV_H058,PV,0.0,1.384,0.0,1.384,0.0,0.346,True,True
2026-01-15 08:00,PV_H060,PV,0.0,2.441,0.0,2.441,0.0,0.61,True,True
2026-01-15 08:00,PV_H061,PV,0.0,1.399,0.0,1.399,0.0,0.35,True,True
2026-01-15 08:00,PV_H062,PV,0.0,2.725,0.0,0.0,0.0,0.0,True,False
2026-01-15 08:00,PV_H063,PV,0.0,1.781,0.0,0.0,0.0,0.0,True,False
2026-01-15 08:00,PV_H066,PV,0.0,1.904,0.0,0.0,0.0,0.0,True,False
2026-01-15 08:00,PV_H067,PV,0.0,1.177,0.0,1.177,0.0,0.294,True,True
2026-01-15 08:00,PV_H069,PV,0.0,1.478,0.0,1.478,0.0,0.37,True,True
2026-01-15 08:00,PV_H071,PV,0.0,2.014,0.0,2.014,0.0,0.503,True,True
2026-01-15 08:00,PV_H072,PV,0.0,2.173,0.0,2.173,0.0,0.543,True,True
2026-01-15 08:00,PV_H073,PV,0.0,1.665,0.0,1.665,0.0,0.416,True,True
2026-01-15 08:00,PV_H074,PV,0.0,1.782,0.0,0.0,0.0,0.0,True,False
2026-01-15 08:00,PV_H076,PV,0.0,2.192,0.0,2.192,0.0,0.548,True,True
2026-01-15 08:00,PV_H077,PV,0.0,2.109,0.0,2.109,0.0,0.527,True,True
2026-01-15 08:00,PV_H078,PV,0.0,1.127,0.0,0.0,0.0,0.0,True,False
2026-01-15 08:00,PV_H079,PV,0.0,1.286,0.0,1.286,0.0,0.322,True,True
2026-01-15 08:00,PV_H080,PV,0.0,1.824,0.0,0.0,0.0,0.0,True,False
2026-01-15 08:00,PV_H081,PV,0.0,1.723,0.0,1.723,0.0,0.431,True,True
2026-01-15 08:00,PV_H082,PV,0.0,1.138,0.0,1.138,0.0,0.284,True,True
2026-01-15 08:00,PV_H083,PV,0.0,1.318,0.0,1.318,0.0,0.33,True,True
2026-01-15 08:00,PV_H085,PV,0.0,1.663,0.0,0.0,0.0,0.0,True,False
2026-01-15 08:00,PV_H087,PV,0.0,2.016,0.0,0.0,0.0,0.0,True,False
2026-01-15 08:00,PV_H088,PV,0.0,0.912,0.0,0.0,0.0,0.0,True,False
2026-01-15 08:00,PV_H090,PV,0.0,1.997,0.0,1.997,0.0,0.499,True,True
2026-01-15 08:00,PV_H093,PV,0.0,2.238,0.0,2.238,0.0,0.559,True,True
2026-01-15 08:00,PV_H094,PV,0.0,1.215,0.0,1.215,0.0,0.304,True,True
2026-01-15 08:00,PV_H095,PV,0.0,1.168,0.0,0.0,0.0,0.0,True,False
2026-01-15 08:00,PV_H096,PV,0.0,1.868,0.0,1.868,0.0,0.467,True,True
2026-01-15 08:00,PV_H098,PV,0.0,1.358,0.0,1.358,0.0,0.34,True,True
2026-01-15 08:00,PV_H099,PV,0.0,1.326,0.0,0.0,0.0,0.0,True,False
2026-01-15 08:00,BESS_COMMUNITY_01,BESS,25.0,25.0,25.0,25.0,0.0,60.0,True,True
2026-01-15 08:00,EV_001,EV,0.0,0.0,0.0,0.0,0.0,0.0,False,True
2026-01-15 08:00,EV_002,EV,0.0,0.0,0.0,0.0,0.0,0.0,False,True
2026-01-15 08:00,EV_003,EV,0.0,0.0,0.0,0.0,0.0,0.0,False,True
2026-01-15 08:00,EV_004,EV,0.0,0.0,0.0,0.0,0.0,0.0,False,False
2026-01-15 08:00,EV_005,EV,0.0,0.0,0.0,0.0,0.0,0.0,False,True
2026-01-15 08:00,EV_006,EV,0.0,0.0,0.0,0.0,0.0,0.0,False,True
2026-01-15 08:00,EV_007,EV,0.0,0.0,0.0,0.0,0.0,0.0,False,True
2026-01-15 08:00,EV_008,EV,0.0,0.0,0.0,0.0,0.0,0.0,False,True
2026-01-15 08:00,EV_009,EV,0.0,0.0,0.0,0.0,0.0,0.0,False,True
2026-01-15 08:00,EV_010,EV,0.0,0.0,0.0,0.0,0.0,0.0,False,True
2026-01-15 08:00,EV_011,EV,0.0,0.0,0.0,0.0,0.0,0.0,False,True
2026-01-15 08:00,EV_012,EV,0.0,0.0,0.0,0.0,0.0,0.0,False,False
2026-01-15 08:00,EV_013,EV,0.0,0.0,0.0,0.0,0.0,0.0,False,False
2026-01-15 08:00,EV_014,EV,0.0,0.0,0.0,0.0,0.0,0.0,False,True
2026-01-15 08:00,EV_015,EV,0.0,0.0,0.0,0.0,0.0,0.0,False,True
2026-01-15 08:00,EV_016,EV,0.0,0.0,0.0,0.0,0.0,0.0,False,False
2026-01-15 08:00,EV_017,EV,0.0,0.0,0.0,0.0,0.0,0.0,False,False
2026-01-15 08:00,EV_018,EV,0.0,0.0,0.0,0.0,0.0,0.0,False,True
2026-01-15 08:00,EV_019,EV,0.0,0.0,0.0,0.0,0.0,0.0,False,True
2026-01-15 08:00,EV_020,EV,0.0,0.0,0.0,0.0,0.0,0.0,False,True
2026-01-15 08:00,FL001,FLEXIBLE_LOAD,0.0,0.0,0.0,0.0,0.0,0.0,False,False
2026-01-15 08:00,FL002,FLEXIBLE_LOAD,0.0,0.0,0.0,0.0,0.0,0.0,False,True
2026-01-15 08:00,FL003,FLEXIBLE_LOAD,0.0,0.0,0.0,0.0,0.0,0.0,False,True
2026-01-15 08:15,PV_H002,PV,0.0,1.83,0.0,1.83,0.0,0.458,True,True
2026-01-15 08:15,PV_H003,PV,0.0,1.529,0.0,1.529,0.0,0.382,True,True
2026-01-15 08:15,PV_H005,PV,0.0,1.588,0.0,0.0,0.0,0.0,True,False
2026-01-15 08:15,PV_H006,PV,0.0,1.03,0.0,1.03,0.0,0.258,True,True
2026-01-15 08:15,PV_H007,PV,0.0,1.946,0.0,0.0,0.0,0.0,True,False
2026-01-15 08:15,PV_H010,PV,0.0,1.491,0.0,0.0,0.0,0.0,True,False
2026-01-15 08:15,PV_H016,PV,0.0,1.087,0.0,1.087,0.0,0.272,True,True
2026-01-15 08:15,PV_H017,PV,0.0,1.773,0.0,1.773,0.0,0.443,True,True
2026-01-15 08:15,PV_H018,PV,0.0,1.147,0.0,1.147,0.0,0.287,True,True
2026-01-15 08:15,PV_H021,PV,0.0,2.458,0.0,2.458,0.0,0.614,True,True
2026-01-15 08:15,PV_H024,PV,0.0,0.962,0.0,0.962,0.0,0.24,True,True
2026-01-15 08:15,PV_H025,PV,0.0,1.933,0.0,0.0,0.0,0.0,True,False
2026-01-15 08:15,PV_H026,PV,0.0,1.837,0.0,0.0,0.0,0.0,True,False
2026-01-15 08:15,PV_H027,PV,0.0,1.84,0.0,1.84,0.0,0.46,True,True
2026-01-15 08:15,PV_H032,PV,0.0,1.517,0.0,0.0,0.0,0.0,True,False
2026-01-15 08:15,PV_H033,PV,0.0,1.222,0.0,1.222,0.0,0.306,True,True
2026-01-15 08:15,PV_H034,PV,0.0,1.853,0.0,1.853,0.0,0.463,True,True
2026-01-15 08:15,PV_H035,PV,0.0,1.392,0.0,1.392,0.0,0.348,True,True
2026-01-15 08:15,PV_H036,PV,0.0,1.784,0.0,0.0,0.0,0.0,True,False
2026-01-15 08:15,PV_H037,PV,0.0,1.535,0.0,0.0,0.0,0.0,True,False
2026-01-15 08:15,PV_H040,PV,0.0,2.099,0.0,0.0,0.0,0.0,True,False
2026-01-15 08:15,PV_H042,PV,0.0,1.328,0.0,1.328,0.0,0.332,True,True
2026-01-15 08:15,PV_H044,PV,0.0,1.629,0.0,0.0,0.0,0.0,True,False
2026-01-15 08:15,PV_H046,PV,0.0,2.239,0.0,0.0,0.0,0.0,True,False
2026-01-15 08:15,PV_H048,PV,0.0,1.573,0.0,0.0,0.0,0.0,True,False
2026-01-15 08:15,PV_H049,PV,0.0,1.415,0.0,1.415,0.0,0.354,True,True
2026-01-15 08:15,PV_H050,PV,0.0,1.802,0.0,1.802,0.0,0.45,True,True
2026-01-15 08:15,PV_H053,PV,0.0,2.196,0.0,0.0,0.0,0.0,True,False
2026-01-15 08:15,PV_H055,PV,0.0,1.302,0.0,1.302,0.0,0.325,True,True
2026-01-15 08:15,PV_H057,PV,0.0,2.256,0.0,2.256,0.0,0.564,True,True
2026-01-15 08:15,PV_H058,PV,0.0,1.53,0.0,1.53,0.0,0.382,True,True
2026-01-15 08:15,PV_H060,PV,0.0,2.758,0.0,2.758,0.0,0.69,True,True
2026-01-15 08:15,PV_H061,PV,0.0,1.564,0.0,1.564,0.0,0.391,True,True
2026-01-15 08:15,PV_H062,PV,0.0,3.11,0.0,0.0,0.0,0.0,True,False
2026-01-15 08:15,PV_H063,PV,0.0,1.954,0.0,0.0,0.0,0.0,True,False
2026-01-15 08:15,PV_H066,PV,0.0,2.156,0.0,0.0,0.0,0.0,True,False
2026-01-15 08:15,PV_H067,PV,0.0,1.263,0.0,1.263,0.0,0.316,True,True
2026-01-15 08:15,PV_H069,PV,0.0,1.69,0.0,1.69,0.0,0.423,True,True
2026-01-15 08:15,PV_H071,PV,0.0,2.242,0.0,2.242,0.0,0.56,True,True
2026-01-15 08:15,PV_H072,PV,0.0,2.522,0.0,2.522,0.0,0.63,True,True
2026-01-15 08:15,PV_H073,PV,0.0,1.834,0.0,1.834,0.0,0.459,True,True
2026-01-15 08:15,PV_H074,PV,0.0,1.986,0.0,0.0,0.0,0.0,True,False
2026-01-15 08:15,PV_H076,PV,0.0,2.493,0.0,2.493,0.0,0.623,True,True
2026-01-15 08:15,PV_H077,PV,0.0,2.333,0.0,2.333,0.0,0.583,True,True
2026-01-15 08:15,PV_H078,PV,0.0,1.307,0.0,0.0,0.0,0.0,True,False
2026-01-15 08:15,PV_H079,PV,0.0,1.467,0.0,1.467,0.0,0.367,True,True
2026-01-15 08:15,PV_H080,PV,0.0,2.116,0.0,0.0,0.0,0.0,True,False
2026-01-15 08:15,PV_H081,PV,0.0,1.948,0.0,1.948,0.0,0.487,True,True
2026-01-15 08:15,PV_H082,PV,0.0,1.267,0.0,1.267,0.0,0.317,True,True
2026-01-15 08:15,PV_H083,PV,0.0,1.475,0.0,1.475,0.0,0.369,True,True
2026-01-15 08:15,PV_H085,PV,0.0,1.95,0.0,0.0,0.0,0.0,True,False
2026-01-15 08:15,PV_H087,PV,0.0,2.231,0.0,0.0,0.0,0.0,True,False
2026-01-15 08:15,PV_H088,PV,0.0,1.047,0.0,0.0,0.0,0.0,True,False
2026-01-15 08:15,PV_H090,PV,0.0,2.273,0.0,2.273,0.0,0.568,True,True
2026-01-15 08:15,PV_H093,PV,0.0,2.482,0.0,2.482,0.0,0.621,True,True
2026-01-15 08:15,PV_H094,PV,0.0,1.399,0.0,1.399,0.0,0.35,True,True
2026-01-15 08:15,PV_H095,PV,0.0,1.336,0.0,0.0,0.0,0.0,True,False
2026-01-15 08:15,PV_H096,PV,0.0,2.052,0.0,2.052,0.0,0.513,True,True
2026-01-15 08:15,PV_H098,PV,0.0,1.593,0.0,1.593,0.0,0.398,True,True
2026-01-15 08:15,PV_H099,PV,0.0,1.469,0.0,0.0,0.0,0.0,True,False
2026-01-15 08:15,BESS_COMMUNITY_01,BESS,25.0,25.0,25.0,25.0,0.0,60.0,True,True
2026-01-15 08:15,EV_001,EV,0.0,0.0,0.0,0.0,0.0,0.0,False,True
2026-01-15 08:15,EV_002,EV,0.0,0.0,0.0,0.0,0.0,0.0,False,True
2026-01-15 08:15,EV_003,EV,0.0,0.0,0.0,0.0,0.0,0.0,False,True
2026-01-15 08:15,EV_004,EV,0.0,0.0,0.0,0.0,0.0,0.0,False,False
2026-01-15 08:15,EV_005,EV,0.0,0.0,0.0,0.0,0.0,0.0,False,True
2026-01-15 08:15,EV_006,EV,0.0,0.0,0.0,0.0,0.0,0.0,False,True
2026-01-15 08:15,EV_007,EV,0.0,0.0,0.0,0.0,0.0,0.0,False,True
2026-01-15 08:15,EV_008,EV,0.0,0.0,0.0,0.0,0.0,0.0,False,True
2026-01-15 08:15,EV_009,EV,0.0,0.0,0.0,0.0,0.0,0.0,False,True
2026-01-15 08:15,EV_010,EV,0.0,0.0,0.0,0.0,0.0,0.0,False,True
2026-01-15 08:15,EV_011,EV,0.0,0.0,0.0,0.0,0.0,0.0,False,True
2026-01-15 08:15,EV_012,EV,0.0,0.0,0.0,0.0,0.0,0.0,False,False
2026-01-15 08:15,EV_013,EV,0.0,0.0,0.0,0.0,0.0,0.0,False,False
2026-01-15 08:15,EV_014,EV,0.0,0.0,0.0,0.0,0.0,0.0,False,True
2026-01-15 08:15,EV_015,EV,0.0,0.0,0.0,0.0,0.0,0.0,False,True
2026-01-15 08:15,EV_016,EV,0.0,0.0,0.0,0.0,0.0,0.0,False,False
2026-01-15 08:15,EV_017,EV,0.0,0.0,0.0,0.0,0.0,0.0,False,False
2026-01-15 08:15,EV_018,EV,0.0,0.0,0.0,0.0,0.0,0.0,False,True
2026-01-15 08:15,EV_019,EV,0.0,0.0,0.0,0.0,0.0,0.0,False,True
2026-01-15 08:15,EV_020,EV,0.0,0.0,0.0,0.0,0.0,0.0,False,True
2026-01-15 08:15,FL001,FLEXIBLE_LOAD,0.0,0.0,0.0,0.0,0.0,0.0,False,False
2026-01-15 08:15,FL002,FLEXIBLE_LOAD,0.0,0.0,0.0,0.0,0.0,0.0,False,True
2026-01-15 08:15,FL003,FLEXIBLE_LOAD,0.0,0.0,0.0,0.0,0.0,0.0,False,True
2026-01-15 08:30,PV_H002,PV,0.0,2.027,0.0,2.027,0.0,0.507,True,True
2026-01-15 08:30,PV_H003,PV,0.0,1.67,0.0,1.67,0.0,0.418,True,True
2026-01-15 08:30,PV_H005,PV,0.0,1.776,0.0,0.0,0.0,0.0,True,False
2026-01-15 08:30,PV_H006,PV,0.0,1.144,0.0,1.144,0.0,0.286,True,True
2026-01-15 08:30,PV_H007,PV,0.0,2.19,0.0,0.0,0.0,0.0,True,False
2026-01-15 08:30,PV_H010,PV,0.0,1.641,0.0,0.0,0.0,0.0,True,False
2026-01-15 08:30,PV_H016,PV,0.0,1.218,0.0,1.218,0.0,0.304,True,True
2026-01-15 08:30,PV_H017,PV,0.0,2.011,0.0,2.011,0.0,0.503,True,True
2026-01-15 08:30,PV_H018,PV,0.0,1.254,0.0,1.254,0.0,0.313,True,True
2026-01-15 08:30,PV_H021,PV,0.0,2.796,0.0,2.796,0.0,0.699,True,True
2026-01-15 08:30,PV_H024,PV,0.0,1.077,0.0,1.077,0.0,0.269,True,True
2026-01-15 08:30,PV_H025,PV,0.0,2.086,0.0,0.0,0.0,0.0,True,False
2026-01-15 08:30,PV_H026,PV,0.0,1.966,0.0,0.0,0.0,0.0,True,False
2026-01-15 08:30,PV_H027,PV,0.0,2.067,0.0,2.067,0.0,0.517,True,True
2026-01-15 08:30,PV_H032,PV,0.0,1.676,0.0,0.0,0.0,0.0,True,False
2026-01-15 08:30,PV_H033,PV,0.0,1.359,0.0,1.359,0.0,0.34,True,True
2026-01-15 08:30,PV_H034,PV,0.0,2.055,0.0,2.055,0.0,0.514,True,True
2026-01-15 08:30,PV_H035,PV,0.0,1.518,0.0,1.518,0.0,0.38,True,True
2026-01-15 08:30,PV_H036,PV,0.0,2.056,0.0,0.0,0.0,0.0,True,False
2026-01-15 08:30,PV_H037,PV,0.0,1.722,0.0,0.0,0.0,0.0,True,False
2026-01-15 08:30,PV_H040,PV,0.0,2.324,0.0,0.0,0.0,0.0,True,False
2026-01-15 08:30,PV_H042,PV,0.0,1.502,0.0,1.502,0.0,0.375,True,True
2026-01-15 08:30,PV_H044,PV,0.0,1.782,0.0,0.0,0.0,0.0,True,False
2026-01-15 08:30,PV_H046,PV,0.0,2.398,0.0,0.0,0.0,0.0,True,False
2026-01-15 08:30,PV_H048,PV,0.0,1.705,0.0,0.0,0.0,0.0,True,False
2026-01-15 08:30,PV_H049,PV,0.0,1.619,0.0,1.619,0.0,0.405,True,True
2026-01-15 08:30,PV_H050,PV,0.0,2.05,0.0,2.05,0.0,0.512,True,True
2026-01-15 08:30,PV_H053,PV,0.0,2.477,0.0,0.0,0.0,0.0,True,False
2026-01-15 08:30,PV_H055,PV,0.0,1.439,0.0,1.439,0.0,0.36,True,True
2026-01-15 08:30,PV_H057,PV,0.0,2.47,0.0,2.47,0.0,0.617,True,True
2026-01-15 08:30,PV_H058,PV,0.0,1.642,0.0,1.642,0.0,0.41,True,True
2026-01-15 08:30,PV_H060,PV,0.0,3.072,0.0,3.072,0.0,0.768,True,True
2026-01-15 08:30,PV_H061,PV,0.0,1.725,0.0,1.725,0.0,0.431,True,True
2026-01-15 08:30,PV_H062,PV,0.0,3.417,0.0,0.0,0.0,0.0,True,False
2026-01-15 08:30,PV_H063,PV,0.0,2.233,0.0,0.0,0.0,0.0,True,False
2026-01-15 08:30,PV_H066,PV,0.0,2.361,0.0,0.0,0.0,0.0,True,False
2026-01-15 08:30,PV_H067,PV,0.0,1.474,0.0,1.474,0.0,0.369,True,True
2026-01-15 08:30,PV_H069,PV,0.0,1.925,0.0,1.925,0.0,0.481,True,True
2026-01-15 08:30,PV_H071,PV,0.0,2.587,0.0,2.587,0.0,0.647,True,True
2026-01-15 08:30,PV_H072,PV,0.0,2.792,0.0,2.792,0.0,0.698,True,True
2026-01-15 08:30,PV_H073,PV,0.0,2.095,0.0,2.095,0.0,0.524,True,True
2026-01-15 08:30,PV_H074,PV,0.0,2.244,0.0,0.0,0.0,0.0,True,False
2026-01-15 08:30,PV_H076,PV,0.0,2.699,0.0,2.699,0.0,0.675,True,True
2026-01-15 08:30,PV_H077,PV,0.0,2.659,0.0,2.659,0.0,0.665,True,True
2026-01-15 08:30,PV_H078,PV,0.0,1.461,0.0,0.0,0.0,0.0,True,False
2026-01-15 08:30,PV_H079,PV,0.0,1.625,0.0,1.625,0.0,0.406,True,True
2026-01-15 08:30,PV_H080,PV,0.0,2.379,0.0,0.0,0.0,0.0,True,False
2026-01-15 08:30,PV_H081,PV,0.0,2.127,0.0,2.127,0.0,0.532,True,True
2026-01-15 08:30,PV_H082,PV,0.0,1.407,0.0,1.407,0.0,0.352,True,True
2026-01-15 08:30,PV_H083,PV,0.0,1.646,0.0,1.646,0.0,0.412,True,True
2026-01-15 08:30,PV_H085,PV,0.0,2.101,0.0,0.0,0.0,0.0,True,False
2026-01-15 08:30,PV_H087,PV,0.0,2.538,0.0,0.0,0.0,0.0,True,False
2026-01-15 08:30,PV_H088,PV,0.0,1.185,0.0,0.0,0.0,0.0,True,False
2026-01-15 08:30,PV_H090,PV,0.0,2.449,0.0,2.449,0.0,0.612,True,True
2026-01-15 08:30,PV_H093,PV,0.0,2.758,0.0,2.758,0.0,0.689,True,True
2026-01-15 08:30,PV_H094,PV,0.0,1.55,0.0,1.55,0.0,0.388,True,True
2026-01-15 08:30,PV_H095,PV,0.0,1.486,0.0,0.0,0.0,0.0,True,False
2026-01-15 08:30,PV_H096,PV,0.0,2.346,0.0,2.346,0.0,0.587,True,True
2026-01-15 08:30,PV_H098,PV,0.0,1.807,0.0,1.807,0.0,0.452,True,True
2026-01-15 08:30,PV_H099,PV,0.0,1.634,0.0,0.0,0.0,0.0,True,False
2026-01-15 08:30,BESS_COMMUNITY_01,BESS,25.0,25.0,25.0,25.0,0.0,60.0,True,True
2026-01-15 08:30,EV_001,EV,0.0,0.0,0.0,0.0,0.0,0.0,False,True
2026-01-15 08:30,EV_002,EV,0.0,0.0,0.0,0.0,0.0,0.0,False,True
2026-01-15 08:30,EV_003,EV,0.0,0.0,0.0,0.0,0.0,0.0,False,True
2026-01-15 08:30,EV_004,EV,0.0,0.0,0.0,0.0,0.0,0.0,False,False
2026-01-15 08:30,EV_005,EV,0.0,0.0,0.0,0.0,0.0,0.0,False,True
2026-01-15 08:30,EV_006,EV,0.0,0.0,0.0,0.0,0.0,0.0,False,True
2026-01-15 08:30,EV_007,EV,0.0,0.0,0.0,0.0,0.0,0.0,False,True
2026-01-15 08:30,EV_008,EV,0.0,0.0,0.0,0.0,0.0,0.0,False,True
2026-01-15 08:30,EV_009,EV,0.0,0.0,0.0,0.0,0.0,0.0,False,True
2026-01-15 08:30,EV_010,EV,0.0,0.0,0.0,0.0,0.0,0.0,False,True
2026-01-15 08:30,EV_011,EV,0.0,0.0,0.0,0.0,0.0,0.0,False,True
2026-01-15 08:30,EV_012,EV,0.0,0.0,0.0,0.0,0.0,0.0,False,False
2026-01-15 08:30,EV_013,EV,0.0,0.0,0.0,0.0,0.0,0.0,False,False
2026-01-15 08:30,EV_014,EV,0.0,0.0,0.0,0.0,0.0,0.0,False,True
2026-01-15 08:30,EV_015,EV,0.0,0.0,0.0,0.0,0.0,0.0,False,True
2026-01-15 08:30,EV_016,EV,0.0,0.0,0.0,0.0,0.0,0.0,False,False
2026-01-15 08:30,EV_017,EV,0.0,0.0,0.0,0.0,0.0,0.0,False,False
2026-01-15 08:30,EV_018,EV,0.0,0.0,0.0,0.0,0.0,0.0,False,True
2026-01-15 08:30,EV_019,EV,0.0,0.0,0.0,0.0,0.0,0.0,False,True
2026-01-15 08:30,EV_020,EV,0.0,0.0,0.0,0.0,0.0,0.0,False,True
2026-01-15 08:30,FL001,FLEXIBLE_LOAD,0.0,0.0,0.0,0.0,0.0,0.0,False,False
2026-01-15 08:30,FL002,FLEXIBLE_LOAD,0.0,0.0,0.0,0.0,0.0,0.0,False,True
2026-01-15 08:30,FL003,FLEXIBLE_LOAD,0.0,0.0,0.0,0.0,0.0,0.0,False,True
2026-01-15 08:45,PV_H002,PV,0.0,2.219,0.0,2.219,0.0,0.555,True,True
2026-01-15 08:45,PV_H003,PV,0.0,1.861,0.0,1.861,0.0,0.465,True,True
2026-01-15 08:45,PV_H005,PV,0.0,1.902,0.0,0.0,0.0,0.0,True,False
2026-01-15 08:45,PV_H006,PV,0.0,1.272,0.0,1.272,0.0,0.318,True,True
2026-01-15 08:45,PV_H007,PV,0.0,2.44,0.0,0.0,0.0,0.0,True,False
2026-01-15 08:45,PV_H010,PV,0.0,1.866,0.0,0.0,0.0,0.0,True,False
2026-01-15 08:45,PV_H016,PV,0.0,1.295,0.0,1.295,0.0,0.324,True,True
2026-01-15 08:45,PV_H017,PV,0.0,2.202,0.0,2.202,0.0,0.55,True,True
2026-01-15 08:45,PV_H018,PV,0.0,1.414,0.0,1.414,0.0,0.353,True,True
2026-01-15 08:45,PV_H021,PV,0.0,3.035,0.0,3.035,0.0,0.759,True,True
2026-01-15 08:45,PV_H024,PV,0.0,1.188,0.0,1.188,0.0,0.297,True,True
2026-01-15 08:45,PV_H025,PV,0.0,2.312,0.0,0.0,0.0,0.0,True,False
2026-01-15 08:45,PV_H026,PV,0.0,2.215,0.0,0.0,0.0,0.0,True,False
2026-01-15 08:45,PV_H027,PV,0.0,2.181,0.0,2.181,0.0,0.545,True,True
2026-01-15 08:45,PV_H032,PV,0.0,1.805,0.0,0.0,0.0,0.0,True,False
2026-01-15 08:45,PV_H033,PV,0.0,1.526,0.0,1.526,0.0,0.381,True,True
2026-01-15 08:45,PV_H034,PV,0.0,2.265,0.0,2.265,0.0,0.566,True,True
2026-01-15 08:45,PV_H035,PV,0.0,1.716,0.0,1.716,0.0,0.429,True,True
2026-01-15 08:45,PV_H036,PV,0.0,2.234,0.0,0.0,0.0,0.0,True,False
2026-01-15 08:45,PV_H037,PV,0.0,1.94,0.0,0.0,0.0,0.0,True,False
2026-01-15 08:45,PV_H040,PV,0.0,2.558,0.0,0.0,0.0,0.0,True,False
2026-01-15 08:45,PV_H042,PV,0.0,1.655,0.0,1.655,0.0,0.414,True,True
2026-01-15 08:45,PV_H044,PV,0.0,1.914,0.0,0.0,0.0,0.0,True,False
2026-01-15 08:45,PV_H046,PV,0.0,2.607,0.0,0.0,0.0,0.0,True,False
2026-01-15 08:45,PV_H048,PV,0.0,1.918,0.0,0.0,0.0,0.0,True,False
2026-01-15 08:45,PV_H049,PV,0.0,1.75,0.0,1.75,0.0,0.438,True,True
2026-01-15 08:45,PV_H050,PV,0.0,2.231,0.0,2.231,0.0,0.558,True,True
2026-01-15 08:45,PV_H053,PV,0.0,2.731,0.0,0.0,0.0,0.0,True,False
2026-01-15 08:45,PV_H055,PV,0.0,1.586,0.0,1.586,0.0,0.396,True,True
2026-01-15 08:45,PV_H057,PV,0.0,2.709,0.0,2.709,0.0,0.677,True,True
2026-01-15 08:45,PV_H058,PV,0.0,1.849,0.0,1.849,0.0,0.462,True,True
2026-01-15 08:45,PV_H060,PV,0.0,3.345,0.0,3.345,0.0,0.836,True,True
2026-01-15 08:45,PV_H061,PV,0.0,1.896,0.0,1.896,0.0,0.474,True,True
2026-01-15 08:45,PV_H062,PV,0.0,3.84,0.0,0.0,0.0,0.0,True,False
2026-01-15 08:45,PV_H063,PV,0.0,2.411,0.0,0.0,0.0,0.0,True,False
2026-01-15 08:45,PV_H066,PV,0.0,2.602,0.0,0.0,0.0,0.0,True,False
2026-01-15 08:45,PV_H067,PV,0.0,1.565,0.0,1.565,0.0,0.391,True,True
2026-01-15 08:45,PV_H069,PV,0.0,2.073,0.0,2.073,0.0,0.518,True,True
2026-01-15 08:45,PV_H071,PV,0.0,2.692,0.0,2.692,0.0,0.673,True,True
2026-01-15 08:45,PV_H072,PV,0.0,3.04,0.0,3.04,0.0,0.76,True,True
2026-01-15 08:45,PV_H073,PV,0.0,2.262,0.0,2.262,0.0,0.566,True,True
2026-01-15 08:45,PV_H074,PV,0.0,2.476,0.0,0.0,0.0,0.0,True,False
2026-01-15 08:45,PV_H076,PV,0.0,2.979,0.0,2.979,0.0,0.745,True,True
2026-01-15 08:45,PV_H077,PV,0.0,2.86,0.0,2.86,0.0,0.715,True,True
2026-01-15 08:45,PV_H078,PV,0.0,1.53,0.0,0.0,0.0,0.0,True,False
2026-01-15 08:45,PV_H079,PV,0.0,1.788,0.0,1.788,0.0,0.447,True,True
2026-01-15 08:45,PV_H080,PV,0.0,2.463,0.0,0.0,0.0,0.0,True,False
2026-01-15 08:45,PV_H081,PV,0.0,2.458,0.0,2.458,0.0,0.614,True,True
2026-01-15 08:45,PV_H082,PV,0.0,1.573,0.0,1.573,0.0,0.393,True,True
2026-01-15 08:45,PV_H083,PV,0.0,1.839,0.0,1.839,0.0,0.46,True,True
2026-01-15 08:45,PV_H085,PV,0.0,2.272,0.0,0.0,0.0,0.0,True,False
2026-01-15 08:45,PV_H087,PV,0.0,2.772,0.0,0.0,0.0,0.0,True,False
2026-01-15 08:45,PV_H088,PV,0.0,1.237,0.0,0.0,0.0,0.0,True,False
2026-01-15 08:45,PV_H090,PV,0.0,2.703,0.0,2.703,0.0,0.676,True,True
2026-01-15 08:45,PV_H093,PV,0.0,3.041,0.0,3.041,0.0,0.76,True,True
2026-01-15 08:45,PV_H094,PV,0.0,1.692,0.0,1.692,0.0,0.423,True,True
2026-01-15 08:45,PV_H095,PV,0.0,1.668,0.0,0.0,0.0,0.0,True,False
2026-01-15 08:45,PV_H096,PV,0.0,2.544,0.0,2.544,0.0,0.636,True,True
2026-01-15 08:45,PV_H098,PV,0.0,1.946,0.0,1.946,0.0,0.487,True,True
2026-01-15 08:45,PV_H099,PV,0.0,1.789,0.0,0.0,0.0,0.0,True,False
2026-01-15 08:45,BESS_COMMUNITY_01,BESS,25.0,25.0,25.0,25.0,0.0,60.0,True,True
2026-01-15 08:45,EV_001,EV,0.0,0.0,0.0,0.0,0.0,0.0,False,True
2026-01-15 08:45,EV_002,EV,0.0,0.0,0.0,0.0,0.0,0.0,False,True
2026-01-15 08:45,EV_003,EV,0.0,0.0,0.0,0.0,0.0,0.0,False,True
2026-01-15 08:45,EV_004,EV,0.0,0.0,0.0,0.0,0.0,0.0,False,False
2026-01-15 08:45,EV_005,EV,0.0,0.0,0.0,0.0,0.0,0.0,False,True
2026-01-15 08:45,EV_006,EV,0.0,0.0,0.0,0.0,0.0,0.0,False,True
2026-01-15 08:45,EV_007,EV,0.0,0.0,0.0,0.0,0.0,0.0,False,True
2026-01-15 08:45,EV_008,EV,0.0,0.0,0.0,0.0,0.0,0.0,False,True
2026-01-15 08:45,EV_009,EV,0.0,0.0,0.0,0.0,0.0,0.0,False,True
2026-01-15 08:45,EV_010,EV,0.0,0.0,0.0,0.0,0.0,0.0,False,True
2026-01-15 08:45,EV_011,EV,0.0,0.0,0.0,0.0,0.0,0.0,False,True
2026-01-15 08:45,EV_012,EV,0.0,0.0,0.0,0.0,0.0,0.0,False,False
2026-01-15 08:45,EV_013,EV,0.0,0.0,0.0,0.0,0.0,0.0,False,False
2026-01-15 08:45,EV_014,EV,0.0,0.0,0.0,0.0,0.0,0.0,False,True
2026-01-15 08:45,EV_015,EV,0.0,0.0,0.0,0.0,0.0,0.0,False,True
2026-01-15 08:45,EV_016,EV,0.0,0.0,0.0,0.0,0.0,0.0,False,False
2026-01-15 08:45,EV_017,EV,0.0,0.0,0.0,0.0,0.0,0.0,False,False
2026-01-15 08:45,EV_018,EV,0.0,0.0,0.0,0.0,0.0,0.0,False,True
2026-01-15 08:45,EV_019,EV,0.0,0.0,0.0,0.0,0.0,0.0,False,True
2026-01-15 08:45,EV_020,EV,0.0,0.0,0.0,0.0,0.0,0.0,False,True
2026-01-15 08:45,FL001,FLEXIBLE_LOAD,0.0,0.0,0.0,0.0,0.0,0.0,False,False
2026-01-15 08:45,FL002,FLEXIBLE_LOAD,0.0,0.0,0.0,0.0,0.0,0.0,False,True
2026-01-15 08:45,FL003,FLEXIBLE_LOAD,0.0,0.0,0.0,0.0,0.0,0.0,False,True
2026-01-15 09:00,PV_H002,PV,0.0,2.395,0.0,2.395,0.0,0.599,True,True
2026-01-15 09:00,PV_H003,PV,0.0,1.944,0.0,1.944,0.0,0.486,True,True
2026-01-15 09:00,PV_H005,PV,0.0,2.129,0.0,0.0,0.0,0.0,True,False
2026-01-15 09:00,PV_H006,PV,0.0,1.431,0.0,1.431,0.0,0.358,True,True
2026-01-15 09:00,PV_H007,PV,0.0,2.549,0.0,0.0,0.0,0.0,True,False
2026-01-15 09:00,PV_H010,PV,0.0,2.039,0.0,0.0,0.0,0.0,True,False
2026-01-15 09:00,PV_H016,PV,0.0,1.46,0.0,1.46,0.0,0.365,True,True
2026-01-15 09:00,PV_H017,PV,0.0,2.389,0.0,2.389,0.0,0.597,True,True
2026-01-15 09:00,PV_H018,PV,0.0,1.487,0.0,1.487,0.0,0.372,True,True
2026-01-15 09:00,PV_H021,PV,0.0,3.278,0.0,3.278,0.0,0.82,True,True
2026-01-15 09:00,PV_H024,PV,0.0,1.25,0.0,1.25,0.0,0.312,True,True
2026-01-15 09:00,PV_H025,PV,0.0,2.465,0.0,0.0,0.0,0.0,True,False
2026-01-15 09:00,PV_H026,PV,0.0,2.426,0.0,0.0,0.0,0.0,True,False
2026-01-15 09:00,PV_H027,PV,0.0,2.411,0.0,2.411,0.0,0.603,True,True
2026-01-15 09:00,PV_H032,PV,0.0,2.011,0.0,0.0,0.0,0.0,True,False
2026-01-15 09:00,PV_H033,PV,0.0,1.578,0.0,1.578,0.0,0.395,True,True
2026-01-15 09:00,PV_H034,PV,0.0,2.487,0.0,2.487,0.0,0.622,True,True
2026-01-15 09:00,PV_H035,PV,0.0,1.772,0.0,1.772,0.0,0.443,True,True
2026-01-15 09:00,PV_H036,PV,0.0,2.415,0.0,0.0,0.0,0.0,True,False
2026-01-15 09:00,PV_H037,PV,0.0,2.104,0.0,0.0,0.0,0.0,True,False
2026-01-15 09:00,PV_H040,PV,0.0,2.748,0.0,0.0,0.0,0.0,True,False
2026-01-15 09:00,PV_H042,PV,0.0,1.789,0.0,1.789,0.0,0.447,True,True
2026-01-15 09:00,PV_H044,PV,0.0,2.134,0.0,0.0,0.0,0.0,True,False
2026-01-15 09:00,PV_H046,PV,0.0,2.935,0.0,0.0,0.0,0.0,True,False
2026-01-15 09:00,PV_H048,PV,0.0,2.01,0.0,0.0,0.0,0.0,True,False
2026-01-15 09:00,PV_H049,PV,0.0,1.897,0.0,1.897,0.0,0.474,True,True
2026-01-15 09:00,PV_H050,PV,0.0,2.434,0.0,2.434,0.0,0.609,True,True
2026-01-15 09:00,PV_H053,PV,0.0,2.955,0.0,0.0,0.0,0.0,True,False
2026-01-15 09:00,PV_H055,PV,0.0,1.736,0.0,1.736,0.0,0.434,True,True
2026-01-15 09:00,PV_H057,PV,0.0,2.931,0.0,2.931,0.0,0.733,True,True
2026-01-15 09:00,PV_H058,PV,0.0,1.963,0.0,1.963,0.0,0.491,True,True
2026-01-15 09:00,PV_H060,PV,0.0,3.694,0.0,3.694,0.0,0.923,True,True
2026-01-15 09:00,PV_H061,PV,0.0,2.075,0.0,2.075,0.0,0.519,True,True
2026-01-15 09:00,PV_H062,PV,0.0,4.166,0.0,0.0,0.0,0.0,True,False
2026-01-15 09:00,PV_H063,PV,0.0,2.622,0.0,0.0,0.0,0.0,True,False
2026-01-15 09:00,PV_H066,PV,0.0,2.774,0.0,0.0,0.0,0.0,True,False
2026-01-15 09:00,PV_H067,PV,0.0,1.723,0.0,1.723,0.0,0.431,True,True
2026-01-15 09:00,PV_H069,PV,0.0,2.257,0.0,2.257,0.0,0.564,True,True
2026-01-15 09:00,PV_H071,PV,0.0,3.032,0.0,3.032,0.0,0.758,True,True
2026-01-15 09:00,PV_H072,PV,0.0,3.223,0.0,3.223,0.0,0.806,True,True
2026-01-15 09:00,PV_H073,PV,0.0,2.53,0.0,2.53,0.0,0.632,True,True
2026-01-15 09:00,PV_H074,PV,0.0,2.716,0.0,0.0,0.0,0.0,True,False
2026-01-15 09:00,PV_H076,PV,0.0,3.229,0.0,3.229,0.0,0.807,True,True
2026-01-15 09:00,PV_H077,PV,0.0,3.07,0.0,3.07,0.0,0.768,True,True
2026-01-15 09:00,PV_H078,PV,0.0,1.682,0.0,0.0,0.0,0.0,True,False
2026-01-15 09:00,PV_H079,PV,0.0,1.931,0.0,1.931,0.0,0.483,True,True
2026-01-15 09:00,PV_H080,PV,0.0,2.744,0.0,0.0,0.0,0.0,True,False
2026-01-15 09:00,PV_H081,PV,0.0,2.626,0.0,2.626,0.0,0.656,True,True
2026-01-15 09:00,PV_H082,PV,0.0,1.715,0.0,1.715,0.0,0.429,True,True
2026-01-15 09:00,PV_H083,PV,0.0,1.929,0.0,1.929,0.0,0.482,True,True
2026-01-15 09:00,PV_H085,PV,0.0,2.513,0.0,0.0,0.0,0.0,True,False
2026-01-15 09:00,PV_H087,PV,0.0,3.053,0.0,0.0,0.0,0.0,True,False
2026-01-15 09:00,PV_H088,PV,0.0,1.357,0.0,0.0,0.0,0.0,True,False
2026-01-15 09:00,PV_H090,PV,0.0,3.028,0.0,3.028,0.0,0.757,True,True
2026-01-15 09:00,PV_H093,PV,0.0,3.306,0.0,3.306,0.0,0.826,True,True
2026-01-15 09:00,PV_H094,PV,0.0,1.849,0.0,1.849,0.0,0.462,True,True
2026-01-15 09:00,PV_H095,PV,0.0,1.753,0.0,0.0,0.0,0.0,True,False
2026-01-15 09:00,PV_H096,PV,0.0,2.873,0.0,2.873,0.0,0.718,True,True
2026-01-15 09:00,PV_H098,PV,0.0,2.065,0.0,2.065,0.0,0.516,True,True
2026-01-15 09:00,PV_H099,PV,0.0,2.051,0.0,0.0,0.0,0.0,True,False
2026-01-15 09:00,BESS_COMMUNITY_01,BESS,25.0,25.0,25.0,25.0,0.0,60.0,True,True
2026-01-15 09:00,EV_001,EV,0.0,0.0,0.0,0.0,0.0,0.0,False,True
2026-01-15 09:00,EV_002,EV,0.0,0.0,0.0,0.0,0.0,0.0,False,True
2026-01-15 09:00,EV_003,EV,0.0,0.0,0.0,0.0,0.0,0.0,False,True
2026-01-15 09:00,EV_004,EV,0.0,0.0,0.0,0.0,0.0,0.0,False,False
2026-01-15 09:00,EV_005,EV,0.0,0.0,0.0,0.0,0.0,0.0,False,True
2026-01-15 09:00,EV_006,EV,0.0,0.0,0.0,0.0,0.0,0.0,False,True
2026-01-15 09:00,EV_007,EV,0.0,0.0,0.0,0.0,0.0,0.0,False,True
2026-01-15 09:00,EV_008,EV,0.0,0.0,0.0,0.0,0.0,0.0,False,True
2026-01-15 09:00,EV_009,EV,0.0,0.0,0.0,0.0,0.0,0.0,False,True
2026-01-15 09:00,EV_010,EV,0.0,0.0,0.0,0.0,0.0,0.0,False,True
2026-01-15 09:00,EV_011,EV,0.0,0.0,0.0,0.0,0.0,0.0,False,True
2026-01-15 09:00,EV_012,EV,0.0,0.0,0.0,0.0,0.0,0.0,False,False
2026-01-15 09:00,EV_013,EV,0.0,0.0,0.0,0.0,0.0,0.0,False,False
2026-01-15 09:00,EV_014,EV,0.0,0.0,0.0,0.0,0.0,0.0,False,True
2026-01-15 09:00,EV_015,EV,0.0,0.0,0.0,0.0,0.0,0.0,False,True
2026-01-15 09:00,EV_016,EV,0.0,0.0,0.0,0.0,0.0,0.0,False,False
2026-01-15 09:00,EV_017,EV,0.0,0.0,0.0,0.0,0.0,0.0,False,False
2026-01-15 09:00,EV_018,EV,0.0,0.0,0.0,0.0,0.0,0.0,False,True
2026-01-15 09:00,EV_019,EV,0.0,0.0,0.0,0.0,0.0,0.0,False,True
2026-01-15 09:00,EV_020,EV,0.0,0.0,0.0,0.0,0.0,0.0,False,True
2026-01-15 09:00,FL001,FLEXIBLE_LOAD,0.0,0.0,0.0,0.0,0.0,0.0,False,False
2026-01-15 09:00,FL002,FLEXIBLE_LOAD,0.0,10.0,0.0,10.0,10.0,2.5,True,True
2026-01-15 09:00,FL003,FLEXIBLE_LOAD,0.0,0.0,0.0,0.0,0.0,0.0,False,True
2026-01-15 09:15,PV_H002,PV,0.0,2.601,0.0,2.601,0.0,0.65,True,True
2026-01-15 09:15,PV_H003,PV,0.0,2.174,0.0,2.174,0.0,0.544,True,True
2026-01-15 09:15,PV_H005,PV,0.0,2.313,0.0,0.0,0.0,0.0,True,False
2026-01-15 09:15,PV_H006,PV,0.0,1.479,0.0,1.479,0.0,0.37,True,True
2026-01-15 09:15,PV_H007,PV,0.0,2.832,0.0,0.0,0.0,0.0,True,False
2026-01-15 09:15,PV_H010,PV,0.0,2.182,0.0,0.0,0.0,0.0,True,False
2026-01-15 09:15,PV_H016,PV,0.0,1.556,0.0,1.556,0.0,0.389,True,True
2026-01-15 09:15,PV_H017,PV,0.0,2.53,0.0,2.53,0.0,0.633,True,True
2026-01-15 09:15,PV_H018,PV,0.0,1.59,0.0,1.59,0.0,0.398,True,True
2026-01-15 09:15,PV_H021,PV,0.0,3.492,0.0,3.492,0.0,0.873,True,True
2026-01-15 09:15,PV_H024,PV,0.0,1.393,0.0,1.393,0.0,0.348,True,True
2026-01-15 09:15,PV_H025,PV,0.0,2.711,0.0,0.0,0.0,0.0,True,False
2026-01-15 09:15,PV_H026,PV,0.0,2.672,0.0,0.0,0.0,0.0,True,False
2026-01-15 09:15,PV_H027,PV,0.0,2.62,0.0,2.62,0.0,0.655,True,True
2026-01-15 09:15,PV_H032,PV,0.0,2.102,0.0,0.0,0.0,0.0,True,False
2026-01-15 09:15,PV_H033,PV,0.0,1.717,0.0,1.717,0.0,0.429,True,True
2026-01-15 09:15,PV_H034,PV,0.0,2.622,0.0,2.622,0.0,0.655,True,True
2026-01-15 09:15,PV_H035,PV,0.0,1.942,0.0,1.942,0.0,0.485,True,True
2026-01-15 09:15,PV_H036,PV,0.0,2.527,0.0,0.0,0.0,0.0,True,False
2026-01-15 09:15,PV_H037,PV,0.0,2.236,0.0,0.0,0.0,0.0,True,False
2026-01-15 09:15,PV_H040,PV,0.0,3.031,0.0,0.0,0.0,0.0,True,False
2026-01-15 09:15,PV_H042,PV,0.0,1.895,0.0,1.895,0.0,0.474,True,True
2026-01-15 09:15,PV_H044,PV,0.0,2.279,0.0,0.0,0.0,0.0,True,False
2026-01-15 09:15,PV_H046,PV,0.0,3.101,0.0,0.0,0.0,0.0,True,False
2026-01-15 09:15,PV_H048,PV,0.0,2.227,0.0,0.0,0.0,0.0,True,False
2026-01-15 09:15,PV_H049,PV,0.0,2.042,0.0,2.042,0.0,0.51,True,True
2026-01-15 09:15,PV_H050,PV,0.0,2.556,0.0,2.556,0.0,0.639,True,True
2026-01-15 09:15,PV_H053,PV,0.0,3.151,0.0,0.0,0.0,0.0,True,False
2026-01-15 09:15,PV_H055,PV,0.0,1.817,0.0,1.817,0.0,0.454,True,True
2026-01-15 09:15,PV_H057,PV,0.0,3.054,0.0,3.054,0.0,0.763,True,True
2026-01-15 09:15,PV_H058,PV,0.0,2.094,0.0,2.094,0.0,0.523,True,True
2026-01-15 09:15,PV_H060,PV,0.0,3.868,0.0,3.868,0.0,0.967,True,True
2026-01-15 09:15,PV_H061,PV,0.0,2.275,0.0,2.275,0.0,0.569,True,True
2026-01-15 09:15,PV_H062,PV,0.0,4.388,0.0,0.0,0.0,0.0,True,False
2026-01-15 09:15,PV_H063,PV,0.0,2.711,0.0,0.0,0.0,0.0,True,False
2026-01-15 09:15,PV_H066,PV,0.0,3.045,0.0,0.0,0.0,0.0,True,False
2026-01-15 09:15,PV_H067,PV,0.0,1.88,0.0,1.88,0.0,0.47,True,True
2026-01-15 09:15,PV_H069,PV,0.0,2.363,0.0,2.363,0.0,0.591,True,True
2026-01-15 09:15,PV_H071,PV,0.0,3.196,0.0,3.196,0.0,0.799,True,True
2026-01-15 09:15,PV_H072,PV,0.0,3.486,0.0,3.486,0.0,0.871,True,True
2026-01-15 09:15,PV_H073,PV,0.0,2.676,0.0,2.676,0.0,0.669,True,True
2026-01-15 09:15,PV_H074,PV,0.0,2.997,0.0,0.0,0.0,0.0,True,False
2026-01-15 09:15,PV_H076,PV,0.0,3.469,0.0,3.469,0.0,0.867,True,True
2026-01-15 09:15,PV_H077,PV,0.0,3.257,0.0,3.257,0.0,0.814,True,True
2026-01-15 09:15,PV_H078,PV,0.0,1.853,0.0,0.0,0.0,0.0,True,False
2026-01-15 09:15,PV_H079,PV,0.0,2.048,0.0,2.048,0.0,0.512,True,True
2026-01-15 09:15,PV_H080,PV,0.0,2.973,0.0,0.0,0.0,0.0,True,False
2026-01-15 09:15,PV_H081,PV,0.0,2.806,0.0,2.806,0.0,0.702,True,True
2026-01-15 09:15,PV_H082,PV,0.0,1.802,0.0,1.802,0.0,0.45,True,True
2026-01-15 09:15,PV_H083,PV,0.0,2.104,0.0,2.104,0.0,0.526,True,True
2026-01-15 09:15,PV_H085,PV,0.0,2.697,0.0,0.0,0.0,0.0,True,False
2026-01-15 09:15,PV_H087,PV,0.0,3.268,0.0,0.0,0.0,0.0,True,False
2026-01-15 09:15,PV_H088,PV,0.0,1.439,0.0,0.0,0.0,0.0,True,False
2026-01-15 09:15,PV_H090,PV,0.0,3.203,0.0,3.203,0.0,0.801,True,True
2026-01-15 09:15,PV_H093,PV,0.0,3.493,0.0,3.493,0.0,0.873,True,True
2026-01-15 09:15,PV_H094,PV,0.0,1.984,0.0,1.984,0.0,0.496,True,True
2026-01-15 09:15,PV_H095,PV,0.0,1.922,0.0,0.0,0.0,0.0,True,False
2026-01-15 09:15,PV_H096,PV,0.0,2.959,0.0,2.959,0.0,0.74,True,True
2026-01-15 09:15,PV_H098,PV,0.0,2.217,0.0,2.217,0.0,0.554,True,True
2026-01-15 09:15,PV_H099,PV,0.0,2.091,0.0,0.0,0.0,0.0,True,False
2026-01-15 09:15,BESS_COMMUNITY_01,BESS,25.0,25.0,25.0,25.0,0.0,60.0,True,True
2026-01-15 09:15,EV_001,EV,0.0,0.0,0.0,0.0,0.0,0.0,False,True
2026-01-15 09:15,EV_002,EV,0.0,0.0,0.0,0.0,0.0,0.0,False,True
2026-01-15 09:15,EV_003,EV,0.0,0.0,0.0,0.0,0.0,0.0,False,True
2026-01-15 09:15,EV_004,EV,0.0,0.0,0.0,0.0,0.0,0.0,False,False
2026-01-15 09:15,EV_005,EV,0.0,0.0,0.0,0.0,0.0,0.0,False,True
2026-01-15 09:15,EV_006,EV,0.0,0.0,0.0,0.0,0.0,0.0,False,True
2026-01-15 09:15,EV_007,EV,0.0,0.0,0.0,0.0,0.0,0.0,False,True
2026-01-15 09:15,EV_008,EV,0.0,0.0,0.0,0.0,0.0,0.0,False,True
2026-01-15 09:15,EV_009,EV,0.0,0.0,0.0,0.0,0.0,0.0,False,True
2026-01-15 09:15,EV_010,EV,0.0,0.0,0.0,0.0,0.0,0.0,False,True
2026-01-15 09:15,EV_011,EV,0.0,0.0,0.0,0.0,0.0,0.0,False,True
2026-01-15 09:15,EV_012,EV,0.0,0.0,0.0,0.0,0.0,0.0,False,False
2026-01-15 09:15,EV_013,EV,0.0,0.0,0.0,0.0,0.0,0.0,False,False
2026-01-15 09:15,EV_014,EV,0.0,0.0,0.0,0.0,0.0,0.0,False,True
2026-01-15 09:15,EV_015,EV,0.0,0.0,0.0,0.0,0.0,0.0,False,True
2026-01-15 09:15,EV_016,EV,0.0,0.0,0.0,0.0,0.0,0.0,False,False
2026-01-15 09:15,EV_017,EV,0.0,0.0,0.0,0.0,0.0,0.0,False,False
2026-01-15 09:15,EV_018,EV,0.0,0.0,0.0,0.0,0.0,0.0,False,True
2026-01-15 09:15,EV_019,EV,0.0,0.0,0.0,0.0,0.0,0.0,False,True
2026-01-15 09:15,EV_020,EV,0.0,0.0,0.0,0.0,0.0,0.0,False,True
2026-01-15 09:15,FL001,FLEXIBLE_LOAD,0.0,0.0,0.0,0.0,0.0,0.0,False,False
2026-01-15 09:15,FL002,FLEXIBLE_LOAD,0.0,10.0,0.0,10.0,10.0,2.5,True,True
2026-01-15 09:15,FL003,FLEXIBLE_LOAD,0.0,0.0,0.0,0.0,0.0,0.0,False,True
2026-01-15 09:30,PV_H002,PV,0.0,2.737,0.0,2.737,0.0,0.684,True,True
2026-01-15 09:30,PV_H003,PV,0.0,2.359,0.0,2.359,0.0,0.59,True,True
2026-01-15 09:30,PV_H005,PV,0.0,2.372,0.0,0.0,0.0,0.0,True,False
2026-01-15 09:30,PV_H006,PV,0.0,1.618,0.0,1.618,0.0,0.405,True,True
2026-01-15 09:30,PV_H007,PV,0.0,2.925,0.0,0.0,0.0,0.0,True,False
2026-01-15 09:30,PV_H010,PV,0.0,2.263,0.0,0.0,0.0,0.0,True,False
2026-01-15 09:30,PV_H016,PV,0.0,1.649,0.0,1.649,0.0,0.412,True,True
2026-01-15 09:30,PV_H017,PV,0.0,2.67,0.0,2.67,0.0,0.667,True,True
2026-01-15 09:30,PV_H018,PV,0.0,1.684,0.0,1.684,0.0,0.421,True,True
2026-01-15 09:30,PV_H021,PV,0.0,3.74,0.0,3.74,0.0,0.935,True,True
2026-01-15 09:30,PV_H024,PV,0.0,1.438,0.0,1.438,0.0,0.359,True,True
2026-01-15 09:30,PV_H025,PV,0.0,2.829,0.0,0.0,0.0,0.0,True,False
2026-01-15 09:30,PV_H026,PV,0.0,2.751,0.0,0.0,0.0,0.0,True,False
2026-01-15 09:30,PV_H027,PV,0.0,2.76,0.0,2.76,0.0,0.69,True,True
2026-01-15 09:30,PV_H032,PV,0.0,2.281,0.0,0.0,0.0,0.0,True,False
2026-01-15 09:30,PV_H033,PV,0.0,1.892,0.0,1.892,0.0,0.473,True,True
2026-01-15 09:30,PV_H034,PV,0.0,2.862,0.0,2.862,0.0,0.716,True,True
2026-01-15 09:30,PV_H035,PV,0.0,2.087,0.0,2.087,0.0,0.522,True,True
2026-01-15 09:30,PV_H036,PV,0.0,2.696,0.0,0.0,0.0,0.0,True,False
2026-01-15 09:30,PV_H037,PV,0.0,2.483,0.0,0.0,0.0,0.0,True,False
2026-01-15 09:30,PV_H040,PV,0.0,3.217,0.0,0.0,0.0,0.0,True,False
2026-01-15 09:30,PV_H042,PV,0.0,1.958,0.0,1.958,0.0,0.489,True,True
2026-01-15 09:30,PV_H044,PV,0.0,2.402,0.0,0.0,0.0,0.0,True,False
2026-01-15 09:30,PV_H046,PV,0.0,3.25,0.0,0.0,0.0,0.0,True,False
2026-01-15 09:30,PV_H048,PV,0.0,2.305,0.0,0.0,0.0,0.0,True,False
2026-01-15 09:30,PV_H049,PV,0.0,2.184,0.0,2.184,0.0,0.546,True,True
2026-01-15 09:30,PV_H050,PV,0.0,2.732,0.0,2.732,0.0,0.683,True,True
2026-01-15 09:30,PV_H053,PV,0.0,3.313,0.0,0.0,0.0,0.0,True,False
2026-01-15 09:30,PV_H055,PV,0.0,1.913,0.0,1.913,0.0,0.478,True,True
2026-01-15 09:30,PV_H057,PV,0.0,3.383,0.0,3.383,0.0,0.846,True,True
2026-01-15 09:30,PV_H058,PV,0.0,2.307,0.0,2.307,0.0,0.577,True,True
2026-01-15 09:30,PV_H060,PV,0.0,4.263,0.0,4.263,0.0,1.066,True,True
2026-01-15 09:30,PV_H061,PV,0.0,2.403,0.0,2.403,0.0,0.601,True,True
2026-01-15 09:30,PV_H062,PV,0.0,4.662,0.0,0.0,0.0,0.0,True,False
2026-01-15 09:30,PV_H063,PV,0.0,3.025,0.0,0.0,0.0,0.0,True,False
2026-01-15 09:30,PV_H066,PV,0.0,3.2,0.0,0.0,0.0,0.0,True,False
2026-01-15 09:30,PV_H067,PV,0.0,1.975,0.0,1.975,0.0,0.494,True,True
2026-01-15 09:30,PV_H069,PV,0.0,2.557,0.0,2.557,0.0,0.639,True,True
2026-01-15 09:30,PV_H071,PV,0.0,3.42,0.0,3.42,0.0,0.855,True,True
2026-01-15 09:30,PV_H072,PV,0.0,3.71,0.0,3.71,0.0,0.927,True,True
2026-01-15 09:30,PV_H073,PV,0.0,2.819,0.0,2.819,0.0,0.705,True,True
2026-01-15 09:30,PV_H074,PV,0.0,3.053,0.0,0.0,0.0,0.0,True,False
2026-01-15 09:30,PV_H076,PV,0.0,3.676,0.0,3.676,0.0,0.919,True,True
2026-01-15 09:30,PV_H077,PV,0.0,3.662,0.0,3.662,0.0,0.916,True,True
2026-01-15 09:30,PV_H078,PV,0.0,1.949,0.0,0.0,0.0,0.0,True,False
2026-01-15 09:30,PV_H079,PV,0.0,2.204,0.0,2.204,0.0,0.551,True,True
2026-01-15 09:30,PV_H080,PV,0.0,3.198,0.0,0.0,0.0,0.0,True,False
2026-01-15 09:30,PV_H081,PV,0.0,2.99,0.0,2.99,0.0,0.747,True,True
2026-01-15 09:30,PV_H082,PV,0.0,1.899,0.0,1.899,0.0,0.475,True,True
2026-01-15 09:30,PV_H083,PV,0.0,2.266,0.0,2.266,0.0,0.567,True,True
2026-01-15 09:30,PV_H085,PV,0.0,2.883,0.0,0.0,0.0,0.0,True,False
2026-01-15 09:30,PV_H087,PV,0.0,3.562,0.0,0.0,0.0,0.0,True,False
2026-01-15 09:30,PV_H088,PV,0.0,1.566,0.0,0.0,0.0,0.0,True,False
2026-01-15 09:30,PV_H090,PV,0.0,3.373,0.0,3.373,0.0,0.843,True,True
2026-01-15 09:30,PV_H093,PV,0.0,3.84,0.0,3.84,0.0,0.96,True,True
2026-01-15 09:30,PV_H094,PV,0.0,2.07,0.0,2.07,0.0,0.518,True,True
2026-01-15 09:30,PV_H095,PV,0.0,2.054,0.0,0.0,0.0,0.0,True,False
2026-01-15 09:30,PV_H096,PV,0.0,3.03,0.0,3.03,0.0,0.757,True,True
2026-01-15 09:30,PV_H098,PV,0.0,2.352,0.0,2.352,0.0,0.588,True,True
2026-01-15 09:30,PV_H099,PV,0.0,2.238,0.0,0.0,0.0,0.0,True,False
2026-01-15 09:30,BESS_COMMUNITY_01,BESS,25.0,25.0,25.0,25.0,0.0,60.0,True,True
2026-01-15 09:30,EV_001,EV,0.0,0.0,0.0,0.0,0.0,0.0,False,True
2026-01-15 09:30,EV_002,EV,0.0,0.0,0.0,0.0,0.0,0.0,False,True
2026-01-15 09:30,EV_003,EV,0.0,0.0,0.0,0.0,0.0,0.0,False,True
2026-01-15 09:30,EV_004,EV,0.0,0.0,0.0,0.0,0.0,0.0,False,False
2026-01-15 09:30,EV_005,EV,0.0,0.0,0.0,0.0,0.0,0.0,False,True
2026-01-15 09:30,EV_006,EV,0.0,0.0,0.0,0.0,0.0,0.0,False,True
2026-01-15 09:30,EV_007,EV,0.0,0.0,0.0,0.0,0.0,0.0,False,True
2026-01-15 09:30,EV_008,EV,0.0,0.0,0.0,0.0,0.0,0.0,False,True
2026-01-15 09:30,EV_009,EV,0.0,0.0,0.0,0.0,0.0,0.0,False,True
2026-01-15 09:30,EV_010,EV,0.0,0.0,0.0,0.0,0.0,0.0,False,True
2026-01-15 09:30,EV_011,EV,0.0,0.0,0.0,0.0,0.0,0.0,False,True
2026-01-15 09:30,EV_012,EV,0.0,0.0,0.0,0.0,0.0,0.0,False,False
2026-01-15 09:30,EV_013,EV,0.0,0.0,0.0,0.0,0.0,0.0,False,False
2026-01-15 09:30,EV_014,EV,0.0,0.0,0.0,0.0,0.0,0.0,False,True
2026-01-15 09:30,EV_015,EV,0.0,0.0,0.0,0.0,0.0,0.0,False,True
2026-01-15 09:30,EV_016,EV,0.0,0.0,0.0,0.0,0.0,0.0,False,False
2026-01-15 09:30,EV_017,EV,0.0,0.0,0.0,0.0,0.0,0.0,False,False
2026-01-15 09:30,EV_018,EV,0.0,0.0,0.0,0.0,0.0,0.0,False,True
2026-01-15 09:30,EV_019,EV,0.0,0.0,0.0,0.0,0.0,0.0,False,True
2026-01-15 09:30,EV_020,EV,0.0,0.0,0.0,0.0,0.0,0.0,False,True
2026-01-15 09:30,FL001,FLEXIBLE_LOAD,0.0,0.0,0.0,0.0,0.0,0.0,False,False
2026-01-15 09:30,FL002,FLEXIBLE_LOAD,0.0,10.0,0.0,10.0,10.0,2.5,True,True
2026-01-15 09:30,FL003,FLEXIBLE_LOAD,0.0,0.0,0.0,0.0,0.0,0.0,False,True
2026-01-15 09:45,PV_H002,PV,0.0,2.927,0.0,2.927,0.0,0.732,True,True
2026-01-15 09:45,PV_H003,PV,0.0,2.467,0.0,2.467,0.0,0.617,True,True
2026-01-15 09:45,PV_H005,PV,0.0,2.496,0.0,0.0,0.0,0.0,True,False
2026-01-15 09:45,PV_H006,PV,0.0,1.659,0.0,1.659,0.0,0.415,True,True
2026-01-15 09:45,PV_H007,PV,0.0,3.18,0.0,0.0,0.0,0.0,True,False
2026-01-15 09:45,PV_H010,PV,0.0,2.396,0.0,0.0,0.0,0.0,True,False
2026-01-15 09:45,PV_H016,PV,0.0,1.773,0.0,1.773,0.0,0.443,True,True
2026-01-15 09:45,PV_H017,PV,0.0,2.912,0.0,2.912,0.0,0.728,True,True
2026-01-15 09:45,PV_H018,PV,0.0,1.814,0.0,1.814,0.0,0.454,True,True
2026-01-15 09:45,PV_H021,PV,0.0,4.062,0.0,4.062,0.0,1.016,True,True
2026-01-15 09:45,PV_H024,PV,0.0,1.552,0.0,1.552,0.0,0.388,True,True
2026-01-15 09:45,PV_H025,PV,0.0,3.003,0.0,0.0,0.0,0.0,True,False
2026-01-15 09:45,PV_H026,PV,0.0,2.925,0.0,0.0,0.0,0.0,True,False
2026-01-15 09:45,PV_H027,PV,0.0,3.055,0.0,3.055,0.0,0.764,True,True
2026-01-15 09:45,PV_H032,PV,0.0,2.375,0.0,0.0,0.0,0.0,True,False
2026-01-15 09:45,PV_H033,PV,0.0,1.943,0.0,1.943,0.0,0.486,True,True
2026-01-15 09:45,PV_H034,PV,0.0,2.936,0.0,2.936,0.0,0.734,True,True
2026-01-15 09:45,PV_H035,PV,0.0,2.207,0.0,2.207,0.0,0.552,True,True
2026-01-15 09:45,PV_H036,PV,0.0,2.792,0.0,0.0,0.0,0.0,True,False
2026-01-15 09:45,PV_H037,PV,0.0,2.548,0.0,0.0,0.0,0.0,True,False
2026-01-15 09:45,PV_H040,PV,0.0,3.431,0.0,0.0,0.0,0.0,True,False
2026-01-15 09:45,PV_H042,PV,0.0,2.084,0.0,2.084,0.0,0.521,True,True
2026-01-15 09:45,PV_H044,PV,0.0,2.514,0.0,0.0,0.0,0.0,True,False
2026-01-15 09:45,PV_H046,PV,0.0,3.447,0.0,0.0,0.0,0.0,True,False
2026-01-15 09:45,PV_H048,PV,0.0,2.462,0.0,0.0,0.0,0.0,True,False
2026-01-15 09:45,PV_H049,PV,0.0,2.272,0.0,2.272,0.0,0.568,True,True
2026-01-15 09:45,PV_H050,PV,0.0,2.969,0.0,2.969,0.0,0.742,True,True
2026-01-15 09:45,PV_H053,PV,0.0,3.557,0.0,0.0,0.0,0.0,True,False
2026-01-15 09:45,PV_H055,PV,0.0,2.029,0.0,2.029,0.0,0.507,True,True
2026-01-15 09:45,PV_H057,PV,0.0,3.532,0.0,3.532,0.0,0.883,True,True
2026-01-15 09:45,PV_H058,PV,0.0,2.405,0.0,2.405,0.0,0.601,True,True
2026-01-15 09:45,PV_H060,PV,0.0,4.318,0.0,4.318,0.0,1.08,True,True
2026-01-15 09:45,PV_H061,PV,0.0,2.529,0.0,2.529,0.0,0.632,True,True
2026-01-15 09:45,PV_H062,PV,0.0,4.944,0.0,0.0,0.0,0.0,True,False
2026-01-15 09:45,PV_H063,PV,0.0,3.196,0.0,0.0,0.0,0.0,True,False
2026-01-15 09:45,PV_H066,PV,0.0,3.425,0.0,0.0,0.0,0.0,True,False
2026-01-15 09:45,PV_H067,PV,0.0,2.126,0.0,2.126,0.0,0.531,True,True
2026-01-15 09:45,PV_H069,PV,0.0,2.665,0.0,2.665,0.0,0.666,True,True
2026-01-15 09:45,PV_H071,PV,0.0,3.622,0.0,3.622,0.0,0.905,True,True
2026-01-15 09:45,PV_H072,PV,0.0,4.015,0.0,4.015,0.0,1.004,True,True
2026-01-15 09:45,PV_H073,PV,0.0,2.977,0.0,2.977,0.0,0.744,True,True
2026-01-15 09:45,PV_H074,PV,0.0,3.386,0.0,0.0,0.0,0.0,True,False
2026-01-15 09:45,PV_H076,PV,0.0,3.886,0.0,3.886,0.0,0.971,True,True
2026-01-15 09:45,PV_H077,PV,0.0,3.82,0.0,3.82,0.0,0.955,True,True
2026-01-15 09:45,PV_H078,PV,0.0,2.047,0.0,0.0,0.0,0.0,True,False
2026-01-15 09:45,PV_H079,PV,0.0,2.31,0.0,2.31,0.0,0.577,True,True
2026-01-15 09:45,PV_H080,PV,0.0,3.291,0.0,0.0,0.0,0.0,True,False
2026-01-15 09:45,PV_H081,PV,0.0,3.16,0.0,3.16,0.0,0.79,True,True
2026-01-15 09:45,PV_H082,PV,0.0,2.005,0.0,2.005,0.0,0.501,True,True
2026-01-15 09:45,PV_H083,PV,0.0,2.395,0.0,2.395,0.0,0.599,True,True
2026-01-15 09:45,PV_H085,PV,0.0,3.079,0.0,0.0,0.0,0.0,True,False
2026-01-15 09:45,PV_H087,PV,0.0,3.646,0.0,0.0,0.0,0.0,True,False
2026-01-15 09:45,PV_H088,PV,0.0,1.631,0.0,0.0,0.0,0.0,True,False
2026-01-15 09:45,PV_H090,PV,0.0,3.597,0.0,3.597,0.0,0.899,True,True
2026-01-15 09:45,PV_H093,PV,0.0,4.075,0.0,4.075,0.0,1.019,True,True
2026-01-15 09:45,PV_H094,PV,0.0,2.243,0.0,2.243,0.0,0.561,True,True
2026-01-15 09:45,PV_H095,PV,0.0,2.104,0.0,0.0,0.0,0.0,True,False
2026-01-15 09:45,PV_H096,PV,0.0,3.384,0.0,3.384,0.0,0.846,True,True
2026-01-15 09:45,PV_H098,PV,0.0,2.492,0.0,2.492,0.0,0.623,True,True
2026-01-15 09:45,PV_H099,PV,0.0,2.417,0.0,0.0,0.0,0.0,True,False
2026-01-15 09:45,BESS_COMMUNITY_01,BESS,25.0,25.0,25.0,25.0,0.0,60.0,True,True
2026-01-15 09:45,EV_001,EV,0.0,0.0,0.0,0.0,0.0,0.0,False,True
2026-01-15 09:45,EV_002,EV,0.0,0.0,0.0,0.0,0.0,0.0,False,True
2026-01-15 09:45,EV_003,EV,0.0,0.0,0.0,0.0,0.0,0.0,False,True
2026-01-15 09:45,EV_004,EV,0.0,0.0,0.0,0.0,0.0,0.0,False,False
2026-01-15 09:45,EV_005,EV,0.0,0.0,0.0,0.0,0.0,0.0,False,True
2026-01-15 09:45,EV_006,EV,0.0,0.0,0.0,0.0,0.0,0.0,False,True
2026-01-15 09:45,EV_007,EV,0.0,0.0,0.0,0.0,0.0,0.0,False,True
2026-01-15 09:45,EV_008,EV,0.0,0.0,0.0,0.0,0.0,0.0,False,True
2026-01-15 09:45,EV_009,EV,0.0,0.0,0.0,0.0,0.0,0.0,False,True
2026-01-15 09:45,EV_010,EV,0.0,0.0,0.0,0.0,0.0,0.0,False,True
2026-01-15 09:45,EV_011,EV,0.0,0.0,0.0,0.0,0.0,0.0,False,True
2026-01-15 09:45,EV_012,EV,0.0,0.0,0.0,0.0,0.0,0.0,False,False
2026-01-15 09:45,EV_013,EV,0.0,0.0,0.0,0.0,0.0,0.0,False,False
2026-01-15 09:45,EV_014,EV,0.0,0.0,0.0,0.0,0.0,0.0,False,True
2026-01-15 09:45,EV_015,EV,0.0,0.0,0.0,0.0,0.0,0.0,False,True
2026-01-15 09:45,EV_016,EV,0.0,0.0,0.0,0.0,0.0,0.0,False,False
2026-01-15 09:45,EV_017,EV,0.0,0.0,0.0,0.0,0.0,0.0,False,False
2026-01-15 09:45,EV_018,EV,0.0,0.0,0.0,0.0,0.0,0.0,False,True
2026-01-15 09:45,EV_019,EV,0.0,0.0,0.0,0.0,0.0,0.0,False,True
2026-01-15 09:45,EV_020,EV,0.0,0.0,0.0,0.0,0.0,0.0,False,True
2026-01-15 09:45,FL001,FLEXIBLE_LOAD,0.0,0.0,0.0,0.0,0.0,0.0,False,False
2026-01-15 09:45,FL002,FLEXIBLE_LOAD,0.0,10.0,0.0,10.0,10.0,2.5,True,True
2026-01-15 09:45,FL003,FLEXIBLE_LOAD,0.0,0.0,0.0,0.0,0.0,0.0,False,True
2026-01-15 10:00,PV_H002,PV,0.0,3.001,0.0,3.001,0.0,0.75,True,True
2026-01-15 10:00,PV_H003,PV,0.0,2.501,0.0,2.501,0.0,0.625,True,True
2026-01-15 10:00,PV_H005,PV,0.0,2.66,0.0,0.0,0.0,0.0,True,False
2026-01-15 10:00,PV_H006,PV,0.0,1.72,0.0,1.72,0.0,0.43,True,True
2026-01-15 10:00,PV_H007,PV,0.0,3.284,0.0,0.0,0.0,0.0,True,False
2026-01-15 10:00,PV_H010,PV,0.0,2.524,0.0,0.0,0.0,0.0,True,False
2026-01-15 10:00,PV_H016,PV,0.0,1.81,0.0,1.81,0.0,0.452,True,True
2026-01-15 10:00,PV_H017,PV,0.0,2.981,0.0,2.981,0.0,0.745,True,True
2026-01-15 10:00,PV_H018,PV,0.0,1.939,0.0,1.939,0.0,0.485,True,True
2026-01-15 10:00,PV_H021,PV,0.0,4.254,0.0,4.254,0.0,1.063,True,True
2026-01-15 10:00,PV_H024,PV,0.0,1.612,0.0,1.612,0.0,0.403,True,True
2026-01-15 10:00,PV_H025,PV,0.0,3.17,0.0,0.0,0.0,0.0,True,False
2026-01-15 10:00,PV_H026,PV,0.0,3.088,0.0,0.0,0.0,0.0,True,False
2026-01-15 10:00,PV_H027,PV,0.0,3.077,0.0,3.077,0.0,0.769,True,True
2026-01-15 10:00,PV_H032,PV,0.0,2.462,0.0,0.0,0.0,0.0,True,False
2026-01-15 10:00,PV_H033,PV,0.0,2.002,0.0,2.002,0.0,0.501,True,True
2026-01-15 10:00,PV_H034,PV,0.0,3.121,0.0,3.121,0.0,0.78,True,True
2026-01-15 10:00,PV_H035,PV,0.0,2.307,0.0,2.307,0.0,0.577,True,True
2026-01-15 10:00,PV_H036,PV,0.0,3.038,0.0,0.0,0.0,0.0,True,False
2026-01-15 10:00,PV_H037,PV,0.0,2.612,0.0,0.0,0.0,0.0,True,False
2026-01-15 10:00,PV_H040,PV,0.0,3.616,0.0,0.0,0.0,0.0,True,False
2026-01-15 10:00,PV_H042,PV,0.0,2.231,0.0,2.231,0.0,0.558,True,True
2026-01-15 10:00,PV_H044,PV,0.0,2.637,0.0,0.0,0.0,0.0,True,False
2026-01-15 10:00,PV_H046,PV,0.0,3.657,0.0,0.0,0.0,0.0,True,False
2026-01-15 10:00,PV_H048,PV,0.0,2.593,0.0,0.0,0.0,0.0,True,False
2026-01-15 10:00,PV_H049,PV,0.0,2.341,0.0,2.341,0.0,0.585,True,True
2026-01-15 10:00,PV_H050,PV,0.0,3.044,0.0,3.044,0.0,0.761,True,True
2026-01-15 10:00,PV_H053,PV,0.0,3.612,0.0,0.0,0.0,0.0,True,False
2026-01-15 10:00,PV_H055,PV,0.0,2.175,0.0,2.175,0.0,0.544,True,True
2026-01-15 10:00,PV_H057,PV,0.0,3.7,0.0,3.7,0.0,0.925,True,True
2026-01-15 10:00,PV_H058,PV,0.0,2.506,0.0,2.506,0.0,0.626,True,True
2026-01-15 10:00,PV_H060,PV,0.0,4.574,0.0,4.574,0.0,1.143,True,True
2026-01-15 10:00,PV_H061,PV,0.0,2.638,0.0,2.638,0.0,0.66,True,True
2026-01-15 10:00,PV_H062,PV,0.0,5.259,0.0,0.0,0.0,0.0,True,False
2026-01-15 10:00,PV_H063,PV,0.0,3.235,0.0,0.0,0.0,0.0,True,False
2026-01-15 10:00,PV_H066,PV,0.0,3.564,0.0,0.0,0.0,0.0,True,False
2026-01-15 10:00,PV_H067,PV,0.0,2.156,0.0,2.156,0.0,0.539,True,True
2026-01-15 10:00,PV_H069,PV,0.0,2.871,0.0,2.871,0.0,0.718,True,True
2026-01-15 10:00,PV_H071,PV,0.0,3.796,0.0,3.796,0.0,0.949,True,True
2026-01-15 10:00,PV_H072,PV,0.0,4.204,0.0,4.204,0.0,1.051,True,True
2026-01-15 10:00,PV_H073,PV,0.0,3.176,0.0,3.176,0.0,0.794,True,True
2026-01-15 10:00,PV_H074,PV,0.0,3.424,0.0,0.0,0.0,0.0,True,False
2026-01-15 10:00,PV_H076,PV,0.0,4.118,0.0,4.118,0.0,1.029,True,True
2026-01-15 10:00,PV_H077,PV,0.0,3.959,0.0,3.959,0.0,0.99,True,True
2026-01-15 10:00,PV_H078,PV,0.0,2.158,0.0,0.0,0.0,0.0,True,False
2026-01-15 10:00,PV_H079,PV,0.0,2.482,0.0,2.482,0.0,0.621,True,True
2026-01-15 10:00,PV_H080,PV,0.0,3.492,0.0,0.0,0.0,0.0,True,False
2026-01-15 10:00,PV_H081,PV,0.0,3.324,0.0,3.324,0.0,0.831,True,True
2026-01-15 10:00,PV_H082,PV,0.0,2.132,0.0,2.132,0.0,0.533,True,True
2026-01-15 10:00,PV_H083,PV,0.0,2.462,0.0,2.462,0.0,0.616,True,True
2026-01-15 10:00,PV_H085,PV,0.0,3.217,0.0,0.0,0.0,0.0,True,False
2026-01-15 10:00,PV_H087,PV,0.0,3.796,0.0,0.0,0.0,0.0,True,False
2026-01-15 10:00,PV_H088,PV,0.0,1.717,0.0,0.0,0.0,0.0,True,False
2026-01-15 10:00,PV_H090,PV,0.0,3.761,0.0,3.761,0.0,0.94,True,True
2026-01-15 10:00,PV_H093,PV,0.0,4.111,0.0,4.111,0.0,1.028,True,True
2026-01-15 10:00,PV_H094,PV,0.0,2.388,0.0,2.388,0.0,0.597,True,True
2026-01-15 10:00,PV_H095,PV,0.0,2.294,0.0,0.0,0.0,0.0,True,False
2026-01-15 10:00,PV_H096,PV,0.0,3.456,0.0,3.456,0.0,0.864,True,True
2026-01-15 10:00,PV_H098,PV,0.0,2.575,0.0,2.575,0.0,0.644,True,True
2026-01-15 10:00,PV_H099,PV,0.0,2.481,0.0,0.0,0.0,0.0,True,False
2026-01-15 10:00,BESS_COMMUNITY_01,BESS,25.0,25.0,25.0,25.0,0.0,60.0,True,True
2026-01-15 10:00,EV_001,EV,0.0,0.0,0.0,0.0,0.0,0.0,False,True
2026-01-15 10:00,EV_002,EV,0.0,0.0,0.0,0.0,0.0,0.0,False,True
2026-01-15 10:00,EV_003,EV,0.0,0.0,0.0,0.0,0.0,0.0,False,True
2026-01-15 10:00,EV_004,EV,0.0,0.0,0.0,0.0,0.0,0.0,False,False
2026-01-15 10:00,EV_005,EV,0.0,0.0,0.0,0.0,0.0,0.0,False,True
2026-01-15 10:00,EV_006,EV,0.0,0.0,0.0,0.0,0.0,0.0,False,True
2026-01-15 10:00,EV_007,EV,0.0,0.0,0.0,0.0,0.0,0.0,False,True
2026-01-15 10:00,EV_008,EV,0.0,0.0,0.0,0.0,0.0,0.0,False,True
2026-01-15 10:00,EV_009,EV,0.0,0.0,0.0,0.0,0.0,0.0,False,True
2026-01-15 10:00,EV_010,EV,0.0,0.0,0.0,0.0,0.0,0.0,False,True
2026-01-15 10:00,EV_011,EV,0.0,0.0,0.0,0.0,0.0,0.0,False,True
2026-01-15 10:00,EV_012,EV,0.0,0.0,0.0,0.0,0.0,0.0,False,False
2026-01-15 10:00,EV_013,EV,0.0,0.0,0.0,0.0,0.0,0.0,False,False
2026-01-15 10:00,EV_014,EV,0.0,0.0,0.0,0.0,0.0,0.0,False,True
2026-01-15 10:00,EV_015,EV,0.0,0.0,0.0,0.0,0.0,0.0,False,True
2026-01-15 10:00,EV_016,EV,0.0,0.0,0.0,0.0,0.0,0.0,False,False
2026-01-15 10:00,EV_017,EV,0.0,0.0,0.0,0.0,0.0,0.0,False,False
2026-01-15 10:00,EV_018,EV,0.0,0.0,0.0,0.0,0.0,0.0,False,True
2026-01-15 10:00,EV_019,EV,0.0,0.0,0.0,0.0,0.0,0.0,False,True
2026-01-15 10:00,EV_020,EV,0.0,0.0,0.0,0.0,0.0,0.0,False,True
2026-01-15 10:00,FL001,FLEXIBLE_LOAD,0.0,0.0,0.0,0.0,0.0,0.0,False,False
2026-01-15 10:00,FL002,FLEXIBLE_LOAD,0.0,10.0,0.0,10.0,10.0,2.5,True,True
2026-01-15 10:00,FL003,FLEXIBLE_LOAD,0.0,0.0,0.0,0.0,0.0,0.0,False,True
2026-01-15 10:15,PV_H002,PV,0.0,3.166,0.0,3.166,0.0,0.791,True,True
2026-01-15 10:15,PV_H003,PV,0.0,2.646,0.0,2.646,0.0,0.662,True,True
2026-01-15 10:15,PV_H005,PV,0.0,2.751,0.0,0.0,0.0,0.0,True,False
2026-01-15 10:15,PV_H006,PV,0.0,1.834,0.0,1.834,0.0,0.458,True,True
2026-01-15 10:15,PV_H007,PV,0.0,3.36,0.0,0.0,0.0,0.0,True,False
2026-01-15 10:15,PV_H010,PV,0.0,2.639,0.0,0.0,0.0,0.0,True,False
2026-01-15 10:15,PV_H016,PV,0.0,1.905,0.0,1.905,0.0,0.476,True,True
2026-01-15 10:15,PV_H017,PV,0.0,3.156,0.0,3.156,0.0,0.789,True,True
2026-01-15 10:15,PV_H018,PV,0.0,1.98,0.0,1.98,0.0,0.495,True,True
2026-01-15 10:15,PV_H021,PV,0.0,4.378,0.0,4.378,0.0,1.094,True,True
2026-01-15 10:15,PV_H024,PV,0.0,1.723,0.0,1.723,0.0,0.431,True,True
2026-01-15 10:15,PV_H025,PV,0.0,3.365,0.0,0.0,0.0,0.0,True,False
2026-01-15 10:15,PV_H026,PV,0.0,3.119,0.0,0.0,0.0,0.0,True,False
2026-01-15 10:15,PV_H027,PV,0.0,3.19,0.0,3.19,0.0,0.797,True,True
2026-01-15 10:15,PV_H032,PV,0.0,2.578,0.0,0.0,0.0,0.0,True,False
2026-01-15 10:15,PV_H033,PV,0.0,2.074,0.0,2.074,0.0,0.519,True,True
2026-01-15 10:15,PV_H034,PV,0.0,3.205,0.0,3.205,0.0,0.801,True,True
2026-01-15 10:15,PV_H035,PV,0.0,2.349,0.0,2.349,0.0,0.587,True,True
2026-01-15 10:15,PV_H036,PV,0.0,3.055,0.0,0.0,0.0,0.0,True,False
2026-01-15 10:15,PV_H037,PV,0.0,2.761,0.0,0.0,0.0,0.0,True,False
2026-01-15 10:15,PV_H040,PV,0.0,3.777,0.0,0.0,0.0,0.0,True,False
2026-01-15 10:15,PV_H042,PV,0.0,2.372,0.0,2.372,0.0,0.593,True,True
2026-01-15 10:15,PV_H044,PV,0.0,2.792,0.0,0.0,0.0,0.0,True,False
2026-01-15 10:15,PV_H046,PV,0.0,3.836,0.0,0.0,0.0,0.0,True,False
2026-01-15 10:15,PV_H048,PV,0.0,2.713,0.0,0.0,0.0,0.0,True,False
2026-01-15 10:15,PV_H049,PV,0.0,2.47,0.0,2.47,0.0,0.618,True,True
2026-01-15 10:15,PV_H050,PV,0.0,3.227,0.0,3.227,0.0,0.807,True,True
2026-01-15 10:15,PV_H053,PV,0.0,3.954,0.0,0.0,0.0,0.0,True,False
2026-01-15 10:15,PV_H055,PV,0.0,2.264,0.0,2.264,0.0,0.566,True,True
2026-01-15 10:15,PV_H057,PV,0.0,3.954,0.0,3.954,0.0,0.989,True,True
2026-01-15 10:15,PV_H058,PV,0.0,2.613,0.0,2.613,0.0,0.653,True,True
2026-01-15 10:15,PV_H060,PV,0.0,4.874,0.0,4.874,0.0,1.218,True,True
2026-01-15 10:15,PV_H061,PV,0.0,2.752,0.0,2.752,0.0,0.688,True,True
2026-01-15 10:15,PV_H062,PV,0.0,5.391,0.0,0.0,0.0,0.0,True,False
2026-01-15 10:15,PV_H063,PV,0.0,3.463,0.0,0.0,0.0,0.0,True,False
2026-01-15 10:15,PV_H066,PV,0.0,3.71,0.0,0.0,0.0,0.0,True,False
2026-01-15 10:15,PV_H067,PV,0.0,2.254,0.0,2.254,0.0,0.564,True,True
2026-01-15 10:15,PV_H069,PV,0.0,2.889,0.0,2.889,0.0,0.722,True,True
2026-01-15 10:15,PV_H071,PV,0.0,3.968,0.0,3.968,0.0,0.992,True,True
2026-01-15 10:15,PV_H072,PV,0.0,4.328,0.0,4.328,0.0,1.082,True,True
2026-01-15 10:15,PV_H073,PV,0.0,3.308,0.0,3.308,0.0,0.827,True,True
2026-01-15 10:15,PV_H074,PV,0.0,3.582,0.0,0.0,0.0,0.0,True,False
2026-01-15 10:15,PV_H076,PV,0.0,4.311,0.0,4.311,0.0,1.078,True,True
2026-01-15 10:15,PV_H077,PV,0.0,4.148,0.0,4.148,0.0,1.037,True,True
2026-01-15 10:15,PV_H078,PV,0.0,2.334,0.0,0.0,0.0,0.0,True,False
2026-01-15 10:15,PV_H079,PV,0.0,2.505,0.0,2.505,0.0,0.626,True,True
2026-01-15 10:15,PV_H080,PV,0.0,3.659,0.0,0.0,0.0,0.0,True,False
2026-01-15 10:15,PV_H081,PV,0.0,3.518,0.0,3.518,0.0,0.879,True,True
2026-01-15 10:15,PV_H082,PV,0.0,2.236,0.0,2.236,0.0,0.559,True,True
2026-01-15 10:15,PV_H083,PV,0.0,2.527,0.0,2.527,0.0,0.632,True,True
2026-01-15 10:15,PV_H085,PV,0.0,3.345,0.0,0.0,0.0,0.0,True,False
2026-01-15 10:15,PV_H087,PV,0.0,3.966,0.0,0.0,0.0,0.0,True,False
2026-01-15 10:15,PV_H088,PV,0.0,1.788,0.0,0.0,0.0,0.0,True,False
2026-01-15 10:15,PV_H090,PV,0.0,3.909,0.0,3.909,0.0,0.977,True,True
2026-01-15 10:15,PV_H093,PV,0.0,4.38,0.0,4.38,0.0,1.095,True,True
2026-01-15 10:15,PV_H094,PV,0.0,2.457,0.0,2.457,0.0,0.614,True,True
2026-01-15 10:15,PV_H095,PV,0.0,2.337,0.0,0.0,0.0,0.0,True,False
2026-01-15 10:15,PV_H096,PV,0.0,3.614,0.0,3.614,0.0,0.903,True,True
2026-01-15 10:15,PV_H098,PV,0.0,2.736,0.0,2.736,0.0,0.684,True,True
2026-01-15 10:15,PV_H099,PV,0.0,2.538,0.0,0.0,0.0,0.0,True,False
2026-01-15 10:15,BESS_COMMUNITY_01,BESS,25.0,25.0,25.0,25.0,0.0,60.0,True,True
2026-01-15 10:15,EV_001,EV,0.0,0.0,0.0,0.0,0.0,0.0,False,True
2026-01-15 10:15,EV_002,EV,0.0,0.0,0.0,0.0,0.0,0.0,False,True
2026-01-15 10:15,EV_003,EV,0.0,0.0,0.0,0.0,0.0,0.0,False,True
2026-01-15 10:15,EV_004,EV,0.0,0.0,0.0,0.0,0.0,0.0,False,False
2026-01-15 10:15,EV_005,EV,0.0,0.0,0.0,0.0,0.0,0.0,False,True
2026-01-15 10:15,EV_006,EV,0.0,0.0,0.0,0.0,0.0,0.0,False,True
2026-01-15 10:15,EV_007,EV,0.0,0.0,0.0,0.0,0.0,0.0,False,True
2026-01-15 10:15,EV_008,EV,0.0,0.0,0.0,0.0,0.0,0.0,False,True
2026-01-15 10:15,EV_009,EV,0.0,0.0,0.0,0.0,0.0,0.0,False,True
2026-01-15 10:15,EV_010,EV,0.0,0.0,0.0,0.0,0.0,0.0,False,True
2026-01-15 10:15,EV_011,EV,0.0,0.0,0.0,0.0,0.0,0.0,False,True
2026-01-15 10:15,EV_012,EV,0.0,0.0,0.0,0.0,0.0,0.0,False,False
2026-01-15 10:15,EV_013,EV,0.0,0.0,0.0,0.0,0.0,0.0,False,False
2026-01-15 10:15,EV_014,EV,0.0,0.0,0.0,0.0,0.0,0.0,False,True
2026-01-15 10:15,EV_015,EV,0.0,0.0,0.0,0.0,0.0,0.0,False,True
2026-01-15 10:15,EV_016,EV,0.0,0.0,0.0,0.0,0.0,0.0,False,False
2026-01-15 10:15,EV_017,EV,0.0,0.0,0.0,0.0,0.0,0.0,False,False
2026-01-15 10:15,EV_018,EV,0.0,0.0,0.0,0.0,0.0,0.0,False,True
2026-01-15 10:15,EV_019,EV,0.0,0.0,0.0,0.0,0.0,0.0,False,True
2026-01-15 10:15,EV_020,EV,0.0,0.0,0.0,0.0,0.0,0.0,False,True
2026-01-15 10:15,FL001,FLEXIBLE_LOAD,0.0,0.0,0.0,0.0,0.0,0.0,False,False
2026-01-15 10:15,FL002,FLEXIBLE_LOAD,0.0,10.0,0.0,10.0,10.0,2.5,True,True
2026-01-15 10:15,FL003,FLEXIBLE_LOAD,0.0,0.0,0.0,0.0,0.0,0.0,False,True
2026-01-15 10:30,PV_H002,PV,0.0,3.188,0.0,3.188,0.0,0.797,True,True
2026-01-15 10:30,PV_H003,PV,0.0,2.787,0.0,2.787,0.0,0.697,True,True
2026-01-15 10:30,PV_H005,PV,0.0,2.853,0.0,0.0,0.0,0.0,True,False
2026-01-15 10:30,PV_H006,PV,0.0,1.897,0.0,1.897,0.0,0.474,True,True
2026-01-15 10:30,PV_H007,PV,0.0,3.443,0.0,0.0,0.0,0.0,True,False
2026-01-15 10:30,PV_H010,PV,0.0,2.736,0.0,0.0,0.0,0.0,True,False
2026-01-15 10:30,PV_H016,PV,0.0,1.976,0.0,1.976,0.0,0.494,True,True
2026-01-15 10:30,PV_H017,PV,0.0,3.14,0.0,3.14,0.0,0.785,True,True
2026-01-15 10:30,PV_H018,PV,0.0,2.12,0.0,2.12,0.0,0.53,True,True
2026-01-15 10:30,PV_H021,PV,0.0,4.61,0.0,4.61,0.0,1.152,True,True
2026-01-15 10:30,PV_H024,PV,0.0,1.786,0.0,1.786,0.0,0.447,True,True
2026-01-15 10:30,PV_H025,PV,0.0,3.498,0.0,0.0,0.0,0.0,True,False
2026-01-15 10:30,PV_H026,PV,0.0,3.264,0.0,0.0,0.0,0.0,True,False
2026-01-15 10:30,PV_H027,PV,0.0,3.268,0.0,3.268,0.0,0.817,True,True
2026-01-15 10:30,PV_H032,PV,0.0,2.681,0.0,0.0,0.0,0.0,True,False
2026-01-15 10:30,PV_H033,PV,0.0,2.198,0.0,2.198,0.0,0.549,True,True
2026-01-15 10:30,PV_H034,PV,0.0,3.365,0.0,3.365,0.0,0.841,True,True
2026-01-15 10:30,PV_H035,PV,0.0,2.491,0.0,2.491,0.0,0.623,True,True
2026-01-15 10:30,PV_H036,PV,0.0,3.287,0.0,0.0,0.0,0.0,True,False
2026-01-15 10:30,PV_H037,PV,0.0,2.928,0.0,0.0,0.0,0.0,True,False
2026-01-15 10:30,PV_H040,PV,0.0,3.735,0.0,0.0,0.0,0.0,True,False
2026-01-15 10:30,PV_H042,PV,0.0,2.427,0.0,2.427,0.0,0.607,True,True
2026-01-15 10:30,PV_H044,PV,0.0,2.933,0.0,0.0,0.0,0.0,True,False
2026-01-15 10:30,PV_H046,PV,0.0,3.896,0.0,0.0,0.0,0.0,True,False
2026-01-15 10:30,PV_H048,PV,0.0,2.82,0.0,0.0,0.0,0.0,True,False
2026-01-15 10:30,PV_H049,PV,0.0,2.595,0.0,2.595,0.0,0.649,True,True
2026-01-15 10:30,PV_H050,PV,0.0,3.317,0.0,3.317,0.0,0.829,True,True
2026-01-15 10:30,PV_H053,PV,0.0,4.0,0.0,0.0,0.0,0.0,True,False
2026-01-15 10:30,PV_H055,PV,0.0,2.31,0.0,2.31,0.0,0.578,True,True
2026-01-15 10:30,PV_H057,PV,0.0,4.06,0.0,4.06,0.0,1.015,True,True
2026-01-15 10:30,PV_H058,PV,0.0,2.604,0.0,2.604,0.0,0.651,True,True
2026-01-15 10:30,PV_H060,PV,0.0,5.041,0.0,5.041,0.0,1.26,True,True
2026-01-15 10:30,PV_H061,PV,0.0,2.877,0.0,2.877,0.0,0.719,True,True
2026-01-15 10:30,PV_H062,PV,0.0,5.508,0.0,0.0,0.0,0.0,True,False
2026-01-15 10:30,PV_H063,PV,0.0,3.554,0.0,0.0,0.0,0.0,True,False
2026-01-15 10:30,PV_H066,PV,0.0,3.814,0.0,0.0,0.0,0.0,True,False
2026-01-15 10:30,PV_H067,PV,0.0,2.391,0.0,2.391,0.0,0.598,True,True
2026-01-15 10:30,PV_H069,PV,0.0,3.059,0.0,3.059,0.0,0.765,True,True
2026-01-15 10:30,PV_H071,PV,0.0,4.123,0.0,4.123,0.0,1.031,True,True
2026-01-15 10:30,PV_H072,PV,0.0,4.527,0.0,4.527,0.0,1.132,True,True
2026-01-15 10:30,PV_H073,PV,0.0,3.288,0.0,3.288,0.0,0.822,True,True
2026-01-15 10:30,PV_H074,PV,0.0,3.758,0.0,0.0,0.0,0.0,True,False
2026-01-15 10:30,PV_H076,PV,0.0,4.389,0.0,4.389,0.0,1.097,True,True
2026-01-15 10:30,PV_H077,PV,0.0,4.342,0.0,4.342,0.0,1.086,True,True
2026-01-15 10:30,PV_H078,PV,0.0,2.354,0.0,0.0,0.0,0.0,True,False
2026-01-15 10:30,PV_H079,PV,0.0,2.645,0.0,2.645,0.0,0.661,True,True
2026-01-15 10:30,PV_H080,PV,0.0,3.742,0.0,0.0,0.0,0.0,True,False
2026-01-15 10:30,PV_H081,PV,0.0,3.59,0.0,3.59,0.0,0.898,True,True
2026-01-15 10:30,PV_H082,PV,0.0,2.294,0.0,2.294,0.0,0.573,True,True
2026-01-15 10:30,PV_H083,PV,0.0,2.615,0.0,2.615,0.0,0.654,True,True
2026-01-15 10:30,PV_H085,PV,0.0,3.432,0.0,0.0,0.0,0.0,True,False
2026-01-15 10:30,PV_H087,PV,0.0,4.198,0.0,0.0,0.0,0.0,True,False
2026-01-15 10:30,PV_H088,PV,0.0,1.855,0.0,0.0,0.0,0.0,True,False
2026-01-15 10:30,PV_H090,PV,0.0,4.11,0.0,4.11,0.0,1.028,True,True
2026-01-15 10:30,PV_H093,PV,0.0,4.565,0.0,4.565,0.0,1.141,True,True
2026-01-15 10:30,PV_H094,PV,0.0,2.546,0.0,2.546,0.0,0.637,True,True
2026-01-15 10:30,PV_H095,PV,0.0,2.461,0.0,0.0,0.0,0.0,True,False
2026-01-15 10:30,PV_H096,PV,0.0,3.728,0.0,3.728,0.0,0.932,True,True
2026-01-15 10:30,PV_H098,PV,0.0,2.805,0.0,2.805,0.0,0.701,True,True
2026-01-15 10:30,PV_H099,PV,0.0,2.713,0.0,0.0,0.0,0.0,True,False
2026-01-15 10:30,BESS_COMMUNITY_01,BESS,25.0,25.0,25.0,25.0,0.0,60.0,True,True
2026-01-15 10:30,EV_001,EV,0.0,0.0,0.0,0.0,0.0,0.0,False,True
2026-01-15 10:30,EV_002,EV,0.0,0.0,0.0,0.0,0.0,0.0,False,True
2026-01-15 10:30,EV_003,EV,0.0,0.0,0.0,0.0,0.0,0.0,False,True
2026-01-15 10:30,EV_004,EV,0.0,0.0,0.0,0.0,0.0,0.0,False,False
2026-01-15 10:30,EV_005,EV,0.0,0.0,0.0,0.0,0.0,0.0,False,True
2026-01-15 10:30,EV_006,EV,0.0,0.0,0.0,0.0,0.0,0.0,False,True
2026-01-15 10:30,EV_007,EV,0.0,0.0,0.0,0.0,0.0,0.0,False,True
2026-01-15 10:30,EV_008,EV,0.0,0.0,0.0,0.0,0.0,0.0,False,True
2026-01-15 10:30,EV_009,EV,0.0,0.0,0.0,0.0,0.0,0.0,False,True
2026-01-15 10:30,EV_010,EV,0.0,0.0,0.0,0.0,0.0,0.0,False,True
2026-01-15 10:30,EV_011,EV,0.0,0.0,0.0,0.0,0.0,0.0,False,True
2026-01-15 10:30,EV_012,EV,0.0,0.0,0.0,0.0,0.0,0.0,False,False
2026-01-15 10:30,EV_013,EV,0.0,0.0,0.0,0.0,0.0,0.0,False,False
2026-01-15 10:30,EV_014,EV,0.0,0.0,0.0,0.0,0.0,0.0,False,True
2026-01-15 10:30,EV_015,EV,0.0,0.0,0.0,0.0,0.0,0.0,False,True
2026-01-15 10:30,EV_016,EV,0.0,0.0,0.0,0.0,0.0,0.0,False,False
2026-01-15 10:30,EV_017,EV,0.0,0.0,0.0,0.0,0.0,0.0,False,False
2026-01-15 10:30,EV_018,EV,0.0,0.0,0.0,0.0,0.0,0.0,False,True
2026-01-15 10:30,EV_019,EV,0.0,0.0,0.0,0.0,0.0,0.0,False,True
2026-01-15 10:30,EV_020,EV,0.0,0.0,0.0,0.0,0.0,0.0,False,True
2026-01-15 10:30,FL001,FLEXIBLE_LOAD,0.0,0.0,0.0,0.0,0.0,0.0,False,False
2026-01-15 10:30,FL002,FLEXIBLE_LOAD,0.0,10.0,0.0,10.0,10.0,2.5,True,True
2026-01-15 10:30,FL003,FLEXIBLE_LOAD,0.0,0.0,0.0,0.0,0.0,0.0,False,True
2026-01-15 10:45,PV_H002,PV,0.0,3.369,0.0,3.369,0.0,0.842,True,True
2026-01-15 10:45,PV_H003,PV,0.0,2.817,0.0,2.817,0.0,0.704,True,True
2026-01-15 10:45,PV_H005,PV,0.0,2.896,0.0,0.0,0.0,0.0,True,False
2026-01-15 10:45,PV_H006,PV,0.0,1.948,0.0,1.948,0.0,0.487,True,True
2026-01-15 10:45,PV_H007,PV,0.0,3.619,0.0,0.0,0.0,0.0,True,False
2026-01-15 10:45,PV_H010,PV,0.0,2.909,0.0,0.0,0.0,0.0,True,False
2026-01-15 10:45,PV_H016,PV,0.0,1.989,0.0,1.989,0.0,0.497,True,True
2026-01-15 10:45,PV_H017,PV,0.0,3.403,0.0,3.403,0.0,0.851,True,True
2026-01-15 10:45,PV_H018,PV,0.0,2.067,0.0,2.067,0.0,0.517,True,True
2026-01-15 10:45,PV_H021,PV,0.0,4.728,0.0,4.728,0.0,1.182,True,True
2026-01-15 10:45,PV_H024,PV,0.0,1.824,0.0,1.824,0.0,0.456,True,True
2026-01-15 10:45,PV_H025,PV,0.0,3.556,0.0,0.0,0.0,0.0,True,False
2026-01-15 10:45,PV_H026,PV,0.0,3.438,0.0,0.0,0.0,0.0,True,False
2026-01-15 10:45,PV_H027,PV,0.0,3.434,0.0,3.434,0.0,0.859,True,True
2026-01-15 10:45,PV_H032,PV,0.0,2.801,0.0,0.0,0.0,0.0,True,False
2026-01-15 10:45,PV_H033,PV,0.0,2.27,0.0,2.27,0.0,0.568,True,True
2026-01-15 10:45,PV_H034,PV,0.0,3.546,0.0,3.546,0.0,0.886,True,True
2026-01-15 10:45,PV_H035,PV,0.0,2.545,0.0,2.545,0.0,0.636,True,True
2026-01-15 10:45,PV_H036,PV,0.0,3.374,0.0,0.0,0.0,0.0,True,False
2026-01-15 10:45,PV_H037,PV,0.0,2.978,0.0,0.0,0.0,0.0,True,False
2026-01-15 10:45,PV_H040,PV,0.0,3.878,0.0,0.0,0.0,0.0,True,False
2026-01-15 10:45,PV_H042,PV,0.0,2.55,0.0,2.55,0.0,0.637,True,True
2026-01-15 10:45,PV_H044,PV,0.0,2.982,0.0,0.0,0.0,0.0,True,False
2026-01-15 10:45,PV_H046,PV,0.0,4.006,0.0,0.0,0.0,0.0,True,False
2026-01-15 10:45,PV_H048,PV,0.0,2.858,0.0,0.0,0.0,0.0,True,False
2026-01-15 10:45,PV_H049,PV,0.0,2.695,0.0,2.695,0.0,0.674,True,True
2026-01-15 10:45,PV_H050,PV,0.0,3.393,0.0,3.393,0.0,0.848,True,True
2026-01-15 10:45,PV_H053,PV,0.0,4.264,0.0,0.0,0.0,0.0,True,False
2026-01-15 10:45,PV_H055,PV,0.0,2.443,0.0,2.443,0.0,0.611,True,True
2026-01-15 10:45,PV_H057,PV,0.0,4.224,0.0,4.224,0.0,1.056,True,True
2026-01-15 10:45,PV_H058,PV,0.0,2.749,0.0,2.749,0.0,0.687,True,True
2026-01-15 10:45,PV_H060,PV,0.0,5.261,0.0,5.261,0.0,1.315,True,True
2026-01-15 10:45,PV_H061,PV,0.0,2.909,0.0,2.909,0.0,0.727,True,True
2026-01-15 10:45,PV_H062,PV,0.0,5.84,0.0,0.0,0.0,0.0,True,False
2026-01-15 10:45,PV_H063,PV,0.0,3.719,0.0,0.0,0.0,0.0,True,False
2026-01-15 10:45,PV_H066,PV,0.0,4.01,0.0,0.0,0.0,0.0,True,False
2026-01-15 10:45,PV_H067,PV,0.0,2.418,0.0,2.418,0.0,0.605,True,True
2026-01-15 10:45,PV_H069,PV,0.0,3.173,0.0,3.173,0.0,0.793,True,True
2026-01-15 10:45,PV_H071,PV,0.0,4.147,0.0,4.147,0.0,1.037,True,True
2026-01-15 10:45,PV_H072,PV,0.0,4.629,0.0,4.629,0.0,1.157,True,True
2026-01-15 10:45,PV_H073,PV,0.0,3.437,0.0,3.437,0.0,0.859,True,True
2026-01-15 10:45,PV_H074,PV,0.0,3.893,0.0,0.0,0.0,0.0,True,False
2026-01-15 10:45,PV_H076,PV,0.0,4.493,0.0,4.493,0.0,1.123,True,True
2026-01-15 10:45,PV_H077,PV,0.0,4.445,0.0,4.445,0.0,1.111,True,True
2026-01-15 10:45,PV_H078,PV,0.0,2.406,0.0,0.0,0.0,0.0,True,False
2026-01-15 10:45,PV_H079,PV,0.0,2.606,0.0,2.606,0.0,0.652,True,True
2026-01-15 10:45,PV_H080,PV,0.0,3.943,0.0,0.0,0.0,0.0,True,False
2026-01-15 10:45,PV_H081,PV,0.0,3.72,0.0,3.72,0.0,0.93,True,True
2026-01-15 10:45,PV_H082,PV,0.0,2.381,0.0,2.381,0.0,0.595,True,True
2026-01-15 10:45,PV_H083,PV,0.0,2.819,0.0,2.819,0.0,0.705,True,True
2026-01-15 10:45,PV_H085,PV,0.0,3.504,0.0,0.0,0.0,0.0,True,False
2026-01-15 10:45,PV_H087,PV,0.0,4.185,0.0,0.0,0.0,0.0,True,False
2026-01-15 10:45,PV_H088,PV,0.0,1.902,0.0,0.0,0.0,0.0,True,False
2026-01-15 10:45,PV_H090,PV,0.0,4.155,0.0,4.155,0.0,1.039,True,True
2026-01-15 10:45,PV_H093,PV,0.0,4.68,0.0,4.68,0.0,1.17,True,True
2026-01-15 10:45,PV_H094,PV,0.0,2.561,0.0,2.561,0.0,0.64,True,True
2026-01-15 10:45,PV_H095,PV,0.0,2.549,0.0,0.0,0.0,0.0,True,False
2026-01-15 10:45,PV_H096,PV,0.0,3.869,0.0,3.869,0.0,0.967,True,True
2026-01-15 10:45,PV_H098,PV,0.0,2.832,0.0,2.832,0.0,0.708,True,True
2026-01-15 10:45,PV_H099,PV,0.0,2.82,0.0,0.0,0.0,0.0,True,False
2026-01-15 10:45,BESS_COMMUNITY_01,BESS,25.0,25.0,25.0,25.0,0.0,60.0,True,True
2026-01-15 10:45,EV_001,EV,0.0,0.0,0.0,0.0,0.0,0.0,False,True
2026-01-15 10:45,EV_002,EV,0.0,0.0,0.0,0.0,0.0,0.0,False,True
2026-01-15 10:45,EV_003,EV,0.0,0.0,0.0,0.0,0.0,0.0,False,True
2026-01-15 10:45,EV_004,EV,0.0,0.0,0.0,0.0,0.0,0.0,False,False
2026-01-15 10:45,EV_005,EV,0.0,0.0,0.0,0.0,0.0,0.0,False,True
2026-01-15 10:45,EV_006,EV,0.0,0.0,0.0,0.0,0.0,0.0,False,True
2026-01-15 10:45,EV_007,EV,0.0,0.0,0.0,0.0,0.0,0.0,False,True
2026-01-15 10:45,EV_008,EV,0.0,0.0,0.0,0.0,0.0,0.0,False,True
2026-01-15 10:45,EV_009,EV,0.0,0.0,0.0,0.0,0.0,0.0,False,True
2026-01-15 10:45,EV_010,EV,0.0,0.0,0.0,0.0,0.0,0.0,False,True
2026-01-15 10:45,EV_011,EV,0.0,0.0,0.0,0.0,0.0,0.0,False,True
2026-01-15 10:45,EV_012,EV,0.0,0.0,0.0,0.0,0.0,0.0,False,False
2026-01-15 10:45,EV_013,EV,0.0,0.0,0.0,0.0,0.0,0.0,False,False
2026-01-15 10:45,EV_014,EV,0.0,0.0,0.0,0.0,0.0,0.0,False,True
2026-01-15 10:45,EV_015,EV,0.0,0.0,0.0,0.0,0.0,0.0,False,True
2026-01-15 10:45,EV_016,EV,0.0,0.0,0.0,0.0,0.0,0.0,False,False
2026-01-15 10:45,EV_017,EV,0.0,0.0,0.0,0.0,0.0,0.0,False,False
2026-01-15 10:45,EV_018,EV,0.0,0.0,0.0,0.0,0.0,0.0,False,True
2026-01-15 10:45,EV_019,EV,0.0,0.0,0.0,0.0,0.0,0.0,False,True
2026-01-15 10:45,EV_020,EV,0.0,0.0,0.0,0.0,0.0,0.0,False,True
2026-01-15 10:45,FL001,FLEXIBLE_LOAD,0.0,0.0,0.0,0.0,0.0,0.0,False,False
2026-01-15 10:45,FL002,FLEXIBLE_LOAD,0.0,10.0,0.0,10.0,10.0,2.5,True,True
2026-01-15 10:45,FL003,FLEXIBLE_LOAD,0.0,0.0,0.0,0.0,0.0,0.0,False,True
2026-01-15 11:00,PV_H002,PV,0.0,3.45,0.0,3.45,0.0,0.863,True,True
2026-01-15 11:00,PV_H003,PV,0.0,2.884,0.0,2.884,0.0,0.721,True,True
2026-01-15 11:00,PV_H005,PV,0.0,3.046,0.0,0.0,0.0,0.0,True,False
2026-01-15 11:00,PV_H006,PV,0.0,1.965,0.0,1.965,0.0,0.491,True,True
2026-01-15 11:00,PV_H007,PV,0.0,3.701,0.0,0.0,0.0,0.0,True,False
2026-01-15 11:00,PV_H010,PV,0.0,2.878,0.0,0.0,0.0,0.0,True,False
2026-01-15 11:00,PV_H016,PV,0.0,2.051,0.0,2.051,0.0,0.513,True,True
2026-01-15 11:00,PV_H017,PV,0.0,3.431,0.0,3.431,0.0,0.858,True,True
2026-01-15 11:00,PV_H018,PV,0.0,2.17,0.0,2.17,0.0,0.542,True,True
2026-01-15 11:00,PV_H021,PV,0.0,4.59,0.0,4.59,0.0,1.147,True,True
2026-01-15 11:00,PV_H024,PV,0.0,1.838,0.0,1.838,0.0,0.459,True,True
2026-01-15 11:00,PV_H025,PV,0.0,3.633,0.0,0.0,0.0,0.0,True,False
2026-01-15 11:00,PV_H026,PV,0.0,3.553,0.0,0.0,0.0,0.0,True,False
2026-01-15 11:00,PV_H027,PV,0.0,3.48,0.0,3.48,0.0,0.87,True,True
2026-01-15 11:00,PV_H032,PV,0.0,2.799,0.0,0.0,0.0,0.0,True,False
2026-01-15 11:00,PV_H033,PV,0.0,2.265,0.0,2.265,0.0,0.566,True,True
2026-01-15 11:00,PV_H034,PV,0.0,3.547,0.0,3.547,0.0,0.887,True,True
2026-01-15 11:00,PV_H035,PV,0.0,2.684,0.0,2.684,0.0,0.671,True,True
2026-01-15 11:00,PV_H036,PV,0.0,3.477,0.0,0.0,0.0,0.0,True,False
2026-01-15 11:00,PV_H037,PV,0.0,3.042,0.0,0.0,0.0,0.0,True,False
2026-01-15 11:00,PV_H040,PV,0.0,4.073,0.0,0.0,0.0,0.0,True,False
2026-01-15 11:00,PV_H042,PV,0.0,2.478,0.0,2.478,0.0,0.62,True,True
2026-01-15 11:00,PV_H044,PV,0.0,3.075,0.0,0.0,0.0,0.0,True,False
2026-01-15 11:00,PV_H046,PV,0.0,4.155,0.0,0.0,0.0,0.0,True,False
2026-01-15 11:00,PV_H048,PV,0.0,3.026,0.0,0.0,0.0,0.0,True,False
2026-01-15 11:00,PV_H049,PV,0.0,2.755,0.0,2.755,0.0,0.689,True,True
2026-01-15 11:00,PV_H050,PV,0.0,3.484,0.0,3.484,0.0,0.871,True,True
2026-01-15 11:00,PV_H053,PV,0.0,4.249,0.0,0.0,0.0,0.0,True,False
2026-01-15 11:00,PV_H055,PV,0.0,2.472,0.0,2.472,0.0,0.618,True,True
2026-01-15 11:00,PV_H057,PV,0.0,4.247,0.0,4.247,0.0,1.062,True,True
2026-01-15 11:00,PV_H058,PV,0.0,2.939,0.0,2.939,0.0,0.735,True,True
2026-01-15 11:00,PV_H060,PV,0.0,5.351,0.0,5.351,0.0,1.338,True,True
2026-01-15 11:00,PV_H061,PV,0.0,3.003,0.0,3.003,0.0,0.751,True,True
2026-01-15 11:00,PV_H062,PV,0.0,5.957,0.0,0.0,0.0,0.0,True,False
2026-01-15 11:00,PV_H063,PV,0.0,3.718,0.0,0.0,0.0,0.0,True,False
2026-01-15 11:00,PV_H066,PV,0.0,4.104,0.0,0.0,0.0,0.0,True,False
2026-01-15 11:00,PV_H067,PV,0.0,2.468,0.0,2.468,0.0,0.617,True,True
2026-01-15 11:00,PV_H069,PV,0.0,3.107,0.0,3.107,0.0,0.777,True,True
2026-01-15 11:00,PV_H071,PV,0.0,4.399,0.0,4.399,0.0,1.1,True,True
2026-01-15 11:00,PV_H072,PV,0.0,4.748,0.0,4.748,0.0,1.187,True,True
2026-01-15 11:00,PV_H073,PV,0.0,3.584,0.0,3.584,0.0,0.896,True,True
2026-01-15 11:00,PV_H074,PV,0.0,3.833,0.0,0.0,0.0,0.0,True,False
2026-01-15 11:00,PV_H076,PV,0.0,4.624,0.0,4.624,0.0,1.156,True,True
2026-01-15 11:00,PV_H077,PV,0.0,4.552,0.0,4.552,0.0,1.138,True,True
2026-01-15 11:00,PV_H078,PV,0.0,2.514,0.0,0.0,0.0,0.0,True,False
2026-01-15 11:00,PV_H079,PV,0.0,2.726,0.0,2.726,0.0,0.681,True,True
2026-01-15 11:00,PV_H080,PV,0.0,3.995,0.0,0.0,0.0,0.0,True,False
2026-01-15 11:00,PV_H081,PV,0.0,3.774,0.0,3.774,0.0,0.943,True,True
2026-01-15 11:00,PV_H082,PV,0.0,2.42,0.0,2.42,0.0,0.605,True,True
2026-01-15 11:00,PV_H083,PV,0.0,2.824,0.0,2.824,0.0,0.706,True,True
2026-01-15 11:00,PV_H085,PV,0.0,3.664,0.0,0.0,0.0,0.0,True,False
2026-01-15 11:00,PV_H087,PV,0.0,4.332,0.0,0.0,0.0,0.0,True,False
2026-01-15 11:00,PV_H088,PV,0.0,1.983,0.0,0.0,0.0,0.0,True,False
2026-01-15 11:00,PV_H090,PV,0.0,4.197,0.0,4.197,0.0,1.049,True,True
2026-01-15 11:00,PV_H093,PV,0.0,4.809,0.0,4.809,0.0,1.202,True,True
2026-01-15 11:00,PV_H094,PV,0.0,2.654,0.0,2.654,0.0,0.663,True,True
2026-01-15 11:00,PV_H095,PV,0.0,2.525,0.0,0.0,0.0,0.0,True,False
2026-01-15 11:00,PV_H096,PV,0.0,3.927,0.0,3.927,0.0,0.982,True,True
2026-01-15 11:00,PV_H098,PV,0.0,2.95,0.0,2.95,0.0,0.738,True,True
2026-01-15 11:00,PV_H099,PV,0.0,2.849,0.0,0.0,0.0,0.0,True,False
2026-01-15 11:00,BESS_COMMUNITY_01,BESS,25.0,25.0,25.0,25.0,0.0,60.0,True,True
2026-01-15 11:00,EV_001,EV,0.0,0.0,0.0,0.0,0.0,0.0,False,True
2026-01-15 11:00,EV_002,EV,0.0,0.0,0.0,0.0,0.0,0.0,False,True
2026-01-15 11:00,EV_003,EV,0.0,0.0,0.0,0.0,0.0,0.0,False,True
2026-01-15 11:00,EV_004,EV,0.0,0.0,0.0,0.0,0.0,0.0,False,False
2026-01-15 11:00,EV_005,EV,0.0,0.0,0.0,0.0,0.0,0.0,False,True
2026-01-15 11:00,EV_006,EV,0.0,0.0,0.0,0.0,0.0,0.0,False,True
2026-01-15 11:00,EV_007,EV,0.0,0.0,0.0,0.0,0.0,0.0,False,True
2026-01-15 11:00,EV_008,EV,0.0,0.0,0.0,0.0,0.0,0.0,False,True
2026-01-15 11:00,EV_009,EV,0.0,0.0,0.0,0.0,0.0,0.0,False,True
2026-01-15 11:00,EV_010,EV,0.0,0.0,0.0,0.0,0.0,0.0,False,True
2026-01-15 11:00,EV_011,EV,0.0,0.0,0.0,0.0,0.0,0.0,False,True
2026-01-15 11:00,EV_012,EV,0.0,0.0,0.0,0.0,0.0,0.0,False,False
2026-01-15 11:00,EV_013,EV,0.0,0.0,0.0,0.0,0.0,0.0,False,False
2026-01-15 11:00,EV_014,EV,0.0,0.0,0.0,0.0,0.0,0.0,False,True
2026-01-15 11:00,EV_015,EV,0.0,0.0,0.0,0.0,0.0,0.0,False,True
2026-01-15 11:00,EV_016,EV,0.0,0.0,0.0,0.0,0.0,0.0,False,False
2026-01-15 11:00,EV_017,EV,0.0,0.0,0.0,0.0,0.0,0.0,False,False
2026-01-15 11:00,EV_018,EV,0.0,0.0,0.0,0.0,0.0,0.0,False,True
2026-01-15 11:00,EV_019,EV,0.0,0.0,0.0,0.0,0.0,0.0,False,True
2026-01-15 11:00,EV_020,EV,0.0,0.0,0.0,0.0,0.0,0.0,False,True
2026-01-15 11:00,FL001,FLEXIBLE_LOAD,0.0,0.0,0.0,0.0,0.0,0.0,False,False
2026-01-15 11:00,FL002,FLEXIBLE_LOAD,0.0,10.0,0.0,10.0,10.0,2.5,True,True
2026-01-15 11:00,FL003,FLEXIBLE_LOAD,0.0,4.0,0.0,4.0,4.0,1.0,True,True
2026-01-15 11:15,PV_H002,PV,0.0,3.538,0.0,3.538,0.0,0.884,True,True
2026-01-15 11:15,PV_H003,PV,0.0,2.96,0.0,2.96,0.0,0.74,True,True
2026-01-15 11:15,PV_H005,PV,0.0,3.091,0.0,0.0,0.0,0.0,True,False
2026-01-15 11:15,PV_H006,PV,0.0,2.0,0.0,2.0,0.0,0.5,True,True
2026-01-15 11:15,PV_H007,PV,0.0,3.802,0.0,0.0,0.0,0.0,True,False
2026-01-15 11:15,PV_H010,PV,0.0,3.012,0.0,0.0,0.0,0.0,True,False
2026-01-15 11:15,PV_H016,PV,0.0,2.097,0.0,2.097,0.0,0.524,True,True
2026-01-15 11:15,PV_H017,PV,0.0,3.448,0.0,3.448,0.0,0.862,True,True
2026-01-15 11:15,PV_H018,PV,0.0,2.255,0.0,2.255,0.0,0.564,True,True
2026-01-15 11:15,PV_H021,PV,0.0,4.841,0.0,4.841,0.0,1.21,True,True
2026-01-15 11:15,PV_H024,PV,0.0,1.872,0.0,1.872,0.0,0.468,True,True
2026-01-15 11:15,PV_H025,PV,0.0,3.758,0.0,0.0,0.0,0.0,True,False
2026-01-15 11:15,PV_H026,PV,0.0,3.466,0.0,0.0,0.0,0.0,True,False
2026-01-15 11:15,PV_H027,PV,0.0,3.514,0.0,3.514,0.0,0.878,True,True
2026-01-15 11:15,PV_H032,PV,0.0,2.911,0.0,0.0,0.0,0.0,True,False
2026-01-15 11:15,PV_H033,PV,0.0,2.379,0.0,2.379,0.0,0.595,True,True
2026-01-15 11:15,PV_H034,PV,0.0,3.649,0.0,3.649,0.0,0.912,True,True
2026-01-15 11:15,PV_H035,PV,0.0,2.721,0.0,2.721,0.0,0.68,True,True
2026-01-15 11:15,PV_H036,PV,0.0,3.49,0.0,0.0,0.0,0.0,True,False
2026-01-15 11:15,PV_H037,PV,0.0,3.059,0.0,0.0,0.0,0.0,True,False
2026-01-15 11:15,PV_H040,PV,0.0,4.1,0.0,0.0,0.0,0.0,True,False
2026-01-15 11:15,PV_H042,PV,0.0,2.55,0.0,2.55,0.0,0.637,True,True
2026-01-15 11:15,PV_H044,PV,0.0,3.126,0.0,0.0,0.0,0.0,True,False
2026-01-15 11:15,PV_H046,PV,0.0,4.155,0.0,0.0,0.0,0.0,True,False
2026-01-15 11:15,PV_H048,PV,0.0,2.997,0.0,0.0,0.0,0.0,True,False
2026-01-15 11:15,PV_H049,PV,0.0,2.77,0.0,2.77,0.0,0.693,True,True
2026-01-15 11:15,PV_H050,PV,0.0,3.556,0.0,3.556,0.0,0.889,True,True
2026-01-15 11:15,PV_H053,PV,0.0,4.343,0.0,0.0,0.0,0.0,True,False
2026-01-15 11:15,PV_H055,PV,0.0,2.454,0.0,2.454,0.0,0.614,True,True
2026-01-15 11:15,PV_H057,PV,0.0,4.298,0.0,4.298,0.0,1.075,True,True
2026-01-15 11:15,PV_H058,PV,0.0,2.915,0.0,2.915,0.0,0.729,True,True
2026-01-15 11:15,PV_H060,PV,0.0,5.518,0.0,5.518,0.0,1.379,True,True
2026-01-15 11:15,PV_H061,PV,0.0,3.07,0.0,3.07,0.0,0.767,True,True
2026-01-15 11:15,PV_H062,PV,0.0,5.979,0.0,0.0,0.0,0.0,True,False
2026-01-15 11:15,PV_H063,PV,0.0,3.914,0.0,0.0,0.0,0.0,True,False
2026-01-15 11:15,PV_H066,PV,0.0,4.25,0.0,0.0,0.0,0.0,True,False
2026-01-15 11:15,PV_H067,PV,0.0,2.574,0.0,2.574,0.0,0.643,True,True
2026-01-15 11:15,PV_H069,PV,0.0,3.19,0.0,3.19,0.0,0.798,True,True
2026-01-15 11:15,PV_H071,PV,0.0,4.371,0.0,4.371,0.0,1.093,True,True
2026-01-15 11:15,PV_H072,PV,0.0,4.741,0.0,4.741,0.0,1.185,True,True
2026-01-15 11:15,PV_H073,PV,0.0,3.563,0.0,3.563,0.0,0.891,True,True
2026-01-15 11:15,PV_H074,PV,0.0,4.0,0.0,0.0,0.0,0.0,True,False
2026-01-15 11:15,PV_H076,PV,0.0,4.69,0.0,4.69,0.0,1.173,True,True
2026-01-15 11:15,PV_H077,PV,0.0,4.555,0.0,4.555,0.0,1.139,True,True
2026-01-15 11:15,PV_H078,PV,0.0,2.532,0.0,0.0,0.0,0.0,True,False
2026-01-15 11:15,PV_H079,PV,0.0,2.85,0.0,2.85,0.0,0.713,True,True
2026-01-15 11:15,PV_H080,PV,0.0,4.04,0.0,0.0,0.0,0.0,True,False
2026-01-15 11:15,PV_H081,PV,0.0,3.838,0.0,3.838,0.0,0.959,True,True
2026-01-15 11:15,PV_H082,PV,0.0,2.484,0.0,2.484,0.0,0.621,True,True
2026-01-15 11:15,PV_H083,PV,0.0,2.898,0.0,2.898,0.0,0.725,True,True
2026-01-15 11:15,PV_H085,PV,0.0,3.682,0.0,0.0,0.0,0.0,True,False
2026-01-15 11:15,PV_H087,PV,0.0,4.387,0.0,0.0,0.0,0.0,True,False
2026-01-15 11:15,PV_H088,PV,0.0,2.01,0.0,0.0,0.0,0.0,True,False
2026-01-15 11:15,PV_H090,PV,0.0,4.255,0.0,4.255,0.0,1.064,True,True
2026-01-15 11:15,PV_H093,PV,0.0,4.853,0.0,4.853,0.0,1.213,True,True
2026-01-15 11:15,PV_H094,PV,0.0,2.698,0.0,2.698,0.0,0.674,True,True
2026-01-15 11:15,PV_H095,PV,0.0,2.591,0.0,0.0,0.0,0.0,True,False
2026-01-15 11:15,PV_H096,PV,0.0,4.06,0.0,4.06,0.0,1.015,True,True
2026-01-15 11:15,PV_H098,PV,0.0,3.01,0.0,3.01,0.0,0.752,True,True
2026-01-15 11:15,PV_H099,PV,0.0,2.872,0.0,0.0,0.0,0.0,True,False
2026-01-15 11:15,BESS_COMMUNITY_01,BESS,25.0,25.0,25.0,25.0,0.0,60.0,True,True
2026-01-15 11:15,EV_001,EV,0.0,0.0,0.0,0.0,0.0,0.0,False,True
2026-01-15 11:15,EV_002,EV,0.0,0.0,0.0,0.0,0.0,0.0,False,True
2026-01-15 11:15,EV_003,EV,0.0,0.0,0.0,0.0,0.0,0.0,False,True
2026-01-15 11:15,EV_004,EV,0.0,0.0,0.0,0.0,0.0,0.0,False,False
2026-01-15 11:15,EV_005,EV,0.0,0.0,0.0,0.0,0.0,0.0,False,True
2026-01-15 11:15,EV_006,EV,0.0,0.0,0.0,0.0,0.0,0.0,False,True
2026-01-15 11:15,EV_007,EV,0.0,0.0,0.0,0.0,0.0,0.0,False,True
2026-01-15 11:15,EV_008,EV,0.0,0.0,0.0,0.0,0.0,0.0,False,True
2026-01-15 11:15,EV_009,EV,0.0,0.0,0.0,0.0,0.0,0.0,False,True
2026-01-15 11:15,EV_010,EV,0.0,0.0,0.0,0.0,0.0,0.0,False,True
2026-01-15 11:15,EV_011,EV,0.0,0.0,0.0,0.0,0.0,0.0,False,True
2026-01-15 11:15,EV_012,EV,0.0,0.0,0.0,0.0,0.0,0.0,False,False
2026-01-15 11:15,EV_013,EV,0.0,0.0,0.0,0.0,0.0,0.0,False,False
2026-01-15 11:15,EV_014,EV,0.0,0.0,0.0,0.0,0.0,0.0,False,True
2026-01-15 11:15,EV_015,EV,0.0,0.0,0.0,0.0,0.0,0.0,False,True
2026-01-15 11:15,EV_016,EV,0.0,0.0,0.0,0.0,0.0,0.0,False,False
2026-01-15 11:15,EV_017,EV,0.0,0.0,0.0,0.0,0.0,0.0,False,False
2026-01-15 11:15,EV_018,EV,0.0,0.0,0.0,0.0,0.0,0.0,False,True
2026-01-15 11:15,EV_019,EV,0.0,0.0,0.0,0.0,0.0,0.0,False,True
2026-01-15 11:15,EV_020,EV,0.0,0.0,0.0,0.0,0.0,0.0,False,True
2026-01-15 11:15,FL001,FLEXIBLE_LOAD,0.0,0.0,0.0,0.0,0.0,0.0,False,False
2026-01-15 11:15,FL002,FLEXIBLE_LOAD,0.0,10.0,0.0,10.0,10.0,2.5,True,True
2026-01-15 11:15,FL003,FLEXIBLE_LOAD,0.0,4.0,0.0,4.0,4.0,1.0,True,True
2026-01-15 11:30,PV_H002,PV,0.0,3.537,0.0,3.537,0.0,0.884,True,True
2026-01-15 11:30,PV_H003,PV,0.0,3.054,0.0,3.054,0.0,0.763,True,True
2026-01-15 11:30,PV_H005,PV,0.0,3.067,0.0,0.0,0.0,0.0,True,False
2026-01-15 11:30,PV_H006,PV,0.0,2.0,0.0,2.0,0.0,0.5,True,True
2026-01-15 11:30,PV_H007,PV,0.0,3.915,0.0,0.0,0.0,0.0,True,False
2026-01-15 11:30,PV_H010,PV,0.0,2.941,0.0,0.0,0.0,0.0,True,False
2026-01-15 11:30,PV_H016,PV,0.0,2.1,0.0,2.1,0.0,0.525,True,True
2026-01-15 11:30,PV_H017,PV,0.0,3.507,0.0,3.507,0.0,0.877,True,True
2026-01-15 11:30,PV_H018,PV,0.0,2.235,0.0,2.235,0.0,0.559,True,True
2026-01-15 11:30,PV_H021,PV,0.0,4.872,0.0,4.872,0.0,1.218,True,True
2026-01-15 11:30,PV_H024,PV,0.0,1.927,0.0,1.927,0.0,0.482,True,True
2026-01-15 11:30,PV_H025,PV,0.0,3.784,0.0,0.0,0.0,0.0,True,False
2026-01-15 11:30,PV_H026,PV,0.0,3.652,0.0,0.0,0.0,0.0,True,False
2026-01-15 11:30,PV_H027,PV,0.0,3.54,0.0,3.54,0.0,0.885,True,True
2026-01-15 11:30,PV_H032,PV,0.0,2.878,0.0,0.0,0.0,0.0,True,False
2026-01-15 11:30,PV_H033,PV,0.0,2.368,0.0,2.368,0.0,0.592,True,True
2026-01-15 11:30,PV_H034,PV,0.0,3.642,0.0,3.642,0.0,0.911,True,True
2026-01-15 11:30,PV_H035,PV,0.0,2.73,0.0,2.73,0.0,0.682,True,True
2026-01-15 11:30,PV_H036,PV,0.0,3.49,0.0,0.0,0.0,0.0,True,False
2026-01-15 11:30,PV_H037,PV,0.0,3.178,0.0,0.0,0.0,0.0,True,False
2026-01-15 11:30,PV_H040,PV,0.0,4.1,0.0,0.0,0.0,0.0,True,False
2026-01-15 11:30,PV_H042,PV,0.0,2.55,0.0,2.55,0.0,0.637,True,True
2026-01-15 11:30,PV_H044,PV,0.0,3.153,0.0,0.0,0.0,0.0,True,False
2026-01-15 11:30,PV_H046,PV,0.0,4.214,0.0,0.0,0.0,0.0,True,False
2026-01-15 11:30,PV_H048,PV,0.0,2.956,0.0,0.0,0.0,0.0,True,False
2026-01-15 11:30,PV_H049,PV,0.0,2.77,0.0,2.77,0.0,0.693,True,True
2026-01-15 11:30,PV_H050,PV,0.0,3.642,0.0,3.642,0.0,0.911,True,True
2026-01-15 11:30,PV_H053,PV,0.0,4.41,0.0,0.0,0.0,0.0,True,False
2026-01-15 11:30,PV_H055,PV,0.0,2.539,0.0,2.539,0.0,0.635,True,True
2026-01-15 11:30,PV_H057,PV,0.0,4.34,0.0,4.34,0.0,1.085,True,True
2026-01-15 11:30,PV_H058,PV,0.0,3.0,0.0,3.0,0.0,0.75,True,True
2026-01-15 11:30,PV_H060,PV,0.0,5.439,0.0,5.439,0.0,1.36,True,True
2026-01-15 11:30,PV_H061,PV,0.0,3.07,0.0,3.07,0.0,0.767,True,True
2026-01-15 11:30,PV_H062,PV,0.0,6.0,0.0,0.0,0.0,0.0,True,False
2026-01-15 11:30,PV_H063,PV,0.0,3.88,0.0,0.0,0.0,0.0,True,False
2026-01-15 11:30,PV_H066,PV,0.0,4.326,0.0,0.0,0.0,0.0,True,False
2026-01-15 11:30,PV_H067,PV,0.0,2.627,0.0,2.627,0.0,0.657,True,True
2026-01-15 11:30,PV_H069,PV,0.0,3.356,0.0,3.356,0.0,0.839,True,True
2026-01-15 11:30,PV_H071,PV,0.0,4.46,0.0,4.46,0.0,1.115,True,True
2026-01-15 11:30,PV_H072,PV,0.0,4.998,0.0,4.998,0.0,1.25,True,True
2026-01-15 11:30,PV_H073,PV,0.0,3.71,0.0,3.71,0.0,0.927,True,True
2026-01-15 11:30,PV_H074,PV,0.0,4.068,0.0,0.0,0.0,0.0,True,False
2026-01-15 11:30,PV_H076,PV,0.0,4.69,0.0,4.69,0.0,1.173,True,True
2026-01-15 11:30,PV_H077,PV,0.0,4.699,0.0,4.699,0.0,1.175,True,True
2026-01-15 11:30,PV_H078,PV,0.0,2.576,0.0,0.0,0.0,0.0,True,False
2026-01-15 11:30,PV_H079,PV,0.0,2.85,0.0,2.85,0.0,0.713,True,True
2026-01-15 11:30,PV_H080,PV,0.0,4.099,0.0,0.0,0.0,0.0,True,False
2026-01-15 11:30,PV_H081,PV,0.0,3.986,0.0,3.986,0.0,0.997,True,True
2026-01-15 11:30,PV_H082,PV,0.0,2.599,0.0,2.599,0.0,0.65,True,True
2026-01-15 11:30,PV_H083,PV,0.0,2.928,0.0,2.928,0.0,0.732,True,True
2026-01-15 11:30,PV_H085,PV,0.0,3.683,0.0,0.0,0.0,0.0,True,False
2026-01-15 11:30,PV_H087,PV,0.0,4.42,0.0,0.0,0.0,0.0,True,False
2026-01-15 11:30,PV_H088,PV,0.0,2.01,0.0,0.0,0.0,0.0,True,False
2026-01-15 11:30,PV_H090,PV,0.0,4.33,0.0,4.33,0.0,1.083,True,True
2026-01-15 11:30,PV_H093,PV,0.0,4.997,0.0,4.997,0.0,1.249,True,True
2026-01-15 11:30,PV_H094,PV,0.0,2.76,0.0,2.76,0.0,0.69,True,True
2026-01-15 11:30,PV_H095,PV,0.0,2.658,0.0,0.0,0.0,0.0,True,False
2026-01-15 11:30,PV_H096,PV,0.0,4.044,0.0,4.044,0.0,1.011,True,True
2026-01-15 11:30,PV_H098,PV,0.0,3.1,0.0,3.1,0.0,0.775,True,True
2026-01-15 11:30,PV_H099,PV,0.0,2.906,0.0,0.0,0.0,0.0,True,False
2026-01-15 11:30,BESS_COMMUNITY_01,BESS,25.0,25.0,25.0,25.0,0.0,60.0,True,True
2026-01-15 11:30,EV_001,EV,0.0,0.0,0.0,0.0,0.0,0.0,False,True
2026-01-15 11:30,EV_002,EV,0.0,0.0,0.0,0.0,0.0,0.0,False,True
2026-01-15 11:30,EV_003,EV,0.0,0.0,0.0,0.0,0.0,0.0,False,True
2026-01-15 11:30,EV_004,EV,0.0,0.0,0.0,0.0,0.0,0.0,False,False
2026-01-15 11:30,EV_005,EV,0.0,0.0,0.0,0.0,0.0,0.0,False,True
2026-01-15 11:30,EV_006,EV,0.0,0.0,0.0,0.0,0.0,0.0,False,True
2026-01-15 11:30,EV_007,EV,0.0,0.0,0.0,0.0,0.0,0.0,False,True
2026-01-15 11:30,EV_008,EV,0.0,0.0,0.0,0.0,0.0,0.0,False,True
2026-01-15 11:30,EV_009,EV,0.0,0.0,0.0,0.0,0.0,0.0,False,True
2026-01-15 11:30,EV_010,EV,0.0,0.0,0.0,0.0,0.0,0.0,False,True
2026-01-15 11:30,EV_011,EV,0.0,0.0,0.0,0.0,0.0,0.0,False,True
2026-01-15 11:30,EV_012,EV,0.0,0.0,0.0,0.0,0.0,0.0,False,False
2026-01-15 11:30,EV_013,EV,0.0,0.0,0.0,0.0,0.0,0.0,False,False
2026-01-15 11:30,EV_014,EV,0.0,0.0,0.0,0.0,0.0,0.0,False,True
2026-01-15 11:30,EV_015,EV,0.0,0.0,0.0,0.0,0.0,0.0,False,True
2026-01-15 11:30,EV_016,EV,0.0,0.0,0.0,0.0,0.0,0.0,False,False
2026-01-15 11:30,EV_017,EV,0.0,0.0,0.0,0.0,0.0,0.0,False,False
2026-01-15 11:30,EV_018,EV,0.0,0.0,0.0,0.0,0.0,0.0,False,True
2026-01-15 11:30,EV_019,EV,0.0,0.0,0.0,0.0,0.0,0.0,False,True
2026-01-15 11:30,EV_020,EV,0.0,0.0,0.0,0.0,0.0,0.0,False,True
2026-01-15 11:30,FL001,FLEXIBLE_LOAD,0.0,0.0,0.0,0.0,0.0,0.0,False,False
2026-01-15 11:30,FL002,FLEXIBLE_LOAD,0.0,10.0,0.0,10.0,10.0,2.5,True,True
2026-01-15 11:30,FL003,FLEXIBLE_LOAD,0.0,4.0,0.0,4.0,4.0,1.0,True,True
2026-01-15 11:45,PV_H002,PV,0.0,3.697,0.0,3.697,0.0,0.924,True,True
2026-01-15 11:45,PV_H003,PV,0.0,3.081,0.0,3.081,0.0,0.77,True,True
2026-01-15 11:45,PV_H005,PV,0.0,3.17,0.0,0.0,0.0,0.0,True,False
2026-01-15 11:45,PV_H006,PV,0.0,2.0,0.0,2.0,0.0,0.5,True,True
2026-01-15 11:45,PV_H007,PV,0.0,3.93,0.0,0.0,0.0,0.0,True,False
2026-01-15 11:45,PV_H010,PV,0.0,2.997,0.0,0.0,0.0,0.0,True,False
2026-01-15 11:45,PV_H016,PV,0.0,2.1,0.0,2.1,0.0,0.525,True,True
2026-01-15 11:45,PV_H017,PV,0.0,3.417,0.0,3.417,0.0,0.854,True,True
2026-01-15 11:45,PV_H018,PV,0.0,2.309,0.0,2.309,0.0,0.577,True,True
2026-01-15 11:45,PV_H021,PV,0.0,5.036,0.0,5.036,0.0,1.259,True,True
2026-01-15 11:45,PV_H024,PV,0.0,1.912,0.0,1.912,0.0,0.478,True,True
2026-01-15 11:45,PV_H025,PV,0.0,3.724,0.0,0.0,0.0,0.0,True,False
2026-01-15 11:45,PV_H026,PV,0.0,3.639,0.0,0.0,0.0,0.0,True,False
2026-01-15 11:45,PV_H027,PV,0.0,3.54,0.0,3.54,0.0,0.885,True,True
2026-01-15 11:45,PV_H032,PV,0.0,2.952,0.0,0.0,0.0,0.0,True,False
2026-01-15 11:45,PV_H033,PV,0.0,2.413,0.0,2.413,0.0,0.603,True,True
2026-01-15 11:45,PV_H034,PV,0.0,3.772,0.0,3.772,0.0,0.943,True,True
2026-01-15 11:45,PV_H035,PV,0.0,2.779,0.0,2.779,0.0,0.695,True,True
2026-01-15 11:45,PV_H036,PV,0.0,3.49,0.0,0.0,0.0,0.0,True,False
2026-01-15 11:45,PV_H037,PV,0.0,3.175,0.0,0.0,0.0,0.0,True,False
2026-01-15 11:45,PV_H040,PV,0.0,4.1,0.0,0.0,0.0,0.0,True,False
2026-01-15 11:45,PV_H042,PV,0.0,2.55,0.0,2.55,0.0,0.637,True,True
2026-01-15 11:45,PV_H044,PV,0.0,3.202,0.0,0.0,0.0,0.0,True,False
2026-01-15 11:45,PV_H046,PV,0.0,4.27,0.0,0.0,0.0,0.0,True,False
2026-01-15 11:45,PV_H048,PV,0.0,3.11,0.0,0.0,0.0,0.0,True,False
2026-01-15 11:45,PV_H049,PV,0.0,2.77,0.0,2.77,0.0,0.693,True,True
2026-01-15 11:45,PV_H050,PV,0.0,3.679,0.0,3.679,0.0,0.92,True,True
2026-01-15 11:45,PV_H053,PV,0.0,4.482,0.0,0.0,0.0,0.0,True,False
2026-01-15 11:45,PV_H055,PV,0.0,2.609,0.0,2.609,0.0,0.652,True,True
2026-01-15 11:45,PV_H057,PV,0.0,4.34,0.0,4.34,0.0,1.085,True,True
2026-01-15 11:45,PV_H058,PV,0.0,2.959,0.0,2.959,0.0,0.74,True,True
2026-01-15 11:45,PV_H060,PV,0.0,5.469,0.0,5.469,0.0,1.367,True,True
2026-01-15 11:45,PV_H061,PV,0.0,3.07,0.0,3.07,0.0,0.767,True,True
2026-01-15 11:45,PV_H062,PV,0.0,6.0,0.0,0.0,0.0,0.0,True,False
2026-01-15 11:45,PV_H063,PV,0.0,3.944,0.0,0.0,0.0,0.0,True,False
2026-01-15 11:45,PV_H066,PV,0.0,4.31,0.0,0.0,0.0,0.0,True,False
2026-01-15 11:45,PV_H067,PV,0.0,2.613,0.0,2.613,0.0,0.653,True,True
2026-01-15 11:45,PV_H069,PV,0.0,3.419,0.0,3.419,0.0,0.855,True,True
2026-01-15 11:45,PV_H071,PV,0.0,4.546,0.0,4.546,0.0,1.137,True,True
2026-01-15 11:45,PV_H072,PV,0.0,4.907,0.0,4.907,0.0,1.227,True,True
2026-01-15 11:45,PV_H073,PV,0.0,3.689,0.0,3.689,0.0,0.922,True,True
2026-01-15 11:45,PV_H074,PV,0.0,4.057,0.0,0.0,0.0,0.0,True,False
2026-01-15 11:45,PV_H076,PV,0.0,4.69,0.0,4.69,0.0,1.173,True,True
2026-01-15 11:45,PV_H077,PV,0.0,4.826,0.0,4.826,0.0,1.207,True,True
2026-01-15 11:45,PV_H078,PV,0.0,2.593,0.0,0.0,0.0,0.0,True,False
2026-01-15 11:45,PV_H079,PV,0.0,2.85,0.0,2.85,0.0,0.713,True,True
2026-01-15 11:45,PV_H080,PV,0.0,4.14,0.0,0.0,0.0,0.0,True,False
2026-01-15 11:45,PV_H081,PV,0.0,3.974,0.0,3.974,0.0,0.994,True,True
2026-01-15 11:45,PV_H082,PV,0.0,2.511,0.0,2.511,0.0,0.628,True,True
2026-01-15 11:45,PV_H083,PV,0.0,2.911,0.0,2.911,0.0,0.728,True,True
2026-01-15 11:45,PV_H085,PV,0.0,3.82,0.0,0.0,0.0,0.0,True,False
2026-01-15 11:45,PV_H087,PV,0.0,4.42,0.0,0.0,0.0,0.0,True,False
2026-01-15 11:45,PV_H088,PV,0.0,2.107,0.0,0.0,0.0,0.0,True,False
2026-01-15 11:45,PV_H090,PV,0.0,4.33,0.0,4.33,0.0,1.083,True,True
2026-01-15 11:45,PV_H093,PV,0.0,5.077,0.0,5.077,0.0,1.269,True,True
2026-01-15 11:45,PV_H094,PV,0.0,2.76,0.0,2.76,0.0,0.69,True,True
2026-01-15 11:45,PV_H095,PV,0.0,2.66,0.0,0.0,0.0,0.0,True,False
2026-01-15 11:45,PV_H096,PV,0.0,4.126,0.0,4.126,0.0,1.031,True,True
2026-01-15 11:45,PV_H098,PV,0.0,3.144,0.0,3.144,0.0,0.786,True,True
2026-01-15 11:45,PV_H099,PV,0.0,2.989,0.0,0.0,0.0,0.0,True,False
2026-01-15 11:45,BESS_COMMUNITY_01,BESS,25.0,25.0,25.0,25.0,0.0,60.0,True,True
2026-01-15 11:45,EV_001,EV,0.0,0.0,0.0,0.0,0.0,0.0,False,True
2026-01-15 11:45,EV_002,EV,0.0,0.0,0.0,0.0,0.0,0.0,False,True
2026-01-15 11:45,EV_003,EV,0.0,0.0,0.0,0.0,0.0,0.0,False,True
2026-01-15 11:45,EV_004,EV,0.0,0.0,0.0,0.0,0.0,0.0,False,False
2026-01-15 11:45,EV_005,EV,0.0,0.0,0.0,0.0,0.0,0.0,False,True
2026-01-15 11:45,EV_006,EV,0.0,0.0,0.0,0.0,0.0,0.0,False,True
2026-01-15 11:45,EV_007,EV,0.0,0.0,0.0,0.0,0.0,0.0,False,True
2026-01-15 11:45,EV_008,EV,0.0,0.0,0.0,0.0,0.0,0.0,False,True
2026-01-15 11:45,EV_009,EV,0.0,0.0,0.0,0.0,0.0,0.0,False,True
2026-01-15 11:45,EV_010,EV,0.0,0.0,0.0,0.0,0.0,0.0,False,True
2026-01-15 11:45,EV_011,EV,0.0,0.0,0.0,0.0,0.0,0.0,False,True
2026-01-15 11:45,EV_012,EV,0.0,0.0,0.0,0.0,0.0,0.0,False,False
2026-01-15 11:45,EV_013,EV,0.0,0.0,0.0,0.0,0.0,0.0,False,False
2026-01-15 11:45,EV_014,EV,0.0,0.0,0.0,0.0,0.0,0.0,False,True
2026-01-15 11:45,EV_015,EV,0.0,0.0,0.0,0.0,0.0,0.0,False,True
2026-01-15 11:45,EV_016,EV,0.0,0.0,0.0,0.0,0.0,0.0,False,False
2026-01-15 11:45,EV_017,EV,0.0,0.0,0.0,0.0,0.0,0.0,False,False
2026-01-15 11:45,EV_018,EV,0.0,0.0,0.0,0.0,0.0,0.0,False,True
2026-01-15 11:45,EV_019,EV,0.0,0.0,0.0,0.0,0.0,0.0,False,True
2026-01-15 11:45,EV_020,EV,0.0,0.0,0.0,0.0,0.0,0.0,False,True
2026-01-15 11:45,FL001,FLEXIBLE_LOAD,0.0,0.0,0.0,0.0,0.0,0.0,False,False
2026-01-15 11:45,FL002,FLEXIBLE_LOAD,0.0,10.0,0.0,10.0,10.0,2.5,True,True
2026-01-15 11:45,FL003,FLEXIBLE_LOAD,0.0,4.0,0.0,4.0,4.0,1.0,True,True
2026-01-15 12:00,PV_H002,PV,0.0,3.662,0.0,3.662,0.0,0.915,True,True
2026-01-15 12:00,PV_H003,PV,0.0,3.005,0.0,3.005,0.0,0.751,True,True
2026-01-15 12:00,PV_H005,PV,0.0,3.141,0.0,0.0,0.0,0.0,True,False
2026-01-15 12:00,PV_H006,PV,0.0,2.0,0.0,2.0,0.0,0.5,True,True
2026-01-15 12:00,PV_H007,PV,0.0,3.907,0.0,0.0,0.0,0.0,True,False
2026-01-15 12:00,PV_H010,PV,0.0,2.949,0.0,0.0,0.0,0.0,True,False
2026-01-15 12:00,PV_H016,PV,0.0,2.1,0.0,2.1,0.0,0.525,True,True
2026-01-15 12:00,PV_H017,PV,0.0,3.589,0.0,3.589,0.0,0.897,True,True
2026-01-15 12:00,PV_H018,PV,0.0,2.301,0.0,2.301,0.0,0.575,True,True
2026-01-15 12:00,PV_H021,PV,0.0,4.985,0.0,4.985,0.0,1.246,True,True
2026-01-15 12:00,PV_H024,PV,0.0,1.907,0.0,1.907,0.0,0.477,True,True
2026-01-15 12:00,PV_H025,PV,0.0,3.793,0.0,0.0,0.0,0.0,True,False
2026-01-15 12:00,PV_H026,PV,0.0,3.642,0.0,0.0,0.0,0.0,True,False
2026-01-15 12:00,PV_H027,PV,0.0,3.54,0.0,3.54,0.0,0.885,True,True
2026-01-15 12:00,PV_H032,PV,0.0,3.032,0.0,0.0,0.0,0.0,True,False
2026-01-15 12:00,PV_H033,PV,0.0,2.403,0.0,2.403,0.0,0.601,True,True
2026-01-15 12:00,PV_H034,PV,0.0,3.72,0.0,3.72,0.0,0.93,True,True
2026-01-15 12:00,PV_H035,PV,0.0,2.722,0.0,2.722,0.0,0.68,True,True
2026-01-15 12:00,PV_H036,PV,0.0,3.49,0.0,0.0,0.0,0.0,True,False
2026-01-15 12:00,PV_H037,PV,0.0,3.208,0.0,0.0,0.0,0.0,True,False
2026-01-15 12:00,PV_H040,PV,0.0,4.1,0.0,0.0,0.0,0.0,True,False
2026-01-15 12:00,PV_H042,PV,0.0,2.55,0.0,2.55,0.0,0.637,True,True
2026-01-15 12:00,PV_H044,PV,0.0,3.273,0.0,0.0,0.0,0.0,True,False
2026-01-15 12:00,PV_H046,PV,0.0,4.27,0.0,0.0,0.0,0.0,True,False
2026-01-15 12:00,PV_H048,PV,0.0,3.1,0.0,0.0,0.0,0.0,True,False
2026-01-15 12:00,PV_H049,PV,0.0,2.77,0.0,2.77,0.0,0.693,True,True
2026-01-15 12:00,PV_H050,PV,0.0,3.625,0.0,3.625,0.0,0.906,True,True
2026-01-15 12:00,PV_H053,PV,0.0,4.407,0.0,0.0,0.0,0.0,True,False
2026-01-15 12:00,PV_H055,PV,0.0,2.554,0.0,2.554,0.0,0.638,True,True
2026-01-15 12:00,PV_H057,PV,0.0,4.34,0.0,4.34,0.0,1.085,True,True
2026-01-15 12:00,PV_H058,PV,0.0,3.0,0.0,3.0,0.0,0.75,True,True
2026-01-15 12:00,PV_H060,PV,0.0,5.428,0.0,5.428,0.0,1.357,True,True
2026-01-15 12:00,PV_H061,PV,0.0,3.07,0.0,3.07,0.0,0.767,True,True
2026-01-15 12:00,PV_H062,PV,0.0,6.0,0.0,0.0,0.0,0.0,True,False
2026-01-15 12:00,PV_H063,PV,0.0,4.013,0.0,0.0,0.0,0.0,True,False
2026-01-15 12:00,PV_H066,PV,0.0,4.268,0.0,0.0,0.0,0.0,True,False
2026-01-15 12:00,PV_H067,PV,0.0,2.628,0.0,2.628,0.0,0.657,True,True
2026-01-15 12:00,PV_H069,PV,0.0,3.363,0.0,3.363,0.0,0.841,True,True
2026-01-15 12:00,PV_H071,PV,0.0,4.57,0.0,4.57,0.0,1.143,True,True
2026-01-15 12:00,PV_H072,PV,0.0,4.862,0.0,4.862,0.0,1.216,True,True
2026-01-15 12:00,PV_H073,PV,0.0,3.71,0.0,3.71,0.0,0.927,True,True
2026-01-15 12:00,PV_H074,PV,0.0,4.1,0.0,0.0,0.0,0.0,True,False
2026-01-15 12:00,PV_H076,PV,0.0,4.69,0.0,4.69,0.0,1.173,True,True
2026-01-15 12:00,PV_H077,PV,0.0,4.682,0.0,4.682,0.0,1.17,True,True
2026-01-15 12:00,PV_H078,PV,0.0,2.618,0.0,0.0,0.0,0.0,True,False
2026-01-15 12:00,PV_H079,PV,0.0,2.85,0.0,2.85,0.0,0.713,True,True
2026-01-15 12:00,PV_H080,PV,0.0,4.14,0.0,0.0,0.0,0.0,True,False
2026-01-15 12:00,PV_H081,PV,0.0,4.034,0.0,4.034,0.0,1.009,True,True
2026-01-15 12:00,PV_H082,PV,0.0,2.562,0.0,2.562,0.0,0.641,True,True
2026-01-15 12:00,PV_H083,PV,0.0,3.037,0.0,3.037,0.0,0.759,True,True
2026-01-15 12:00,PV_H085,PV,0.0,3.794,0.0,0.0,0.0,0.0,True,False
2026-01-15 12:00,PV_H087,PV,0.0,4.42,0.0,0.0,0.0,0.0,True,False
2026-01-15 12:00,PV_H088,PV,0.0,2.088,0.0,0.0,0.0,0.0,True,False
2026-01-15 12:00,PV_H090,PV,0.0,4.33,0.0,4.33,0.0,1.083,True,True
2026-01-15 12:00,PV_H093,PV,0.0,4.975,0.0,4.975,0.0,1.244,True,True
2026-01-15 12:00,PV_H094,PV,0.0,2.76,0.0,2.76,0.0,0.69,True,True
2026-01-15 12:00,PV_H095,PV,0.0,2.66,0.0,0.0,0.0,0.0,True,False
2026-01-15 12:00,PV_H096,PV,0.0,4.188,0.0,4.188,0.0,1.047,True,True
2026-01-15 12:00,PV_H098,PV,0.0,3.16,0.0,3.16,0.0,0.79,True,True
2026-01-15 12:00,PV_H099,PV,0.0,2.998,0.0,0.0,0.0,0.0,True,False
2026-01-15 12:00,BESS_COMMUNITY_01,BESS,25.0,25.0,25.0,25.0,0.0,60.0,True,True
2026-01-15 12:00,EV_001,EV,0.0,0.0,0.0,0.0,0.0,0.0,False,True
2026-01-15 12:00,EV_002,EV,0.0,0.0,0.0,0.0,0.0,0.0,False,True
2026-01-15 12:00,EV_003,EV,0.0,0.0,0.0,0.0,0.0,0.0,False,True
2026-01-15 12:00,EV_004,EV,0.0,0.0,0.0,0.0,0.0,0.0,False,False
2026-01-15 12:00,EV_005,EV,0.0,0.0,0.0,0.0,0.0,0.0,False,True
2026-01-15 12:00,EV_006,EV,0.0,0.0,0.0,0.0,0.0,0.0,False,True
2026-01-15 12:00,EV_007,EV,0.0,0.0,0.0,0.0,0.0,0.0,False,True
2026-01-15 12:00,EV_008,EV,0.0,0.0,0.0,0.0,0.0,0.0,False,True
2026-01-15 12:00,EV_009,EV,0.0,0.0,0.0,0.0,0.0,0.0,False,True
2026-01-15 12:00,EV_010,EV,0.0,0.0,0.0,0.0,0.0,0.0,False,True
2026-01-15 12:00,EV_011,EV,0.0,0.0,0.0,0.0,0.0,0.0,False,True
2026-01-15 12:00,EV_012,EV,0.0,0.0,0.0,0.0,0.0,0.0,False,False
2026-01-15 12:00,EV_013,EV,0.0,0.0,0.0,0.0,0.0,0.0,False,False
2026-01-15 12:00,EV_014,EV,0.0,0.0,0.0,0.0,0.0,0.0,False,True
2026-01-15 12:00,EV_015,EV,0.0,0.0,0.0,0.0,0.0,0.0,False,True
2026-01-15 12:00,EV_016,EV,0.0,0.0,0.0,0.0,0.0,0.0,False,False
2026-01-15 12:00,EV_017,EV,0.0,0.0,0.0,0.0,0.0,0.0,False,False
2026-01-15 12:00,EV_018,EV,0.0,0.0,0.0,0.0,0.0,0.0,False,True
2026-01-15 12:00,EV_019,EV,0.0,0.0,0.0,0.0,0.0,0.0,False,True
2026-01-15 12:00,EV_020,EV,0.0,0.0,0.0,0.0,0.0,0.0,False,True
2026-01-15 12:00,FL001,FLEXIBLE_LOAD,0.0,0.0,0.0,0.0,0.0,0.0,False,False
2026-01-15 12:00,FL002,FLEXIBLE_LOAD,0.0,10.0,0.0,10.0,10.0,2.5,True,True
2026-01-15 12:00,FL003,FLEXIBLE_LOAD,0.0,4.0,0.0,4.0,4.0,1.0,True,True
2026-01-15 12:15,PV_H002,PV,0.0,3.587,0.0,3.587,0.0,0.897,True,True
2026-01-15 12:15,PV_H003,PV,0.0,3.095,0.0,3.095,0.0,0.774,True,True
2026-01-15 12:15,PV_H005,PV,0.0,3.093,0.0,0.0,0.0,0.0,True,False
2026-01-15 12:15,PV_H006,PV,0.0,2.0,0.0,2.0,0.0,0.5,True,True
2026-01-15 12:15,PV_H007,PV,0.0,3.918,0.0,0.0,0.0,0.0,True,False
2026-01-15 12:15,PV_H010,PV,0.0,3.02,0.0,0.0,0.0,0.0,True,False
2026-01-15 12:15,PV_H016,PV,0.0,2.1,0.0,2.1,0.0,0.525,True,True
2026-01-15 12:15,PV_H017,PV,0.0,3.496,0.0,3.496,0.0,0.874,True,True
2026-01-15 12:15,PV_H018,PV,0.0,2.247,0.0,2.247,0.0,0.562,True,True
2026-01-15 12:15,PV_H021,PV,0.0,4.984,0.0,4.984,0.0,1.246,True,True
2026-01-15 12:15,PV_H024,PV,0.0,1.869,0.0,1.869,0.0,0.467,True,True
2026-01-15 12:15,PV_H025,PV,0.0,3.808,0.0,0.0,0.0,0.0,True,False
2026-01-15 12:15,PV_H026,PV,0.0,3.612,0.0,0.0,0.0,0.0,True,False
2026-01-15 12:15,PV_H027,PV,0.0,3.54,0.0,3.54,0.0,0.885,True,True
2026-01-15 12:15,PV_H032,PV,0.0,3.004,0.0,0.0,0.0,0.0,True,False
2026-01-15 12:15,PV_H033,PV,0.0,2.363,0.0,2.363,0.0,0.591,True,True
2026-01-15 12:15,PV_H034,PV,0.0,3.757,0.0,3.757,0.0,0.939,True,True
2026-01-15 12:15,PV_H035,PV,0.0,2.726,0.0,2.726,0.0,0.681,True,True
2026-01-15 12:15,PV_H036,PV,0.0,3.49,0.0,0.0,0.0,0.0,True,False
2026-01-15 12:15,PV_H037,PV,0.0,3.183,0.0,0.0,0.0,0.0,True,False
2026-01-15 12:15,PV_H040,PV,0.0,4.1,0.0,0.0,0.0,0.0,True,False
2026-01-15 12:15,PV_H042,PV,0.0,2.55,0.0,2.55,0.0,0.637,True,True
2026-01-15 12:15,PV_H044,PV,0.0,3.233,0.0,0.0,0.0,0.0,True,False
2026-01-15 12:15,PV_H046,PV,0.0,4.27,0.0,0.0,0.0,0.0,True,False
2026-01-15 12:15,PV_H048,PV,0.0,3.036,0.0,0.0,0.0,0.0,True,False
2026-01-15 12:15,PV_H049,PV,0.0,2.77,0.0,2.77,0.0,0.693,True,True
2026-01-15 12:15,PV_H050,PV,0.0,3.68,0.0,3.68,0.0,0.92,True,True
2026-01-15 12:15,PV_H053,PV,0.0,4.48,0.0,0.0,0.0,0.0,True,False
2026-01-15 12:15,PV_H055,PV,0.0,2.607,0.0,2.607,0.0,0.652,True,True
2026-01-15 12:15,PV_H057,PV,0.0,4.34,0.0,4.34,0.0,1.085,True,True
2026-01-15 12:15,PV_H058,PV,0.0,3.0,0.0,3.0,0.0,0.75,True,True
2026-01-15 12:15,PV_H060,PV,0.0,5.455,0.0,5.455,0.0,1.364,True,True
2026-01-15 12:15,PV_H061,PV,0.0,3.07,0.0,3.07,0.0,0.767,True,True
2026-01-15 12:15,PV_H062,PV,0.0,6.0,0.0,0.0,0.0,0.0,True,False
2026-01-15 12:15,PV_H063,PV,0.0,4.02,0.0,0.0,0.0,0.0,True,False
2026-01-15 12:15,PV_H066,PV,0.0,4.293,0.0,0.0,0.0,0.0,True,False
2026-01-15 12:15,PV_H067,PV,0.0,2.556,0.0,2.556,0.0,0.639,True,True
2026-01-15 12:15,PV_H069,PV,0.0,3.358,0.0,3.358,0.0,0.839,True,True
2026-01-15 12:15,PV_H071,PV,0.0,4.57,0.0,4.57,0.0,1.143,True,True
2026-01-15 12:15,PV_H072,PV,0.0,5.0,0.0,5.0,0.0,1.25,True,True
2026-01-15 12:15,PV_H073,PV,0.0,3.71,0.0,3.71,0.0,0.927,True,True
2026-01-15 12:15,PV_H074,PV,0.0,4.1,0.0,0.0,0.0,0.0,True,False
2026-01-15 12:15,PV_H076,PV,0.0,4.69,0.0,4.69,0.0,1.173,True,True
2026-01-15 12:15,PV_H077,PV,0.0,4.724,0.0,4.724,0.0,1.181,True,True
2026-01-15 12:15,PV_H078,PV,0.0,2.682,0.0,0.0,0.0,0.0,True,False
2026-01-15 12:15,PV_H079,PV,0.0,2.85,0.0,2.85,0.0,0.713,True,True
2026-01-15 12:15,PV_H080,PV,0.0,4.14,0.0,0.0,0.0,0.0,True,False
2026-01-15 12:15,PV_H081,PV,0.0,3.999,0.0,3.999,0.0,1.0,True,True
2026-01-15 12:15,PV_H082,PV,0.0,2.575,0.0,2.575,0.0,0.644,True,True
2026-01-15 12:15,PV_H083,PV,0.0,2.994,0.0,2.994,0.0,0.749,True,True
2026-01-15 12:15,PV_H085,PV,0.0,3.81,0.0,0.0,0.0,0.0,True,False
2026-01-15 12:15,PV_H087,PV,0.0,4.42,0.0,0.0,0.0,0.0,True,False
2026-01-15 12:15,PV_H088,PV,0.0,2.054,0.0,0.0,0.0,0.0,True,False
2026-01-15 12:15,PV_H090,PV,0.0,4.33,0.0,4.33,0.0,1.083,True,True
2026-01-15 12:15,PV_H093,PV,0.0,5.081,0.0,5.081,0.0,1.27,True,True
2026-01-15 12:15,PV_H094,PV,0.0,2.76,0.0,2.76,0.0,0.69,True,True
2026-01-15 12:15,PV_H095,PV,0.0,2.66,0.0,0.0,0.0,0.0,True,False
2026-01-15 12:15,PV_H096,PV,0.0,4.234,0.0,4.234,0.0,1.058,True,True
2026-01-15 12:15,PV_H098,PV,0.0,3.16,0.0,3.16,0.0,0.79,True,True
2026-01-15 12:15,PV_H099,PV,0.0,3.022,0.0,0.0,0.0,0.0,True,False
2026-01-15 12:15,BESS_COMMUNITY_01,BESS,25.0,25.0,25.0,25.0,0.0,60.0,True,True
2026-01-15 12:15,EV_001,EV,0.0,0.0,0.0,0.0,0.0,0.0,False,True
2026-01-15 12:15,EV_002,EV,0.0,0.0,0.0,0.0,0.0,0.0,False,True
2026-01-15 12:15,EV_003,EV,0.0,0.0,0.0,0.0,0.0,0.0,False,True
2026-01-15 12:15,EV_004,EV,0.0,0.0,0.0,0.0,0.0,0.0,False,False
2026-01-15 12:15,EV_005,EV,0.0,0.0,0.0,0.0,0.0,0.0,False,True
2026-01-15 12:15,EV_006,EV,0.0,0.0,0.0,0.0,0.0,0.0,False,True
2026-01-15 12:15,EV_007,EV,0.0,0.0,0.0,0.0,0.0,0.0,False,True
2026-01-15 12:15,EV_008,EV,0.0,0.0,0.0,0.0,0.0,0.0,False,True
2026-01-15 12:15,EV_009,EV,0.0,0.0,0.0,0.0,0.0,0.0,False,True
2026-01-15 12:15,EV_010,EV,0.0,0.0,0.0,0.0,0.0,0.0,False,True
2026-01-15 12:15,EV_011,EV,0.0,0.0,0.0,0.0,0.0,0.0,False,True
2026-01-15 12:15,EV_012,EV,0.0,0.0,0.0,0.0,0.0,0.0,False,False
2026-01-15 12:15,EV_013,EV,0.0,0.0,0.0,0.0,0.0,0.0,False,False
2026-01-15 12:15,EV_014,EV,0.0,0.0,0.0,0.0,0.0,0.0,False,True
2026-01-15 12:15,EV_015,EV,0.0,0.0,0.0,0.0,0.0,0.0,False,True
2026-01-15 12:15,EV_016,EV,0.0,0.0,0.0,0.0,0.0,0.0,False,False
2026-01-15 12:15,EV_017,EV,0.0,0.0,0.0,0.0,0.0,0.0,False,False
2026-01-15 12:15,EV_018,EV,0.0,0.0,0.0,0.0,0.0,0.0,False,True
2026-01-15 12:15,EV_019,EV,0.0,0.0,0.0,0.0,0.0,0.0,False,True
2026-01-15 12:15,EV_020,EV,0.0,0.0,0.0,0.0,0.0,0.0,False,True
2026-01-15 12:15,FL001,FLEXIBLE_LOAD,0.0,0.0,0.0,0.0,0.0,0.0,False,False
2026-01-15 12:15,FL002,FLEXIBLE_LOAD,0.0,10.0,0.0,10.0,10.0,2.5,True,True
2026-01-15 12:15,FL003,FLEXIBLE_LOAD,0.0,4.0,0.0,4.0,4.0,1.0,True,True
2026-01-15 12:30,PV_H002,PV,0.0,3.664,0.0,3.664,0.0,0.916,True,True
2026-01-15 12:30,PV_H003,PV,0.0,2.982,0.0,2.982,0.0,0.745,True,True
2026-01-15 12:30,PV_H005,PV,0.0,3.17,0.0,0.0,0.0,0.0,True,False
2026-01-15 12:30,PV_H006,PV,0.0,2.0,0.0,2.0,0.0,0.5,True,True
2026-01-15 12:30,PV_H007,PV,0.0,3.791,0.0,0.0,0.0,0.0,True,False
2026-01-15 12:30,PV_H010,PV,0.0,2.96,0.0,0.0,0.0,0.0,True,False
2026-01-15 12:30,PV_H016,PV,0.0,2.1,0.0,2.1,0.0,0.525,True,True
2026-01-15 12:30,PV_H017,PV,0.0,3.458,0.0,3.458,0.0,0.864,True,True
2026-01-15 12:30,PV_H018,PV,0.0,2.274,0.0,2.274,0.0,0.569,True,True
2026-01-15 12:30,PV_H021,PV,0.0,5.053,0.0,5.053,0.0,1.263,True,True
2026-01-15 12:30,PV_H024,PV,0.0,1.883,0.0,1.883,0.0,0.471,True,True
2026-01-15 12:30,PV_H025,PV,0.0,3.784,0.0,0.0,0.0,0.0,True,False
2026-01-15 12:30,PV_H026,PV,0.0,3.591,0.0,0.0,0.0,0.0,True,False
2026-01-15 12:30,PV_H027,PV,0.0,3.54,0.0,3.54,0.0,0.885,True,True
2026-01-15 12:30,PV_H032,PV,0.0,2.913,0.0,0.0,0.0,0.0,True,False
2026-01-15 12:30,PV_H033,PV,0.0,2.42,0.0,2.42,0.0,0.605,True,True
2026-01-15 12:30,PV_H034,PV,0.0,3.73,0.0,3.73,0.0,0.932,True,True
2026-01-15 12:30,PV_H035,PV,0.0,2.738,0.0,2.738,0.0,0.684,True,True
2026-01-15 12:30,PV_H036,PV,0.0,3.459,0.0,0.0,0.0,0.0,True,False
2026-01-15 12:30,PV_H037,PV,0.0,3.213,0.0,0.0,0.0,0.0,True,False
2026-01-15 12:30,PV_H040,PV,0.0,4.1,0.0,0.0,0.0,0.0,True,False
2026-01-15 12:30,PV_H042,PV,0.0,2.55,0.0,2.55,0.0,0.637,True,True
2026-01-15 12:30,PV_H044,PV,0.0,3.187,0.0,0.0,0.0,0.0,True,False
2026-01-15 12:30,PV_H046,PV,0.0,4.252,0.0,0.0,0.0,0.0,True,False
2026-01-15 12:30,PV_H048,PV,0.0,3.11,0.0,0.0,0.0,0.0,True,False
2026-01-15 12:30,PV_H049,PV,0.0,2.77,0.0,2.77,0.0,0.693,True,True
2026-01-15 12:30,PV_H050,PV,0.0,3.659,0.0,3.659,0.0,0.915,True,True
2026-01-15 12:30,PV_H053,PV,0.0,4.408,0.0,0.0,0.0,0.0,True,False
2026-01-15 12:30,PV_H055,PV,0.0,2.613,0.0,2.613,0.0,0.653,True,True
2026-01-15 12:30,PV_H057,PV,0.0,4.34,0.0,4.34,0.0,1.085,True,True
2026-01-15 12:30,PV_H058,PV,0.0,3.0,0.0,3.0,0.0,0.75,True,True
2026-01-15 12:30,PV_H060,PV,0.0,5.442,0.0,5.442,0.0,1.361,True,True
2026-01-15 12:30,PV_H061,PV,0.0,3.07,0.0,3.07,0.0,0.767,True,True
2026-01-15 12:30,PV_H062,PV,0.0,6.0,0.0,0.0,0.0,0.0,True,False
2026-01-15 12:30,PV_H063,PV,0.0,4.02,0.0,0.0,0.0,0.0,True,False
2026-01-15 12:30,PV_H066,PV,0.0,4.252,0.0,0.0,0.0,0.0,True,False
2026-01-15 12:30,PV_H067,PV,0.0,2.627,0.0,2.627,0.0,0.657,True,True
2026-01-15 12:30,PV_H069,PV,0.0,3.314,0.0,3.314,0.0,0.829,True,True
2026-01-15 12:30,PV_H071,PV,0.0,4.554,0.0,4.554,0.0,1.139,True,True
2026-01-15 12:30,PV_H072,PV,0.0,4.835,0.0,4.835,0.0,1.209,True,True
2026-01-15 12:30,PV_H073,PV,0.0,3.71,0.0,3.71,0.0,0.927,True,True
2026-01-15 12:30,PV_H074,PV,0.0,4.1,0.0,0.0,0.0,0.0,True,False
2026-01-15 12:30,PV_H076,PV,0.0,4.69,0.0,4.69,0.0,1.173,True,True
2026-01-15 12:30,PV_H077,PV,0.0,4.659,0.0,4.659,0.0,1.165,True,True
2026-01-15 12:30,PV_H078,PV,0.0,2.521,0.0,0.0,0.0,0.0,True,False
2026-01-15 12:30,PV_H079,PV,0.0,2.85,0.0,2.85,0.0,0.713,True,True
2026-01-15 12:30,PV_H080,PV,0.0,4.14,0.0,0.0,0.0,0.0,True,False
2026-01-15 12:30,PV_H081,PV,0.0,3.959,0.0,3.959,0.0,0.99,True,True
2026-01-15 12:30,PV_H082,PV,0.0,2.518,0.0,2.518,0.0,0.629,True,True
2026-01-15 12:30,PV_H083,PV,0.0,3.002,0.0,3.002,0.0,0.75,True,True
2026-01-15 12:30,PV_H085,PV,0.0,3.819,0.0,0.0,0.0,0.0,True,False
2026-01-15 12:30,PV_H087,PV,0.0,4.42,0.0,0.0,0.0,0.0,True,False
2026-01-15 12:30,PV_H088,PV,0.0,2.067,0.0,0.0,0.0,0.0,True,False
2026-01-15 12:30,PV_H090,PV,0.0,4.33,0.0,4.33,0.0,1.083,True,True
2026-01-15 12:30,PV_H093,PV,0.0,4.923,0.0,4.923,0.0,1.231,True,True
2026-01-15 12:30,PV_H094,PV,0.0,2.76,0.0,2.76,0.0,0.69,True,True
2026-01-15 12:30,PV_H095,PV,0.0,2.66,0.0,0.0,0.0,0.0,True,False
2026-01-15 12:30,PV_H096,PV,0.0,4.11,0.0,4.11,0.0,1.027,True,True
2026-01-15 12:30,PV_H098,PV,0.0,3.116,0.0,3.116,0.0,0.779,True,True
2026-01-15 12:30,PV_H099,PV,0.0,2.905,0.0,0.0,0.0,0.0,True,False
2026-01-15 12:30,BESS_COMMUNITY_01,BESS,25.0,25.0,25.0,25.0,0.0,60.0,True,True
2026-01-15 12:30,EV_001,EV,0.0,0.0,0.0,0.0,0.0,0.0,False,True
2026-01-15 12:30,EV_002,EV,0.0,0.0,0.0,0.0,0.0,0.0,False,True
2026-01-15 12:30,EV_003,EV,0.0,0.0,0.0,0.0,0.0,0.0,False,True
2026-01-15 12:30,EV_004,EV,0.0,0.0,0.0,0.0,0.0,0.0,False,False
2026-01-15 12:30,EV_005,EV,0.0,0.0,0.0,0.0,0.0,0.0,False,True
2026-01-15 12:30,EV_006,EV,0.0,0.0,0.0,0.0,0.0,0.0,False,True
2026-01-15 12:30,EV_007,EV,0.0,0.0,0.0,0.0,0.0,0.0,False,True
2026-01-15 12:30,EV_008,EV,0.0,0.0,0.0,0.0,0.0,0.0,False,True
2026-01-15 12:30,EV_009,EV,0.0,0.0,0.0,0.0,0.0,0.0,False,True
2026-01-15 12:30,EV_010,EV,0.0,0.0,0.0,0.0,0.0,0.0,False,True
2026-01-15 12:30,EV_011,EV,0.0,0.0,0.0,0.0,0.0,0.0,False,True
2026-01-15 12:30,EV_012,EV,0.0,0.0,0.0,0.0,0.0,0.0,False,False
2026-01-15 12:30,EV_013,EV,0.0,0.0,0.0,0.0,0.0,0.0,False,False
2026-01-15 12:30,EV_014,EV,0.0,0.0,0.0,0.0,0.0,0.0,False,True
2026-01-15 12:30,EV_015,EV,0.0,0.0,0.0,0.0,0.0,0.0,False,True
2026-01-15 12:30,EV_016,EV,0.0,0.0,0.0,0.0,0.0,0.0,False,False
2026-01-15 12:30,EV_017,EV,0.0,0.0,0.0,0.0,0.0,0.0,False,False
2026-01-15 12:30,EV_018,EV,0.0,0.0,0.0,0.0,0.0,0.0,False,True
2026-01-15 12:30,EV_019,EV,0.0,0.0,0.0,0.0,0.0,0.0,False,True
2026-01-15 12:30,EV_020,EV,0.0,0.0,0.0,0.0,0.0,0.0,False,True
2026-01-15 12:30,FL001,FLEXIBLE_LOAD,0.0,0.0,0.0,0.0,0.0,0.0,False,False
2026-01-15 12:30,FL002,FLEXIBLE_LOAD,0.0,10.0,0.0,10.0,10.0,2.5,True,True
2026-01-15 12:30,FL003,FLEXIBLE_LOAD,0.0,4.0,0.0,4.0,4.0,1.0,True,True
2026-01-15 12:45,PV_H002,PV,0.0,3.691,0.0,3.691,0.0,0.923,True,True
2026-01-15 12:45,PV_H003,PV,0.0,2.939,0.0,2.939,0.0,0.735,True,True
2026-01-15 12:45,PV_H005,PV,0.0,3.146,0.0,0.0,0.0,0.0,True,False
2026-01-15 12:45,PV_H006,PV,0.0,2.0,0.0,2.0,0.0,0.5,True,True
2026-01-15 12:45,PV_H007,PV,0.0,3.929,0.0,0.0,0.0,0.0,True,False
2026-01-15 12:45,PV_H010,PV,0.0,2.956,0.0,0.0,0.0,0.0,True,False
2026-01-15 12:45,PV_H016,PV,0.0,2.1,0.0,2.1,0.0,0.525,True,True
2026-01-15 12:45,PV_H017,PV,0.0,3.508,0.0,3.508,0.0,0.877,True,True
2026-01-15 12:45,PV_H018,PV,0.0,2.224,0.0,2.224,0.0,0.556,True,True
2026-01-15 12:45,PV_H021,PV,0.0,4.907,0.0,4.907,0.0,1.227,True,True
2026-01-15 12:45,PV_H024,PV,0.0,1.874,0.0,1.874,0.0,0.469,True,True
2026-01-15 12:45,PV_H025,PV,0.0,3.806,0.0,0.0,0.0,0.0,True,False
2026-01-15 12:45,PV_H026,PV,0.0,3.533,0.0,0.0,0.0,0.0,True,False
2026-01-15 12:45,PV_H027,PV,0.0,3.54,0.0,3.54,0.0,0.885,True,True
2026-01-15 12:45,PV_H032,PV,0.0,2.947,0.0,0.0,0.0,0.0,True,False
2026-01-15 12:45,PV_H033,PV,0.0,2.416,0.0,2.416,0.0,0.604,True,True
2026-01-15 12:45,PV_H034,PV,0.0,3.756,0.0,3.756,0.0,0.939,True,True
2026-01-15 12:45,PV_H035,PV,0.0,2.799,0.0,2.799,0.0,0.7,True,True
2026-01-15 12:45,PV_H036,PV,0.0,3.49,0.0,0.0,0.0,0.0,True,False
2026-01-15 12:45,PV_H037,PV,0.0,3.129,0.0,0.0,0.0,0.0,True,False
2026-01-15 12:45,PV_H040,PV,0.0,4.1,0.0,0.0,0.0,0.0,True,False
2026-01-15 12:45,PV_H042,PV,0.0,2.55,0.0,2.55,0.0,0.637,True,True
2026-01-15 12:45,PV_H044,PV,0.0,3.13,0.0,0.0,0.0,0.0,True,False
2026-01-15 12:45,PV_H046,PV,0.0,4.239,0.0,0.0,0.0,0.0,True,False
2026-01-15 12:45,PV_H048,PV,0.0,3.08,0.0,0.0,0.0,0.0,True,False
2026-01-15 12:45,PV_H049,PV,0.0,2.77,0.0,2.77,0.0,0.693,True,True
2026-01-15 12:45,PV_H050,PV,0.0,3.591,0.0,3.591,0.0,0.898,True,True
2026-01-15 12:45,PV_H053,PV,0.0,4.433,0.0,0.0,0.0,0.0,True,False
2026-01-15 12:45,PV_H055,PV,0.0,2.568,0.0,2.568,0.0,0.642,True,True
2026-01-15 12:45,PV_H057,PV,0.0,4.34,0.0,4.34,0.0,1.085,True,True
2026-01-15 12:45,PV_H058,PV,0.0,3.0,0.0,3.0,0.0,0.75,True,True
2026-01-15 12:45,PV_H060,PV,0.0,5.486,0.0,5.486,0.0,1.371,True,True
2026-01-15 12:45,PV_H061,PV,0.0,3.07,0.0,3.07,0.0,0.767,True,True
2026-01-15 12:45,PV_H062,PV,0.0,6.0,0.0,0.0,0.0,0.0,True,False
2026-01-15 12:45,PV_H063,PV,0.0,3.875,0.0,0.0,0.0,0.0,True,False
2026-01-15 12:45,PV_H066,PV,0.0,4.226,0.0,0.0,0.0,0.0,True,False
2026-01-15 12:45,PV_H067,PV,0.0,2.63,0.0,2.63,0.0,0.657,True,True
2026-01-15 12:45,PV_H069,PV,0.0,3.336,0.0,3.336,0.0,0.834,True,True
2026-01-15 12:45,PV_H071,PV,0.0,4.554,0.0,4.554,0.0,1.139,True,True
2026-01-15 12:45,PV_H072,PV,0.0,4.823,0.0,4.823,0.0,1.206,True,True
2026-01-15 12:45,PV_H073,PV,0.0,3.672,0.0,3.672,0.0,0.918,True,True
2026-01-15 12:45,PV_H074,PV,0.0,4.068,0.0,0.0,0.0,0.0,True,False
2026-01-15 12:45,PV_H076,PV,0.0,4.69,0.0,4.69,0.0,1.173,True,True
2026-01-15 12:45,PV_H077,PV,0.0,4.83,0.0,4.83,0.0,1.208,True,True
2026-01-15 12:45,PV_H078,PV,0.0,2.538,0.0,0.0,0.0,0.0,True,False
2026-01-15 12:45,PV_H079,PV,0.0,2.85,0.0,2.85,0.0,0.713,True,True
2026-01-15 12:45,PV_H080,PV,0.0,4.14,0.0,0.0,0.0,0.0,True,False
2026-01-15 12:45,PV_H081,PV,0.0,3.799,0.0,3.799,0.0,0.95,True,True
2026-01-15 12:45,PV_H082,PV,0.0,2.463,0.0,2.463,0.0,0.616,True,True
2026-01-15 12:45,PV_H083,PV,0.0,2.995,0.0,2.995,0.0,0.749,True,True
2026-01-15 12:45,PV_H085,PV,0.0,3.791,0.0,0.0,0.0,0.0,True,False
2026-01-15 12:45,PV_H087,PV,0.0,4.42,0.0,0.0,0.0,0.0,True,False
2026-01-15 12:45,PV_H088,PV,0.0,2.027,0.0,0.0,0.0,0.0,True,False
2026-01-15 12:45,PV_H090,PV,0.0,4.33,0.0,4.33,0.0,1.083,True,True
2026-01-15 12:45,PV_H093,PV,0.0,4.964,0.0,4.964,0.0,1.241,True,True
2026-01-15 12:45,PV_H094,PV,0.0,2.76,0.0,2.76,0.0,0.69,True,True
2026-01-15 12:45,PV_H095,PV,0.0,2.567,0.0,0.0,0.0,0.0,True,False
2026-01-15 12:45,PV_H096,PV,0.0,4.085,0.0,4.085,0.0,1.021,True,True
2026-01-15 12:45,PV_H098,PV,0.0,3.16,0.0,3.16,0.0,0.79,True,True
2026-01-15 12:45,PV_H099,PV,0.0,2.948,0.0,0.0,0.0,0.0,True,False
2026-01-15 12:45,BESS_COMMUNITY_01,BESS,25.0,25.0,25.0,25.0,0.0,60.0,True,True
2026-01-15 12:45,EV_001,EV,0.0,0.0,0.0,0.0,0.0,0.0,False,True
2026-01-15 12:45,EV_002,EV,0.0,0.0,0.0,0.0,0.0,0.0,False,True
2026-01-15 12:45,EV_003,EV,0.0,0.0,0.0,0.0,0.0,0.0,False,True
2026-01-15 12:45,EV_004,EV,0.0,0.0,0.0,0.0,0.0,0.0,False,False
2026-01-15 12:45,EV_005,EV,0.0,0.0,0.0,0.0,0.0,0.0,False,True
2026-01-15 12:45,EV_006,EV,0.0,0.0,0.0,0.0,0.0,0.0,False,True
2026-01-15 12:45,EV_007,EV,0.0,0.0,0.0,0.0,0.0,0.0,False,True
2026-01-15 12:45,EV_008,EV,0.0,0.0,0.0,0.0,0.0,0.0,False,True
2026-01-15 12:45,EV_009,EV,0.0,0.0,0.0,0.0,0.0,0.0,False,True
2026-01-15 12:45,EV_010,EV,0.0,0.0,0.0,0.0,0.0,0.0,False,True
2026-01-15 12:45,EV_011,EV,0.0,0.0,0.0,0.0,0.0,0.0,False,True
2026-01-15 12:45,EV_012,EV,0.0,0.0,0.0,0.0,0.0,0.0,False,False
2026-01-15 12:45,EV_013,EV,0.0,0.0,0.0,0.0,0.0,0.0,False,False
2026-01-15 12:45,EV_014,EV,0.0,0.0,0.0,0.0,0.0,0.0,False,True
2026-01-15 12:45,EV_015,EV,0.0,0.0,0.0,0.0,0.0,0.0,False,True
2026-01-15 12:45,EV_016,EV,0.0,0.0,0.0,0.0,0.0,0.0,False,False
2026-01-15 12:45,EV_017,EV,0.0,0.0,0.0,0.0,0.0,0.0,False,False
2026-01-15 12:45,EV_018,EV,0.0,0.0,0.0,0.0,0.0,0.0,False,True
2026-01-15 12:45,EV_019,EV,0.0,0.0,0.0,0.0,0.0,0.0,False,True
2026-01-15 12:45,EV_020,EV,0.0,0.0,0.0,0.0,0.0,0.0,False,True
2026-01-15 12:45,FL001,FLEXIBLE_LOAD,0.0,0.0,0.0,0.0,0.0,0.0,False,False
2026-01-15 12:45,FL002,FLEXIBLE_LOAD,0.0,10.0,0.0,10.0,10.0,2.5,True,True
2026-01-15 12:45,FL003,FLEXIBLE_LOAD,0.0,4.0,0.0,4.0,4.0,1.0,True,True
2026-01-15 13:00,PV_H002,PV,0.0,3.601,0.0,3.601,0.0,0.9,True,True
2026-01-15 13:00,PV_H003,PV,0.0,2.899,0.0,2.899,0.0,0.725,True,True
2026-01-15 13:00,PV_H005,PV,0.0,3.122,0.0,0.0,0.0,0.0,True,False
2026-01-15 13:00,PV_H006,PV,0.0,2.0,0.0,2.0,0.0,0.5,True,True
2026-01-15 13:00,PV_H007,PV,0.0,3.828,0.0,0.0,0.0,0.0,True,False
2026-01-15 13:00,PV_H010,PV,0.0,2.96,0.0,0.0,0.0,0.0,True,False
2026-01-15 13:00,PV_H016,PV,0.0,2.1,0.0,2.1,0.0,0.525,True,True
2026-01-15 13:00,PV_H017,PV,0.0,3.509,0.0,3.509,0.0,0.877,True,True
2026-01-15 13:00,PV_H018,PV,0.0,2.256,0.0,2.256,0.0,0.564,True,True
2026-01-15 13:00,PV_H021,PV,0.0,4.847,0.0,4.847,0.0,1.212,True,True
2026-01-15 13:00,PV_H024,PV,0.0,1.895,0.0,1.895,0.0,0.474,True,True
2026-01-15 13:00,PV_H025,PV,0.0,3.738,0.0,0.0,0.0,0.0,True,False
2026-01-15 13:00,PV_H026,PV,0.0,3.595,0.0,0.0,0.0,0.0,True,False
2026-01-15 13:00,PV_H027,PV,0.0,3.54,0.0,3.54,0.0,0.885,True,True
2026-01-15 13:00,PV_H032,PV,0.0,2.873,0.0,0.0,0.0,0.0,True,False
2026-01-15 13:00,PV_H033,PV,0.0,2.329,0.0,2.329,0.0,0.582,True,True
2026-01-15 13:00,PV_H034,PV,0.0,3.559,0.0,3.559,0.0,0.89,True,True
2026-01-15 13:00,PV_H035,PV,0.0,2.718,0.0,2.718,0.0,0.679,True,True
2026-01-15 13:00,PV_H036,PV,0.0,3.49,0.0,0.0,0.0,0.0,True,False
2026-01-15 13:00,PV_H037,PV,0.0,3.169,0.0,0.0,0.0,0.0,True,False
2026-01-15 13:00,PV_H040,PV,0.0,4.1,0.0,0.0,0.0,0.0,True,False
2026-01-15 13:00,PV_H042,PV,0.0,2.55,0.0,2.55,0.0,0.637,True,True
2026-01-15 13:00,PV_H044,PV,0.0,3.098,0.0,0.0,0.0,0.0,True,False
2026-01-15 13:00,PV_H046,PV,0.0,4.27,0.0,0.0,0.0,0.0,True,False
2026-01-15 13:00,PV_H048,PV,0.0,2.984,0.0,0.0,0.0,0.0,True,False
2026-01-15 13:00,PV_H049,PV,0.0,2.77,0.0,2.77,0.0,0.693,True,True
2026-01-15 13:00,PV_H050,PV,0.0,3.494,0.0,3.494,0.0,0.873,True,True
2026-01-15 13:00,PV_H053,PV,0.0,4.383,0.0,0.0,0.0,0.0,True,False
2026-01-15 13:00,PV_H055,PV,0.0,2.497,0.0,2.497,0.0,0.624,True,True
2026-01-15 13:00,PV_H057,PV,0.0,4.34,0.0,4.34,0.0,1.085,True,True
2026-01-15 13:00,PV_H058,PV,0.0,2.906,0.0,2.906,0.0,0.727,True,True
2026-01-15 13:00,PV_H060,PV,0.0,5.325,0.0,5.325,0.0,1.331,True,True
2026-01-15 13:00,PV_H061,PV,0.0,2.984,0.0,2.984,0.0,0.746,True,True
2026-01-15 13:00,PV_H062,PV,0.0,6.0,0.0,0.0,0.0,0.0,True,False
2026-01-15 13:00,PV_H063,PV,0.0,3.867,0.0,0.0,0.0,0.0,True,False
2026-01-15 13:00,PV_H066,PV,0.0,4.156,0.0,0.0,0.0,0.0,True,False
2026-01-15 13:00,PV_H067,PV,0.0,2.544,0.0,2.544,0.0,0.636,True,True
2026-01-15 13:00,PV_H069,PV,0.0,3.292,0.0,3.292,0.0,0.823,True,True
2026-01-15 13:00,PV_H071,PV,0.0,4.298,0.0,4.298,0.0,1.074,True,True
2026-01-15 13:00,PV_H072,PV,0.0,4.746,0.0,4.746,0.0,1.186,True,True
2026-01-15 13:00,PV_H073,PV,0.0,3.703,0.0,3.703,0.0,0.926,True,True
2026-01-15 13:00,PV_H074,PV,0.0,4.049,0.0,0.0,0.0,0.0,True,False
2026-01-15 13:00,PV_H076,PV,0.0,4.69,0.0,4.69,0.0,1.173,True,True
2026-01-15 13:00,PV_H077,PV,0.0,4.575,0.0,4.575,0.0,1.144,True,True
2026-01-15 13:00,PV_H078,PV,0.0,2.538,0.0,0.0,0.0,0.0,True,False
2026-01-15 13:00,PV_H079,PV,0.0,2.807,0.0,2.807,0.0,0.702,True,True
2026-01-15 13:00,PV_H080,PV,0.0,4.055,0.0,0.0,0.0,0.0,True,False
2026-01-15 13:00,PV_H081,PV,0.0,3.859,0.0,3.859,0.0,0.965,True,True
2026-01-15 13:00,PV_H082,PV,0.0,2.51,0.0,2.51,0.0,0.627,True,True
2026-01-15 13:00,PV_H083,PV,0.0,2.851,0.0,2.851,0.0,0.713,True,True
2026-01-15 13:00,PV_H085,PV,0.0,3.756,0.0,0.0,0.0,0.0,True,False
2026-01-15 13:00,PV_H087,PV,0.0,4.419,0.0,0.0,0.0,0.0,True,False
2026-01-15 13:00,PV_H088,PV,0.0,1.982,0.0,0.0,0.0,0.0,True,False
2026-01-15 13:00,PV_H090,PV,0.0,4.33,0.0,4.33,0.0,1.083,True,True
2026-01-15 13:00,PV_H093,PV,0.0,5.015,0.0,5.015,0.0,1.254,True,True
2026-01-15 13:00,PV_H094,PV,0.0,2.696,0.0,2.696,0.0,0.674,True,True
2026-01-15 13:00,PV_H095,PV,0.0,2.653,0.0,0.0,0.0,0.0,True,False
2026-01-15 13:00,PV_H096,PV,0.0,4.045,0.0,4.045,0.0,1.011,True,True
2026-01-15 13:00,PV_H098,PV,0.0,3.055,0.0,3.055,0.0,0.764,True,True
2026-01-15 13:00,PV_H099,PV,0.0,2.833,0.0,0.0,0.0,0.0,True,False
2026-01-15 13:00,BESS_COMMUNITY_01,BESS,25.0,25.0,25.0,25.0,0.0,60.0,True,True
2026-01-15 13:00,EV_001,EV,0.0,0.0,0.0,0.0,0.0,0.0,False,True
2026-01-15 13:00,EV_002,EV,0.0,0.0,0.0,0.0,0.0,0.0,False,True
2026-01-15 13:00,EV_003,EV,0.0,0.0,0.0,0.0,0.0,0.0,False,True
2026-01-15 13:00,EV_004,EV,0.0,0.0,0.0,0.0,0.0,0.0,False,False
2026-01-15 13:00,EV_005,EV,0.0,0.0,0.0,0.0,0.0,0.0,False,True
2026-01-15 13:00,EV_006,EV,0.0,0.0,0.0,0.0,0.0,0.0,False,True
2026-01-15 13:00,EV_007,EV,0.0,0.0,0.0,0.0,0.0,0.0,False,True
2026-01-15 13:00,EV_008,EV,0.0,0.0,0.0,0.0,0.0,0.0,False,True
2026-01-15 13:00,EV_009,EV,0.0,0.0,0.0,0.0,0.0,0.0,False,True
2026-01-15 13:00,EV_010,EV,0.0,0.0,0.0,0.0,0.0,0.0,False,True
2026-01-15 13:00,EV_011,EV,0.0,0.0,0.0,0.0,0.0,0.0,False,True
2026-01-15 13:00,EV_012,EV,0.0,0.0,0.0,0.0,0.0,0.0,False,False
2026-01-15 13:00,EV_013,EV,0.0,0.0,0.0,0.0,0.0,0.0,False,False
2026-01-15 13:00,EV_014,EV,0.0,0.0,0.0,0.0,0.0,0.0,False,True
2026-01-15 13:00,EV_015,EV,0.0,0.0,0.0,0.0,0.0,0.0,False,True
2026-01-15 13:00,EV_016,EV,0.0,0.0,0.0,0.0,0.0,0.0,False,False
2026-01-15 13:00,EV_017,EV,0.0,0.0,0.0,0.0,0.0,0.0,False,False
2026-01-15 13:00,EV_018,EV,0.0,0.0,0.0,0.0,0.0,0.0,False,True
2026-01-15 13:00,EV_019,EV,0.0,0.0,0.0,0.0,0.0,0.0,False,True
2026-01-15 13:00,EV_020,EV,0.0,0.0,0.0,0.0,0.0,0.0,False,True
2026-01-15 13:00,FL001,FLEXIBLE_LOAD,0.0,0.0,0.0,0.0,0.0,0.0,False,False
2026-01-15 13:00,FL002,FLEXIBLE_LOAD,0.0,10.0,0.0,10.0,10.0,2.5,True,True
2026-01-15 13:00,FL003,FLEXIBLE_LOAD,0.0,4.0,0.0,4.0,4.0,1.0,True,True
2026-01-15 13:15,PV_H002,PV,0.0,3.365,0.0,3.365,0.0,0.841,True,True
2026-01-15 13:15,PV_H003,PV,0.0,2.912,0.0,2.912,0.0,0.728,True,True
2026-01-15 13:15,PV_H005,PV,0.0,3.017,0.0,0.0,0.0,0.0,True,False
2026-01-15 13:15,PV_H006,PV,0.0,2.0,0.0,2.0,0.0,0.5,True,True
2026-01-15 13:15,PV_H007,PV,0.0,3.755,0.0,0.0,0.0,0.0,True,False
2026-01-15 13:15,PV_H010,PV,0.0,2.792,0.0,0.0,0.0,0.0,True,False
2026-01-15 13:15,PV_H016,PV,0.0,2.1,0.0,2.1,0.0,0.525,True,True
2026-01-15 13:15,PV_H017,PV,0.0,3.342,0.0,3.342,0.0,0.835,True,True
2026-01-15 13:15,PV_H018,PV,0.0,2.245,0.0,2.245,0.0,0.561,True,True
2026-01-15 13:15,PV_H021,PV,0.0,4.684,0.0,4.684,0.0,1.171,True,True
2026-01-15 13:15,PV_H024,PV,0.0,1.841,0.0,1.841,0.0,0.46,True,True
2026-01-15 13:15,PV_H025,PV,0.0,3.599,0.0,0.0,0.0,0.0,True,False
2026-01-15 13:15,PV_H026,PV,0.0,3.395,0.0,0.0,0.0,0.0,True,False
2026-01-15 13:15,PV_H027,PV,0.0,3.425,0.0,3.425,0.0,0.856,True,True
2026-01-15 13:15,PV_H032,PV,0.0,2.864,0.0,0.0,0.0,0.0,True,False
2026-01-15 13:15,PV_H033,PV,0.0,2.306,0.0,2.306,0.0,0.577,True,True
2026-01-15 13:15,PV_H034,PV,0.0,3.614,0.0,3.614,0.0,0.903,True,True
2026-01-15 13:15,PV_H035,PV,0.0,2.617,0.0,2.617,0.0,0.654,True,True
2026-01-15 13:15,PV_H036,PV,0.0,3.453,0.0,0.0,0.0,0.0,True,False
2026-01-15 13:15,PV_H037,PV,0.0,3.032,0.0,0.0,0.0,0.0,True,False
2026-01-15 13:15,PV_H040,PV,0.0,3.975,0.0,0.0,0.0,0.0,True,False
2026-01-15 13:15,PV_H042,PV,0.0,2.55,0.0,2.55,0.0,0.637,True,True
2026-01-15 13:15,PV_H044,PV,0.0,3.023,0.0,0.0,0.0,0.0,True,False
2026-01-15 13:15,PV_H046,PV,0.0,4.181,0.0,0.0,0.0,0.0,True,False
2026-01-15 13:15,PV_H048,PV,0.0,2.953,0.0,0.0,0.0,0.0,True,False
2026-01-15 13:15,PV_H049,PV,0.0,2.705,0.0,2.705,0.0,0.676,True,True
2026-01-15 13:15,PV_H050,PV,0.0,3.43,0.0,3.43,0.0,0.858,True,True
2026-01-15 13:15,PV_H053,PV,0.0,4.286,0.0,0.0,0.0,0.0,True,False
2026-01-15 13:15,PV_H055,PV,0.0,2.444,0.0,2.444,0.0,0.611,True,True
2026-01-15 13:15,PV_H057,PV,0.0,4.229,0.0,4.229,0.0,1.057,True,True
2026-01-15 13:15,PV_H058,PV,0.0,2.909,0.0,2.909,0.0,0.727,True,True
2026-01-15 13:15,PV_H060,PV,0.0,5.328,0.0,5.328,0.0,1.332,True,True
2026-01-15 13:15,PV_H061,PV,0.0,2.967,0.0,2.967,0.0,0.742,True,True
2026-01-15 13:15,PV_H062,PV,0.0,5.9,0.0,0.0,0.0,0.0,True,False
2026-01-15 13:15,PV_H063,PV,0.0,3.757,0.0,0.0,0.0,0.0,True,False
2026-01-15 13:15,PV_H066,PV,0.0,4.088,0.0,0.0,0.0,0.0,True,False
2026-01-15 13:15,PV_H067,PV,0.0,2.429,0.0,2.429,0.0,0.607,True,True
2026-01-15 13:15,PV_H069,PV,0.0,3.162,0.0,3.162,0.0,0.79,True,True
2026-01-15 13:15,PV_H071,PV,0.0,4.254,0.0,4.254,0.0,1.063,True,True
2026-01-15 13:15,PV_H072,PV,0.0,4.629,0.0,4.629,0.0,1.157,True,True
2026-01-15 13:15,PV_H073,PV,0.0,3.5,0.0,3.5,0.0,0.875,True,True
2026-01-15 13:15,PV_H074,PV,0.0,3.92,0.0,0.0,0.0,0.0,True,False
2026-01-15 13:15,PV_H076,PV,0.0,4.69,0.0,4.69,0.0,1.173,True,True
2026-01-15 13:15,PV_H077,PV,0.0,4.563,0.0,4.563,0.0,1.141,True,True
2026-01-15 13:15,PV_H078,PV,0.0,2.487,0.0,0.0,0.0,0.0,True,False
2026-01-15 13:15,PV_H079,PV,0.0,2.74,0.0,2.74,0.0,0.685,True,True
2026-01-15 13:15,PV_H080,PV,0.0,3.961,0.0,0.0,0.0,0.0,True,False
2026-01-15 13:15,PV_H081,PV,0.0,3.791,0.0,3.791,0.0,0.948,True,True
2026-01-15 13:15,PV_H082,PV,0.0,2.463,0.0,2.463,0.0,0.616,True,True
2026-01-15 13:15,PV_H083,PV,0.0,2.832,0.0,2.832,0.0,0.708,True,True
2026-01-15 13:15,PV_H085,PV,0.0,3.668,0.0,0.0,0.0,0.0,True,False
2026-01-15 13:15,PV_H087,PV,0.0,4.362,0.0,0.0,0.0,0.0,True,False
2026-01-15 13:15,PV_H088,PV,0.0,1.989,0.0,0.0,0.0,0.0,True,False
2026-01-15 13:15,PV_H090,PV,0.0,4.33,0.0,4.33,0.0,1.083,True,True
2026-01-15 13:15,PV_H093,PV,0.0,4.757,0.0,4.757,0.0,1.189,True,True
2026-01-15 13:15,PV_H094,PV,0.0,2.651,0.0,2.651,0.0,0.663,True,True
2026-01-15 13:15,PV_H095,PV,0.0,2.559,0.0,0.0,0.0,0.0,True,False
2026-01-15 13:15,PV_H096,PV,0.0,3.953,0.0,3.953,0.0,0.988,True,True
2026-01-15 13:15,PV_H098,PV,0.0,3.03,0.0,3.03,0.0,0.757,True,True
2026-01-15 13:15,PV_H099,PV,0.0,2.827,0.0,0.0,0.0,0.0,True,False
2026-01-15 13:15,BESS_COMMUNITY_01,BESS,25.0,25.0,25.0,25.0,0.0,60.0,True,True
2026-01-15 13:15,EV_001,EV,0.0,0.0,0.0,0.0,0.0,0.0,False,True
2026-01-15 13:15,EV_002,EV,0.0,0.0,0.0,0.0,0.0,0.0,False,True
2026-01-15 13:15,EV_003,EV,0.0,0.0,0.0,0.0,0.0,0.0,False,True
2026-01-15 13:15,EV_004,EV,0.0,0.0,0.0,0.0,0.0,0.0,False,False
2026-01-15 13:15,EV_005,EV,0.0,0.0,0.0,0.0,0.0,0.0,False,True
2026-01-15 13:15,EV_006,EV,0.0,0.0,0.0,0.0,0.0,0.0,False,True
2026-01-15 13:15,EV_007,EV,0.0,0.0,0.0,0.0,0.0,0.0,False,True
2026-01-15 13:15,EV_008,EV,0.0,0.0,0.0,0.0,0.0,0.0,False,True
2026-01-15 13:15,EV_009,EV,0.0,0.0,0.0,0.0,0.0,0.0,False,True
2026-01-15 13:15,EV_010,EV,0.0,0.0,0.0,0.0,0.0,0.0,False,True
2026-01-15 13:15,EV_011,EV,0.0,0.0,0.0,0.0,0.0,0.0,False,True
2026-01-15 13:15,EV_012,EV,0.0,0.0,0.0,0.0,0.0,0.0,False,False
2026-01-15 13:15,EV_013,EV,0.0,0.0,0.0,0.0,0.0,0.0,False,False
2026-01-15 13:15,EV_014,EV,0.0,0.0,0.0,0.0,0.0,0.0,False,True
2026-01-15 13:15,EV_015,EV,0.0,0.0,0.0,0.0,0.0,0.0,False,True
2026-01-15 13:15,EV_016,EV,0.0,0.0,0.0,0.0,0.0,0.0,False,False
2026-01-15 13:15,EV_017,EV,0.0,0.0,0.0,0.0,0.0,0.0,False,False
2026-01-15 13:15,EV_018,EV,0.0,0.0,0.0,0.0,0.0,0.0,False,True
2026-01-15 13:15,EV_019,EV,0.0,0.0,0.0,0.0,0.0,0.0,False,True
2026-01-15 13:15,EV_020,EV,0.0,0.0,0.0,0.0,0.0,0.0,False,True
2026-01-15 13:15,FL001,FLEXIBLE_LOAD,0.0,0.0,0.0,0.0,0.0,0.0,False,False
2026-01-15 13:15,FL002,FLEXIBLE_LOAD,0.0,10.0,0.0,10.0,10.0,2.5,True,True
2026-01-15 13:15,FL003,FLEXIBLE_LOAD,0.0,4.0,0.0,4.0,4.0,1.0,True,True
2026-01-15 13:30,PV_H002,PV,0.0,3.296,0.0,3.296,0.0,0.824,True,True
2026-01-15 13:30,PV_H003,PV,0.0,2.782,0.0,2.782,0.0,0.696,True,True
2026-01-15 13:30,PV_H005,PV,0.0,2.928,0.0,0.0,0.0,0.0,True,False
2026-01-15 13:30,PV_H006,PV,0.0,1.995,0.0,1.995,0.0,0.499,True,True
2026-01-15 13:30,PV_H007,PV,0.0,3.635,0.0,0.0,0.0,0.0,True,False
2026-01-15 13:30,PV_H010,PV,0.0,2.823,0.0,0.0,0.0,0.0,True,False
2026-01-15 13:30,PV_H016,PV,0.0,2.023,0.0,2.023,0.0,0.506,True,True
2026-01-15 13:30,PV_H017,PV,0.0,3.321,0.0,3.321,0.0,0.83,True,True
2026-01-15 13:30,PV_H018,PV,0.0,2.073,0.0,2.073,0.0,0.518,True,True
2026-01-15 13:30,PV_H021,PV,0.0,4.638,0.0,4.638,0.0,1.159,True,True
2026-01-15 13:30,PV_H024,PV,0.0,1.812,0.0,1.812,0.0,0.453,True,True
2026-01-15 13:30,PV_H025,PV,0.0,3.493,0.0,0.0,0.0,0.0,True,False
2026-01-15 13:30,PV_H026,PV,0.0,3.434,0.0,0.0,0.0,0.0,True,False
2026-01-15 13:30,PV_H027,PV,0.0,3.4,0.0,3.4,0.0,0.85,True,True
2026-01-15 13:30,PV_H032,PV,0.0,2.828,0.0,0.0,0.0,0.0,True,False
2026-01-15 13:30,PV_H033,PV,0.0,2.198,0.0,2.198,0.0,0.549,True,True
2026-01-15 13:30,PV_H034,PV,0.0,3.524,0.0,3.524,0.0,0.881,True,True
2026-01-15 13:30,PV_H035,PV,0.0,2.575,0.0,2.575,0.0,0.644,True,True
2026-01-15 13:30,PV_H036,PV,0.0,3.3,0.0,0.0,0.0,0.0,True,False
2026-01-15 13:30,PV_H037,PV,0.0,2.961,0.0,0.0,0.0,0.0,True,False
2026-01-15 13:30,PV_H040,PV,0.0,3.702,0.0,0.0,0.0,0.0,True,False
2026-01-15 13:30,PV_H042,PV,0.0,2.523,0.0,2.523,0.0,0.631,True,True
2026-01-15 13:30,PV_H044,PV,0.0,3.023,0.0,0.0,0.0,0.0,True,False
2026-01-15 13:30,PV_H046,PV,0.0,4.077,0.0,0.0,0.0,0.0,True,False
2026-01-15 13:30,PV_H048,PV,0.0,2.924,0.0,0.0,0.0,0.0,True,False
2026-01-15 13:30,PV_H049,PV,0.0,2.696,0.0,2.696,0.0,0.674,True,True
2026-01-15 13:30,PV_H050,PV,0.0,3.381,0.0,3.381,0.0,0.845,True,True
2026-01-15 13:30,PV_H053,PV,0.0,4.272,0.0,0.0,0.0,0.0,True,False
2026-01-15 13:30,PV_H055,PV,0.0,2.404,0.0,2.404,0.0,0.601,True,True
2026-01-15 13:30,PV_H057,PV,0.0,4.181,0.0,4.181,0.0,1.045,True,True
2026-01-15 13:30,PV_H058,PV,0.0,2.813,0.0,2.813,0.0,0.703,True,True
2026-01-15 13:30,PV_H060,PV,0.0,5.22,0.0,5.22,0.0,1.305,True,True
2026-01-15 13:30,PV_H061,PV,0.0,2.901,0.0,2.901,0.0,0.725,True,True
2026-01-15 13:30,PV_H062,PV,0.0,5.798,0.0,0.0,0.0,0.0,True,False
2026-01-15 13:30,PV_H063,PV,0.0,3.696,0.0,0.0,0.0,0.0,True,False
2026-01-15 13:30,PV_H066,PV,0.0,4.022,0.0,0.0,0.0,0.0,True,False
2026-01-15 13:30,PV_H067,PV,0.0,2.545,0.0,2.545,0.0,0.636,True,True
2026-01-15 13:30,PV_H069,PV,0.0,3.159,0.0,3.159,0.0,0.79,True,True
2026-01-15 13:30,PV_H071,PV,0.0,4.296,0.0,4.296,0.0,1.074,True,True
2026-01-15 13:30,PV_H072,PV,0.0,4.683,0.0,4.683,0.0,1.171,True,True
2026-01-15 13:30,PV_H073,PV,0.0,3.479,0.0,3.479,0.0,0.87,True,True
2026-01-15 13:30,PV_H074,PV,0.0,3.917,0.0,0.0,0.0,0.0,True,False
2026-01-15 13:30,PV_H076,PV,0.0,4.567,0.0,4.567,0.0,1.142,True,True
2026-01-15 13:30,PV_H077,PV,0.0,4.373,0.0,4.373,0.0,1.093,True,True
2026-01-15 13:30,PV_H078,PV,0.0,2.399,0.0,0.0,0.0,0.0,True,False
2026-01-15 13:30,PV_H079,PV,0.0,2.696,0.0,2.696,0.0,0.674,True,True
2026-01-15 13:30,PV_H080,PV,0.0,3.864,0.0,0.0,0.0,0.0,True,False
2026-01-15 13:30,PV_H081,PV,0.0,3.749,0.0,3.749,0.0,0.937,True,True
2026-01-15 13:30,PV_H082,PV,0.0,2.401,0.0,2.401,0.0,0.6,True,True
2026-01-15 13:30,PV_H083,PV,0.0,2.739,0.0,2.739,0.0,0.685,True,True
2026-01-15 13:30,PV_H085,PV,0.0,3.528,0.0,0.0,0.0,0.0,True,False
2026-01-15 13:30,PV_H087,PV,0.0,4.237,0.0,0.0,0.0,0.0,True,False
2026-01-15 13:30,PV_H088,PV,0.0,1.911,0.0,0.0,0.0,0.0,True,False
2026-01-15 13:30,PV_H090,PV,0.0,4.104,0.0,4.104,0.0,1.026,True,True
2026-01-15 13:30,PV_H093,PV,0.0,4.689,0.0,4.689,0.0,1.172,True,True
2026-01-15 13:30,PV_H094,PV,0.0,2.646,0.0,2.646,0.0,0.662,True,True
2026-01-15 13:30,PV_H095,PV,0.0,2.441,0.0,0.0,0.0,0.0,True,False
2026-01-15 13:30,PV_H096,PV,0.0,3.801,0.0,3.801,0.0,0.95,True,True
2026-01-15 13:30,PV_H098,PV,0.0,2.985,0.0,2.985,0.0,0.746,True,True
2026-01-15 13:30,PV_H099,PV,0.0,2.74,0.0,0.0,0.0,0.0,True,False
2026-01-15 13:30,BESS_COMMUNITY_01,BESS,25.0,25.0,25.0,25.0,0.0,60.0,True,True
2026-01-15 13:30,EV_001,EV,0.0,0.0,0.0,0.0,0.0,0.0,False,True
2026-01-15 13:30,EV_002,EV,0.0,0.0,0.0,0.0,0.0,0.0,False,True
2026-01-15 13:30,EV_003,EV,0.0,0.0,0.0,0.0,0.0,0.0,False,True
2026-01-15 13:30,EV_004,EV,0.0,0.0,0.0,0.0,0.0,0.0,False,False
2026-01-15 13:30,EV_005,EV,0.0,0.0,0.0,0.0,0.0,0.0,False,True
2026-01-15 13:30,EV_006,EV,0.0,0.0,0.0,0.0,0.0,0.0,False,True
2026-01-15 13:30,EV_007,EV,0.0,0.0,0.0,0.0,0.0,0.0,False,True
2026-01-15 13:30,EV_008,EV,0.0,0.0,0.0,0.0,0.0,0.0,False,True
2026-01-15 13:30,EV_009,EV,0.0,0.0,0.0,0.0,0.0,0.0,False,True
2026-01-15 13:30,EV_010,EV,0.0,0.0,0.0,0.0,0.0,0.0,False,True
2026-01-15 13:30,EV_011,EV,0.0,0.0,0.0,0.0,0.0,0.0,False,True
2026-01-15 13:30,EV_012,EV,0.0,0.0,0.0,0.0,0.0,0.0,False,False
2026-01-15 13:30,EV_013,EV,0.0,0.0,0.0,0.0,0.0,0.0,False,False
2026-01-15 13:30,EV_014,EV,0.0,0.0,0.0,0.0,0.0,0.0,False,True
2026-01-15 13:30,EV_015,EV,0.0,0.0,0.0,0.0,0.0,0.0,False,True
2026-01-15 13:30,EV_016,EV,0.0,0.0,0.0,0.0,0.0,0.0,False,False
2026-01-15 13:30,EV_017,EV,0.0,0.0,0.0,0.0,0.0,0.0,False,False
2026-01-15 13:30,EV_018,EV,0.0,0.0,0.0,0.0,0.0,0.0,False,True
2026-01-15 13:30,EV_019,EV,0.0,0.0,0.0,0.0,0.0,0.0,False,True
2026-01-15 13:30,EV_020,EV,0.0,0.0,0.0,0.0,0.0,0.0,False,True
2026-01-15 13:30,FL001,FLEXIBLE_LOAD,0.0,0.0,0.0,0.0,0.0,0.0,False,False
2026-01-15 13:30,FL002,FLEXIBLE_LOAD,0.0,10.0,0.0,10.0,10.0,2.5,True,True
2026-01-15 13:30,FL003,FLEXIBLE_LOAD,0.0,4.0,0.0,4.0,4.0,1.0,True,True
2026-01-15 13:45,PV_H002,PV,0.0,3.267,0.0,3.267,0.0,0.817,True,True
2026-01-15 13:45,PV_H003,PV,0.0,2.651,0.0,2.651,0.0,0.663,True,True
2026-01-15 13:45,PV_H005,PV,0.0,2.85,0.0,0.0,0.0,0.0,True,False
2026-01-15 13:45,PV_H006,PV,0.0,1.837,0.0,1.837,0.0,0.459,True,True
2026-01-15 13:45,PV_H007,PV,0.0,3.638,0.0,0.0,0.0,0.0,True,False
2026-01-15 13:45,PV_H010,PV,0.0,2.788,0.0,0.0,0.0,0.0,True,False
2026-01-15 13:45,PV_H016,PV,0.0,2.004,0.0,2.004,0.0,0.501,True,True
2026-01-15 13:45,PV_H017,PV,0.0,3.227,0.0,3.227,0.0,0.807,True,True
2026-01-15 13:45,PV_H018,PV,0.0,2.055,0.0,2.055,0.0,0.514,True,True
2026-01-15 13:45,PV_H021,PV,0.0,4.477,0.0,4.477,0.0,1.119,True,True
2026-01-15 13:45,PV_H024,PV,0.0,1.736,0.0,1.736,0.0,0.434,True,True
2026-01-15 13:45,PV_H025,PV,0.0,3.367,0.0,0.0,0.0,0.0,True,False
2026-01-15 13:45,PV_H026,PV,0.0,3.294,0.0,0.0,0.0,0.0,True,False
2026-01-15 13:45,PV_H027,PV,0.0,3.255,0.0,3.255,0.0,0.814,True,True
2026-01-15 13:45,PV_H032,PV,0.0,2.735,0.0,0.0,0.0,0.0,True,False
2026-01-15 13:45,PV_H033,PV,0.0,2.21,0.0,2.21,0.0,0.552,True,True
2026-01-15 13:45,PV_H034,PV,0.0,3.388,0.0,3.388,0.0,0.847,True,True
2026-01-15 13:45,PV_H035,PV,0.0,2.458,0.0,2.458,0.0,0.615,True,True
2026-01-15 13:45,PV_H036,PV,0.0,3.282,0.0,0.0,0.0,0.0,True,False
2026-01-15 13:45,PV_H037,PV,0.0,2.855,0.0,0.0,0.0,0.0,True,False
2026-01-15 13:45,PV_H040,PV,0.0,3.89,0.0,0.0,0.0,0.0,True,False
2026-01-15 13:45,PV_H042,PV,0.0,2.446,0.0,2.446,0.0,0.612,True,True
2026-01-15 13:45,PV_H044,PV,0.0,2.803,0.0,0.0,0.0,0.0,True,False
2026-01-15 13:45,PV_H046,PV,0.0,3.959,0.0,0.0,0.0,0.0,True,False
2026-01-15 13:45,PV_H048,PV,0.0,2.718,0.0,0.0,0.0,0.0,True,False
2026-01-15 13:45,PV_H049,PV,0.0,2.601,0.0,2.601,0.0,0.65,True,True
2026-01-15 13:45,PV_H050,PV,0.0,3.289,0.0,3.289,0.0,0.822,True,True
2026-01-15 13:45,PV_H053,PV,0.0,3.995,0.0,0.0,0.0,0.0,True,False
2026-01-15 13:45,PV_H055,PV,0.0,2.297,0.0,2.297,0.0,0.574,True,True
2026-01-15 13:45,PV_H057,PV,0.0,4.09,0.0,4.09,0.0,1.022,True,True
2026-01-15 13:45,PV_H058,PV,0.0,2.718,0.0,2.718,0.0,0.68,True,True
2026-01-15 13:45,PV_H060,PV,0.0,4.973,0.0,4.973,0.0,1.243,True,True
2026-01-15 13:45,PV_H061,PV,0.0,2.85,0.0,2.85,0.0,0.713,True,True
2026-01-15 13:45,PV_H062,PV,0.0,5.638,0.0,0.0,0.0,0.0,True,False
2026-01-15 13:45,PV_H063,PV,0.0,3.636,0.0,0.0,0.0,0.0,True,False
2026-01-15 13:45,PV_H066,PV,0.0,3.829,0.0,0.0,0.0,0.0,True,False
2026-01-15 13:45,PV_H067,PV,0.0,2.361,0.0,2.361,0.0,0.59,True,True
2026-01-15 13:45,PV_H069,PV,0.0,3.096,0.0,3.096,0.0,0.774,True,True
2026-01-15 13:45,PV_H071,PV,0.0,4.11,0.0,4.11,0.0,1.028,True,True
2026-01-15 13:45,PV_H072,PV,0.0,4.534,0.0,4.534,0.0,1.133,True,True
2026-01-15 13:45,PV_H073,PV,0.0,3.397,0.0,3.397,0.0,0.849,True,True
2026-01-15 13:45,PV_H074,PV,0.0,3.773,0.0,0.0,0.0,0.0,True,False
2026-01-15 13:45,PV_H076,PV,0.0,4.518,0.0,4.518,0.0,1.13,True,True
2026-01-15 13:45,PV_H077,PV,0.0,4.469,0.0,4.469,0.0,1.117,True,True
2026-01-15 13:45,PV_H078,PV,0.0,2.307,0.0,0.0,0.0,0.0,True,False
2026-01-15 13:45,PV_H079,PV,0.0,2.604,0.0,2.604,0.0,0.651,True,True
2026-01-15 13:45,PV_H080,PV,0.0,3.739,0.0,0.0,0.0,0.0,True,False
2026-01-15 13:45,PV_H081,PV,0.0,3.565,0.0,3.565,0.0,0.891,True,True
2026-01-15 13:45,PV_H082,PV,0.0,2.335,0.0,2.335,0.0,0.584,True,True
2026-01-15 13:45,PV_H083,PV,0.0,2.66,0.0,2.66,0.0,0.665,True,True
2026-01-15 13:45,PV_H085,PV,0.0,3.441,0.0,0.0,0.0,0.0,True,False
2026-01-15 13:45,PV_H087,PV,0.0,4.21,0.0,0.0,0.0,0.0,True,False
2026-01-15 13:45,PV_H088,PV,0.0,1.896,0.0,0.0,0.0,0.0,True,False
2026-01-15 13:45,PV_H090,PV,0.0,4.04,0.0,4.04,0.0,1.01,True,True
2026-01-15 13:45,PV_H093,PV,0.0,4.567,0.0,4.567,0.0,1.142,True,True
2026-01-15 13:45,PV_H094,PV,0.0,2.569,0.0,2.569,0.0,0.642,True,True
2026-01-15 13:45,PV_H095,PV,0.0,2.438,0.0,0.0,0.0,0.0,True,False
2026-01-15 13:45,PV_H096,PV,0.0,3.79,0.0,3.79,0.0,0.948,True,True
2026-01-15 13:45,PV_H098,PV,0.0,2.828,0.0,2.828,0.0,0.707,True,True
2026-01-15 13:45,PV_H099,PV,0.0,2.716,0.0,0.0,0.0,0.0,True,False
2026-01-15 13:45,BESS_COMMUNITY_01,BESS,25.0,25.0,25.0,25.0,0.0,60.0,True,True
2026-01-15 13:45,EV_001,EV,0.0,0.0,0.0,0.0,0.0,0.0,False,True
2026-01-15 13:45,EV_002,EV,0.0,0.0,0.0,0.0,0.0,0.0,False,True
2026-01-15 13:45,EV_003,EV,0.0,0.0,0.0,0.0,0.0,0.0,False,True
2026-01-15 13:45,EV_004,EV,0.0,0.0,0.0,0.0,0.0,0.0,False,False
2026-01-15 13:45,EV_005,EV,0.0,0.0,0.0,0.0,0.0,0.0,False,True
2026-01-15 13:45,EV_006,EV,0.0,0.0,0.0,0.0,0.0,0.0,False,True
2026-01-15 13:45,EV_007,EV,0.0,0.0,0.0,0.0,0.0,0.0,False,True
2026-01-15 13:45,EV_008,EV,0.0,0.0,0.0,0.0,0.0,0.0,False,True
2026-01-15 13:45,EV_009,EV,0.0,0.0,0.0,0.0,0.0,0.0,False,True
2026-01-15 13:45,EV_010,EV,0.0,0.0,0.0,0.0,0.0,0.0,False,True
2026-01-15 13:45,EV_011,EV,0.0,0.0,0.0,0.0,0.0,0.0,False,True
2026-01-15 13:45,EV_012,EV,0.0,0.0,0.0,0.0,0.0,0.0,False,False
2026-01-15 13:45,EV_013,EV,0.0,0.0,0.0,0.0,0.0,0.0,False,False
2026-01-15 13:45,EV_014,EV,0.0,0.0,0.0,0.0,0.0,0.0,False,True
2026-01-15 13:45,EV_015,EV,0.0,0.0,0.0,0.0,0.0,0.0,False,True
2026-01-15 13:45,EV_016,EV,0.0,0.0,0.0,0.0,0.0,0.0,False,False
2026-01-15 13:45,EV_017,EV,0.0,0.0,0.0,0.0,0.0,0.0,False,False
2026-01-15 13:45,EV_018,EV,0.0,0.0,0.0,0.0,0.0,0.0,False,True
2026-01-15 13:45,EV_019,EV,0.0,0.0,0.0,0.0,0.0,0.0,False,True
2026-01-15 13:45,EV_020,EV,0.0,0.0,0.0,0.0,0.0,0.0,False,True
2026-01-15 13:45,FL001,FLEXIBLE_LOAD,0.0,0.0,0.0,0.0,0.0,0.0,False,False
2026-01-15 13:45,FL002,FLEXIBLE_LOAD,0.0,10.0,0.0,10.0,10.0,2.5,True,True
2026-01-15 13:45,FL003,FLEXIBLE_LOAD,0.0,4.0,0.0,4.0,4.0,1.0,True,True
2026-01-15 14:00,PV_H002,PV,0.0,3.193,0.0,3.193,0.0,0.798,True,True
2026-01-15 14:00,PV_H003,PV,0.0,2.627,0.0,2.627,0.0,0.657,True,True
2026-01-15 14:00,PV_H005,PV,0.0,2.839,0.0,0.0,0.0,0.0,True,False
2026-01-15 14:00,PV_H006,PV,0.0,1.879,0.0,1.879,0.0,0.47,True,True
2026-01-15 14:00,PV_H007,PV,0.0,3.274,0.0,0.0,0.0,0.0,True,False
2026-01-15 14:00,PV_H010,PV,0.0,2.693,0.0,0.0,0.0,0.0,True,False
2026-01-15 14:00,PV_H016,PV,0.0,1.858,0.0,1.858,0.0,0.464,True,True
2026-01-15 14:00,PV_H017,PV,0.0,3.089,0.0,3.089,0.0,0.772,True,True
2026-01-15 14:00,PV_H018,PV,0.0,2.014,0.0,2.014,0.0,0.503,True,True
2026-01-15 14:00,PV_H021,PV,0.0,4.361,0.0,4.361,0.0,1.09,True,True
2026-01-15 14:00,PV_H024,PV,0.0,1.708,0.0,1.708,0.0,0.427,True,True
2026-01-15 14:00,PV_H025,PV,0.0,3.366,0.0,0.0,0.0,0.0,True,False
2026-01-15 14:00,PV_H026,PV,0.0,3.296,0.0,0.0,0.0,0.0,True,False
2026-01-15 14:00,PV_H027,PV,0.0,3.216,0.0,3.216,0.0,0.804,True,True
2026-01-15 14:00,PV_H032,PV,0.0,2.553,0.0,0.0,0.0,0.0,True,False
2026-01-15 14:00,PV_H033,PV,0.0,2.16,0.0,2.16,0.0,0.54,True,True
2026-01-15 14:00,PV_H034,PV,0.0,3.34,0.0,3.34,0.0,0.835,True,True
2026-01-15 14:00,PV_H035,PV,0.0,2.397,0.0,2.397,0.0,0.599,True,True
2026-01-15 14:00,PV_H036,PV,0.0,3.122,0.0,0.0,0.0,0.0,True,False
2026-01-15 14:00,PV_H037,PV,0.0,2.783,0.0,0.0,0.0,0.0,True,False
2026-01-15 14:00,PV_H040,PV,0.0,3.617,0.0,0.0,0.0,0.0,True,False
2026-01-15 14:00,PV_H042,PV,0.0,2.308,0.0,2.308,0.0,0.577,True,True
2026-01-15 14:00,PV_H044,PV,0.0,2.863,0.0,0.0,0.0,0.0,True,False
2026-01-15 14:00,PV_H046,PV,0.0,3.868,0.0,0.0,0.0,0.0,True,False
2026-01-15 14:00,PV_H048,PV,0.0,2.72,0.0,0.0,0.0,0.0,True,False
2026-01-15 14:00,PV_H049,PV,0.0,2.494,0.0,2.494,0.0,0.624,True,True
2026-01-15 14:00,PV_H050,PV,0.0,3.203,0.0,3.203,0.0,0.801,True,True
2026-01-15 14:00,PV_H053,PV,0.0,3.901,0.0,0.0,0.0,0.0,True,False
2026-01-15 14:00,PV_H055,PV,0.0,2.347,0.0,2.347,0.0,0.587,True,True
2026-01-15 14:00,PV_H057,PV,0.0,3.879,0.0,3.879,0.0,0.97,True,True
2026-01-15 14:00,PV_H058,PV,0.0,2.696,0.0,2.696,0.0,0.674,True,True
2026-01-15 14:00,PV_H060,PV,0.0,4.718,0.0,4.718,0.0,1.18,True,True
2026-01-15 14:00,PV_H061,PV,0.0,2.764,0.0,2.764,0.0,0.691,True,True
2026-01-15 14:00,PV_H062,PV,0.0,5.524,0.0,0.0,0.0,0.0,True,False
2026-01-15 14:00,PV_H063,PV,0.0,3.483,0.0,0.0,0.0,0.0,True,False
2026-01-15 14:00,PV_H066,PV,0.0,3.734,0.0,0.0,0.0,0.0,True,False
2026-01-15 14:00,PV_H067,PV,0.0,2.277,0.0,2.277,0.0,0.569,True,True
2026-01-15 14:00,PV_H069,PV,0.0,2.941,0.0,2.941,0.0,0.735,True,True
2026-01-15 14:00,PV_H071,PV,0.0,4.084,0.0,4.084,0.0,1.021,True,True
2026-01-15 14:00,PV_H072,PV,0.0,4.37,0.0,4.37,0.0,1.092,True,True
2026-01-15 14:00,PV_H073,PV,0.0,3.325,0.0,3.325,0.0,0.831,True,True
2026-01-15 14:00,PV_H074,PV,0.0,3.652,0.0,0.0,0.0,0.0,True,False
2026-01-15 14:00,PV_H076,PV,0.0,4.313,0.0,4.313,0.0,1.078,True,True
2026-01-15 14:00,PV_H077,PV,0.0,4.216,0.0,4.216,0.0,1.054,True,True
2026-01-15 14:00,PV_H078,PV,0.0,2.241,0.0,0.0,0.0,0.0,True,False
2026-01-15 14:00,PV_H079,PV,0.0,2.482,0.0,2.482,0.0,0.621,True,True
2026-01-15 14:00,PV_H080,PV,0.0,3.581,0.0,0.0,0.0,0.0,True,False
2026-01-15 14:00,PV_H081,PV,0.0,3.446,0.0,3.446,0.0,0.861,True,True
2026-01-15 14:00,PV_H082,PV,0.0,2.215,0.0,2.215,0.0,0.554,True,True
2026-01-15 14:00,PV_H083,PV,0.0,2.656,0.0,2.656,0.0,0.664,True,True
2026-01-15 14:00,PV_H085,PV,0.0,3.301,0.0,0.0,0.0,0.0,True,False
2026-01-15 14:00,PV_H087,PV,0.0,4.09,0.0,0.0,0.0,0.0,True,False
2026-01-15 14:00,PV_H088,PV,0.0,1.848,0.0,0.0,0.0,0.0,True,False
2026-01-15 14:00,PV_H090,PV,0.0,3.922,0.0,3.922,0.0,0.98,True,True
2026-01-15 14:00,PV_H093,PV,0.0,4.451,0.0,4.451,0.0,1.113,True,True
2026-01-15 14:00,PV_H094,PV,0.0,2.429,0.0,2.429,0.0,0.607,True,True
2026-01-15 14:00,PV_H095,PV,0.0,2.304,0.0,0.0,0.0,0.0,True,False
2026-01-15 14:00,PV_H096,PV,0.0,3.647,0.0,3.647,0.0,0.912,True,True
2026-01-15 14:00,PV_H098,PV,0.0,2.707,0.0,2.707,0.0,0.677,True,True
2026-01-15 14:00,PV_H099,PV,0.0,2.536,0.0,0.0,0.0,0.0,True,False
2026-01-15 14:00,BESS_COMMUNITY_01,BESS,25.0,25.0,25.0,25.0,0.0,60.0,True,True
2026-01-15 14:00,EV_001,EV,0.0,0.0,0.0,0.0,0.0,0.0,False,True
2026-01-15 14:00,EV_002,EV,0.0,0.0,0.0,0.0,0.0,0.0,False,True
2026-01-15 14:00,EV_003,EV,0.0,0.0,0.0,0.0,0.0,0.0,False,True
2026-01-15 14:00,EV_004,EV,0.0,0.0,0.0,0.0,0.0,0.0,False,False
2026-01-15 14:00,EV_005,EV,0.0,0.0,0.0,0.0,0.0,0.0,False,True
2026-01-15 14:00,EV_006,EV,0.0,0.0,0.0,0.0,0.0,0.0,False,True
2026-01-15 14:00,EV_007,EV,0.0,0.0,0.0,0.0,0.0,0.0,False,True
2026-01-15 14:00,EV_008,EV,0.0,0.0,0.0,0.0,0.0,0.0,False,True
2026-01-15 14:00,EV_009,EV,0.0,0.0,0.0,0.0,0.0,0.0,False,True
2026-01-15 14:00,EV_010,EV,0.0,0.0,0.0,0.0,0.0,0.0,False,True
2026-01-15 14:00,EV_011,EV,0.0,0.0,0.0,0.0,0.0,0.0,False,True
2026-01-15 14:00,EV_012,EV,0.0,0.0,0.0,0.0,0.0,0.0,False,False
2026-01-15 14:00,EV_013,EV,0.0,0.0,0.0,0.0,0.0,0.0,False,False
2026-01-15 14:00,EV_014,EV,0.0,0.0,0.0,0.0,0.0,0.0,False,True
2026-01-15 14:00,EV_015,EV,0.0,0.0,0.0,0.0,0.0,0.0,False,True
2026-01-15 14:00,EV_016,EV,0.0,0.0,0.0,0.0,0.0,0.0,False,False
2026-01-15 14:00,EV_017,EV,0.0,0.0,0.0,0.0,0.0,0.0,False,False
2026-01-15 14:00,EV_018,EV,0.0,0.0,0.0,0.0,0.0,0.0,False,True
2026-01-15 14:00,EV_019,EV,0.0,0.0,0.0,0.0,0.0,0.0,False,True
2026-01-15 14:00,EV_020,EV,0.0,0.0,0.0,0.0,0.0,0.0,False,True
2026-01-15 14:00,FL001,FLEXIBLE_LOAD,0.0,0.0,0.0,0.0,0.0,0.0,False,False
2026-01-15 14:00,FL002,FLEXIBLE_LOAD,0.0,10.0,0.0,10.0,10.0,2.5,True,True
2026-01-15 14:00,FL003,FLEXIBLE_LOAD,0.0,4.0,0.0,4.0,4.0,1.0,True,True
2026-01-15 14:15,PV_H002,PV,0.0,3.07,0.0,3.07,0.0,0.768,True,True
2026-01-15 14:15,PV_H003,PV,0.0,2.504,0.0,2.504,0.0,0.626,True,True
2026-01-15 14:15,PV_H005,PV,0.0,2.637,0.0,0.0,0.0,0.0,True,False
2026-01-15 14:15,PV_H006,PV,0.0,1.728,0.0,1.728,0.0,0.432,True,True
2026-01-15 14:15,PV_H007,PV,0.0,3.296,0.0,0.0,0.0,0.0,True,False
2026-01-15 14:15,PV_H010,PV,0.0,2.564,0.0,0.0,0.0,0.0,True,False
2026-01-15 14:15,PV_H016,PV,0.0,1.782,0.0,1.782,0.0,0.446,True,True
2026-01-15 14:15,PV_H017,PV,0.0,2.992,0.0,2.992,0.0,0.748,True,True
2026-01-15 14:15,PV_H018,PV,0.0,1.893,0.0,1.893,0.0,0.473,True,True
2026-01-15 14:15,PV_H021,PV,0.0,4.126,0.0,4.126,0.0,1.032,True,True
2026-01-15 14:15,PV_H024,PV,0.0,1.617,0.0,1.617,0.0,0.404,True,True
2026-01-15 14:15,PV_H025,PV,0.0,3.253,0.0,0.0,0.0,0.0,True,False
2026-01-15 14:15,PV_H026,PV,0.0,3.073,0.0,0.0,0.0,0.0,True,False
2026-01-15 14:15,PV_H027,PV,0.0,3.051,0.0,3.051,0.0,0.763,True,True
2026-01-15 14:15,PV_H032,PV,0.0,2.468,0.0,0.0,0.0,0.0,True,False
2026-01-15 14:15,PV_H033,PV,0.0,2.034,0.0,2.034,0.0,0.509,True,True
2026-01-15 14:15,PV_H034,PV,0.0,3.142,0.0,3.142,0.0,0.785,True,True
2026-01-15 14:15,PV_H035,PV,0.0,2.27,0.0,2.27,0.0,0.567,True,True
2026-01-15 14:15,PV_H036,PV,0.0,3.007,0.0,0.0,0.0,0.0,True,False
2026-01-15 14:15,PV_H037,PV,0.0,2.681,0.0,0.0,0.0,0.0,True,False
2026-01-15 14:15,PV_H040,PV,0.0,3.635,0.0,0.0,0.0,0.0,True,False
2026-01-15 14:15,PV_H042,PV,0.0,2.229,0.0,2.229,0.0,0.557,True,True
2026-01-15 14:15,PV_H044,PV,0.0,2.66,0.0,0.0,0.0,0.0,True,False
2026-01-15 14:15,PV_H046,PV,0.0,3.766,0.0,0.0,0.0,0.0,True,False
2026-01-15 14:15,PV_H048,PV,0.0,2.55,0.0,0.0,0.0,0.0,True,False
2026-01-15 14:15,PV_H049,PV,0.0,2.417,0.0,2.417,0.0,0.604,True,True
2026-01-15 14:15,PV_H050,PV,0.0,3.083,0.0,3.083,0.0,0.771,True,True
2026-01-15 14:15,PV_H053,PV,0.0,3.61,0.0,0.0,0.0,0.0,True,False
2026-01-15 14:15,PV_H055,PV,0.0,2.157,0.0,2.157,0.0,0.539,True,True
2026-01-15 14:15,PV_H057,PV,0.0,3.752,0.0,3.752,0.0,0.938,True,True
2026-01-15 14:15,PV_H058,PV,0.0,2.488,0.0,2.488,0.0,0.622,True,True
2026-01-15 14:15,PV_H060,PV,0.0,4.668,0.0,4.668,0.0,1.167,True,True
2026-01-15 14:15,PV_H061,PV,0.0,2.606,0.0,2.606,0.0,0.651,True,True
2026-01-15 14:15,PV_H062,PV,0.0,5.24,0.0,0.0,0.0,0.0,True,False
2026-01-15 14:15,PV_H063,PV,0.0,3.301,0.0,0.0,0.0,0.0,True,False
2026-01-15 14:15,PV_H066,PV,0.0,3.593,0.0,0.0,0.0,0.0,True,False
2026-01-15 14:15,PV_H067,PV,0.0,2.202,0.0,2.202,0.0,0.55,True,True
2026-01-15 14:15,PV_H069,PV,0.0,2.775,0.0,2.775,0.0,0.694,True,True
2026-01-15 14:15,PV_H071,PV,0.0,3.812,0.0,3.812,0.0,0.953,True,True
2026-01-15 14:15,PV_H072,PV,0.0,4.133,0.0,4.133,0.0,1.033,True,True
2026-01-15 14:15,PV_H073,PV,0.0,3.164,0.0,3.164,0.0,0.791,True,True
2026-01-15 14:15,PV_H074,PV,0.0,3.38,0.0,0.0,0.0,0.0,True,False
2026-01-15 14:15,PV_H076,PV,0.0,4.026,0.0,4.026,0.0,1.006,True,True
2026-01-15 14:15,PV_H077,PV,0.0,3.979,0.0,3.979,0.0,0.995,True,True
2026-01-15 14:15,PV_H078,PV,0.0,2.157,0.0,0.0,0.0,0.0,True,False
2026-01-15 14:15,PV_H079,PV,0.0,2.483,0.0,2.483,0.0,0.621,True,True
2026-01-15 14:15,PV_H080,PV,0.0,3.486,0.0,0.0,0.0,0.0,True,False
2026-01-15 14:15,PV_H081,PV,0.0,3.315,0.0,3.315,0.0,0.829,True,True
2026-01-15 14:15,PV_H082,PV,0.0,2.137,0.0,2.137,0.0,0.534,True,True
2026-01-15 14:15,PV_H083,PV,0.0,2.471,0.0,2.471,0.0,0.618,True,True
2026-01-15 14:15,PV_H085,PV,0.0,3.229,0.0,0.0,0.0,0.0,True,False
2026-01-15 14:15,PV_H087,PV,0.0,3.867,0.0,0.0,0.0,0.0,True,False
2026-01-15 14:15,PV_H088,PV,0.0,1.748,0.0,0.0,0.0,0.0,True,False
2026-01-15 14:15,PV_H090,PV,0.0,3.721,0.0,3.721,0.0,0.93,True,True
2026-01-15 14:15,PV_H093,PV,0.0,4.197,0.0,4.197,0.0,1.049,True,True
2026-01-15 14:15,PV_H094,PV,0.0,2.348,0.0,2.348,0.0,0.587,True,True
2026-01-15 14:15,PV_H095,PV,0.0,2.239,0.0,0.0,0.0,0.0,True,False
2026-01-15 14:15,PV_H096,PV,0.0,3.489,0.0,3.489,0.0,0.872,True,True
2026-01-15 14:15,PV_H098,PV,0.0,2.584,0.0,2.584,0.0,0.646,True,True
2026-01-15 14:15,PV_H099,PV,0.0,2.486,0.0,0.0,0.0,0.0,True,False
2026-01-15 14:15,BESS_COMMUNITY_01,BESS,25.0,25.0,25.0,25.0,0.0,60.0,True,True
2026-01-15 14:15,EV_001,EV,0.0,0.0,0.0,0.0,0.0,0.0,False,True
2026-01-15 14:15,EV_002,EV,0.0,0.0,0.0,0.0,0.0,0.0,False,True
2026-01-15 14:15,EV_003,EV,0.0,0.0,0.0,0.0,0.0,0.0,False,True
2026-01-15 14:15,EV_004,EV,0.0,0.0,0.0,0.0,0.0,0.0,False,False
2026-01-15 14:15,EV_005,EV,0.0,0.0,0.0,0.0,0.0,0.0,False,True
2026-01-15 14:15,EV_006,EV,0.0,0.0,0.0,0.0,0.0,0.0,False,True
2026-01-15 14:15,EV_007,EV,0.0,0.0,0.0,0.0,0.0,0.0,False,True
2026-01-15 14:15,EV_008,EV,0.0,0.0,0.0,0.0,0.0,0.0,False,True
2026-01-15 14:15,EV_009,EV,0.0,0.0,0.0,0.0,0.0,0.0,False,True
2026-01-15 14:15,EV_010,EV,0.0,0.0,0.0,0.0,0.0,0.0,False,True
2026-01-15 14:15,EV_011,EV,0.0,0.0,0.0,0.0,0.0,0.0,False,True
2026-01-15 14:15,EV_012,EV,0.0,0.0,0.0,0.0,0.0,0.0,False,False
2026-01-15 14:15,EV_013,EV,0.0,0.0,0.0,0.0,0.0,0.0,False,False
2026-01-15 14:15,EV_014,EV,0.0,0.0,0.0,0.0,0.0,0.0,False,True
2026-01-15 14:15,EV_015,EV,0.0,0.0,0.0,0.0,0.0,0.0,False,True
2026-01-15 14:15,EV_016,EV,0.0,0.0,0.0,0.0,0.0,0.0,False,False
2026-01-15 14:15,EV_017,EV,0.0,0.0,0.0,0.0,0.0,0.0,False,False
2026-01-15 14:15,EV_018,EV,0.0,0.0,0.0,0.0,0.0,0.0,False,True
2026-01-15 14:15,EV_019,EV,0.0,0.0,0.0,0.0,0.0,0.0,False,True
2026-01-15 14:15,EV_020,EV,0.0,0.0,0.0,0.0,0.0,0.0,False,True
2026-01-15 14:15,FL001,FLEXIBLE_LOAD,0.0,0.0,0.0,0.0,0.0,0.0,False,False
2026-01-15 14:15,FL002,FLEXIBLE_LOAD,0.0,10.0,0.0,10.0,10.0,2.5,True,True
2026-01-15 14:15,FL003,FLEXIBLE_LOAD,0.0,4.0,0.0,4.0,4.0,1.0,True,True
2026-01-15 14:30,PV_H002,PV,0.0,2.857,0.0,2.857,0.0,0.714,True,True
2026-01-15 14:30,PV_H003,PV,0.0,2.406,0.0,2.406,0.0,0.601,True,True
2026-01-15 14:30,PV_H005,PV,0.0,2.398,0.0,0.0,0.0,0.0,True,False
2026-01-15 14:30,PV_H006,PV,0.0,1.733,0.0,1.733,0.0,0.433,True,True
2026-01-15 14:30,PV_H007,PV,0.0,3.233,0.0,0.0,0.0,0.0,True,False
2026-01-15 14:30,PV_H010,PV,0.0,2.432,0.0,0.0,0.0,0.0,True,False
2026-01-15 14:30,PV_H016,PV,0.0,1.785,0.0,1.785,0.0,0.446,True,True
2026-01-15 14:30,PV_H017,PV,0.0,2.811,0.0,2.811,0.0,0.703,True,True
2026-01-15 14:30,PV_H018,PV,0.0,1.808,0.0,1.808,0.0,0.452,True,True
2026-01-15 14:30,PV_H021,PV,0.0,3.977,0.0,3.977,0.0,0.994,True,True
2026-01-15 14:30,PV_H024,PV,0.0,1.538,0.0,1.538,0.0,0.384,True,True
2026-01-15 14:30,PV_H025,PV,0.0,2.984,0.0,0.0,0.0,0.0,True,False
2026-01-15 14:30,PV_H026,PV,0.0,2.968,0.0,0.0,0.0,0.0,True,False
2026-01-15 14:30,PV_H027,PV,0.0,2.89,0.0,2.89,0.0,0.722,True,True
2026-01-15 14:30,PV_H032,PV,0.0,2.389,0.0,0.0,0.0,0.0,True,False
2026-01-15 14:30,PV_H033,PV,0.0,1.931,0.0,1.931,0.0,0.483,True,True
2026-01-15 14:30,PV_H034,PV,0.0,2.978,0.0,2.978,0.0,0.745,True,True
2026-01-15 14:30,PV_H035,PV,0.0,2.196,0.0,2.196,0.0,0.549,True,True
2026-01-15 14:30,PV_H036,PV,0.0,2.86,0.0,0.0,0.0,0.0,True,False
2026-01-15 14:30,PV_H037,PV,0.0,2.545,0.0,0.0,0.0,0.0,True,False
2026-01-15 14:30,PV_H040,PV,0.0,3.385,0.0,0.0,0.0,0.0,True,False
2026-01-15 14:30,PV_H042,PV,0.0,2.093,0.0,2.093,0.0,0.523,True,True
2026-01-15 14:30,PV_H044,PV,0.0,2.563,0.0,0.0,0.0,0.0,True,False
2026-01-15 14:30,PV_H046,PV,0.0,3.493,0.0,0.0,0.0,0.0,True,False
2026-01-15 14:30,PV_H048,PV,0.0,2.53,0.0,0.0,0.0,0.0,True,False
2026-01-15 14:30,PV_H049,PV,0.0,2.247,0.0,2.247,0.0,0.562,True,True
2026-01-15 14:30,PV_H050,PV,0.0,2.952,0.0,2.952,0.0,0.738,True,True
2026-01-15 14:30,PV_H053,PV,0.0,3.456,0.0,0.0,0.0,0.0,True,False
2026-01-15 14:30,PV_H055,PV,0.0,2.094,0.0,2.094,0.0,0.523,True,True
2026-01-15 14:30,PV_H057,PV,0.0,3.604,0.0,3.604,0.0,0.901,True,True
2026-01-15 14:30,PV_H058,PV,0.0,2.334,0.0,2.334,0.0,0.584,True,True
2026-01-15 14:30,PV_H060,PV,0.0,4.281,0.0,4.281,0.0,1.07,True,True
2026-01-15 14:30,PV_H061,PV,0.0,2.561,0.0,2.561,0.0,0.64,True,True
2026-01-15 14:30,PV_H062,PV,0.0,5.032,0.0,0.0,0.0,0.0,True,False
2026-01-15 14:30,PV_H063,PV,0.0,3.098,0.0,0.0,0.0,0.0,True,False
2026-01-15 14:30,PV_H066,PV,0.0,3.532,0.0,0.0,0.0,0.0,True,False
2026-01-15 14:30,PV_H067,PV,0.0,2.128,0.0,2.128,0.0,0.532,True,True
2026-01-15 14:30,PV_H069,PV,0.0,2.703,0.0,2.703,0.0,0.676,True,True
2026-01-15 14:30,PV_H071,PV,0.0,3.591,0.0,3.591,0.0,0.898,True,True
2026-01-15 14:30,PV_H072,PV,0.0,3.901,0.0,3.901,0.0,0.975,True,True
2026-01-15 14:30,PV_H073,PV,0.0,2.997,0.0,2.997,0.0,0.749,True,True
2026-01-15 14:30,PV_H074,PV,0.0,3.329,0.0,0.0,0.0,0.0,True,False
2026-01-15 14:30,PV_H076,PV,0.0,3.948,0.0,3.948,0.0,0.987,True,True
2026-01-15 14:30,PV_H077,PV,0.0,3.671,0.0,3.671,0.0,0.918,True,True
2026-01-15 14:30,PV_H078,PV,0.0,2.098,0.0,0.0,0.0,0.0,True,False
2026-01-15 14:30,PV_H079,PV,0.0,2.346,0.0,2.346,0.0,0.587,True,True
2026-01-15 14:30,PV_H080,PV,0.0,3.385,0.0,0.0,0.0,0.0,True,False
2026-01-15 14:30,PV_H081,PV,0.0,3.144,0.0,3.144,0.0,0.786,True,True
2026-01-15 14:30,PV_H082,PV,0.0,2.032,0.0,2.032,0.0,0.508,True,True
2026-01-15 14:30,PV_H083,PV,0.0,2.416,0.0,2.416,0.0,0.604,True,True
2026-01-15 14:30,PV_H085,PV,0.0,3.044,0.0,0.0,0.0,0.0,True,False
2026-01-15 14:30,PV_H087,PV,0.0,3.61,0.0,0.0,0.0,0.0,True,False
2026-01-15 14:30,PV_H088,PV,0.0,1.642,0.0,0.0,0.0,0.0,True,False
2026-01-15 14:30,PV_H090,PV,0.0,3.587,0.0,3.587,0.0,0.897,True,True
2026-01-15 14:30,PV_H093,PV,0.0,3.949,0.0,3.949,0.0,0.987,True,True
2026-01-15 14:30,PV_H094,PV,0.0,2.225,0.0,2.225,0.0,0.556,True,True
2026-01-15 14:30,PV_H095,PV,0.0,2.233,0.0,0.0,0.0,0.0,True,False
2026-01-15 14:30,PV_H096,PV,0.0,3.292,0.0,3.292,0.0,0.823,True,True
2026-01-15 14:30,PV_H098,PV,0.0,2.533,0.0,2.533,0.0,0.633,True,True
2026-01-15 14:30,PV_H099,PV,0.0,2.368,0.0,0.0,0.0,0.0,True,False
2026-01-15 14:30,BESS_COMMUNITY_01,BESS,25.0,25.0,25.0,25.0,0.0,60.0,True,True
2026-01-15 14:30,EV_001,EV,0.0,0.0,0.0,0.0,0.0,0.0,False,True
2026-01-15 14:30,EV_002,EV,0.0,0.0,0.0,0.0,0.0,0.0,False,True
2026-01-15 14:30,EV_003,EV,0.0,0.0,0.0,0.0,0.0,0.0,False,True
2026-01-15 14:30,EV_004,EV,0.0,0.0,0.0,0.0,0.0,0.0,False,False
2026-01-15 14:30,EV_005,EV,0.0,0.0,0.0,0.0,0.0,0.0,False,True
2026-01-15 14:30,EV_006,EV,0.0,0.0,0.0,0.0,0.0,0.0,False,True
2026-01-15 14:30,EV_007,EV,0.0,0.0,0.0,0.0,0.0,0.0,False,True
2026-01-15 14:30,EV_008,EV,0.0,0.0,0.0,0.0,0.0,0.0,False,True
2026-01-15 14:30,EV_009,EV,0.0,0.0,0.0,0.0,0.0,0.0,False,True
2026-01-15 14:30,EV_010,EV,0.0,0.0,0.0,0.0,0.0,0.0,False,True
2026-01-15 14:30,EV_011,EV,0.0,0.0,0.0,0.0,0.0,0.0,False,True
2026-01-15 14:30,EV_012,EV,0.0,0.0,0.0,0.0,0.0,0.0,False,False
2026-01-15 14:30,EV_013,EV,0.0,0.0,0.0,0.0,0.0,0.0,False,False
2026-01-15 14:30,EV_014,EV,0.0,0.0,0.0,0.0,0.0,0.0,False,True
2026-01-15 14:30,EV_015,EV,0.0,0.0,0.0,0.0,0.0,0.0,False,True
2026-01-15 14:30,EV_016,EV,0.0,0.0,0.0,0.0,0.0,0.0,False,False
2026-01-15 14:30,EV_017,EV,0.0,0.0,0.0,0.0,0.0,0.0,False,False
2026-01-15 14:30,EV_018,EV,0.0,0.0,0.0,0.0,0.0,0.0,False,True
2026-01-15 14:30,EV_019,EV,0.0,0.0,0.0,0.0,0.0,0.0,False,True
2026-01-15 14:30,EV_020,EV,0.0,0.0,0.0,0.0,0.0,0.0,False,True
2026-01-15 14:30,FL001,FLEXIBLE_LOAD,0.0,0.0,0.0,0.0,0.0,0.0,False,False
2026-01-15 14:30,FL002,FLEXIBLE_LOAD,0.0,10.0,0.0,10.0,10.0,2.5,True,True
2026-01-15 14:30,FL003,FLEXIBLE_LOAD,0.0,0.0,0.0,0.0,0.0,0.0,False,True
2026-01-15 14:45,PV_H002,PV,0.0,2.798,0.0,2.798,0.0,0.7,True,True
2026-01-15 14:45,PV_H003,PV,0.0,2.282,0.0,2.282,0.0,0.571,True,True
2026-01-15 14:45,PV_H005,PV,0.0,2.415,0.0,0.0,0.0,0.0,True,False
2026-01-15 14:45,PV_H006,PV,0.0,1.588,0.0,1.588,0.0,0.397,True,True
2026-01-15 14:45,PV_H007,PV,0.0,2.934,0.0,0.0,0.0,0.0,True,False
2026-01-15 14:45,PV_H010,PV,0.0,2.267,0.0,0.0,0.0,0.0,True,False
2026-01-15 14:45,PV_H016,PV,0.0,1.645,0.0,1.645,0.0,0.411,True,True
2026-01-15 14:45,PV_H017,PV,0.0,2.712,0.0,2.712,0.0,0.678,True,True
2026-01-15 14:45,PV_H018,PV,0.0,1.766,0.0,1.766,0.0,0.442,True,True
2026-01-15 14:45,PV_H021,PV,0.0,3.683,0.0,3.683,0.0,0.921,True,True
2026-01-15 14:45,PV_H024,PV,0.0,1.455,0.0,1.455,0.0,0.364,True,True
2026-01-15 14:45,PV_H025,PV,0.0,2.844,0.0,0.0,0.0,0.0,True,False
2026-01-15 14:45,PV_H026,PV,0.0,2.763,0.0,0.0,0.0,0.0,True,False
2026-01-15 14:45,PV_H027,PV,0.0,2.778,0.0,2.778,0.0,0.694,True,True
2026-01-15 14:45,PV_H032,PV,0.0,2.271,0.0,0.0,0.0,0.0,True,False
2026-01-15 14:45,PV_H033,PV,0.0,1.8,0.0,1.8,0.0,0.45,True,True
2026-01-15 14:45,PV_H034,PV,0.0,2.785,0.0,2.785,0.0,0.696,True,True
2026-01-15 14:45,PV_H035,PV,0.0,2.039,0.0,2.039,0.0,0.51,True,True
2026-01-15 14:45,PV_H036,PV,0.0,2.737,0.0,0.0,0.0,0.0,True,False
2026-01-15 14:45,PV_H037,PV,0.0,2.336,0.0,0.0,0.0,0.0,True,False
2026-01-15 14:45,PV_H040,PV,0.0,3.168,0.0,0.0,0.0,0.0,True,False
2026-01-15 14:45,PV_H042,PV,0.0,2.015,0.0,2.015,0.0,0.504,True,True
2026-01-15 14:45,PV_H044,PV,0.0,2.399,0.0,0.0,0.0,0.0,True,False
2026-01-15 14:45,PV_H046,PV,0.0,3.312,0.0,0.0,0.0,0.0,True,False
2026-01-15 14:45,PV_H048,PV,0.0,2.412,0.0,0.0,0.0,0.0,True,False
2026-01-15 14:45,PV_H049,PV,0.0,2.105,0.0,2.105,0.0,0.526,True,True
2026-01-15 14:45,PV_H050,PV,0.0,2.739,0.0,2.739,0.0,0.685,True,True
2026-01-15 14:45,PV_H053,PV,0.0,3.341,0.0,0.0,0.0,0.0,True,False
2026-01-15 14:45,PV_H055,PV,0.0,1.988,0.0,1.988,0.0,0.497,True,True
2026-01-15 14:45,PV_H057,PV,0.0,3.374,0.0,3.374,0.0,0.844,True,True
2026-01-15 14:45,PV_H058,PV,0.0,2.29,0.0,2.29,0.0,0.572,True,True
2026-01-15 14:45,PV_H060,PV,0.0,4.171,0.0,4.171,0.0,1.043,True,True
2026-01-15 14:45,PV_H061,PV,0.0,2.376,0.0,2.376,0.0,0.594,True,True
2026-01-15 14:45,PV_H062,PV,0.0,4.659,0.0,0.0,0.0,0.0,True,False
2026-01-15 14:45,PV_H063,PV,0.0,2.92,0.0,0.0,0.0,0.0,True,False
2026-01-15 14:45,PV_H066,PV,0.0,3.189,0.0,0.0,0.0,0.0,True,False
2026-01-15 14:45,PV_H067,PV,0.0,1.966,0.0,1.966,0.0,0.491,True,True
2026-01-15 14:45,PV_H069,PV,0.0,2.574,0.0,2.574,0.0,0.644,True,True
2026-01-15 14:45,PV_H071,PV,0.0,3.398,0.0,3.398,0.0,0.849,True,True
2026-01-15 14:45,PV_H072,PV,0.0,3.711,0.0,3.711,0.0,0.928,True,True
2026-01-15 14:45,PV_H073,PV,0.0,2.855,0.0,2.855,0.0,0.714,True,True
2026-01-15 14:45,PV_H074,PV,0.0,3.017,0.0,0.0,0.0,0.0,True,False
2026-01-15 14:45,PV_H076,PV,0.0,3.709,0.0,3.709,0.0,0.927,True,True
2026-01-15 14:45,PV_H077,PV,0.0,3.561,0.0,3.561,0.0,0.89,True,True
2026-01-15 14:45,PV_H078,PV,0.0,1.979,0.0,0.0,0.0,0.0,True,False
2026-01-15 14:45,PV_H079,PV,0.0,2.172,0.0,2.172,0.0,0.543,True,True
2026-01-15 14:45,PV_H080,PV,0.0,3.161,0.0,0.0,0.0,0.0,True,False
2026-01-15 14:45,PV_H081,PV,0.0,3.012,0.0,3.012,0.0,0.753,True,True
2026-01-15 14:45,PV_H082,PV,0.0,1.948,0.0,1.948,0.0,0.487,True,True
2026-01-15 14:45,PV_H083,PV,0.0,2.223,0.0,2.223,0.0,0.556,True,True
2026-01-15 14:45,PV_H085,PV,0.0,2.884,0.0,0.0,0.0,0.0,True,False
2026-01-15 14:45,PV_H087,PV,0.0,3.409,0.0,0.0,0.0,0.0,True,False
2026-01-15 14:45,PV_H088,PV,0.0,1.577,0.0,0.0,0.0,0.0,True,False
2026-01-15 14:45,PV_H090,PV,0.0,3.41,0.0,3.41,0.0,0.852,True,True
2026-01-15 14:45,PV_H093,PV,0.0,3.883,0.0,3.883,0.0,0.971,True,True
2026-01-15 14:45,PV_H094,PV,0.0,2.112,0.0,2.112,0.0,0.528,True,True
2026-01-15 14:45,PV_H095,PV,0.0,2.043,0.0,0.0,0.0,0.0,True,False
2026-01-15 14:45,PV_H096,PV,0.0,3.1,0.0,3.1,0.0,0.775,True,True
2026-01-15 14:45,PV_H098,PV,0.0,2.416,0.0,2.416,0.0,0.604,True,True
2026-01-15 14:45,PV_H099,PV,0.0,2.234,0.0,0.0,0.0,0.0,True,False
2026-01-15 14:45,BESS_COMMUNITY_01,BESS,25.0,25.0,25.0,25.0,0.0,60.0,True,True
2026-01-15 14:45,EV_001,EV,0.0,0.0,0.0,0.0,0.0,0.0,False,True
2026-01-15 14:45,EV_002,EV,0.0,0.0,0.0,0.0,0.0,0.0,False,True
2026-01-15 14:45,EV_003,EV,0.0,0.0,0.0,0.0,0.0,0.0,False,True
2026-01-15 14:45,EV_004,EV,0.0,0.0,0.0,0.0,0.0,0.0,False,False
2026-01-15 14:45,EV_005,EV,0.0,0.0,0.0,0.0,0.0,0.0,False,True
2026-01-15 14:45,EV_006,EV,0.0,0.0,0.0,0.0,0.0,0.0,False,True
2026-01-15 14:45,EV_007,EV,0.0,0.0,0.0,0.0,0.0,0.0,False,True
2026-01-15 14:45,EV_008,EV,0.0,0.0,0.0,0.0,0.0,0.0,False,True
2026-01-15 14:45,EV_009,EV,0.0,0.0,0.0,0.0,0.0,0.0,False,True
2026-01-15 14:45,EV_010,EV,0.0,0.0,0.0,0.0,0.0,0.0,False,True
2026-01-15 14:45,EV_011,EV,0.0,0.0,0.0,0.0,0.0,0.0,False,True
2026-01-15 14:45,EV_012,EV,0.0,0.0,0.0,0.0,0.0,0.0,False,False
2026-01-15 14:45,EV_013,EV,0.0,0.0,0.0,0.0,0.0,0.0,False,False
2026-01-15 14:45,EV_014,EV,0.0,0.0,0.0,0.0,0.0,0.0,False,True
2026-01-15 14:45,EV_015,EV,0.0,0.0,0.0,0.0,0.0,0.0,False,True
2026-01-15 14:45,EV_016,EV,0.0,0.0,0.0,0.0,0.0,0.0,False,False
2026-01-15 14:45,EV_017,EV,0.0,0.0,0.0,0.0,0.0,0.0,False,False
2026-01-15 14:45,EV_018,EV,0.0,0.0,0.0,0.0,0.0,0.0,False,True
2026-01-15 14:45,EV_019,EV,0.0,0.0,0.0,0.0,0.0,0.0,False,True
2026-01-15 14:45,EV_020,EV,0.0,0.0,0.0,0.0,0.0,0.0,False,True
2026-01-15 14:45,FL001,FLEXIBLE_LOAD,0.0,0.0,0.0,0.0,0.0,0.0,False,False
2026-01-15 14:45,FL002,FLEXIBLE_LOAD,0.0,10.0,0.0,10.0,10.0,2.5,True,True
2026-01-15 14:45,FL003,FLEXIBLE_LOAD,0.0,0.0,0.0,0.0,0.0,0.0,False,True
2026-01-15 15:00,PV_H002,PV,0.0,2.503,0.0,2.503,0.0,0.626,True,True
2026-01-15 15:00,PV_H003,PV,0.0,2.167,0.0,2.167,0.0,0.542,True,True
2026-01-15 15:00,PV_H005,PV,0.0,2.296,0.0,0.0,0.0,0.0,True,False
2026-01-15 15:00,PV_H006,PV,0.0,1.468,0.0,1.468,0.0,0.367,True,True
2026-01-15 15:00,PV_H007,PV,0.0,2.746,0.0,0.0,0.0,0.0,True,False
2026-01-15 15:00,PV_H010,PV,0.0,2.182,0.0,0.0,0.0,0.0,True,False
2026-01-15 15:00,PV_H016,PV,0.0,1.576,0.0,1.576,0.0,0.394,True,True
2026-01-15 15:00,PV_H017,PV,0.0,2.569,0.0,2.569,0.0,0.642,True,True
2026-01-15 15:00,PV_H018,PV,0.0,1.597,0.0,1.597,0.0,0.399,True,True
2026-01-15 15:00,PV_H021,PV,0.0,3.596,0.0,3.596,0.0,0.899,True,True
2026-01-15 15:00,PV_H024,PV,0.0,1.36,0.0,1.36,0.0,0.34,True,True
2026-01-15 15:00,PV_H025,PV,0.0,2.73,0.0,0.0,0.0,0.0,True,False
2026-01-15 15:00,PV_H026,PV,0.0,2.564,0.0,0.0,0.0,0.0,True,False
2026-01-15 15:00,PV_H027,PV,0.0,2.599,0.0,2.599,0.0,0.65,True,True
2026-01-15 15:00,PV_H032,PV,0.0,2.096,0.0,0.0,0.0,0.0,True,False
2026-01-15 15:00,PV_H033,PV,0.0,1.694,0.0,1.694,0.0,0.424,True,True
2026-01-15 15:00,PV_H034,PV,0.0,2.673,0.0,2.673,0.0,0.668,True,True
2026-01-15 15:00,PV_H035,PV,0.0,1.939,0.0,1.939,0.0,0.485,True,True
2026-01-15 15:00,PV_H036,PV,0.0,2.553,0.0,0.0,0.0,0.0,True,False
2026-01-15 15:00,PV_H037,PV,0.0,2.27,0.0,0.0,0.0,0.0,True,False
2026-01-15 15:00,PV_H040,PV,0.0,2.95,0.0,0.0,0.0,0.0,True,False
2026-01-15 15:00,PV_H042,PV,0.0,1.871,0.0,1.871,0.0,0.468,True,True
2026-01-15 15:00,PV_H044,PV,0.0,2.288,0.0,0.0,0.0,0.0,True,False
2026-01-15 15:00,PV_H046,PV,0.0,3.094,0.0,0.0,0.0,0.0,True,False
2026-01-15 15:00,PV_H048,PV,0.0,2.168,0.0,0.0,0.0,0.0,True,False
2026-01-15 15:00,PV_H049,PV,0.0,1.976,0.0,1.976,0.0,0.494,True,True
2026-01-15 15:00,PV_H050,PV,0.0,2.611,0.0,2.611,0.0,0.653,True,True
2026-01-15 15:00,PV_H053,PV,0.0,3.178,0.0,0.0,0.0,0.0,True,False
2026-01-15 15:00,PV_H055,PV,0.0,1.82,0.0,1.82,0.0,0.455,True,True
2026-01-15 15:00,PV_H057,PV,0.0,3.171,0.0,3.171,0.0,0.793,True,True
2026-01-15 15:00,PV_H058,PV,0.0,2.191,0.0,2.191,0.0,0.548,True,True
2026-01-15 15:00,PV_H060,PV,0.0,4.092,0.0,4.092,0.0,1.023,True,True
2026-01-15 15:00,PV_H061,PV,0.0,2.245,0.0,2.245,0.0,0.561,True,True
2026-01-15 15:00,PV_H062,PV,0.0,4.392,0.0,0.0,0.0,0.0,True,False
2026-01-15 15:00,PV_H063,PV,0.0,2.844,0.0,0.0,0.0,0.0,True,False
2026-01-15 15:00,PV_H066,PV,0.0,3.084,0.0,0.0,0.0,0.0,True,False
2026-01-15 15:00,PV_H067,PV,0.0,1.871,0.0,1.871,0.0,0.468,True,True
2026-01-15 15:00,PV_H069,PV,0.0,2.435,0.0,2.435,0.0,0.609,True,True
2026-01-15 15:00,PV_H071,PV,0.0,3.222,0.0,3.222,0.0,0.806,True,True
2026-01-15 15:00,PV_H072,PV,0.0,3.559,0.0,3.559,0.0,0.89,True,True
2026-01-15 15:00,PV_H073,PV,0.0,2.675,0.0,2.675,0.0,0.669,True,True
2026-01-15 15:00,PV_H074,PV,0.0,2.966,0.0,0.0,0.0,0.0,True,False
2026-01-15 15:00,PV_H076,PV,0.0,3.412,0.0,3.412,0.0,0.853,True,True
2026-01-15 15:00,PV_H077,PV,0.0,3.357,0.0,3.357,0.0,0.839,True,True
2026-01-15 15:00,PV_H078,PV,0.0,1.856,0.0,0.0,0.0,0.0,True,False
2026-01-15 15:00,PV_H079,PV,0.0,2.005,0.0,2.005,0.0,0.501,True,True
2026-01-15 15:00,PV_H080,PV,0.0,2.944,0.0,0.0,0.0,0.0,True,False
2026-01-15 15:00,PV_H081,PV,0.0,2.778,0.0,2.778,0.0,0.694,True,True
2026-01-15 15:00,PV_H082,PV,0.0,1.794,0.0,1.794,0.0,0.448,True,True
2026-01-15 15:00,PV_H083,PV,0.0,2.115,0.0,2.115,0.0,0.529,True,True
2026-01-15 15:00,PV_H085,PV,0.0,2.713,0.0,0.0,0.0,0.0,True,False
2026-01-15 15:00,PV_H087,PV,0.0,3.292,0.0,0.0,0.0,0.0,True,False
2026-01-15 15:00,PV_H088,PV,0.0,1.459,0.0,0.0,0.0,0.0,True,False
2026-01-15 15:00,PV_H090,PV,0.0,3.236,0.0,3.236,0.0,0.809,True,True
2026-01-15 15:00,PV_H093,PV,0.0,3.662,0.0,3.662,0.0,0.916,True,True
2026-01-15 15:00,PV_H094,PV,0.0,1.985,0.0,1.985,0.0,0.496,True,True
2026-01-15 15:00,PV_H095,PV,0.0,1.907,0.0,0.0,0.0,0.0,True,False
2026-01-15 15:00,PV_H096,PV,0.0,2.923,0.0,2.923,0.0,0.731,True,True
2026-01-15 15:00,PV_H098,PV,0.0,2.205,0.0,2.205,0.0,0.551,True,True
2026-01-15 15:00,PV_H099,PV,0.0,2.05,0.0,0.0,0.0,0.0,True,False
2026-01-15 15:00,BESS_COMMUNITY_01,BESS,25.0,25.0,25.0,25.0,0.0,60.0,True,True
2026-01-15 15:00,EV_001,EV,0.0,0.0,0.0,0.0,0.0,0.0,False,True
2026-01-15 15:00,EV_002,EV,0.0,0.0,0.0,0.0,0.0,0.0,False,True
2026-01-15 15:00,EV_003,EV,0.0,0.0,0.0,0.0,0.0,0.0,False,True
2026-01-15 15:00,EV_004,EV,0.0,0.0,0.0,0.0,0.0,0.0,False,False
2026-01-15 15:00,EV_005,EV,0.0,0.0,0.0,0.0,0.0,0.0,False,True
2026-01-15 15:00,EV_006,EV,0.0,0.0,0.0,0.0,0.0,0.0,False,True
2026-01-15 15:00,EV_007,EV,0.0,0.0,0.0,0.0,0.0,0.0,False,True
2026-01-15 15:00,EV_008,EV,0.0,0.0,0.0,0.0,0.0,0.0,False,True
2026-01-15 15:00,EV_009,EV,0.0,0.0,0.0,0.0,0.0,0.0,False,True
2026-01-15 15:00,EV_010,EV,0.0,0.0,0.0,0.0,0.0,0.0,False,True
2026-01-15 15:00,EV_011,EV,0.0,0.0,0.0,0.0,0.0,0.0,False,True
2026-01-15 15:00,EV_012,EV,0.0,0.0,0.0,0.0,0.0,0.0,False,False
2026-01-15 15:00,EV_013,EV,0.0,0.0,0.0,0.0,0.0,0.0,False,False
2026-01-15 15:00,EV_014,EV,0.0,0.0,0.0,0.0,0.0,0.0,False,True
2026-01-15 15:00,EV_015,EV,0.0,0.0,0.0,0.0,0.0,0.0,False,True
2026-01-15 15:00,EV_016,EV,0.0,0.0,0.0,0.0,0.0,0.0,False,False
2026-01-15 15:00,EV_017,EV,0.0,0.0,0.0,0.0,0.0,0.0,False,False
2026-01-15 15:00,EV_018,EV,0.0,0.0,0.0,0.0,0.0,0.0,False,True
2026-01-15 15:00,EV_019,EV,0.0,0.0,0.0,0.0,0.0,0.0,False,True
2026-01-15 15:00,EV_020,EV,0.0,0.0,0.0,0.0,0.0,0.0,False,True
2026-01-15 15:00,FL001,FLEXIBLE_LOAD,0.0,0.0,0.0,0.0,0.0,0.0,False,False
2026-01-15 15:00,FL002,FLEXIBLE_LOAD,0.0,10.0,0.0,10.0,10.0,2.5,True,True
2026-01-15 15:00,FL003,FLEXIBLE_LOAD,0.0,0.0,0.0,0.0,0.0,0.0,False,True
2026-01-15 15:15,PV_H002,PV,0.0,2.383,0.0,2.383,0.0,0.596,True,True
2026-01-15 15:15,PV_H003,PV,0.0,2.026,0.0,2.026,0.0,0.506,True,True
2026-01-15 15:15,PV_H005,PV,0.0,2.086,0.0,0.0,0.0,0.0,True,False
2026-01-15 15:15,PV_H006,PV,0.0,1.388,0.0,1.388,0.0,0.347,True,True
2026-01-15 15:15,PV_H007,PV,0.0,2.6,0.0,0.0,0.0,0.0,True,False
2026-01-15 15:15,PV_H010,PV,0.0,1.973,0.0,0.0,0.0,0.0,True,False
2026-01-15 15:15,PV_H016,PV,0.0,1.449,0.0,1.449,0.0,0.362,True,True
2026-01-15 15:15,PV_H017,PV,0.0,2.391,0.0,2.391,0.0,0.598,True,True
2026-01-15 15:15,PV_H018,PV,0.0,1.482,0.0,1.482,0.0,0.371,True,True
2026-01-15 15:15,PV_H021,PV,0.0,3.293,0.0,3.293,0.0,0.823,True,True
2026-01-15 15:15,PV_H024,PV,0.0,1.263,0.0,1.263,0.0,0.316,True,True
2026-01-15 15:15,PV_H025,PV,0.0,2.512,0.0,0.0,0.0,0.0,True,False
2026-01-15 15:15,PV_H026,PV,0.0,2.405,0.0,0.0,0.0,0.0,True,False
2026-01-15 15:15,PV_H027,PV,0.0,2.408,0.0,2.408,0.0,0.602,True,True
2026-01-15 15:15,PV_H032,PV,0.0,1.972,0.0,0.0,0.0,0.0,True,False
2026-01-15 15:15,PV_H033,PV,0.0,1.61,0.0,1.61,0.0,0.402,True,True
2026-01-15 15:15,PV_H034,PV,0.0,2.373,0.0,2.373,0.0,0.593,True,True
2026-01-15 15:15,PV_H035,PV,0.0,1.815,0.0,1.815,0.0,0.454,True,True
2026-01-15 15:15,PV_H036,PV,0.0,2.356,0.0,0.0,0.0,0.0,True,False
2026-01-15 15:15,PV_H037,PV,0.0,2.093,0.0,0.0,0.0,0.0,True,False
2026-01-15 15:15,PV_H040,PV,0.0,2.854,0.0,0.0,0.0,0.0,True,False
2026-01-15 15:15,PV_H042,PV,0.0,1.795,0.0,1.795,0.0,0.449,True,True
2026-01-15 15:15,PV_H044,PV,0.0,2.095,0.0,0.0,0.0,0.0,True,False
2026-01-15 15:15,PV_H046,PV,0.0,2.877,0.0,0.0,0.0,0.0,True,False
2026-01-15 15:15,PV_H048,PV,0.0,2.069,0.0,0.0,0.0,0.0,True,False
2026-01-15 15:15,PV_H049,PV,0.0,1.864,0.0,1.864,0.0,0.466,True,True
2026-01-15 15:15,PV_H050,PV,0.0,2.475,0.0,2.475,0.0,0.619,True,True
2026-01-15 15:15,PV_H053,PV,0.0,2.926,0.0,0.0,0.0,0.0,True,False
2026-01-15 15:15,PV_H055,PV,0.0,1.705,0.0,1.705,0.0,0.426,True,True
2026-01-15 15:15,PV_H057,PV,0.0,2.957,0.0,2.957,0.0,0.739,True,True
2026-01-15 15:15,PV_H058,PV,0.0,1.956,0.0,1.956,0.0,0.489,True,True
2026-01-15 15:15,PV_H060,PV,0.0,3.686,0.0,3.686,0.0,0.922,True,True
2026-01-15 15:15,PV_H061,PV,0.0,2.039,0.0,2.039,0.0,0.51,True,True
2026-01-15 15:15,PV_H062,PV,0.0,4.125,0.0,0.0,0.0,0.0,True,False
2026-01-15 15:15,PV_H063,PV,0.0,2.603,0.0,0.0,0.0,0.0,True,False
2026-01-15 15:15,PV_H066,PV,0.0,2.891,0.0,0.0,0.0,0.0,True,False
2026-01-15 15:15,PV_H067,PV,0.0,1.731,0.0,1.731,0.0,0.433,True,True
2026-01-15 15:15,PV_H069,PV,0.0,2.274,0.0,2.274,0.0,0.569,True,True
2026-01-15 15:15,PV_H071,PV,0.0,2.962,0.0,2.962,0.0,0.74,True,True
2026-01-15 15:15,PV_H072,PV,0.0,3.249,0.0,3.249,0.0,0.812,True,True
2026-01-15 15:15,PV_H073,PV,0.0,2.514,0.0,2.514,0.0,0.628,True,True
2026-01-15 15:15,PV_H074,PV,0.0,2.753,0.0,0.0,0.0,0.0,True,False
2026-01-15 15:15,PV_H076,PV,0.0,3.226,0.0,3.226,0.0,0.806,True,True
2026-01-15 15:15,PV_H077,PV,0.0,3.155,0.0,3.155,0.0,0.789,True,True
2026-01-15 15:15,PV_H078,PV,0.0,1.718,0.0,0.0,0.0,0.0,True,False
2026-01-15 15:15,PV_H079,PV,0.0,1.887,0.0,1.887,0.0,0.472,True,True
2026-01-15 15:15,PV_H080,PV,0.0,2.77,0.0,0.0,0.0,0.0,True,False
2026-01-15 15:15,PV_H081,PV,0.0,2.671,0.0,2.671,0.0,0.668,True,True
2026-01-15 15:15,PV_H082,PV,0.0,1.675,0.0,1.675,0.0,0.419,True,True
2026-01-15 15:15,PV_H083,PV,0.0,1.982,0.0,1.982,0.0,0.495,True,True
2026-01-15 15:15,PV_H085,PV,0.0,2.58,0.0,0.0,0.0,0.0,True,False
2026-01-15 15:15,PV_H087,PV,0.0,3.055,0.0,0.0,0.0,0.0,True,False
2026-01-15 15:15,PV_H088,PV,0.0,1.341,0.0,0.0,0.0,0.0,True,False
2026-01-15 15:15,PV_H090,PV,0.0,2.921,0.0,2.921,0.0,0.73,True,True
2026-01-15 15:15,PV_H093,PV,0.0,3.318,0.0,3.318,0.0,0.83,True,True
2026-01-15 15:15,PV_H094,PV,0.0,1.836,0.0,1.836,0.0,0.459,True,True
2026-01-15 15:15,PV_H095,PV,0.0,1.756,0.0,0.0,0.0,0.0,True,False
2026-01-15 15:15,PV_H096,PV,0.0,2.739,0.0,2.739,0.0,0.685,True,True
2026-01-15 15:15,PV_H098,PV,0.0,2.06,0.0,2.06,0.0,0.515,True,True
2026-01-15 15:15,PV_H099,PV,0.0,2.011,0.0,0.0,0.0,0.0,True,False
2026-01-15 15:15,BESS_COMMUNITY_01,BESS,25.0,25.0,25.0,25.0,0.0,60.0,True,True
2026-01-15 15:15,EV_001,EV,0.0,0.0,0.0,0.0,0.0,0.0,False,True
2026-01-15 15:15,EV_002,EV,0.0,0.0,0.0,0.0,0.0,0.0,False,True
2026-01-15 15:15,EV_003,EV,0.0,0.0,0.0,0.0,0.0,0.0,False,True
2026-01-15 15:15,EV_004,EV,0.0,0.0,0.0,0.0,0.0,0.0,False,False
2026-01-15 15:15,EV_005,EV,0.0,0.0,0.0,0.0,0.0,0.0,False,True
2026-01-15 15:15,EV_006,EV,0.0,0.0,0.0,0.0,0.0,0.0,False,True
2026-01-15 15:15,EV_007,EV,0.0,0.0,0.0,0.0,0.0,0.0,False,True
2026-01-15 15:15,EV_008,EV,0.0,0.0,0.0,0.0,0.0,0.0,False,True
2026-01-15 15:15,EV_009,EV,0.0,0.0,0.0,0.0,0.0,0.0,False,True
2026-01-15 15:15,EV_010,EV,0.0,0.0,0.0,0.0,0.0,0.0,False,True
2026-01-15 15:15,EV_011,EV,0.0,0.0,0.0,0.0,0.0,0.0,False,True
2026-01-15 15:15,EV_012,EV,0.0,0.0,0.0,0.0,0.0,0.0,False,False
2026-01-15 15:15,EV_013,EV,0.0,0.0,0.0,0.0,0.0,0.0,False,False
2026-01-15 15:15,EV_014,EV,0.0,0.0,0.0,0.0,0.0,0.0,False,True
2026-01-15 15:15,EV_015,EV,0.0,0.0,0.0,0.0,0.0,0.0,False,True
2026-01-15 15:15,EV_016,EV,0.0,0.0,0.0,0.0,0.0,0.0,False,False
2026-01-15 15:15,EV_017,EV,0.0,0.0,0.0,0.0,0.0,0.0,False,False
2026-01-15 15:15,EV_018,EV,0.0,0.0,0.0,0.0,0.0,0.0,False,True
2026-01-15 15:15,EV_019,EV,0.0,0.0,0.0,0.0,0.0,0.0,False,True
2026-01-15 15:15,EV_020,EV,0.0,0.0,0.0,0.0,0.0,0.0,False,True
2026-01-15 15:15,FL001,FLEXIBLE_LOAD,0.0,0.0,0.0,0.0,0.0,0.0,False,False
2026-01-15 15:15,FL002,FLEXIBLE_LOAD,0.0,10.0,0.0,10.0,10.0,2.5,True,True
2026-01-15 15:15,FL003,FLEXIBLE_LOAD,0.0,0.0,0.0,0.0,0.0,0.0,False,True
2026-01-15 15:30,PV_H002,PV,0.0,2.244,0.0,2.244,0.0,0.561,True,True
2026-01-15 15:30,PV_H003,PV,0.0,1.876,0.0,1.876,0.0,0.469,True,True
2026-01-15 15:30,PV_H005,PV,0.0,2.0,0.0,0.0,0.0,0.0,True,False
2026-01-15 15:30,PV_H006,PV,0.0,1.26,0.0,1.26,0.0,0.315,True,True
2026-01-15 15:30,PV_H007,PV,0.0,2.329,0.0,0.0,0.0,0.0,True,False
2026-01-15 15:30,PV_H010,PV,0.0,1.876,0.0,0.0,0.0,0.0,True,False
2026-01-15 15:30,PV_H016,PV,0.0,1.31,0.0,1.31,0.0,0.327,True,True
2026-01-15 15:30,PV_H017,PV,0.0,2.158,0.0,2.158,0.0,0.539,True,True
2026-01-15 15:30,PV_H018,PV,0.0,1.353,0.0,1.353,0.0,0.338,True,True
2026-01-15 15:30,PV_H021,PV,0.0,3.04,0.0,3.04,0.0,0.76,True,True
2026-01-15 15:30,PV_H024,PV,0.0,1.2,0.0,1.2,0.0,0.3,True,True
2026-01-15 15:30,PV_H025,PV,0.0,2.357,0.0,0.0,0.0,0.0,True,False
2026-01-15 15:30,PV_H026,PV,0.0,2.241,0.0,0.0,0.0,0.0,True,False
2026-01-15 15:30,PV_H027,PV,0.0,2.232,0.0,2.232,0.0,0.558,True,True
2026-01-15 15:30,PV_H032,PV,0.0,1.816,0.0,0.0,0.0,0.0,True,False
2026-01-15 15:30,PV_H033,PV,0.0,1.476,0.0,1.476,0.0,0.369,True,True
2026-01-15 15:30,PV_H034,PV,0.0,2.228,0.0,2.228,0.0,0.557,True,True
2026-01-15 15:30,PV_H035,PV,0.0,1.637,0.0,1.637,0.0,0.409,True,True
2026-01-15 15:30,PV_H036,PV,0.0,2.216,0.0,0.0,0.0,0.0,True,False
2026-01-15 15:30,PV_H037,PV,0.0,1.931,0.0,0.0,0.0,0.0,True,False
2026-01-15 15:30,PV_H040,PV,0.0,2.516,0.0,0.0,0.0,0.0,True,False
2026-01-15 15:30,PV_H042,PV,0.0,1.648,0.0,1.648,0.0,0.412,True,True
2026-01-15 15:30,PV_H044,PV,0.0,1.98,0.0,0.0,0.0,0.0,True,False
2026-01-15 15:30,PV_H046,PV,0.0,2.59,0.0,0.0,0.0,0.0,True,False
2026-01-15 15:30,PV_H048,PV,0.0,1.932,0.0,0.0,0.0,0.0,True,False
2026-01-15 15:30,PV_H049,PV,0.0,1.735,0.0,1.735,0.0,0.434,True,True
2026-01-15 15:30,PV_H050,PV,0.0,2.209,0.0,2.209,0.0,0.552,True,True
2026-01-15 15:30,PV_H053,PV,0.0,2.682,0.0,0.0,0.0,0.0,True,False
2026-01-15 15:30,PV_H055,PV,0.0,1.552,0.0,1.552,0.0,0.388,True,True
2026-01-15 15:30,PV_H057,PV,0.0,2.741,0.0,2.741,0.0,0.685,True,True
2026-01-15 15:30,PV_H058,PV,0.0,1.829,0.0,1.829,0.0,0.457,True,True
2026-01-15 15:30,PV_H060,PV,0.0,3.367,0.0,3.367,0.0,0.842,True,True
2026-01-15 15:30,PV_H061,PV,0.0,1.936,0.0,1.936,0.0,0.484,True,True
2026-01-15 15:30,PV_H062,PV,0.0,3.886,0.0,0.0,0.0,0.0,True,False
2026-01-15 15:30,PV_H063,PV,0.0,2.434,0.0,0.0,0.0,0.0,True,False
2026-01-15 15:30,PV_H066,PV,0.0,2.637,0.0,0.0,0.0,0.0,True,False
2026-01-15 15:30,PV_H067,PV,0.0,1.581,0.0,1.581,0.0,0.395,True,True
2026-01-15 15:30,PV_H069,PV,0.0,2.064,0.0,2.064,0.0,0.516,True,True
2026-01-15 15:30,PV_H071,PV,0.0,2.796,0.0,2.796,0.0,0.699,True,True
2026-01-15 15:30,PV_H072,PV,0.0,3.043,0.0,3.043,0.0,0.761,True,True
2026-01-15 15:30,PV_H073,PV,0.0,2.332,0.0,2.332,0.0,0.583,True,True
2026-01-15 15:30,PV_H074,PV,0.0,2.529,0.0,0.0,0.0,0.0,True,False
2026-01-15 15:30,PV_H076,PV,0.0,3.01,0.0,3.01,0.0,0.752,True,True
2026-01-15 15:30,PV_H077,PV,0.0,2.945,0.0,2.945,0.0,0.736,True,True
2026-01-15 15:30,PV_H078,PV,0.0,1.609,0.0,0.0,0.0,0.0,True,False
2026-01-15 15:30,PV_H079,PV,0.0,1.8,0.0,1.8,0.0,0.45,True,True
2026-01-15 15:30,PV_H080,PV,0.0,2.568,0.0,0.0,0.0,0.0,True,False
2026-01-15 15:30,PV_H081,PV,0.0,2.409,0.0,2.409,0.0,0.602,True,True
2026-01-15 15:30,PV_H082,PV,0.0,1.515,0.0,1.515,0.0,0.379,True,True
2026-01-15 15:30,PV_H083,PV,0.0,1.836,0.0,1.836,0.0,0.459,True,True
2026-01-15 15:30,PV_H085,PV,0.0,2.322,0.0,0.0,0.0,0.0,True,False
2026-01-15 15:30,PV_H087,PV,0.0,2.665,0.0,0.0,0.0,0.0,True,False
2026-01-15 15:30,PV_H088,PV,0.0,1.239,0.0,0.0,0.0,0.0,True,False
2026-01-15 15:30,PV_H090,PV,0.0,2.737,0.0,2.737,0.0,0.684,True,True
2026-01-15 15:30,PV_H093,PV,0.0,3.09,0.0,3.09,0.0,0.772,True,True
2026-01-15 15:30,PV_H094,PV,0.0,1.687,0.0,1.687,0.0,0.422,True,True
2026-01-15 15:30,PV_H095,PV,0.0,1.619,0.0,0.0,0.0,0.0,True,False
2026-01-15 15:30,PV_H096,PV,0.0,2.48,0.0,2.48,0.0,0.62,True,True
2026-01-15 15:30,PV_H098,PV,0.0,1.908,0.0,1.908,0.0,0.477,True,True
2026-01-15 15:30,PV_H099,PV,0.0,1.857,0.0,0.0,0.0,0.0,True,False
2026-01-15 15:30,BESS_COMMUNITY_01,BESS,25.0,25.0,25.0,25.0,0.0,60.0,True,True
2026-01-15 15:30,EV_001,EV,0.0,0.0,0.0,0.0,0.0,0.0,False,True
2026-01-15 15:30,EV_002,EV,0.0,0.0,0.0,0.0,0.0,0.0,False,True
2026-01-15 15:30,EV_003,EV,0.0,0.0,0.0,0.0,0.0,0.0,False,True
2026-01-15 15:30,EV_004,EV,0.0,0.0,0.0,0.0,0.0,0.0,False,False
2026-01-15 15:30,EV_005,EV,0.0,0.0,0.0,0.0,0.0,0.0,False,True
2026-01-15 15:30,EV_006,EV,0.0,0.0,0.0,0.0,0.0,0.0,False,True
2026-01-15 15:30,EV_007,EV,0.0,0.0,0.0,0.0,0.0,0.0,False,True
2026-01-15 15:30,EV_008,EV,0.0,0.0,0.0,0.0,0.0,0.0,False,True
2026-01-15 15:30,EV_009,EV,0.0,0.0,0.0,0.0,0.0,0.0,False,True
2026-01-15 15:30,EV_010,EV,0.0,0.0,0.0,0.0,0.0,0.0,False,True
2026-01-15 15:30,EV_011,EV,0.0,0.0,0.0,0.0,0.0,0.0,False,True
2026-01-15 15:30,EV_012,EV,0.0,0.0,0.0,0.0,0.0,0.0,False,False
2026-01-15 15:30,EV_013,EV,0.0,0.0,0.0,0.0,0.0,0.0,False,False
2026-01-15 15:30,EV_014,EV,0.0,0.0,0.0,0.0,0.0,0.0,False,True
2026-01-15 15:30,EV_015,EV,0.0,0.0,0.0,0.0,0.0,0.0,False,True
2026-01-15 15:30,EV_016,EV,0.0,0.0,0.0,0.0,0.0,0.0,False,False
2026-01-15 15:30,EV_017,EV,0.0,0.0,0.0,0.0,0.0,0.0,False,False
2026-01-15 15:30,EV_018,EV,0.0,0.0,0.0,0.0,0.0,0.0,False,True
2026-01-15 15:30,EV_019,EV,0.0,0.0,0.0,0.0,0.0,0.0,False,True
2026-01-15 15:30,EV_020,EV,0.0,0.0,0.0,0.0,0.0,0.0,False,True
2026-01-15 15:30,FL001,FLEXIBLE_LOAD,0.0,0.0,0.0,0.0,0.0,0.0,False,False
2026-01-15 15:30,FL002,FLEXIBLE_LOAD,0.0,10.0,0.0,10.0,10.0,2.5,True,True
2026-01-15 15:30,FL003,FLEXIBLE_LOAD,0.0,0.0,0.0,0.0,0.0,0.0,False,True
2026-01-15 15:45,PV_H002,PV,0.0,2.025,0.0,2.025,0.0,0.506,True,True
2026-01-15 15:45,PV_H003,PV,0.0,1.704,0.0,1.704,0.0,0.426,True,True
2026-01-15 15:45,PV_H005,PV,0.0,1.784,0.0,0.0,0.0,0.0,True,False
2026-01-15 15:45,PV_H006,PV,0.0,1.186,0.0,1.186,0.0,0.296,True,True
2026-01-15 15:45,PV_H007,PV,0.0,2.155,0.0,0.0,0.0,0.0,True,False
2026-01-15 15:45,PV_H010,PV,0.0,1.681,0.0,0.0,0.0,0.0,True,False
2026-01-15 15:45,PV_H016,PV,0.0,1.19,0.0,1.19,0.0,0.297,True,True
2026-01-15 15:45,PV_H017,PV,0.0,1.962,0.0,1.962,0.0,0.491,True,True
2026-01-15 15:45,PV_H018,PV,0.0,1.256,0.0,1.256,0.0,0.314,True,True
2026-01-15 15:45,PV_H021,PV,0.0,2.838,0.0,2.838,0.0,0.71,True,True
2026-01-15 15:45,PV_H024,PV,0.0,1.067,0.0,1.067,0.0,0.267,True,True
2026-01-15 15:45,PV_H025,PV,0.0,2.148,0.0,0.0,0.0,0.0,True,False
2026-01-15 15:45,PV_H026,PV,0.0,1.965,0.0,0.0,0.0,0.0,True,False
2026-01-15 15:45,PV_H027,PV,0.0,2.047,0.0,2.047,0.0,0.512,True,True
2026-01-15 15:45,PV_H032,PV,0.0,1.649,0.0,0.0,0.0,0.0,True,False
2026-01-15 15:45,PV_H033,PV,0.0,1.384,0.0,1.384,0.0,0.346,True,True
2026-01-15 15:45,PV_H034,PV,0.0,2.09,0.0,2.09,0.0,0.522,True,True
2026-01-15 15:45,PV_H035,PV,0.0,1.487,0.0,1.487,0.0,0.372,True,True
2026-01-15 15:45,PV_H036,PV,0.0,2.031,0.0,0.0,0.0,0.0,True,False
2026-01-15 15:45,PV_H037,PV,0.0,1.814,0.0,0.0,0.0,0.0,True,False
2026-01-15 15:45,PV_H040,PV,0.0,2.276,0.0,0.0,0.0,0.0,True,False
2026-01-15 15:45,PV_H042,PV,0.0,1.442,0.0,1.442,0.0,0.361,True,True
2026-01-15 15:45,PV_H044,PV,0.0,1.783,0.0,0.0,0.0,0.0,True,False
2026-01-15 15:45,PV_H046,PV,0.0,2.357,0.0,0.0,0.0,0.0,True,False
2026-01-15 15:45,PV_H048,PV,0.0,1.684,0.0,0.0,0.0,0.0,True,False
2026-01-15 15:45,PV_H049,PV,0.0,1.556,0.0,1.556,0.0,0.389,True,True
2026-01-15 15:45,PV_H050,PV,0.0,2.015,0.0,2.015,0.0,0.504,True,True
2026-01-15 15:45,PV_H053,PV,0.0,2.474,0.0,0.0,0.0,0.0,True,False
2026-01-15 15:45,PV_H055,PV,0.0,1.407,0.0,1.407,0.0,0.352,True,True
2026-01-15 15:45,PV_H057,PV,0.0,2.481,0.0,2.481,0.0,0.62,True,True
2026-01-15 15:45,PV_H058,PV,0.0,1.669,0.0,1.669,0.0,0.417,True,True
2026-01-15 15:45,PV_H060,PV,0.0,3.03,0.0,3.03,0.0,0.758,True,True
2026-01-15 15:45,PV_H061,PV,0.0,1.707,0.0,1.707,0.0,0.427,True,True
2026-01-15 15:45,PV_H062,PV,0.0,3.43,0.0,0.0,0.0,0.0,True,False
2026-01-15 15:45,PV_H063,PV,0.0,2.191,0.0,0.0,0.0,0.0,True,False
2026-01-15 15:45,PV_H066,PV,0.0,2.438,0.0,0.0,0.0,0.0,True,False
2026-01-15 15:45,PV_H067,PV,0.0,1.461,0.0,1.461,0.0,0.365,True,True
2026-01-15 15:45,PV_H069,PV,0.0,1.822,0.0,1.822,0.0,0.456,True,True
2026-01-15 15:45,PV_H071,PV,0.0,2.542,0.0,2.542,0.0,0.635,True,True
2026-01-15 15:45,PV_H072,PV,0.0,2.673,0.0,2.673,0.0,0.668,True,True
2026-01-15 15:45,PV_H073,PV,0.0,2.122,0.0,2.122,0.0,0.53,True,True
2026-01-15 15:45,PV_H074,PV,0.0,2.307,0.0,0.0,0.0,0.0,True,False
2026-01-15 15:45,PV_H076,PV,0.0,2.638,0.0,2.638,0.0,0.659,True,True
2026-01-15 15:45,PV_H077,PV,0.0,2.546,0.0,2.546,0.0,0.637,True,True
2026-01-15 15:45,PV_H078,PV,0.0,1.412,0.0,0.0,0.0,0.0,True,False
2026-01-15 15:45,PV_H079,PV,0.0,1.616,0.0,1.616,0.0,0.404,True,True
2026-01-15 15:45,PV_H080,PV,0.0,2.289,0.0,0.0,0.0,0.0,True,False
2026-01-15 15:45,PV_H081,PV,0.0,2.237,0.0,2.237,0.0,0.559,True,True
2026-01-15 15:45,PV_H082,PV,0.0,1.388,0.0,1.388,0.0,0.347,True,True
2026-01-15 15:45,PV_H083,PV,0.0,1.629,0.0,1.629,0.0,0.407,True,True
2026-01-15 15:45,PV_H085,PV,0.0,2.072,0.0,0.0,0.0,0.0,True,False
2026-01-15 15:45,PV_H087,PV,0.0,2.508,0.0,0.0,0.0,0.0,True,False
2026-01-15 15:45,PV_H088,PV,0.0,1.125,0.0,0.0,0.0,0.0,True,False
2026-01-15 15:45,PV_H090,PV,0.0,2.564,0.0,2.564,0.0,0.641,True,True
2026-01-15 15:45,PV_H093,PV,0.0,2.799,0.0,2.799,0.0,0.7,True,True
2026-01-15 15:45,PV_H094,PV,0.0,1.592,0.0,1.592,0.0,0.398,True,True
2026-01-15 15:45,PV_H095,PV,0.0,1.514,0.0,0.0,0.0,0.0,True,False
2026-01-15 15:45,PV_H096,PV,0.0,2.331,0.0,2.331,0.0,0.583,True,True
2026-01-15 15:45,PV_H098,PV,0.0,1.727,0.0,1.727,0.0,0.432,True,True
2026-01-15 15:45,PV_H099,PV,0.0,1.653,0.0,0.0,0.0,0.0,True,False
2026-01-15 15:45,BESS_COMMUNITY_01,BESS,25.0,25.0,25.0,25.0,0.0,60.0,True,True
2026-01-15 15:45,EV_001,EV,0.0,0.0,0.0,0.0,0.0,0.0,False,True
2026-01-15 15:45,EV_002,EV,0.0,0.0,0.0,0.0,0.0,0.0,False,True
2026-01-15 15:45,EV_003,EV,0.0,0.0,0.0,0.0,0.0,0.0,False,True
2026-01-15 15:45,EV_004,EV,0.0,0.0,0.0,0.0,0.0,0.0,False,False
2026-01-15 15:45,EV_005,EV,0.0,0.0,0.0,0.0,0.0,0.0,False,True
2026-01-15 15:45,EV_006,EV,0.0,0.0,0.0,0.0,0.0,0.0,False,True
2026-01-15 15:45,EV_007,EV,0.0,0.0,0.0,0.0,0.0,0.0,False,True
2026-01-15 15:45,EV_008,EV,0.0,0.0,0.0,0.0,0.0,0.0,False,True
2026-01-15 15:45,EV_009,EV,0.0,0.0,0.0,0.0,0.0,0.0,False,True
2026-01-15 15:45,EV_010,EV,0.0,0.0,0.0,0.0,0.0,0.0,False,True
2026-01-15 15:45,EV_011,EV,0.0,0.0,0.0,0.0,0.0,0.0,False,True
2026-01-15 15:45,EV_012,EV,0.0,0.0,0.0,0.0,0.0,0.0,False,False
2026-01-15 15:45,EV_013,EV,0.0,0.0,0.0,0.0,0.0,0.0,False,False
2026-01-15 15:45,EV_014,EV,0.0,0.0,0.0,0.0,0.0,0.0,False,True
2026-01-15 15:45,EV_015,EV,0.0,0.0,0.0,0.0,0.0,0.0,False,True
2026-01-15 15:45,EV_016,EV,0.0,0.0,0.0,0.0,0.0,0.0,False,False
2026-01-15 15:45,EV_017,EV,0.0,0.0,0.0,0.0,0.0,0.0,False,False
2026-01-15 15:45,EV_018,EV,0.0,0.0,0.0,0.0,0.0,0.0,False,True
2026-01-15 15:45,EV_019,EV,0.0,0.0,0.0,0.0,0.0,0.0,False,True
2026-01-15 15:45,EV_020,EV,0.0,0.0,0.0,0.0,0.0,0.0,False,True
2026-01-15 15:45,FL001,FLEXIBLE_LOAD,0.0,0.0,0.0,0.0,0.0,0.0,False,False
2026-01-15 15:45,FL002,FLEXIBLE_LOAD,0.0,10.0,0.0,10.0,10.0,2.5,True,True
2026-01-15 15:45,FL003,FLEXIBLE_LOAD,0.0,0.0,0.0,0.0,0.0,0.0,False,True
2026-01-15 16:00,PV_H002,PV,0.0,1.841,0.0,1.841,0.0,0.46,True,True
2026-01-15 16:00,PV_H003,PV,0.0,1.545,0.0,1.545,0.0,0.386,True,True
2026-01-15 16:00,PV_H005,PV,0.0,1.556,0.0,0.0,0.0,0.0,True,False
2026-01-15 16:00,PV_H006,PV,0.0,1.045,0.0,1.045,0.0,0.261,True,True
2026-01-15 16:00,PV_H007,PV,0.0,1.958,0.0,0.0,0.0,0.0,True,False
2026-01-15 16:00,PV_H010,PV,0.0,1.507,0.0,0.0,0.0,0.0,True,False
2026-01-15 16:00,PV_H016,PV,0.0,1.087,0.0,1.087,0.0,0.272,True,True
2026-01-15 16:00,PV_H017,PV,0.0,1.811,0.0,1.811,0.0,0.453,True,True
2026-01-15 16:00,PV_H018,PV,0.0,1.148,0.0,1.148,0.0,0.287,True,True
2026-01-15 16:00,PV_H021,PV,0.0,2.504,0.0,2.504,0.0,0.626,True,True
2026-01-15 16:00,PV_H024,PV,0.0,0.986,0.0,0.986,0.0,0.247,True,True
2026-01-15 16:00,PV_H025,PV,0.0,1.905,0.0,0.0,0.0,0.0,True,False
2026-01-15 16:00,PV_H026,PV,0.0,1.804,0.0,0.0,0.0,0.0,True,False
2026-01-15 16:00,PV_H027,PV,0.0,1.793,0.0,1.793,0.0,0.448,True,True
2026-01-15 16:00,PV_H032,PV,0.0,1.511,0.0,0.0,0.0,0.0,True,False
2026-01-15 16:00,PV_H033,PV,0.0,1.224,0.0,1.224,0.0,0.306,True,True
2026-01-15 16:00,PV_H034,PV,0.0,1.867,0.0,1.867,0.0,0.467,True,True
2026-01-15 16:00,PV_H035,PV,0.0,1.368,0.0,1.368,0.0,0.342,True,True
2026-01-15 16:00,PV_H036,PV,0.0,1.812,0.0,0.0,0.0,0.0,True,False
2026-01-15 16:00,PV_H037,PV,0.0,1.595,0.0,0.0,0.0,0.0,True,False
2026-01-15 16:00,PV_H040,PV,0.0,2.06,0.0,0.0,0.0,0.0,True,False
2026-01-15 16:00,PV_H042,PV,0.0,1.357,0.0,1.357,0.0,0.339,True,True
2026-01-15 16:00,PV_H044,PV,0.0,1.583,0.0,0.0,0.0,0.0,True,False
2026-01-15 16:00,PV_H046,PV,0.0,2.161,0.0,0.0,0.0,0.0,True,False
2026-01-15 16:00,PV_H048,PV,0.0,1.549,0.0,0.0,0.0,0.0,True,False
2026-01-15 16:00,PV_H049,PV,0.0,1.419,0.0,1.419,0.0,0.355,True,True
2026-01-15 16:00,PV_H050,PV,0.0,1.832,0.0,1.832,0.0,0.458,True,True
2026-01-15 16:00,PV_H053,PV,0.0,2.245,0.0,0.0,0.0,0.0,True,False
2026-01-15 16:00,PV_H055,PV,0.0,1.303,0.0,1.303,0.0,0.326,True,True
2026-01-15 16:00,PV_H057,PV,0.0,2.218,0.0,2.218,0.0,0.554,True,True
2026-01-15 16:00,PV_H058,PV,0.0,1.506,0.0,1.506,0.0,0.377,True,True
2026-01-15 16:00,PV_H060,PV,0.0,2.688,0.0,2.688,0.0,0.672,True,True
2026-01-15 16:00,PV_H061,PV,0.0,1.565,0.0,1.565,0.0,0.391,True,True
2026-01-15 16:00,PV_H062,PV,0.0,3.123,0.0,0.0,0.0,0.0,True,False
2026-01-15 16:00,PV_H063,PV,0.0,2.013,0.0,0.0,0.0,0.0,True,False
2026-01-15 16:00,PV_H066,PV,0.0,2.182,0.0,0.0,0.0,0.0,True,False
2026-01-15 16:00,PV_H067,PV,0.0,1.323,0.0,1.323,0.0,0.331,True,True
2026-01-15 16:00,PV_H069,PV,0.0,1.713,0.0,1.713,0.0,0.428,True,True
2026-01-15 16:00,PV_H071,PV,0.0,2.289,0.0,2.289,0.0,0.572,True,True
2026-01-15 16:00,PV_H072,PV,0.0,2.505,0.0,2.505,0.0,0.626,True,True
2026-01-15 16:00,PV_H073,PV,0.0,1.856,0.0,1.856,0.0,0.464,True,True
2026-01-15 16:00,PV_H074,PV,0.0,2.095,0.0,0.0,0.0,0.0,True,False
2026-01-15 16:00,PV_H076,PV,0.0,2.439,0.0,2.439,0.0,0.61,True,True
2026-01-15 16:00,PV_H077,PV,0.0,2.419,0.0,2.419,0.0,0.605,True,True
2026-01-15 16:00,PV_H078,PV,0.0,1.29,0.0,0.0,0.0,0.0,True,False
2026-01-15 16:00,PV_H079,PV,0.0,1.448,0.0,1.448,0.0,0.362,True,True
2026-01-15 16:00,PV_H080,PV,0.0,2.104,0.0,0.0,0.0,0.0,True,False
2026-01-15 16:00,PV_H081,PV,0.0,1.946,0.0,1.946,0.0,0.486,True,True
2026-01-15 16:00,PV_H082,PV,0.0,1.277,0.0,1.277,0.0,0.319,True,True
2026-01-15 16:00,PV_H083,PV,0.0,1.462,0.0,1.462,0.0,0.365,True,True
2026-01-15 16:00,PV_H085,PV,0.0,1.935,0.0,0.0,0.0,0.0,True,False
2026-01-15 16:00,PV_H087,PV,0.0,2.315,0.0,0.0,0.0,0.0,True,False
2026-01-15 16:00,PV_H088,PV,0.0,1.013,0.0,0.0,0.0,0.0,True,False
2026-01-15 16:00,PV_H090,PV,0.0,2.23,0.0,2.23,0.0,0.558,True,True
2026-01-15 16:00,PV_H093,PV,0.0,2.538,0.0,2.538,0.0,0.635,True,True
2026-01-15 16:00,PV_H094,PV,0.0,1.358,0.0,1.358,0.0,0.34,True,True
2026-01-15 16:00,PV_H095,PV,0.0,1.322,0.0,0.0,0.0,0.0,True,False
2026-01-15 16:00,PV_H096,PV,0.0,2.084,0.0,2.084,0.0,0.521,True,True
2026-01-15 16:00,PV_H098,PV,0.0,1.548,0.0,1.548,0.0,0.387,True,True
2026-01-15 16:00,PV_H099,PV,0.0,1.502,0.0,0.0,0.0,0.0,True,False
2026-01-15 16:00,BESS_COMMUNITY_01,BESS,25.0,25.0,25.0,25.0,0.0,60.0,True,True
2026-01-15 16:00,EV_001,EV,0.0,0.0,0.0,0.0,0.0,0.0,False,True
2026-01-15 16:00,EV_002,EV,0.0,0.0,0.0,0.0,0.0,0.0,False,True
2026-01-15 16:00,EV_003,EV,0.0,0.0,0.0,0.0,0.0,0.0,False,True
2026-01-15 16:00,EV_004,EV,0.0,0.0,0.0,0.0,0.0,0.0,False,False
2026-01-15 16:00,EV_005,EV,0.0,0.0,0.0,0.0,0.0,0.0,False,True
2026-01-15 16:00,EV_006,EV,0.0,0.0,0.0,0.0,0.0,0.0,False,True
2026-01-15 16:00,EV_007,EV,0.0,0.0,0.0,0.0,0.0,0.0,False,True
2026-01-15 16:00,EV_008,EV,0.0,0.0,0.0,0.0,0.0,0.0,False,True
2026-01-15 16:00,EV_009,EV,0.0,0.0,0.0,0.0,0.0,0.0,False,True
2026-01-15 16:00,EV_010,EV,0.0,0.0,0.0,0.0,0.0,0.0,False,True
2026-01-15 16:00,EV_011,EV,0.0,0.0,0.0,0.0,0.0,0.0,False,True
2026-01-15 16:00,EV_012,EV,0.0,0.0,0.0,0.0,0.0,0.0,False,False
2026-01-15 16:00,EV_013,EV,0.0,0.0,0.0,0.0,0.0,0.0,False,False
2026-01-15 16:00,EV_014,EV,0.0,0.0,0.0,0.0,0.0,0.0,False,True
2026-01-15 16:00,EV_015,EV,0.0,0.0,0.0,0.0,0.0,0.0,False,True
2026-01-15 16:00,EV_016,EV,0.0,0.0,0.0,0.0,0.0,0.0,False,False
2026-01-15 16:00,EV_017,EV,0.0,0.0,0.0,0.0,0.0,0.0,False,False
2026-01-15 16:00,EV_018,EV,0.0,0.0,0.0,0.0,0.0,0.0,False,True
2026-01-15 16:00,EV_019,EV,0.0,0.0,0.0,0.0,0.0,0.0,False,True
2026-01-15 16:00,EV_020,EV,0.0,0.0,0.0,0.0,0.0,0.0,False,True
2026-01-15 16:00,FL001,FLEXIBLE_LOAD,0.0,0.0,0.0,0.0,0.0,0.0,False,False
2026-01-15 16:00,FL002,FLEXIBLE_LOAD,0.0,10.0,0.0,10.0,10.0,2.5,True,True
2026-01-15 16:00,FL003,FLEXIBLE_LOAD,0.0,0.0,0.0,0.0,0.0,0.0,False,True
2026-01-15 16:15,PV_H002,PV,0.0,1.597,0.0,1.597,0.0,0.399,True,True
2026-01-15 16:15,PV_H003,PV,0.0,1.353,0.0,1.353,0.0,0.338,True,True
2026-01-15 16:15,PV_H005,PV,0.0,1.399,0.0,0.0,0.0,0.0,True,False
2026-01-15 16:15,PV_H006,PV,0.0,0.94,0.0,0.94,0.0,0.235,True,True
2026-01-15 16:15,PV_H007,PV,0.0,1.774,0.0,0.0,0.0,0.0,True,False
2026-01-15 16:15,PV_H010,PV,0.0,1.349,0.0,0.0,0.0,0.0,True,False
2026-01-15 16:15,PV_H016,PV,0.0,0.972,0.0,0.972,0.0,0.243,True,True
2026-01-15 16:15,PV_H017,PV,0.0,1.56,0.0,1.56,0.0,0.39,True,True
2026-01-15 16:15,PV_H018,PV,0.0,1.012,0.0,1.012,0.0,0.253,True,True
2026-01-15 16:15,PV_H021,PV,0.0,2.189,0.0,2.189,0.0,0.547,True,True
2026-01-15 16:15,PV_H024,PV,0.0,0.849,0.0,0.849,0.0,0.212,True,True
2026-01-15 16:15,PV_H025,PV,0.0,1.694,0.0,0.0,0.0,0.0,True,False
2026-01-15 16:15,PV_H026,PV,0.0,1.654,0.0,0.0,0.0,0.0,True,False
2026-01-15 16:15,PV_H027,PV,0.0,1.632,0.0,1.632,0.0,0.408,True,True
2026-01-15 16:15,PV_H032,PV,0.0,1.312,0.0,0.0,0.0,0.0,True,False
2026-01-15 16:15,PV_H033,PV,0.0,1.074,0.0,1.074,0.0,0.269,True,True
2026-01-15 16:15,PV_H034,PV,0.0,1.632,0.0,1.632,0.0,0.408,True,True
2026-01-15 16:15,PV_H035,PV,0.0,1.229,0.0,1.229,0.0,0.307,True,True
2026-01-15 16:15,PV_H036,PV,0.0,1.53,0.0,0.0,0.0,0.0,True,False
2026-01-15 16:15,PV_H037,PV,0.0,1.397,0.0,0.0,0.0,0.0,True,False
2026-01-15 16:15,PV_H040,PV,0.0,1.841,0.0,0.0,0.0,0.0,True,False
2026-01-15 16:15,PV_H042,PV,0.0,1.179,0.0,1.179,0.0,0.295,True,True
2026-01-15 16:15,PV_H044,PV,0.0,1.42,0.0,0.0,0.0,0.0,True,False
2026-01-15 16:15,PV_H046,PV,0.0,1.912,0.0,0.0,0.0,0.0,True,False
2026-01-15 16:15,PV_H048,PV,0.0,1.333,0.0,0.0,0.0,0.0,True,False
2026-01-15 16:15,PV_H049,PV,0.0,1.296,0.0,1.296,0.0,0.324,True,True
2026-01-15 16:15,PV_H050,PV,0.0,1.622,0.0,1.622,0.0,0.406,True,True
2026-01-15 16:15,PV_H053,PV,0.0,1.99,0.0,0.0,0.0,0.0,True,False
2026-01-15 16:15,PV_H055,PV,0.0,1.18,0.0,1.18,0.0,0.295,True,True
2026-01-15 16:15,PV_H057,PV,0.0,1.985,0.0,1.985,0.0,0.496,True,True
2026-01-15 16:15,PV_H058,PV,0.0,1.355,0.0,1.355,0.0,0.339,True,True
2026-01-15 16:15,PV_H060,PV,0.0,2.466,0.0,2.466,0.0,0.616,True,True
2026-01-15 16:15,PV_H061,PV,0.0,1.378,0.0,1.378,0.0,0.345,True,True
2026-01-15 16:15,PV_H062,PV,0.0,2.764,0.0,0.0,0.0,0.0,True,False
2026-01-15 16:15,PV_H063,PV,0.0,1.77,0.0,0.0,0.0,0.0,True,False
2026-01-15 16:15,PV_H066,PV,0.0,1.881,0.0,0.0,0.0,0.0,True,False
2026-01-15 16:15,PV_H067,PV,0.0,1.152,0.0,1.152,0.0,0.288,True,True
2026-01-15 16:15,PV_H069,PV,0.0,1.484,0.0,1.484,0.0,0.371,True,True
2026-01-15 16:15,PV_H071,PV,0.0,2.056,0.0,2.056,0.0,0.514,True,True
2026-01-15 16:15,PV_H072,PV,0.0,2.223,0.0,2.223,0.0,0.556,True,True
2026-01-15 16:15,PV_H073,PV,0.0,1.637,0.0,1.637,0.0,0.409,True,True
2026-01-15 16:15,PV_H074,PV,0.0,1.806,0.0,0.0,0.0,0.0,True,False
2026-01-15 16:15,PV_H076,PV,0.0,2.214,0.0,2.214,0.0,0.554,True,True
2026-01-15 16:15,PV_H077,PV,0.0,2.065,0.0,2.065,0.0,0.516,True,True
2026-01-15 16:15,PV_H078,PV,0.0,1.139,0.0,0.0,0.0,0.0,True,False
2026-01-15 16:15,PV_H079,PV,0.0,1.236,0.0,1.236,0.0,0.309,True,True
2026-01-15 16:15,PV_H080,PV,0.0,1.827,0.0,0.0,0.0,0.0,True,False
2026-01-15 16:15,PV_H081,PV,0.0,1.732,0.0,1.732,0.0,0.433,True,True
2026-01-15 16:15,PV_H082,PV,0.0,1.131,0.0,1.131,0.0,0.283,True,True
2026-01-15 16:15,PV_H083,PV,0.0,1.298,0.0,1.298,0.0,0.324,True,True
2026-01-15 16:15,PV_H085,PV,0.0,1.694,0.0,0.0,0.0,0.0,True,False
2026-01-15 16:15,PV_H087,PV,0.0,2.031,0.0,0.0,0.0,0.0,True,False
2026-01-15 16:15,PV_H088,PV,0.0,0.901,0.0,0.0,0.0,0.0,True,False
2026-01-15 16:15,PV_H090,PV,0.0,1.97,0.0,1.97,0.0,0.492,True,True
2026-01-15 16:15,PV_H093,PV,0.0,2.223,0.0,2.223,0.0,0.556,True,True
2026-01-15 16:15,PV_H094,PV,0.0,1.224,0.0,1.224,0.0,0.306,True,True
2026-01-15 16:15,PV_H095,PV,0.0,1.164,0.0,0.0,0.0,0.0,True,False
2026-01-15 16:15,PV_H096,PV,0.0,1.85,0.0,1.85,0.0,0.463,True,True
2026-01-15 16:15,PV_H098,PV,0.0,1.407,0.0,1.407,0.0,0.352,True,True
2026-01-15 16:15,PV_H099,PV,0.0,1.306,0.0,0.0,0.0,0.0,True,False
2026-01-15 16:15,BESS_COMMUNITY_01,BESS,25.0,25.0,25.0,25.0,0.0,60.0,True,True
2026-01-15 16:15,EV_001,EV,0.0,0.0,0.0,0.0,0.0,0.0,False,True
2026-01-15 16:15,EV_002,EV,0.0,0.0,0.0,0.0,0.0,0.0,False,True
2026-01-15 16:15,EV_003,EV,0.0,0.0,0.0,0.0,0.0,0.0,False,True
2026-01-15 16:15,EV_004,EV,0.0,0.0,0.0,0.0,0.0,0.0,False,False
2026-01-15 16:15,EV_005,EV,0.0,0.0,0.0,0.0,0.0,0.0,False,True
2026-01-15 16:15,EV_006,EV,0.0,0.0,0.0,0.0,0.0,0.0,False,True
2026-01-15 16:15,EV_007,EV,0.0,0.0,0.0,0.0,0.0,0.0,False,True
2026-01-15 16:15,EV_008,EV,0.0,0.0,0.0,0.0,0.0,0.0,False,True
2026-01-15 16:15,EV_009,EV,0.0,0.0,0.0,0.0,0.0,0.0,False,True
2026-01-15 16:15,EV_010,EV,0.0,0.0,0.0,0.0,0.0,0.0,False,True
2026-01-15 16:15,EV_011,EV,0.0,0.0,0.0,0.0,0.0,0.0,False,True
2026-01-15 16:15,EV_012,EV,0.0,0.0,0.0,0.0,0.0,0.0,False,False
2026-01-15 16:15,EV_013,EV,0.0,0.0,0.0,0.0,0.0,0.0,False,False
2026-01-15 16:15,EV_014,EV,0.0,0.0,0.0,0.0,0.0,0.0,False,True
2026-01-15 16:15,EV_015,EV,0.0,0.0,0.0,0.0,0.0,0.0,False,True
2026-01-15 16:15,EV_016,EV,0.0,0.0,0.0,0.0,0.0,0.0,False,False
2026-01-15 16:15,EV_017,EV,0.0,0.0,0.0,0.0,0.0,0.0,False,False
2026-01-15 16:15,EV_018,EV,0.0,0.0,0.0,0.0,0.0,0.0,False,True
2026-01-15 16:15,EV_019,EV,0.0,0.0,0.0,0.0,0.0,0.0,False,True
2026-01-15 16:15,EV_020,EV,0.0,0.0,0.0,0.0,0.0,0.0,False,True
2026-01-15 16:15,FL001,FLEXIBLE_LOAD,0.0,0.0,0.0,0.0,0.0,0.0,False,False
2026-01-15 16:15,FL002,FLEXIBLE_LOAD,0.0,10.0,0.0,10.0,10.0,2.5,True,True
2026-01-15 16:15,FL003,FLEXIBLE_LOAD,0.0,0.0,0.0,0.0,0.0,0.0,False,True
2026-01-15 16:30,PV_H002,PV,0.0,1.38,0.0,1.38,0.0,0.345,True,True
2026-01-15 16:30,PV_H003,PV,0.0,1.157,0.0,1.157,0.0,0.289,True,True
2026-01-15 16:30,PV_H005,PV,0.0,1.225,0.0,0.0,0.0,0.0,True,False
2026-01-15 16:30,PV_H006,PV,0.0,0.807,0.0,0.807,0.0,0.202,True,True
2026-01-15 16:30,PV_H007,PV,0.0,1.51,0.0,0.0,0.0,0.0,True,False
2026-01-15 16:30,PV_H010,PV,0.0,1.178,0.0,0.0,0.0,0.0,True,False
2026-01-15 16:30,PV_H016,PV,0.0,0.852,0.0,0.852,0.0,0.213,True,True
2026-01-15 16:30,PV_H017,PV,0.0,1.35,0.0,1.35,0.0,0.337,True,True
2026-01-15 16:30,PV_H018,PV,0.0,0.866,0.0,0.866,0.0,0.217,True,True
2026-01-15 16:30,PV_H021,PV,0.0,1.917,0.0,1.917,0.0,0.479,True,True
2026-01-15 16:30,PV_H024,PV,0.0,0.732,0.0,0.732,0.0,0.183,True,True
2026-01-15 16:30,PV_H025,PV,0.0,1.477,0.0,0.0,0.0,0.0,True,False
2026-01-15 16:30,PV_H026,PV,0.0,1.364,0.0,0.0,0.0,0.0,True,False
2026-01-15 16:30,PV_H027,PV,0.0,1.381,0.0,1.381,0.0,0.345,True,True
2026-01-15 16:30,PV_H032,PV,0.0,1.138,0.0,0.0,0.0,0.0,True,False
2026-01-15 16:30,PV_H033,PV,0.0,0.924,0.0,0.924,0.0,0.231,True,True
2026-01-15 16:30,PV_H034,PV,0.0,1.422,0.0,1.422,0.0,0.355,True,True
2026-01-15 16:30,PV_H035,PV,0.0,1.066,0.0,1.066,0.0,0.267,True,True
2026-01-15 16:30,PV_H036,PV,0.0,1.373,0.0,0.0,0.0,0.0,True,False
2026-01-15 16:30,PV_H037,PV,0.0,1.218,0.0,0.0,0.0,0.0,True,False
2026-01-15 16:30,PV_H040,PV,0.0,1.606,0.0,0.0,0.0,0.0,True,False
2026-01-15 16:30,PV_H042,PV,0.0,1.015,0.0,1.015,0.0,0.254,True,True
2026-01-15 16:30,PV_H044,PV,0.0,1.218,0.0,0.0,0.0,0.0,True,False
2026-01-15 16:30,PV_H046,PV,0.0,1.687,0.0,0.0,0.0,0.0,True,False
2026-01-15 16:30,PV_H048,PV,0.0,1.191,0.0,0.0,0.0,0.0,True,False
2026-01-15 16:30,PV_H049,PV,0.0,1.086,0.0,1.086,0.0,0.271,True,True
2026-01-15 16:30,PV_H050,PV,0.0,1.363,0.0,1.363,0.0,0.341,True,True
2026-01-15 16:30,PV_H053,PV,0.0,1.72,0.0,0.0,0.0,0.0,True,False
2026-01-15 16:30,PV_H055,PV,0.0,0.993,0.0,0.993,0.0,0.248,True,True
2026-01-15 16:30,PV_H057,PV,0.0,1.712,0.0,1.712,0.0,0.428,True,True
2026-01-15 16:30,PV_H058,PV,0.0,1.173,0.0,1.173,0.0,0.293,True,True
2026-01-15 16:30,PV_H060,PV,0.0,2.063,0.0,2.063,0.0,0.516,True,True
2026-01-15 16:30,PV_H061,PV,0.0,1.195,0.0,1.195,0.0,0.299,True,True
2026-01-15 16:30,PV_H062,PV,0.0,2.425,0.0,0.0,0.0,0.0,True,False
2026-01-15 16:30,PV_H063,PV,0.0,1.54,0.0,0.0,0.0,0.0,True,False
2026-01-15 16:30,PV_H066,PV,0.0,1.683,0.0,0.0,0.0,0.0,True,False
2026-01-15 16:30,PV_H067,PV,0.0,1.007,0.0,1.007,0.0,0.252,True,True
2026-01-15 16:30,PV_H069,PV,0.0,1.268,0.0,1.268,0.0,0.317,True,True
2026-01-15 16:30,PV_H071,PV,0.0,1.798,0.0,1.798,0.0,0.449,True,True
2026-01-15 16:30,PV_H072,PV,0.0,1.912,0.0,1.912,0.0,0.478,True,True
2026-01-15 16:30,PV_H073,PV,0.0,1.429,0.0,1.429,0.0,0.357,True,True
2026-01-15 16:30,PV_H074,PV,0.0,1.627,0.0,0.0,0.0,0.0,True,False
2026-01-15 16:30,PV_H076,PV,0.0,1.832,0.0,1.832,0.0,0.458,True,True
2026-01-15 16:30,PV_H077,PV,0.0,1.821,0.0,1.821,0.0,0.455,True,True
2026-01-15 16:30,PV_H078,PV,0.0,0.973,0.0,0.0,0.0,0.0,True,False
2026-01-15 16:30,PV_H079,PV,0.0,1.123,0.0,1.123,0.0,0.281,True,True
2026-01-15 16:30,PV_H080,PV,0.0,1.569,0.0,0.0,0.0,0.0,True,False
2026-01-15 16:30,PV_H081,PV,0.0,1.535,0.0,1.535,0.0,0.384,True,True
2026-01-15 16:30,PV_H082,PV,0.0,0.987,0.0,0.987,0.0,0.247,True,True
2026-01-15 16:30,PV_H083,PV,0.0,1.172,0.0,1.172,0.0,0.293,True,True
2026-01-15 16:30,PV_H085,PV,0.0,1.48,0.0,0.0,0.0,0.0,True,False
2026-01-15 16:30,PV_H087,PV,0.0,1.762,0.0,0.0,0.0,0.0,True,False
2026-01-15 16:30,PV_H088,PV,0.0,0.803,0.0,0.0,0.0,0.0,True,False
2026-01-15 16:30,PV_H090,PV,0.0,1.717,0.0,1.717,0.0,0.429,True,True
2026-01-15 16:30,PV_H093,PV,0.0,1.916,0.0,1.916,0.0,0.479,True,True
2026-01-15 16:30,PV_H094,PV,0.0,1.081,0.0,1.081,0.0,0.27,True,True
2026-01-15 16:30,PV_H095,PV,0.0,1.026,0.0,0.0,0.0,0.0,True,False
2026-01-15 16:30,PV_H096,PV,0.0,1.599,0.0,1.599,0.0,0.4,True,True
2026-01-15 16:30,PV_H098,PV,0.0,1.19,0.0,1.19,0.0,0.298,True,True
2026-01-15 16:30,PV_H099,PV,0.0,1.15,0.0,0.0,0.0,0.0,True,False
2026-01-15 16:30,BESS_COMMUNITY_01,BESS,25.0,25.0,25.0,25.0,0.0,60.0,True,True
2026-01-15 16:30,EV_001,EV,0.0,0.0,0.0,0.0,0.0,0.0,False,True
2026-01-15 16:30,EV_002,EV,0.0,0.0,0.0,0.0,0.0,0.0,False,True
2026-01-15 16:30,EV_003,EV,0.0,0.0,0.0,0.0,0.0,0.0,False,True
2026-01-15 16:30,EV_004,EV,0.0,0.0,0.0,0.0,0.0,0.0,False,False
2026-01-15 16:30,EV_005,EV,0.0,0.0,0.0,0.0,0.0,0.0,False,True
2026-01-15 16:30,EV_006,EV,0.0,0.0,0.0,0.0,0.0,0.0,False,True
2026-01-15 16:30,EV_007,EV,0.0,0.0,0.0,0.0,0.0,0.0,False,True
2026-01-15 16:30,EV_008,EV,0.0,0.0,0.0,0.0,0.0,0.0,False,True
2026-01-15 16:30,EV_009,EV,0.0,7.4,0.0,7.4,7.4,1.85,True,True
2026-01-15 16:30,EV_010,EV,0.0,0.0,0.0,0.0,0.0,0.0,False,True
2026-01-15 16:30,EV_011,EV,0.0,0.0,0.0,0.0,0.0,0.0,False,True
2026-01-15 16:30,EV_012,EV,0.0,0.0,0.0,0.0,0.0,0.0,False,False
2026-01-15 16:30,EV_013,EV,0.0,0.0,0.0,0.0,0.0,0.0,False,False
2026-01-15 16:30,EV_014,EV,0.0,0.0,0.0,0.0,0.0,0.0,False,True
2026-01-15 16:30,EV_015,EV,0.0,0.0,0.0,0.0,0.0,0.0,False,True
2026-01-15 16:30,EV_016,EV,0.0,0.0,0.0,0.0,0.0,0.0,False,False
2026-01-15 16:30,EV_017,EV,0.0,0.0,0.0,0.0,0.0,0.0,False,False
2026-01-15 16:30,EV_018,EV,0.0,0.0,0.0,0.0,0.0,0.0,False,True
2026-01-15 16:30,EV_019,EV,0.0,0.0,0.0,0.0,0.0,0.0,False,True
2026-01-15 16:30,EV_020,EV,0.0,0.0,0.0,0.0,0.0,0.0,False,True
2026-01-15 16:30,FL001,FLEXIBLE_LOAD,0.0,0.0,0.0,0.0,0.0,0.0,False,False
2026-01-15 16:30,FL002,FLEXIBLE_LOAD,0.0,10.0,0.0,10.0,10.0,2.5,True,True
2026-01-15 16:30,FL003,FLEXIBLE_LOAD,0.0,0.0,0.0,0.0,0.0,0.0,False,True
2026-01-15 16:45,PV_H002,PV,0.0,1.208,0.0,1.208,0.0,0.302,True,True
2026-01-15 16:45,PV_H003,PV,0.0,1.01,0.0,1.01,0.0,0.252,True,True
2026-01-15 16:45,PV_H005,PV,0.0,1.035,0.0,0.0,0.0,0.0,True,False
2026-01-15 16:45,PV_H006,PV,0.0,0.669,0.0,0.669,0.0,0.167,True,True
2026-01-15 16:45,PV_H007,PV,0.0,1.267,0.0,0.0,0.0,0.0,True,False
2026-01-15 16:45,PV_H010,PV,0.0,0.973,0.0,0.0,0.0,0.0,True,False
2026-01-15 16:45,PV_H016,PV,0.0,0.705,0.0,0.705,0.0,0.176,True,True
2026-01-15 16:45,PV_H017,PV,0.0,1.152,0.0,1.152,0.0,0.288,True,True
2026-01-15 16:45,PV_H018,PV,0.0,0.734,0.0,0.734,0.0,0.184,True,True
2026-01-15 16:45,PV_H021,PV,0.0,1.581,0.0,1.581,0.0,0.395,True,True
2026-01-15 16:45,PV_H024,PV,0.0,0.629,0.0,0.629,0.0,0.157,True,True
2026-01-15 16:45,PV_H025,PV,0.0,1.208,0.0,0.0,0.0,0.0,True,False
2026-01-15 16:45,PV_H026,PV,0.0,1.2,0.0,0.0,0.0,0.0,True,False
2026-01-15 16:45,PV_H027,PV,0.0,1.182,0.0,1.182,0.0,0.295,True,True
2026-01-15 16:45,PV_H032,PV,0.0,0.975,0.0,0.0,0.0,0.0,True,False
2026-01-15 16:45,PV_H033,PV,0.0,0.805,0.0,0.805,0.0,0.201,True,True
2026-01-15 16:45,PV_H034,PV,0.0,1.194,0.0,1.194,0.0,0.298,True,True
2026-01-15 16:45,PV_H035,PV,0.0,0.888,0.0,0.888,0.0,0.222,True,True
2026-01-15 16:45,PV_H036,PV,0.0,1.153,0.0,0.0,0.0,0.0,True,False
2026-01-15 16:45,PV_H037,PV,0.0,1.047,0.0,0.0,0.0,0.0,True,False
2026-01-15 16:45,PV_H040,PV,0.0,1.355,0.0,0.0,0.0,0.0,True,False
2026-01-15 16:45,PV_H042,PV,0.0,0.862,0.0,0.862,0.0,0.216,True,True
2026-01-15 16:45,PV_H044,PV,0.0,1.042,0.0,0.0,0.0,0.0,True,False
2026-01-15 16:45,PV_H046,PV,0.0,1.446,0.0,0.0,0.0,0.0,True,False
2026-01-15 16:45,PV_H048,PV,0.0,0.999,0.0,0.0,0.0,0.0,True,False
2026-01-15 16:45,PV_H049,PV,0.0,0.924,0.0,0.924,0.0,0.231,True,True
2026-01-15 16:45,PV_H050,PV,0.0,1.158,0.0,1.158,0.0,0.29,True,True
2026-01-15 16:45,PV_H053,PV,0.0,1.416,0.0,0.0,0.0,0.0,True,False
2026-01-15 16:45,PV_H055,PV,0.0,0.831,0.0,0.831,0.0,0.208,True,True
2026-01-15 16:45,PV_H057,PV,0.0,1.455,0.0,1.455,0.0,0.364,True,True
2026-01-15 16:45,PV_H058,PV,0.0,0.999,0.0,0.999,0.0,0.25,True,True
2026-01-15 16:45,PV_H060,PV,0.0,1.793,0.0,1.793,0.0,0.448,True,True
2026-01-15 16:45,PV_H061,PV,0.0,1.03,0.0,1.03,0.0,0.258,True,True
2026-01-15 16:45,PV_H062,PV,0.0,1.972,0.0,0.0,0.0,0.0,True,False
2026-01-15 16:45,PV_H063,PV,0.0,1.302,0.0,0.0,0.0,0.0,True,False
2026-01-15 16:45,PV_H066,PV,0.0,1.424,0.0,0.0,0.0,0.0,True,False
2026-01-15 16:45,PV_H067,PV,0.0,0.866,0.0,0.866,0.0,0.217,True,True
2026-01-15 16:45,PV_H069,PV,0.0,1.084,0.0,1.084,0.0,0.271,True,True
2026-01-15 16:45,PV_H071,PV,0.0,1.462,0.0,1.462,0.0,0.365,True,True
2026-01-15 16:45,PV_H072,PV,0.0,1.62,0.0,1.62,0.0,0.405,True,True
2026-01-15 16:45,PV_H073,PV,0.0,1.204,0.0,1.204,0.0,0.301,True,True
2026-01-15 16:45,PV_H074,PV,0.0,1.384,0.0,0.0,0.0,0.0,True,False
2026-01-15 16:45,PV_H076,PV,0.0,1.611,0.0,1.611,0.0,0.403,True,True
2026-01-15 16:45,PV_H077,PV,0.0,1.55,0.0,1.55,0.0,0.388,True,True
2026-01-15 16:45,PV_H078,PV,0.0,0.842,0.0,0.0,0.0,0.0,True,False
2026-01-15 16:45,PV_H079,PV,0.0,0.916,0.0,0.916,0.0,0.229,True,True
2026-01-15 16:45,PV_H080,PV,0.0,1.359,0.0,0.0,0.0,0.0,True,False
2026-01-15 16:45,PV_H081,PV,0.0,1.263,0.0,1.263,0.0,0.316,True,True
2026-01-15 16:45,PV_H082,PV,0.0,0.806,0.0,0.806,0.0,0.201,True,True
2026-01-15 16:45,PV_H083,PV,0.0,0.968,0.0,0.968,0.0,0.242,True,True
2026-01-15 16:45,PV_H085,PV,0.0,1.224,0.0,0.0,0.0,0.0,True,False
2026-01-15 16:45,PV_H087,PV,0.0,1.502,0.0,0.0,0.0,0.0,True,False
2026-01-15 16:45,PV_H088,PV,0.0,0.663,0.0,0.0,0.0,0.0,True,False
2026-01-15 16:45,PV_H090,PV,0.0,1.444,0.0,1.444,0.0,0.361,True,True
2026-01-15 16:45,PV_H093,PV,0.0,1.67,0.0,1.67,0.0,0.418,True,True
2026-01-15 16:45,PV_H094,PV,0.0,0.933,0.0,0.933,0.0,0.233,True,True
2026-01-15 16:45,PV_H095,PV,0.0,0.88,0.0,0.0,0.0,0.0,True,False
2026-01-15 16:45,PV_H096,PV,0.0,1.326,0.0,1.326,0.0,0.332,True,True
2026-01-15 16:45,PV_H098,PV,0.0,1.05,0.0,1.05,0.0,0.263,True,True
2026-01-15 16:45,PV_H099,PV,0.0,0.936,0.0,0.0,0.0,0.0,True,False
2026-01-15 16:45,BESS_COMMUNITY_01,BESS,25.0,25.0,25.0,25.0,0.0,60.0,True,True
2026-01-15 16:45,EV_001,EV,0.0,0.0,0.0,0.0,0.0,0.0,False,True
2026-01-15 16:45,EV_002,EV,0.0,0.0,0.0,0.0,0.0,0.0,False,True
2026-01-15 16:45,EV_003,EV,0.0,0.0,0.0,0.0,0.0,0.0,False,True
2026-01-15 16:45,EV_004,EV,0.0,0.0,0.0,0.0,0.0,0.0,False,False
2026-01-15 16:45,EV_005,EV,0.0,0.0,0.0,0.0,0.0,0.0,False,True
2026-01-15 16:45,EV_006,EV,0.0,0.0,0.0,0.0,0.0,0.0,False,True
2026-01-15 16:45,EV_007,EV,0.0,0.0,0.0,0.0,0.0,0.0,False,True
2026-01-15 16:45,EV_008,EV,0.0,0.0,0.0,0.0,0.0,0.0,False,True
2026-01-15 16:45,EV_009,EV,0.0,7.4,0.0,7.4,7.4,1.85,True,True
2026-01-15 16:45,EV_010,EV,0.0,0.0,0.0,0.0,0.0,0.0,False,True
2026-01-15 16:45,EV_011,EV,0.0,0.0,0.0,0.0,0.0,0.0,False,True
2026-01-15 16:45,EV_012,EV,0.0,0.0,0.0,0.0,0.0,0.0,False,False
2026-01-15 16:45,EV_013,EV,0.0,0.0,0.0,0.0,0.0,0.0,False,False
2026-01-15 16:45,EV_014,EV,0.0,0.0,0.0,0.0,0.0,0.0,False,True
2026-01-15 16:45,EV_015,EV,0.0,0.0,0.0,0.0,0.0,0.0,False,True
2026-01-15 16:45,EV_016,EV,0.0,0.0,0.0,0.0,0.0,0.0,False,False
2026-01-15 16:45,EV_017,EV,0.0,0.0,0.0,0.0,0.0,0.0,False,False
2026-01-15 16:45,EV_018,EV,0.0,0.0,0.0,0.0,0.0,0.0,False,True
2026-01-15 16:45,EV_019,EV,0.0,0.0,0.0,0.0,0.0,0.0,False,True
2026-01-15 16:45,EV_020,EV,0.0,0.0,0.0,0.0,0.0,0.0,False,True
2026-01-15 16:45,FL001,FLEXIBLE_LOAD,0.0,0.0,0.0,0.0,0.0,0.0,False,False
2026-01-15 16:45,FL002,FLEXIBLE_LOAD,0.0,10.0,0.0,10.0,10.0,2.5,True,True
2026-01-15 16:45,FL003,FLEXIBLE_LOAD,0.0,0.0,0.0,0.0,0.0,0.0,False,True
2026-01-15 17:00,PV_H002,PV,0.0,0.971,0.0,0.971,0.0,0.243,True,True
2026-01-15 17:00,PV_H003,PV,0.0,0.794,0.0,0.794,0.0,0.199,True,True
2026-01-15 17:00,PV_H005,PV,0.0,0.838,0.0,0.0,0.0,0.0,True,False
2026-01-15 17:00,PV_H006,PV,0.0,0.552,0.0,0.552,0.0,0.138,True,True
2026-01-15 17:00,PV_H007,PV,0.0,1.039,0.0,0.0,0.0,0.0,True,False
2026-01-15 17:00,PV_H010,PV,0.0,0.781,0.0,0.0,0.0,0.0,True,False
2026-01-15 17:00,PV_H016,PV,0.0,0.577,0.0,0.577,0.0,0.144,True,True
2026-01-15 17:00,PV_H017,PV,0.0,0.958,0.0,0.958,0.0,0.239,True,True
2026-01-15 17:00,PV_H018,PV,0.0,0.616,0.0,0.616,0.0,0.154,True,True
2026-01-15 17:00,PV_H021,PV,0.0,1.324,0.0,1.324,0.0,0.331,True,True
2026-01-15 17:00,PV_H024,PV,0.0,0.528,0.0,0.528,0.0,0.132,True,True
2026-01-15 17:00,PV_H025,PV,0.0,0.97,0.0,0.0,0.0,0.0,True,False
2026-01-15 17:00,PV_H026,PV,0.0,0.974,0.0,0.0,0.0,0.0,True,False
2026-01-15 17:00,PV_H027,PV,0.0,0.961,0.0,0.961,0.0,0.24,True,True
2026-01-15 17:00,PV_H032,PV,0.0,0.805,0.0,0.0,0.0,0.0,True,False
2026-01-15 17:00,PV_H033,PV,0.0,0.625,0.0,0.625,0.0,0.156,True,True
2026-01-15 17:00,PV_H034,PV,0.0,0.968,0.0,0.968,0.0,0.242,True,True
2026-01-15 17:00,PV_H035,PV,0.0,0.739,0.0,0.739,0.0,0.185,True,True
2026-01-15 17:00,PV_H036,PV,0.0,0.943,0.0,0.0,0.0,0.0,True,False
2026-01-15 17:00,PV_H037,PV,0.0,0.834,0.0,0.0,0.0,0.0,True,False
2026-01-15 17:00,PV_H040,PV,0.0,1.123,0.0,0.0,0.0,0.0,True,False
2026-01-15 17:00,PV_H042,PV,0.0,0.685,0.0,0.685,0.0,0.171,True,True
2026-01-15 17:00,PV_H044,PV,0.0,0.857,0.0,0.0,0.0,0.0,True,False
2026-01-15 17:00,PV_H046,PV,0.0,1.161,0.0,0.0,0.0,0.0,True,False
2026-01-15 17:00,PV_H048,PV,0.0,0.819,0.0,0.0,0.0,0.0,True,False
2026-01-15 17:00,PV_H049,PV,0.0,0.752,0.0,0.752,0.0,0.188,True,True
2026-01-15 17:00,PV_H050,PV,0.0,0.979,0.0,0.979,0.0,0.245,True,True
2026-01-15 17:00,PV_H053,PV,0.0,1.172,0.0,0.0,0.0,0.0,True,False
2026-01-15 17:00,PV_H055,PV,0.0,0.683,0.0,0.683,0.0,0.171,True,True
2026-01-15 17:00,PV_H057,PV,0.0,1.175,0.0,1.175,0.0,0.294,True,True
2026-01-15 17:00,PV_H058,PV,0.0,0.786,0.0,0.786,0.0,0.197,True,True
2026-01-15 17:00,PV_H060,PV,0.0,1.471,0.0,1.471,0.0,0.368,True,True
2026-01-15 17:00,PV_H061,PV,0.0,0.846,0.0,0.846,0.0,0.212,True,True
2026-01-15 17:00,PV_H062,PV,0.0,1.643,0.0,0.0,0.0,0.0,True,False
2026-01-15 17:00,PV_H063,PV,0.0,1.053,0.0,0.0,0.0,0.0,True,False
2026-01-15 17:00,PV_H066,PV,0.0,1.135,0.0,0.0,0.0,0.0,True,False
2026-01-15 17:00,PV_H067,PV,0.0,0.725,0.0,0.725,0.0,0.181,True,True
2026-01-15 17:00,PV_H069,PV,0.0,0.882,0.0,0.882,0.0,0.22,True,True
2026-01-15 17:00,PV_H071,PV,0.0,1.214,0.0,1.214,0.0,0.303,True,True
2026-01-15 17:00,PV_H072,PV,0.0,1.316,0.0,1.316,0.0,0.329,True,True
2026-01-15 17:00,PV_H073,PV,0.0,0.985,0.0,0.985,0.0,0.246,True,True
2026-01-15 17:00,PV_H074,PV,0.0,1.107,0.0,0.0,0.0,0.0,True,False
2026-01-15 17:00,PV_H076,PV,0.0,1.279,0.0,1.279,0.0,0.32,True,True
2026-01-15 17:00,PV_H077,PV,0.0,1.3,0.0,1.3,0.0,0.325,True,True
2026-01-15 17:00,PV_H078,PV,0.0,0.658,0.0,0.0,0.0,0.0,True,False
2026-01-15 17:00,PV_H079,PV,0.0,0.757,0.0,0.757,0.0,0.189,True,True
2026-01-15 17:00,PV_H080,PV,0.0,1.086,0.0,0.0,0.0,0.0,True,False
2026-01-15 17:00,PV_H081,PV,0.0,1.046,0.0,1.046,0.0,0.262,True,True
2026-01-15 17:00,PV_H082,PV,0.0,0.683,0.0,0.683,0.0,0.171,True,True
2026-01-15 17:00,PV_H083,PV,0.0,0.79,0.0,0.79,0.0,0.198,True,True
2026-01-15 17:00,PV_H085,PV,0.0,0.99,0.0,0.0,0.0,0.0,True,False
2026-01-15 17:00,PV_H087,PV,0.0,1.22,0.0,0.0,0.0,0.0,True,False
2026-01-15 17:00,PV_H088,PV,0.0,0.562,0.0,0.0,0.0,0.0,True,False
2026-01-15 17:00,PV_H090,PV,0.0,1.197,0.0,1.197,0.0,0.299,True,True
2026-01-15 17:00,PV_H093,PV,0.0,1.326,0.0,1.326,0.0,0.331,True,True
2026-01-15 17:00,PV_H094,PV,0.0,0.752,0.0,0.752,0.0,0.188,True,True
2026-01-15 17:00,PV_H095,PV,0.0,0.721,0.0,0.0,0.0,0.0,True,False
2026-01-15 17:00,PV_H096,PV,0.0,1.111,0.0,1.111,0.0,0.278,True,True
2026-01-15 17:00,PV_H098,PV,0.0,0.835,0.0,0.835,0.0,0.209,True,True
2026-01-15 17:00,PV_H099,PV,0.0,0.768,0.0,0.0,0.0,0.0,True,False
2026-01-15 17:00,BESS_COMMUNITY_01,BESS,25.0,25.0,25.0,25.0,0.0,60.0,True,True
2026-01-15 17:00,EV_001,EV,0.0,0.0,0.0,0.0,0.0,0.0,False,True
2026-01-15 17:00,EV_002,EV,0.0,0.0,0.0,0.0,0.0,0.0,False,True
2026-01-15 17:00,EV_003,EV,0.0,0.0,0.0,0.0,0.0,0.0,False,True
2026-01-15 17:00,EV_004,EV,0.0,0.0,0.0,0.0,0.0,0.0,False,False
2026-01-15 17:00,EV_005,EV,0.0,0.0,0.0,0.0,0.0,0.0,False,True
2026-01-15 17:00,EV_006,EV,0.0,0.0,0.0,0.0,0.0,0.0,False,True
2026-01-15 17:00,EV_007,EV,0.0,0.0,0.0,0.0,0.0,0.0,False,True
2026-01-15 17:00,EV_008,EV,0.0,0.0,0.0,0.0,0.0,0.0,False,True
2026-01-15 17:00,EV_009,EV,0.0,7.4,0.0,7.4,7.4,1.85,True,True
2026-01-15 17:00,EV_010,EV,0.0,0.0,0.0,0.0,0.0,0.0,False,True
2026-01-15 17:00,EV_011,EV,0.0,0.0,0.0,0.0,0.0,0.0,False,True
2026-01-15 17:00,EV_012,EV,0.0,0.0,0.0,0.0,0.0,0.0,False,False
2026-01-15 17:00,EV_013,EV,0.0,0.0,0.0,0.0,0.0,0.0,False,False
2026-01-15 17:00,EV_014,EV,0.0,0.0,0.0,0.0,0.0,0.0,False,True
2026-01-15 17:00,EV_015,EV,0.0,0.0,0.0,0.0,0.0,0.0,False,True
2026-01-15 17:00,EV_016,EV,0.0,0.0,0.0,0.0,0.0,0.0,False,False
2026-01-15 17:00,EV_017,EV,0.0,0.0,0.0,0.0,0.0,0.0,False,False
2026-01-15 17:00,EV_018,EV,0.0,0.0,0.0,0.0,0.0,0.0,False,True
2026-01-15 17:00,EV_019,EV,0.0,0.0,0.0,0.0,0.0,0.0,False,True
2026-01-15 17:00,EV_020,EV,0.0,0.0,0.0,0.0,0.0,0.0,False,True
2026-01-15 17:00,FL001,FLEXIBLE_LOAD,0.0,0.0,0.0,0.0,0.0,0.0,False,False
2026-01-15 17:00,FL002,FLEXIBLE_LOAD,0.0,10.0,0.0,10.0,10.0,2.5,True,True
2026-01-15 17:00,FL003,FLEXIBLE_LOAD,0.0,0.0,0.0,0.0,0.0,0.0,False,True
2026-01-15 17:15,PV_H002,PV,0.0,0.747,0.0,0.747,0.0,0.187,True,True
2026-01-15 17:15,PV_H003,PV,0.0,0.622,0.0,0.622,0.0,0.155,True,True
2026-01-15 17:15,PV_H005,PV,0.0,0.654,0.0,0.0,0.0,0.0,True,False
2026-01-15 17:15,PV_H006,PV,0.0,0.434,0.0,0.434,0.0,0.109,True,True
2026-01-15 17:15,PV_H007,PV,0.0,0.793,0.0,0.0,0.0,0.0,True,False
2026-01-15 17:15,PV_H010,PV,0.0,0.637,0.0,0.0,0.0,0.0,True,False
2026-01-15 17:15,PV_H016,PV,0.0,0.444,0.0,0.444,0.0,0.111,True,True
2026-01-15 17:15,PV_H017,PV,0.0,0.728,0.0,0.728,0.0,0.182,True,True
2026-01-15 17:15,PV_H018,PV,0.0,0.463,0.0,0.463,0.0,0.116,True,True
2026-01-15 17:15,PV_H021,PV,0.0,1.057,0.0,1.057,0.0,0.264,True,True
2026-01-15 17:15,PV_H024,PV,0.0,0.394,0.0,0.394,0.0,0.099,True,True
2026-01-15 17:15,PV_H025,PV,0.0,0.794,0.0,0.0,0.0,0.0,True,False
2026-01-15 17:15,PV_H026,PV,0.0,0.775,0.0,0.0,0.0,0.0,True,False
2026-01-15 17:15,PV_H027,PV,0.0,0.748,0.0,0.748,0.0,0.187,True,True
2026-01-15 17:15,PV_H032,PV,0.0,0.612,0.0,0.0,0.0,0.0,True,False
2026-01-15 17:15,PV_H033,PV,0.0,0.502,0.0,0.502,0.0,0.126,True,True
2026-01-15 17:15,PV_H034,PV,0.0,0.752,0.0,0.752,0.0,0.188,True,True
2026-01-15 17:15,PV_H035,PV,0.0,0.573,0.0,0.573,0.0,0.143,True,True
2026-01-15 17:15,PV_H036,PV,0.0,0.726,0.0,0.0,0.0,0.0,True,False
2026-01-15 17:15,PV_H037,PV,0.0,0.668,0.0,0.0,0.0,0.0,True,False
2026-01-15 17:15,PV_H040,PV,0.0,0.847,0.0,0.0,0.0,0.0,True,False
2026-01-15 17:15,PV_H042,PV,0.0,0.545,0.0,0.545,0.0,0.136,True,True
2026-01-15 17:15,PV_H044,PV,0.0,0.653,0.0,0.0,0.0,0.0,True,False
2026-01-15 17:15,PV_H046,PV,0.0,0.917,0.0,0.0,0.0,0.0,True,False
2026-01-15 17:15,PV_H048,PV,0.0,0.646,0.0,0.0,0.0,0.0,True,False
2026-01-15 17:15,PV_H049,PV,0.0,0.58,0.0,0.58,0.0,0.145,True,True
2026-01-15 17:15,PV_H050,PV,0.0,0.75,0.0,0.75,0.0,0.188,True,True
2026-01-15 17:15,PV_H053,PV,0.0,0.938,0.0,0.0,0.0,0.0,True,False
2026-01-15 17:15,PV_H055,PV,0.0,0.542,0.0,0.542,0.0,0.136,True,True
2026-01-15 17:15,PV_H057,PV,0.0,0.908,0.0,0.908,0.0,0.227,True,True
2026-01-15 17:15,PV_H058,PV,0.0,0.628,0.0,0.628,0.0,0.157,True,True
2026-01-15 17:15,PV_H060,PV,0.0,1.166,0.0,1.166,0.0,0.292,True,True
2026-01-15 17:15,PV_H061,PV,0.0,0.646,0.0,0.646,0.0,0.162,True,True
2026-01-15 17:15,PV_H062,PV,0.0,1.312,0.0,0.0,0.0,0.0,True,False
2026-01-15 17:15,PV_H063,PV,0.0,0.833,0.0,0.0,0.0,0.0,True,False
2026-01-15 17:15,PV_H066,PV,0.0,0.876,0.0,0.0,0.0,0.0,True,False
2026-01-15 17:15,PV_H067,PV,0.0,0.536,0.0,0.536,0.0,0.134,True,True
2026-01-15 17:15,PV_H069,PV,0.0,0.698,0.0,0.698,0.0,0.174,True,True
2026-01-15 17:15,PV_H071,PV,0.0,0.957,0.0,0.957,0.0,0.239,True,True
2026-01-15 17:15,PV_H072,PV,0.0,1.018,0.0,1.018,0.0,0.255,True,True
2026-01-15 17:15,PV_H073,PV,0.0,0.767,0.0,0.767,0.0,0.192,True,True
2026-01-15 17:15,PV_H074,PV,0.0,0.838,0.0,0.0,0.0,0.0,True,False
2026-01-15 17:15,PV_H076,PV,0.0,1.04,0.0,1.04,0.0,0.26,True,True
2026-01-15 17:15,PV_H077,PV,0.0,0.983,0.0,0.983,0.0,0.246,True,True
2026-01-15 17:15,PV_H078,PV,0.0,0.546,0.0,0.0,0.0,0.0,True,False
2026-01-15 17:15,PV_H079,PV,0.0,0.599,0.0,0.599,0.0,0.15,True,True
2026-01-15 17:15,PV_H080,PV,0.0,0.876,0.0,0.0,0.0,0.0,True,False
2026-01-15 17:15,PV_H081,PV,0.0,0.831,0.0,0.831,0.0,0.208,True,True
2026-01-15 17:15,PV_H082,PV,0.0,0.511,0.0,0.511,0.0,0.128,True,True
2026-01-15 17:15,PV_H083,PV,0.0,0.614,0.0,0.614,0.0,0.153,True,True
2026-01-15 17:15,PV_H085,PV,0.0,0.811,0.0,0.0,0.0,0.0,True,False
2026-01-15 17:15,PV_H087,PV,0.0,0.965,0.0,0.0,0.0,0.0,True,False
2026-01-15 17:15,PV_H088,PV,0.0,0.432,0.0,0.0,0.0,0.0,True,False
2026-01-15 17:15,PV_H090,PV,0.0,0.926,0.0,0.926,0.0,0.232,True,True
2026-01-15 17:15,PV_H093,PV,0.0,1.023,0.0,1.023,0.0,0.256,True,True
2026-01-15 17:15,PV_H094,PV,0.0,0.575,0.0,0.575,0.0,0.144,True,True
2026-01-15 17:15,PV_H095,PV,0.0,0.555,0.0,0.0,0.0,0.0,True,False
2026-01-15 17:15,PV_H096,PV,0.0,0.854,0.0,0.854,0.0,0.213,True,True
2026-01-15 17:15,PV_H098,PV,0.0,0.664,0.0,0.664,0.0,0.166,True,True
2026-01-15 17:15,PV_H099,PV,0.0,0.629,0.0,0.0,0.0,0.0,True,False
2026-01-15 17:15,BESS_COMMUNITY_01,BESS,25.0,25.0,25.0,25.0,0.0,60.0,True,True
2026-01-15 17:15,EV_001,EV,0.0,0.0,0.0,0.0,0.0,0.0,False,True
2026-01-15 17:15,EV_002,EV,0.0,0.0,0.0,0.0,0.0,0.0,False,True
2026-01-15 17:15,EV_003,EV,0.0,0.0,0.0,0.0,0.0,0.0,False,True
2026-01-15 17:15,EV_004,EV,0.0,0.0,0.0,0.0,0.0,0.0,False,False
2026-01-15 17:15,EV_005,EV,0.0,0.0,0.0,0.0,0.0,0.0,False,True
2026-01-15 17:15,EV_006,EV,0.0,0.0,0.0,0.0,0.0,0.0,False,True
2026-01-15 17:15,EV_007,EV,0.0,0.0,0.0,0.0,0.0,0.0,False,True
2026-01-15 17:15,EV_008,EV,0.0,0.0,0.0,0.0,0.0,0.0,False,True
2026-01-15 17:15,EV_009,EV,0.0,7.4,0.0,7.4,7.4,1.85,True,True
2026-01-15 17:15,EV_010,EV,0.0,0.0,0.0,0.0,0.0,0.0,False,True
2026-01-15 17:15,EV_011,EV,0.0,0.0,0.0,0.0,0.0,0.0,False,True
2026-01-15 17:15,EV_012,EV,0.0,0.0,0.0,0.0,0.0,0.0,False,False
2026-01-15 17:15,EV_013,EV,0.0,0.0,0.0,0.0,0.0,0.0,False,False
2026-01-15 17:15,EV_014,EV,0.0,0.0,0.0,0.0,0.0,0.0,False,True
2026-01-15 17:15,EV_015,EV,0.0,0.0,0.0,0.0,0.0,0.0,False,True
2026-01-15 17:15,EV_016,EV,0.0,0.0,0.0,0.0,0.0,0.0,False,False
2026-01-15 17:15,EV_017,EV,0.0,0.0,0.0,0.0,0.0,0.0,False,False
2026-01-15 17:15,EV_018,EV,0.0,0.0,0.0,0.0,0.0,0.0,False,True
2026-01-15 17:15,EV_019,EV,0.0,0.0,0.0,0.0,0.0,0.0,False,True
2026-01-15 17:15,EV_020,EV,0.0,7.4,0.0,7.4,7.4,1.85,True,True
2026-01-15 17:15,FL001,FLEXIBLE_LOAD,0.0,0.0,0.0,0.0,0.0,0.0,False,False
2026-01-15 17:15,FL002,FLEXIBLE_LOAD,0.0,10.0,0.0,10.0,10.0,2.5,True,True
2026-01-15 17:15,FL003,FLEXIBLE_LOAD,0.0,0.0,0.0,0.0,0.0,0.0,False,True
2026-01-15 17:30,PV_H002,PV,0.0,0.541,0.0,0.541,0.0,0.135,True,True
2026-01-15 17:30,PV_H003,PV,0.0,0.459,0.0,0.459,0.0,0.115,True,True
2026-01-15 17:30,PV_H005,PV,0.0,0.465,0.0,0.0,0.0,0.0,True,False
2026-01-15 17:30,PV_H006,PV,0.0,0.311,0.0,0.311,0.0,0.078,True,True
2026-01-15 17:30,PV_H007,PV,0.0,0.589,0.0,0.0,0.0,0.0,True,False
2026-01-15 17:30,PV_H010,PV,0.0,0.457,0.0,0.0,0.0,0.0,True,False
2026-01-15 17:30,PV_H016,PV,0.0,0.327,0.0,0.327,0.0,0.082,True,True
2026-01-15 17:30,PV_H017,PV,0.0,0.519,0.0,0.519,0.0,0.13,True,True
2026-01-15 17:30,PV_H018,PV,0.0,0.346,0.0,0.346,0.0,0.087,True,True
2026-01-15 17:30,PV_H021,PV,0.0,0.748,0.0,0.748,0.0,0.187,True,True
2026-01-15 17:30,PV_H024,PV,0.0,0.29,0.0,0.29,0.0,0.072,True,True
2026-01-15 17:30,PV_H025,PV,0.0,0.563,0.0,0.0,0.0,0.0,True,False
2026-01-15 17:30,PV_H026,PV,0.0,0.55,0.0,0.0,0.0,0.0,True,False
2026-01-15 17:30,PV_H027,PV,0.0,0.543,0.0,0.543,0.0,0.136,True,True
2026-01-15 17:30,PV_H032,PV,0.0,0.458,0.0,0.0,0.0,0.0,True,False
2026-01-15 17:30,PV_H033,PV,0.0,0.364,0.0,0.364,0.0,0.091,True,True
2026-01-15 17:30,PV_H034,PV,0.0,0.559,0.0,0.559,0.0,0.14,True,True
2026-01-15 17:30,PV_H035,PV,0.0,0.422,0.0,0.422,0.0,0.105,True,True
2026-01-15 17:30,PV_H036,PV,0.0,0.543,0.0,0.0,0.0,0.0,True,False
2026-01-15 17:30,PV_H037,PV,0.0,0.48,0.0,0.0,0.0,0.0,True,False
2026-01-15 17:30,PV_H040,PV,0.0,0.637,0.0,0.0,0.0,0.0,True,False
2026-01-15 17:30,PV_H042,PV,0.0,0.407,0.0,0.407,0.0,0.102,True,True
2026-01-15 17:30,PV_H044,PV,0.0,0.475,0.0,0.0,0.0,0.0,True,False
2026-01-15 17:30,PV_H046,PV,0.0,0.656,0.0,0.0,0.0,0.0,True,False
2026-01-15 17:30,PV_H048,PV,0.0,0.458,0.0,0.0,0.0,0.0,True,False
2026-01-15 17:30,PV_H049,PV,0.0,0.426,0.0,0.426,0.0,0.106,True,True
2026-01-15 17:30,PV_H050,PV,0.0,0.548,0.0,0.548,0.0,0.137,True,True
2026-01-15 17:30,PV_H053,PV,0.0,0.682,0.0,0.0,0.0,0.0,True,False
2026-01-15 17:30,PV_H055,PV,0.0,0.39,0.0,0.39,0.0,0.097,True,True
2026-01-15 17:30,PV_H057,PV,0.0,0.667,0.0,0.667,0.0,0.167,True,True
2026-01-15 17:30,PV_H058,PV,0.0,0.453,0.0,0.453,0.0,0.113,True,True
2026-01-15 17:30,PV_H060,PV,0.0,0.834,0.0,0.834,0.0,0.209,True,True
2026-01-15 17:30,PV_H061,PV,0.0,0.472,0.0,0.472,0.0,0.118,True,True
2026-01-15 17:30,PV_H062,PV,0.0,0.902,0.0,0.0,0.0,0.0,True,False
2026-01-15 17:30,PV_H063,PV,0.0,0.6,0.0,0.0,0.0,0.0,True,False
2026-01-15 17:30,PV_H066,PV,0.0,0.642,0.0,0.0,0.0,0.0,True,False
2026-01-15 17:30,PV_H067,PV,0.0,0.39,0.0,0.39,0.0,0.097,True,True
2026-01-15 17:30,PV_H069,PV,0.0,0.51,0.0,0.51,0.0,0.128,True,True
2026-01-15 17:30,PV_H071,PV,0.0,0.666,0.0,0.666,0.0,0.167,True,True
2026-01-15 17:30,PV_H072,PV,0.0,0.75,0.0,0.75,0.0,0.187,True,True
2026-01-15 17:30,PV_H073,PV,0.0,0.57,0.0,0.57,0.0,0.142,True,True
2026-01-15 17:30,PV_H074,PV,0.0,0.616,0.0,0.0,0.0,0.0,True,False
2026-01-15 17:30,PV_H076,PV,0.0,0.733,0.0,0.733,0.0,0.183,True,True
2026-01-15 17:30,PV_H077,PV,0.0,0.685,0.0,0.685,0.0,0.171,True,True
2026-01-15 17:30,PV_H078,PV,0.0,0.404,0.0,0.0,0.0,0.0,True,False
2026-01-15 17:30,PV_H079,PV,0.0,0.431,0.0,0.431,0.0,0.108,True,True
2026-01-15 17:30,PV_H080,PV,0.0,0.625,0.0,0.0,0.0,0.0,True,False
2026-01-15 17:30,PV_H081,PV,0.0,0.595,0.0,0.595,0.0,0.149,True,True
2026-01-15 17:30,PV_H082,PV,0.0,0.378,0.0,0.378,0.0,0.095,True,True
2026-01-15 17:30,PV_H083,PV,0.0,0.445,0.0,0.445,0.0,0.111,True,True
2026-01-15 17:30,PV_H085,PV,0.0,0.556,0.0,0.0,0.0,0.0,True,False
2026-01-15 17:30,PV_H087,PV,0.0,0.676,0.0,0.0,0.0,0.0,True,False
2026-01-15 17:30,PV_H088,PV,0.0,0.311,0.0,0.0,0.0,0.0,True,False
2026-01-15 17:30,PV_H090,PV,0.0,0.671,0.0,0.671,0.0,0.168,True,True
2026-01-15 17:30,PV_H093,PV,0.0,0.742,0.0,0.742,0.0,0.186,True,True
2026-01-15 17:30,PV_H094,PV,0.0,0.422,0.0,0.422,0.0,0.105,True,True
2026-01-15 17:30,PV_H095,PV,0.0,0.404,0.0,0.0,0.0,0.0,True,False
2026-01-15 17:30,PV_H096,PV,0.0,0.599,0.0,0.599,0.0,0.15,True,True
2026-01-15 17:30,PV_H098,PV,0.0,0.474,0.0,0.474,0.0,0.119,True,True
2026-01-15 17:30,PV_H099,PV,0.0,0.452,0.0,0.0,0.0,0.0,True,False
2026-01-15 17:30,BESS_COMMUNITY_01,BESS,25.0,25.0,25.0,25.0,0.0,60.0,True,True
2026-01-15 17:30,EV_001,EV,0.0,0.0,0.0,0.0,0.0,0.0,False,True
2026-01-15 17:30,EV_002,EV,0.0,0.0,0.0,0.0,0.0,0.0,False,True
2026-01-15 17:30,EV_003,EV,0.0,0.0,0.0,0.0,0.0,0.0,False,True
2026-01-15 17:30,EV_004,EV,0.0,0.0,0.0,0.0,0.0,0.0,False,False
2026-01-15 17:30,EV_005,EV,0.0,0.0,0.0,0.0,0.0,0.0,False,True
2026-01-15 17:30,EV_006,EV,0.0,0.0,0.0,0.0,0.0,0.0,False,True
2026-01-15 17:30,EV_007,EV,0.0,0.0,0.0,0.0,0.0,0.0,False,True
2026-01-15 17:30,EV_008,EV,0.0,0.0,0.0,0.0,0.0,0.0,False,True
2026-01-15 17:30,EV_009,EV,0.0,7.4,0.0,7.4,7.4,1.85,True,True
2026-01-15 17:30,EV_010,EV,0.0,0.0,0.0,0.0,0.0,0.0,False,True
2026-01-15 17:30,EV_011,EV,0.0,0.0,0.0,0.0,0.0,0.0,False,True
2026-01-15 17:30,EV_012,EV,0.0,7.4,0.0,0.0,0.0,0.0,True,False
2026-01-15 17:30,EV_013,EV,0.0,0.0,0.0,0.0,0.0,0.0,False,False
2026-01-15 17:30,EV_014,EV,0.0,0.0,0.0,0.0,0.0,0.0,False,True
2026-01-15 17:30,EV_015,EV,0.0,0.0,0.0,0.0,0.0,0.0,False,True
2026-01-15 17:30,EV_016,EV,0.0,0.0,0.0,0.0,0.0,0.0,False,False
2026-01-15 17:30,EV_017,EV,0.0,0.0,0.0,0.0,0.0,0.0,False,False
2026-01-15 17:30,EV_018,EV,0.0,0.0,0.0,0.0,0.0,0.0,False,True
2026-01-15 17:30,EV_019,EV,0.0,0.0,0.0,0.0,0.0,0.0,False,True
2026-01-15 17:30,EV_020,EV,0.0,7.4,0.0,7.4,7.4,1.85,True,True
2026-01-15 17:30,FL001,FLEXIBLE_LOAD,0.0,0.0,0.0,0.0,0.0,0.0,False,False
2026-01-15 17:30,FL002,FLEXIBLE_LOAD,0.0,0.0,0.0,0.0,0.0,0.0,False,True
2026-01-15 17:30,FL003,FLEXIBLE_LOAD,0.0,0.0,0.0,0.0,0.0,0.0,False,True
2026-01-15 17:45,PV_H002,PV,0.0,0.341,0.0,0.341,0.0,0.085,True,True
2026-01-15 17:45,PV_H003,PV,0.0,0.285,0.0,0.285,0.0,0.071,True,True
2026-01-15 17:45,PV_H005,PV,0.0,0.299,0.0,0.0,0.0,0.0,True,False
2026-01-15 17:45,PV_H006,PV,0.0,0.195,0.0,0.195,0.0,0.049,True,True
2026-01-15 17:45,PV_H007,PV,0.0,0.374,0.0,0.0,0.0,0.0,True,False
2026-01-15 17:45,PV_H010,PV,0.0,0.272,0.0,0.0,0.0,0.0,True,False
2026-01-15 17:45,PV_H016,PV,0.0,0.213,0.0,0.213,0.0,0.053,True,True
2026-01-15 17:45,PV_H017,PV,0.0,0.332,0.0,0.332,0.0,0.083,True,True
2026-01-15 17:45,PV_H018,PV,0.0,0.209,0.0,0.209,0.0,0.052,True,True
2026-01-15 17:45,PV_H021,PV,0.0,0.464,0.0,0.464,0.0,0.116,True,True
2026-01-15 17:45,PV_H024,PV,0.0,0.181,0.0,0.181,0.0,0.045,True,True
2026-01-15 17:45,PV_H025,PV,0.0,0.348,0.0,0.0,0.0,0.0,True,False
2026-01-15 17:45,PV_H026,PV,0.0,0.341,0.0,0.0,0.0,0.0,True,False
2026-01-15 17:45,PV_H027,PV,0.0,0.343,0.0,0.343,0.0,0.086,True,True
2026-01-15 17:45,PV_H032,PV,0.0,0.285,0.0,0.0,0.0,0.0,True,False
2026-01-15 17:45,PV_H033,PV,0.0,0.23,0.0,0.23,0.0,0.058,True,True
2026-01-15 17:45,PV_H034,PV,0.0,0.345,0.0,0.345,0.0,0.086,True,True
2026-01-15 17:45,PV_H035,PV,0.0,0.26,0.0,0.26,0.0,0.065,True,True
2026-01-15 17:45,PV_H036,PV,0.0,0.34,0.0,0.0,0.0,0.0,True,False
2026-01-15 17:45,PV_H037,PV,0.0,0.302,0.0,0.0,0.0,0.0,True,False
2026-01-15 17:45,PV_H040,PV,0.0,0.395,0.0,0.0,0.0,0.0,True,False
2026-01-15 17:45,PV_H042,PV,0.0,0.25,0.0,0.25,0.0,0.063,True,True
2026-01-15 17:45,PV_H044,PV,0.0,0.304,0.0,0.0,0.0,0.0,True,False
2026-01-15 17:45,PV_H046,PV,0.0,0.405,0.0,0.0,0.0,0.0,True,False
2026-01-15 17:45,PV_H048,PV,0.0,0.288,0.0,0.0,0.0,0.0,True,False
2026-01-15 17:45,PV_H049,PV,0.0,0.271,0.0,0.271,0.0,0.068,True,True
2026-01-15 17:45,PV_H050,PV,0.0,0.35,0.0,0.35,0.0,0.088,True,True
2026-01-15 17:45,PV_H053,PV,0.0,0.417,0.0,0.0,0.0,0.0,True,False
2026-01-15 17:45,PV_H055,PV,0.0,0.244,0.0,0.244,0.0,0.061,True,True
2026-01-15 17:45,PV_H057,PV,0.0,0.421,0.0,0.421,0.0,0.105,True,True
2026-01-15 17:45,PV_H058,PV,0.0,0.284,0.0,0.284,0.0,0.071,True,True
2026-01-15 17:45,PV_H060,PV,0.0,0.522,0.0,0.522,0.0,0.131,True,True
2026-01-15 17:45,PV_H061,PV,0.0,0.292,0.0,0.292,0.0,0.073,True,True
2026-01-15 17:45,PV_H062,PV,0.0,0.582,0.0,0.0,0.0,0.0,True,False
2026-01-15 17:45,PV_H063,PV,0.0,0.365,0.0,0.0,0.0,0.0,True,False
2026-01-15 17:45,PV_H066,PV,0.0,0.405,0.0,0.0,0.0,0.0,True,False
2026-01-15 17:45,PV_H067,PV,0.0,0.25,0.0,0.25,0.0,0.062,True,True
2026-01-15 17:45,PV_H069,PV,0.0,0.313,0.0,0.313,0.0,0.078,True,True
2026-01-15 17:45,PV_H071,PV,0.0,0.429,0.0,0.429,0.0,0.107,True,True
2026-01-15 17:45,PV_H072,PV,0.0,0.46,0.0,0.46,0.0,0.115,True,True
2026-01-15 17:45,PV_H073,PV,0.0,0.351,0.0,0.351,0.0,0.088,True,True
2026-01-15 17:45,PV_H074,PV,0.0,0.391,0.0,0.0,0.0,0.0,True,False
2026-01-15 17:45,PV_H076,PV,0.0,0.463,0.0,0.463,0.0,0.116,True,True
2026-01-15 17:45,PV_H077,PV,0.0,0.448,0.0,0.448,0.0,0.112,True,True
2026-01-15 17:45,PV_H078,PV,0.0,0.247,0.0,0.0,0.0,0.0,True,False
2026-01-15 17:45,PV_H079,PV,0.0,0.278,0.0,0.278,0.0,0.069,True,True
2026-01-15 17:45,PV_H080,PV,0.0,0.389,0.0,0.0,0.0,0.0,True,False
2026-01-15 17:45,PV_H081,PV,0.0,0.375,0.0,0.375,0.0,0.094,True,True
2026-01-15 17:45,PV_H082,PV,0.0,0.243,0.0,0.243,0.0,0.061,True,True
2026-01-15 17:45,PV_H083,PV,0.0,0.278,0.0,0.278,0.0,0.069,True,True
2026-01-15 17:45,PV_H085,PV,0.0,0.359,0.0,0.0,0.0,0.0,True,False
2026-01-15 17:45,PV_H087,PV,0.0,0.433,0.0,0.0,0.0,0.0,True,False
2026-01-15 17:45,PV_H088,PV,0.0,0.186,0.0,0.0,0.0,0.0,True,False
2026-01-15 17:45,PV_H090,PV,0.0,0.406,0.0,0.406,0.0,0.101,True,True
2026-01-15 17:45,PV_H093,PV,0.0,0.475,0.0,0.475,0.0,0.119,True,True
2026-01-15 17:45,PV_H094,PV,0.0,0.26,0.0,0.26,0.0,0.065,True,True
2026-01-15 17:45,PV_H095,PV,0.0,0.255,0.0,0.0,0.0,0.0,True,False
2026-01-15 17:45,PV_H096,PV,0.0,0.394,0.0,0.394,0.0,0.099,True,True
2026-01-15 17:45,PV_H098,PV,0.0,0.296,0.0,0.296,0.0,0.074,True,True
2026-01-15 17:45,PV_H099,PV,0.0,0.282,0.0,0.0,0.0,0.0,True,False
2026-01-15 17:45,BESS_COMMUNITY_01,BESS,25.0,25.0,25.0,25.0,0.0,60.0,True,True
2026-01-15 17:45,EV_001,EV,0.0,0.0,0.0,0.0,0.0,0.0,False,True
2026-01-15 17:45,EV_002,EV,0.0,7.4,0.0,7.4,7.4,1.85,True,True
2026-01-15 17:45,EV_003,EV,0.0,0.0,0.0,0.0,0.0,0.0,False,True
2026-01-15 17:45,EV_004,EV,0.0,0.0,0.0,0.0,0.0,0.0,False,False
2026-01-15 17:45,EV_005,EV,0.0,0.0,0.0,0.0,0.0,0.0,False,True
2026-01-15 17:45,EV_006,EV,0.0,0.0,0.0,0.0,0.0,0.0,False,True
2026-01-15 17:45,EV_007,EV,0.0,0.0,0.0,0.0,0.0,0.0,False,True
2026-01-15 17:45,EV_008,EV,0.0,0.0,0.0,0.0,0.0,0.0,False,True
2026-01-15 17:45,EV_009,EV,0.0,7.4,0.0,7.4,7.4,1.85,True,True
2026-01-15 17:45,EV_010,EV,0.0,0.0,0.0,0.0,0.0,0.0,False,True
2026-01-15 17:45,EV_011,EV,0.0,0.0,0.0,0.0,0.0,0.0,False,True
2026-01-15 17:45,EV_012,EV,0.0,7.4,0.0,0.0,0.0,0.0,True,False
2026-01-15 17:45,EV_013,EV,0.0,0.0,0.0,0.0,0.0,0.0,False,False
2026-01-15 17:45,EV_014,EV,0.0,0.0,0.0,0.0,0.0,0.0,False,True
2026-01-15 17:45,EV_015,EV,0.0,0.0,0.0,0.0,0.0,0.0,False,True
2026-01-15 17:45,EV_016,EV,0.0,0.0,0.0,0.0,0.0,0.0,False,False
2026-01-15 17:45,EV_017,EV,0.0,0.0,0.0,0.0,0.0,0.0,False,False
2026-01-15 17:45,EV_018,EV,0.0,0.0,0.0,0.0,0.0,0.0,False,True
2026-01-15 17:45,EV_019,EV,0.0,0.0,0.0,0.0,0.0,0.0,False,True
2026-01-15 17:45,EV_020,EV,0.0,7.4,0.0,7.4,7.4,1.85,True,True
2026-01-15 17:45,FL001,FLEXIBLE_LOAD,0.0,0.0,0.0,0.0,0.0,0.0,False,False
2026-01-15 17:45,FL002,FLEXIBLE_LOAD,0.0,0.0,0.0,0.0,0.0,0.0,False,True
2026-01-15 17:45,FL003,FLEXIBLE_LOAD,0.0,0.0,0.0,0.0,0.0,0.0,False,True
2026-01-15 18:00,PV_H002,PV,0.0,0.153,0.0,0.153,0.0,0.038,True,True
2026-01-15 18:00,PV_H003,PV,0.0,0.131,0.0,0.131,0.0,0.033,True,True
2026-01-15 18:00,PV_H005,PV,0.0,0.137,0.0,0.0,0.0,0.0,True,False
2026-01-15 18:00,PV_H006,PV,0.0,0.089,0.0,0.089,0.0,0.022,True,True
2026-01-15 18:00,PV_H007,PV,0.0,0.163,0.0,0.0,0.0,0.0,True,False
2026-01-15 18:00,PV_H010,PV,0.0,0.135,0.0,0.0,0.0,0.0,True,False
2026-01-15 18:00,PV_H016,PV,0.0,0.094,0.0,0.094,0.0,0.024,True,True
2026-01-15 18:00,PV_H017,PV,0.0,0.152,0.0,0.152,0.0,0.038,True,True
2026-01-15 18:00,PV_H018,PV,0.0,0.096,0.0,0.096,0.0,0.024,True,True
2026-01-15 18:00,PV_H021,PV,0.0,0.214,0.0,0.214,0.0,0.053,True,True
2026-01-15 18:00,PV_H024,PV,0.0,0.083,0.0,0.083,0.0,0.021,True,True
2026-01-15 18:00,PV_H025,PV,0.0,0.16,0.0,0.0,0.0,0.0,True,False
2026-01-15 18:00,PV_H026,PV,0.0,0.154,0.0,0.0,0.0,0.0,True,False
2026-01-15 18:00,PV_H027,PV,0.0,0.157,0.0,0.157,0.0,0.039,True,True
2026-01-15 18:00,PV_H032,PV,0.0,0.125,0.0,0.0,0.0,0.0,True,False
2026-01-15 18:00,PV_H033,PV,0.0,0.103,0.0,0.103,0.0,0.026,True,True
2026-01-15 18:00,PV_H034,PV,0.0,0.161,0.0,0.161,0.0,0.04,True,True
2026-01-15 18:00,PV_H035,PV,0.0,0.116,0.0,0.116,0.0,0.029,True,True
2026-01-15 18:00,PV_H036,PV,0.0,0.156,0.0,0.0,0.0,0.0,True,False
2026-01-15 18:00,PV_H037,PV,0.0,0.132,0.0,0.0,0.0,0.0,True,False
2026-01-15 18:00,PV_H040,PV,0.0,0.18,0.0,0.0,0.0,0.0,True,False
2026-01-15 18:00,PV_H042,PV,0.0,0.113,0.0,0.113,0.0,0.028,True,True
2026-01-15 18:00,PV_H044,PV,0.0,0.136,0.0,0.0,0.0,0.0,True,False
2026-01-15 18:00,PV_H046,PV,0.0,0.186,0.0,0.0,0.0,0.0,True,False
2026-01-15 18:00,PV_H048,PV,0.0,0.133,0.0,0.0,0.0,0.0,True,False
2026-01-15 18:00,PV_H049,PV,0.0,0.12,0.0,0.12,0.0,0.03,True,True
2026-01-15 18:00,PV_H050,PV,0.0,0.152,0.0,0.152,0.0,0.038,True,True
2026-01-15 18:00,PV_H053,PV,0.0,0.184,0.0,0.0,0.0,0.0,True,False
2026-01-15 18:00,PV_H055,PV,0.0,0.108,0.0,0.108,0.0,0.027,True,True
2026-01-15 18:00,PV_H057,PV,0.0,0.187,0.0,0.187,0.0,0.047,True,True
2026-01-15 18:00,PV_H058,PV,0.0,0.127,0.0,0.127,0.0,0.032,True,True
2026-01-15 18:00,PV_H060,PV,0.0,0.235,0.0,0.235,0.0,0.059,True,True
2026-01-15 18:00,PV_H061,PV,0.0,0.133,0.0,0.133,0.0,0.033,True,True
2026-01-15 18:00,PV_H062,PV,0.0,0.269,0.0,0.0,0.0,0.0,True,False
2026-01-15 18:00,PV_H063,PV,0.0,0.163,0.0,0.0,0.0,0.0,True,False
2026-01-15 18:00,PV_H066,PV,0.0,0.183,0.0,0.0,0.0,0.0,True,False
2026-01-15 18:00,PV_H067,PV,0.0,0.108,0.0,0.108,0.0,0.027,True,True
2026-01-15 18:00,PV_H069,PV,0.0,0.144,0.0,0.144,0.0,0.036,True,True
2026-01-15 18:00,PV_H071,PV,0.0,0.192,0.0,0.192,0.0,0.048,True,True
2026-01-15 18:00,PV_H072,PV,0.0,0.211,0.0,0.211,0.0,0.053,True,True
2026-01-15 18:00,PV_H073,PV,0.0,0.157,0.0,0.157,0.0,0.039,True,True
2026-01-15 18:00,PV_H074,PV,0.0,0.173,0.0,0.0,0.0,0.0,True,False
2026-01-15 18:00,PV_H076,PV,0.0,0.212,0.0,0.212,0.0,0.053,True,True
2026-01-15 18:00,PV_H077,PV,0.0,0.195,0.0,0.195,0.0,0.049,True,True
2026-01-15 18:00,PV_H078,PV,0.0,0.112,0.0,0.0,0.0,0.0,True,False
2026-01-15 18:00,PV_H079,PV,0.0,0.124,0.0,0.124,0.0,0.031,True,True
2026-01-15 18:00,PV_H080,PV,0.0,0.175,0.0,0.0,0.0,0.0,True,False
2026-01-15 18:00,PV_H081,PV,0.0,0.172,0.0,0.172,0.0,0.043,True,True
2026-01-15 18:00,PV_H082,PV,0.0,0.108,0.0,0.108,0.0,0.027,True,True
2026-01-15 18:00,PV_H083,PV,0.0,0.124,0.0,0.124,0.0,0.031,True,True
2026-01-15 18:00,PV_H085,PV,0.0,0.159,0.0,0.0,0.0,0.0,True,False
2026-01-15 18:00,PV_H087,PV,0.0,0.195,0.0,0.0,0.0,0.0,True,False
2026-01-15 18:00,PV_H088,PV,0.0,0.087,0.0,0.0,0.0,0.0,True,False
2026-01-15 18:00,PV_H090,PV,0.0,0.191,0.0,0.191,0.0,0.048,True,True
2026-01-15 18:00,PV_H093,PV,0.0,0.211,0.0,0.211,0.0,0.053,True,True
2026-01-15 18:00,PV_H094,PV,0.0,0.121,0.0,0.121,0.0,0.03,True,True
2026-01-15 18:00,PV_H095,PV,0.0,0.115,0.0,0.0,0.0,0.0,True,False
2026-01-15 18:00,PV_H096,PV,0.0,0.177,0.0,0.177,0.0,0.044,True,True
2026-01-15 18:00,PV_H098,PV,0.0,0.135,0.0,0.135,0.0,0.034,True,True
2026-01-15 18:00,PV_H099,PV,0.0,0.129,0.0,0.0,0.0,0.0,True,False
2026-01-15 18:00,BESS_COMMUNITY_01,BESS,25.0,25.0,25.0,25.0,0.0,60.0,True,True
2026-01-15 18:00,EV_001,EV,0.0,0.0,0.0,0.0,0.0,0.0,False,True
2026-01-15 18:00,EV_002,EV,0.0,7.4,0.0,7.4,7.4,1.85,True,True
2026-01-15 18:00,EV_003,EV,0.0,0.0,0.0,0.0,0.0,0.0,False,True
2026-01-15 18:00,EV_004,EV,0.0,0.0,0.0,0.0,0.0,0.0,False,False
2026-01-15 18:00,EV_005,EV,0.0,0.0,0.0,0.0,0.0,0.0,False,True
2026-01-15 18:00,EV_006,EV,0.0,0.0,0.0,0.0,0.0,0.0,False,True
2026-01-15 18:00,EV_007,EV,0.0,0.0,0.0,0.0,0.0,0.0,False,True
2026-01-15 18:00,EV_008,EV,0.0,0.0,0.0,0.0,0.0,0.0,False,True
2026-01-15 18:00,EV_009,EV,0.0,7.4,0.0,7.4,7.4,1.85,True,True
2026-01-15 18:00,EV_010,EV,0.0,0.0,0.0,0.0,0.0,0.0,False,True
2026-01-15 18:00,EV_011,EV,0.0,0.0,0.0,0.0,0.0,0.0,False,True
2026-01-15 18:00,EV_012,EV,0.0,7.4,0.0,0.0,0.0,0.0,True,False
2026-01-15 18:00,EV_013,EV,0.0,0.0,0.0,0.0,0.0,0.0,False,False
2026-01-15 18:00,EV_014,EV,0.0,0.0,0.0,0.0,0.0,0.0,False,True
2026-01-15 18:00,EV_015,EV,0.0,0.0,0.0,0.0,0.0,0.0,False,True
2026-01-15 18:00,EV_016,EV,0.0,0.0,0.0,0.0,0.0,0.0,False,False
2026-01-15 18:00,EV_017,EV,0.0,0.0,0.0,0.0,0.0,0.0,False,False
2026-01-15 18:00,EV_018,EV,0.0,0.0,0.0,0.0,0.0,0.0,False,True
2026-01-15 18:00,EV_019,EV,0.0,0.0,0.0,0.0,0.0,0.0,False,True
2026-01-15 18:00,EV_020,EV,0.0,7.4,0.0,7.4,7.4,1.85,True,True
2026-01-15 18:00,FL001,FLEXIBLE_LOAD,0.0,0.0,0.0,0.0,0.0,0.0,False,False
2026-01-15 18:00,FL002,FLEXIBLE_LOAD,0.0,0.0,0.0,0.0,0.0,0.0,False,True
2026-01-15 18:00,FL003,FLEXIBLE_LOAD,0.0,0.0,0.0,0.0,0.0,0.0,False,True
2026-01-15 18:15,PV_H002,PV,0.0,0.0,0.0,0.0,0.0,0.0,False,True
2026-01-15 18:15,PV_H003,PV,0.0,0.0,0.0,0.0,0.0,0.0,False,True
2026-01-15 18:15,PV_H005,PV,0.0,0.0,0.0,0.0,0.0,0.0,False,False
2026-01-15 18:15,PV_H006,PV,0.0,0.0,0.0,0.0,0.0,0.0,False,True
2026-01-15 18:15,PV_H007,PV,0.0,0.0,0.0,0.0,0.0,0.0,False,False
2026-01-15 18:15,PV_H010,PV,0.0,0.0,0.0,0.0,0.0,0.0,False,False
2026-01-15 18:15,PV_H016,PV,0.0,0.0,0.0,0.0,0.0,0.0,False,True
2026-01-15 18:15,PV_H017,PV,0.0,0.0,0.0,0.0,0.0,0.0,False,True
2026-01-15 18:15,PV_H018,PV,0.0,0.0,0.0,0.0,0.0,0.0,False,True
2026-01-15 18:15,PV_H021,PV,0.0,0.0,0.0,0.0,0.0,0.0,False,True
2026-01-15 18:15,PV_H024,PV,0.0,0.0,0.0,0.0,0.0,0.0,False,True
2026-01-15 18:15,PV_H025,PV,0.0,0.0,0.0,0.0,0.0,0.0,False,False
2026-01-15 18:15,PV_H026,PV,0.0,0.0,0.0,0.0,0.0,0.0,False,False
2026-01-15 18:15,PV_H027,PV,0.0,0.0,0.0,0.0,0.0,0.0,False,True
2026-01-15 18:15,PV_H032,PV,0.0,0.0,0.0,0.0,0.0,0.0,False,False
2026-01-15 18:15,PV_H033,PV,0.0,0.0,0.0,0.0,0.0,0.0,False,True
2026-01-15 18:15,PV_H034,PV,0.0,0.0,0.0,0.0,0.0,0.0,False,True
2026-01-15 18:15,PV_H035,PV,0.0,0.0,0.0,0.0,0.0,0.0,False,True
2026-01-15 18:15,PV_H036,PV,0.0,0.0,0.0,0.0,0.0,0.0,False,False
2026-01-15 18:15,PV_H037,PV,0.0,0.0,0.0,0.0,0.0,0.0,False,False
2026-01-15 18:15,PV_H040,PV,0.0,0.0,0.0,0.0,0.0,0.0,False,False
2026-01-15 18:15,PV_H042,PV,0.0,0.0,0.0,0.0,0.0,0.0,False,True
2026-01-15 18:15,PV_H044,PV,0.0,0.0,0.0,0.0,0.0,0.0,False,False
2026-01-15 18:15,PV_H046,PV,0.0,0.0,0.0,0.0,0.0,0.0,False,False
2026-01-15 18:15,PV_H048,PV,0.0,0.0,0.0,0.0,0.0,0.0,False,False
2026-01-15 18:15,PV_H049,PV,0.0,0.0,0.0,0.0,0.0,0.0,False,True
2026-01-15 18:15,PV_H050,PV,0.0,0.0,0.0,0.0,0.0,0.0,False,True
2026-01-15 18:15,PV_H053,PV,0.0,0.0,0.0,0.0,0.0,0.0,False,False
2026-01-15 18:15,PV_H055,PV,0.0,0.0,0.0,0.0,0.0,0.0,False,True
2026-01-15 18:15,PV_H057,PV,0.0,0.0,0.0,0.0,0.0,0.0,False,True
2026-01-15 18:15,PV_H058,PV,0.0,0.0,0.0,0.0,0.0,0.0,False,True
2026-01-15 18:15,PV_H060,PV,0.0,0.0,0.0,0.0,0.0,0.0,False,True
2026-01-15 18:15,PV_H061,PV,0.0,0.0,0.0,0.0,0.0,0.0,False,True
2026-01-15 18:15,PV_H062,PV,0.0,0.0,0.0,0.0,0.0,0.0,False,False
2026-01-15 18:15,PV_H063,PV,0.0,0.0,0.0,0.0,0.0,0.0,False,False
2026-01-15 18:15,PV_H066,PV,0.0,0.0,0.0,0.0,0.0,0.0,False,False
2026-01-15 18:15,PV_H067,PV,0.0,0.0,0.0,0.0,0.0,0.0,False,True
2026-01-15 18:15,PV_H069,PV,0.0,0.0,0.0,0.0,0.0,0.0,False,True
2026-01-15 18:15,PV_H071,PV,0.0,0.0,0.0,0.0,0.0,0.0,False,True
2026-01-15 18:15,PV_H072,PV,0.0,0.0,0.0,0.0,0.0,0.0,False,True
2026-01-15 18:15,PV_H073,PV,0.0,0.0,0.0,0.0,0.0,0.0,False,True
2026-01-15 18:15,PV_H074,PV,0.0,0.0,0.0,0.0,0.0,0.0,False,False
2026-01-15 18:15,PV_H076,PV,0.0,0.0,0.0,0.0,0.0,0.0,False,True
2026-01-15 18:15,PV_H077,PV,0.0,0.0,0.0,0.0,0.0,0.0,False,True
2026-01-15 18:15,PV_H078,PV,0.0,0.0,0.0,0.0,0.0,0.0,False,False
2026-01-15 18:15,PV_H079,PV,0.0,0.0,0.0,0.0,0.0,0.0,False,True
2026-01-15 18:15,PV_H080,PV,0.0,0.0,0.0,0.0,0.0,0.0,False,False
2026-01-15 18:15,PV_H081,PV,0.0,0.0,0.0,0.0,0.0,0.0,False,True
2026-01-15 18:15,PV_H082,PV,0.0,0.0,0.0,0.0,0.0,0.0,False,True
2026-01-15 18:15,PV_H083,PV,0.0,0.0,0.0,0.0,0.0,0.0,False,True
2026-01-15 18:15,PV_H085,PV,0.0,0.0,0.0,0.0,0.0,0.0,False,False
2026-01-15 18:15,PV_H087,PV,0.0,0.0,0.0,0.0,0.0,0.0,False,False
2026-01-15 18:15,PV_H088,PV,0.0,0.0,0.0,0.0,0.0,0.0,False,False
2026-01-15 18:15,PV_H090,PV,0.0,0.0,0.0,0.0,0.0,0.0,False,True
2026-01-15 18:15,PV_H093,PV,0.0,0.0,0.0,0.0,0.0,0.0,False,True
2026-01-15 18:15,PV_H094,PV,0.0,0.0,0.0,0.0,0.0,0.0,False,True
2026-01-15 18:15,PV_H095,PV,0.0,0.0,0.0,0.0,0.0,0.0,False,False
2026-01-15 18:15,PV_H096,PV,0.0,0.0,0.0,0.0,0.0,0.0,False,True
2026-01-15 18:15,PV_H098,PV,0.0,0.0,0.0,0.0,0.0,0.0,False,True
2026-01-15 18:15,PV_H099,PV,0.0,0.0,0.0,0.0,0.0,0.0,False,False
2026-01-15 18:15,BESS_COMMUNITY_01,BESS,25.0,25.0,25.0,25.0,0.0,60.0,True,True
2026-01-15 18:15,EV_001,EV,0.0,0.0,0.0,0.0,0.0,0.0,False,True
2026-01-15 18:15,EV_002,EV,0.0,7.4,0.0,7.4,7.4,1.85,True,True
2026-01-15 18:15,EV_003,EV,0.0,0.0,0.0,0.0,0.0,0.0,False,True
2026-01-15 18:15,EV_004,EV,0.0,0.0,0.0,0.0,0.0,0.0,False,False
2026-01-15 18:15,EV_005,EV,0.0,0.0,0.0,0.0,0.0,0.0,False,True
2026-01-15 18:15,EV_006,EV,0.0,0.0,0.0,0.0,0.0,0.0,False,True
2026-01-15 18:15,EV_007,EV,0.0,0.0,0.0,0.0,0.0,0.0,False,True
2026-01-15 18:15,EV_008,EV,0.0,0.0,0.0,0.0,0.0,0.0,False,True
2026-01-15 18:15,EV_009,EV,0.0,0.96,0.0,0.96,0.96,0.24,True,True
2026-01-15 18:15,EV_010,EV,0.0,0.0,0.0,0.0,0.0,0.0,False,True
2026-01-15 18:15,EV_011,EV,0.0,0.0,0.0,0.0,0.0,0.0,False,True
2026-01-15 18:15,EV_012,EV,0.0,7.4,0.0,0.0,0.0,0.0,True,False
2026-01-15 18:15,EV_013,EV,0.0,0.0,0.0,0.0,0.0,0.0,False,False
2026-01-15 18:15,EV_014,EV,0.0,0.0,0.0,0.0,0.0,0.0,False,True
2026-01-15 18:15,EV_015,EV,0.0,0.0,0.0,0.0,0.0,0.0,False,True
2026-01-15 18:15,EV_016,EV,0.0,7.4,0.0,0.0,0.0,0.0,True,False
2026-01-15 18:15,EV_017,EV,0.0,7.4,0.0,0.0,0.0,0.0,True,False
2026-01-15 18:15,EV_018,EV,0.0,0.0,0.0,0.0,0.0,0.0,False,True
2026-01-15 18:15,EV_019,EV,0.0,0.0,0.0,0.0,0.0,0.0,False,True
2026-01-15 18:15,EV_020,EV,0.0,7.4,0.0,7.4,7.4,1.85,True,True
2026-01-15 18:15,FL001,FLEXIBLE_LOAD,0.0,0.0,0.0,0.0,0.0,0.0,False,False
2026-01-15 18:15,FL002,FLEXIBLE_LOAD,0.0,0.0,0.0,0.0,0.0,0.0,False,True
2026-01-15 18:15,FL003,FLEXIBLE_LOAD,0.0,0.0,0.0,0.0,0.0,0.0,False,True
2026-01-15 18:30,PV_H002,PV,0.0,0.0,0.0,0.0,0.0,0.0,False,True
2026-01-15 18:30,PV_H003,PV,0.0,0.0,0.0,0.0,0.0,0.0,False,True
2026-01-15 18:30,PV_H005,PV,0.0,0.0,0.0,0.0,0.0,0.0,False,False
2026-01-15 18:30,PV_H006,PV,0.0,0.0,0.0,0.0,0.0,0.0,False,True
2026-01-15 18:30,PV_H007,PV,0.0,0.0,0.0,0.0,0.0,0.0,False,False
2026-01-15 18:30,PV_H010,PV,0.0,0.0,0.0,0.0,0.0,0.0,False,False
2026-01-15 18:30,PV_H016,PV,0.0,0.0,0.0,0.0,0.0,0.0,False,True
2026-01-15 18:30,PV_H017,PV,0.0,0.0,0.0,0.0,0.0,0.0,False,True
2026-01-15 18:30,PV_H018,PV,0.0,0.0,0.0,0.0,0.0,0.0,False,True
2026-01-15 18:30,PV_H021,PV,0.0,0.0,0.0,0.0,0.0,0.0,False,True
2026-01-15 18:30,PV_H024,PV,0.0,0.0,0.0,0.0,0.0,0.0,False,True
2026-01-15 18:30,PV_H025,PV,0.0,0.0,0.0,0.0,0.0,0.0,False,False
2026-01-15 18:30,PV_H026,PV,0.0,0.0,0.0,0.0,0.0,0.0,False,False
2026-01-15 18:30,PV_H027,PV,0.0,0.0,0.0,0.0,0.0,0.0,False,True
2026-01-15 18:30,PV_H032,PV,0.0,0.0,0.0,0.0,0.0,0.0,False,False
2026-01-15 18:30,PV_H033,PV,0.0,0.0,0.0,0.0,0.0,0.0,False,True
2026-01-15 18:30,PV_H034,PV,0.0,0.0,0.0,0.0,0.0,0.0,False,True
2026-01-15 18:30,PV_H035,PV,0.0,0.0,0.0,0.0,0.0,0.0,False,True
2026-01-15 18:30,PV_H036,PV,0.0,0.0,0.0,0.0,0.0,0.0,False,False
2026-01-15 18:30,PV_H037,PV,0.0,0.0,0.0,0.0,0.0,0.0,False,False
2026-01-15 18:30,PV_H040,PV,0.0,0.0,0.0,0.0,0.0,0.0,False,False
2026-01-15 18:30,PV_H042,PV,0.0,0.0,0.0,0.0,0.0,0.0,False,True
2026-01-15 18:30,PV_H044,PV,0.0,0.0,0.0,0.0,0.0,0.0,False,False
2026-01-15 18:30,PV_H046,PV,0.0,0.0,0.0,0.0,0.0,0.0,False,False
2026-01-15 18:30,PV_H048,PV,0.0,0.0,0.0,0.0,0.0,0.0,False,False
2026-01-15 18:30,PV_H049,PV,0.0,0.0,0.0,0.0,0.0,0.0,False,True
2026-01-15 18:30,PV_H050,PV,0.0,0.0,0.0,0.0,0.0,0.0,False,True
2026-01-15 18:30,PV_H053,PV,0.0,0.0,0.0,0.0,0.0,0.0,False,False
2026-01-15 18:30,PV_H055,PV,0.0,0.0,0.0,0.0,0.0,0.0,False,True
2026-01-15 18:30,PV_H057,PV,0.0,0.0,0.0,0.0,0.0,0.0,False,True
2026-01-15 18:30,PV_H058,PV,0.0,0.0,0.0,0.0,0.0,0.0,False,True
2026-01-15 18:30,PV_H060,PV,0.0,0.0,0.0,0.0,0.0,0.0,False,True
2026-01-15 18:30,PV_H061,PV,0.0,0.0,0.0,0.0,0.0,0.0,False,True
2026-01-15 18:30,PV_H062,PV,0.0,0.0,0.0,0.0,0.0,0.0,False,False
2026-01-15 18:30,PV_H063,PV,0.0,0.0,0.0,0.0,0.0,0.0,False,False
2026-01-15 18:30,PV_H066,PV,0.0,0.0,0.0,0.0,0.0,0.0,False,False
2026-01-15 18:30,PV_H067,PV,0.0,0.0,0.0,0.0,0.0,0.0,False,True
2026-01-15 18:30,PV_H069,PV,0.0,0.0,0.0,0.0,0.0,0.0,False,True
2026-01-15 18:30,PV_H071,PV,0.0,0.0,0.0,0.0,0.0,0.0,False,True
2026-01-15 18:30,PV_H072,PV,0.0,0.0,0.0,0.0,0.0,0.0,False,True
2026-01-15 18:30,PV_H073,PV,0.0,0.0,0.0,0.0,0.0,0.0,False,True
2026-01-15 18:30,PV_H074,PV,0.0,0.0,0.0,0.0,0.0,0.0,False,False
2026-01-15 18:30,PV_H076,PV,0.0,0.0,0.0,0.0,0.0,0.0,False,True
2026-01-15 18:30,PV_H077,PV,0.0,0.0,0.0,0.0,0.0,0.0,False,True
2026-01-15 18:30,PV_H078,PV,0.0,0.0,0.0,0.0,0.0,0.0,False,False
2026-01-15 18:30,PV_H079,PV,0.0,0.0,0.0,0.0,0.0,0.0,False,True
2026-01-15 18:30,PV_H080,PV,0.0,0.0,0.0,0.0,0.0,0.0,False,False
2026-01-15 18:30,PV_H081,PV,0.0,0.0,0.0,0.0,0.0,0.0,False,True
2026-01-15 18:30,PV_H082,PV,0.0,0.0,0.0,0.0,0.0,0.0,False,True
2026-01-15 18:30,PV_H083,PV,0.0,0.0,0.0,0.0,0.0,0.0,False,True
2026-01-15 18:30,PV_H085,PV,0.0,0.0,0.0,0.0,0.0,0.0,False,False
2026-01-15 18:30,PV_H087,PV,0.0,0.0,0.0,0.0,0.0,0.0,False,False
2026-01-15 18:30,PV_H088,PV,0.0,0.0,0.0,0.0,0.0,0.0,False,False
2026-01-15 18:30,PV_H090,PV,0.0,0.0,0.0,0.0,0.0,0.0,False,True
2026-01-15 18:30,PV_H093,PV,0.0,0.0,0.0,0.0,0.0,0.0,False,True
2026-01-15 18:30,PV_H094,PV,0.0,0.0,0.0,0.0,0.0,0.0,False,True
2026-01-15 18:30,PV_H095,PV,0.0,0.0,0.0,0.0,0.0,0.0,False,False
2026-01-15 18:30,PV_H096,PV,0.0,0.0,0.0,0.0,0.0,0.0,False,True
2026-01-15 18:30,PV_H098,PV,0.0,0.0,0.0,0.0,0.0,0.0,False,True
2026-01-15 18:30,PV_H099,PV,0.0,0.0,0.0,0.0,0.0,0.0,False,False
2026-01-15 18:30,BESS_COMMUNITY_01,BESS,25.0,25.0,25.0,25.0,0.0,60.0,True,True
2026-01-15 18:30,EV_001,EV,0.0,0.0,0.0,0.0,0.0,0.0,False,True
2026-01-15 18:30,EV_002,EV,0.0,7.4,0.0,7.4,7.4,1.85,True,True
2026-01-15 18:30,EV_003,EV,0.0,0.0,0.0,0.0,0.0,0.0,False,True
2026-01-15 18:30,EV_004,EV,0.0,0.0,0.0,0.0,0.0,0.0,False,False
2026-01-15 18:30,EV_005,EV,0.0,0.0,0.0,0.0,0.0,0.0,False,True
2026-01-15 18:30,EV_006,EV,0.0,0.0,0.0,0.0,0.0,0.0,False,True
2026-01-15 18:30,EV_007,EV,0.0,0.0,0.0,0.0,0.0,0.0,False,True
2026-01-15 18:30,EV_008,EV,0.0,0.0,0.0,0.0,0.0,0.0,False,True
2026-01-15 18:30,EV_009,EV,0.0,0.0,0.0,0.0,0.0,0.0,False,True
2026-01-15 18:30,EV_010,EV,0.0,0.0,0.0,0.0,0.0,0.0,False,True
2026-01-15 18:30,EV_011,EV,0.0,0.0,0.0,0.0,0.0,0.0,False,True
2026-01-15 18:30,EV_012,EV,0.0,7.4,0.0,0.0,0.0,0.0,True,False
2026-01-15 18:30,EV_013,EV,0.0,7.4,0.0,0.0,0.0,0.0,True,False
2026-01-15 18:30,EV_014,EV,0.0,0.0,0.0,0.0,0.0,0.0,False,True
2026-01-15 18:30,EV_015,EV,0.0,0.0,0.0,0.0,0.0,0.0,False,True
2026-01-15 18:30,EV_016,EV,0.0,7.4,0.0,0.0,0.0,0.0,True,False
2026-01-15 18:30,EV_017,EV,0.0,7.4,0.0,0.0,0.0,0.0,True,False
2026-01-15 18:30,EV_018,EV,0.0,0.0,0.0,0.0,0.0,0.0,False,True
2026-01-15 18:30,EV_019,EV,0.0,0.0,0.0,0.0,0.0,0.0,False,True
2026-01-15 18:30,EV_020,EV,0.0,7.4,0.0,7.4,7.4,1.85,True,True
2026-01-15 18:30,FL001,FLEXIBLE_LOAD,0.0,0.0,0.0,0.0,0.0,0.0,False,False
2026-01-15 18:30,FL002,FLEXIBLE_LOAD,0.0,0.0,0.0,0.0,0.0,0.0,False,True
2026-01-15 18:30,FL003,FLEXIBLE_LOAD,0.0,0.0,0.0,0.0,0.0,0.0,False,True
2026-01-15 18:45,PV_H002,PV,0.0,0.0,0.0,0.0,0.0,0.0,False,True
2026-01-15 18:45,PV_H003,PV,0.0,0.0,0.0,0.0,0.0,0.0,False,True
2026-01-15 18:45,PV_H005,PV,0.0,0.0,0.0,0.0,0.0,0.0,False,False
2026-01-15 18:45,PV_H006,PV,0.0,0.0,0.0,0.0,0.0,0.0,False,True
2026-01-15 18:45,PV_H007,PV,0.0,0.0,0.0,0.0,0.0,0.0,False,False
2026-01-15 18:45,PV_H010,PV,0.0,0.0,0.0,0.0,0.0,0.0,False,False
2026-01-15 18:45,PV_H016,PV,0.0,0.0,0.0,0.0,0.0,0.0,False,True
2026-01-15 18:45,PV_H017,PV,0.0,0.0,0.0,0.0,0.0,0.0,False,True
2026-01-15 18:45,PV_H018,PV,0.0,0.0,0.0,0.0,0.0,0.0,False,True
2026-01-15 18:45,PV_H021,PV,0.0,0.0,0.0,0.0,0.0,0.0,False,True
2026-01-15 18:45,PV_H024,PV,0.0,0.0,0.0,0.0,0.0,0.0,False,True
2026-01-15 18:45,PV_H025,PV,0.0,0.0,0.0,0.0,0.0,0.0,False,False
2026-01-15 18:45,PV_H026,PV,0.0,0.0,0.0,0.0,0.0,0.0,False,False
2026-01-15 18:45,PV_H027,PV,0.0,0.0,0.0,0.0,0.0,0.0,False,True
2026-01-15 18:45,PV_H032,PV,0.0,0.0,0.0,0.0,0.0,0.0,False,False
2026-01-15 18:45,PV_H033,PV,0.0,0.0,0.0,0.0,0.0,0.0,False,True
2026-01-15 18:45,PV_H034,PV,0.0,0.0,0.0,0.0,0.0,0.0,False,True
2026-01-15 18:45,PV_H035,PV,0.0,0.0,0.0,0.0,0.0,0.0,False,True
2026-01-15 18:45,PV_H036,PV,0.0,0.0,0.0,0.0,0.0,0.0,False,False
2026-01-15 18:45,PV_H037,PV,0.0,0.0,0.0,0.0,0.0,0.0,False,False
2026-01-15 18:45,PV_H040,PV,0.0,0.0,0.0,0.0,0.0,0.0,False,False
2026-01-15 18:45,PV_H042,PV,0.0,0.0,0.0,0.0,0.0,0.0,False,True
2026-01-15 18:45,PV_H044,PV,0.0,0.0,0.0,0.0,0.0,0.0,False,False
2026-01-15 18:45,PV_H046,PV,0.0,0.0,0.0,0.0,0.0,0.0,False,False
2026-01-15 18:45,PV_H048,PV,0.0,0.0,0.0,0.0,0.0,0.0,False,False
2026-01-15 18:45,PV_H049,PV,0.0,0.0,0.0,0.0,0.0,0.0,False,True
2026-01-15 18:45,PV_H050,PV,0.0,0.0,0.0,0.0,0.0,0.0,False,True
2026-01-15 18:45,PV_H053,PV,0.0,0.0,0.0,0.0,0.0,0.0,False,False
2026-01-15 18:45,PV_H055,PV,0.0,0.0,0.0,0.0,0.0,0.0,False,True
2026-01-15 18:45,PV_H057,PV,0.0,0.0,0.0,0.0,0.0,0.0,False,True
2026-01-15 18:45,PV_H058,PV,0.0,0.0,0.0,0.0,0.0,0.0,False,True
2026-01-15 18:45,PV_H060,PV,0.0,0.0,0.0,0.0,0.0,0.0,False,True
2026-01-15 18:45,PV_H061,PV,0.0,0.0,0.0,0.0,0.0,0.0,False,True
2026-01-15 18:45,PV_H062,PV,0.0,0.0,0.0,0.0,0.0,0.0,False,False
2026-01-15 18:45,PV_H063,PV,0.0,0.0,0.0,0.0,0.0,0.0,False,False
2026-01-15 18:45,PV_H066,PV,0.0,0.0,0.0,0.0,0.0,0.0,False,False
2026-01-15 18:45,PV_H067,PV,0.0,0.0,0.0,0.0,0.0,0.0,False,True
2026-01-15 18:45,PV_H069,PV,0.0,0.0,0.0,0.0,0.0,0.0,False,True
2026-01-15 18:45,PV_H071,PV,0.0,0.0,0.0,0.0,0.0,0.0,False,True
2026-01-15 18:45,PV_H072,PV,0.0,0.0,0.0,0.0,0.0,0.0,False,True
2026-01-15 18:45,PV_H073,PV,0.0,0.0,0.0,0.0,0.0,0.0,False,True
2026-01-15 18:45,PV_H074,PV,0.0,0.0,0.0,0.0,0.0,0.0,False,False
2026-01-15 18:45,PV_H076,PV,0.0,0.0,0.0,0.0,0.0,0.0,False,True
2026-01-15 18:45,PV_H077,PV,0.0,0.0,0.0,0.0,0.0,0.0,False,True
2026-01-15 18:45,PV_H078,PV,0.0,0.0,0.0,0.0,0.0,0.0,False,False
2026-01-15 18:45,PV_H079,PV,0.0,0.0,0.0,0.0,0.0,0.0,False,True
2026-01-15 18:45,PV_H080,PV,0.0,0.0,0.0,0.0,0.0,0.0,False,False
2026-01-15 18:45,PV_H081,PV,0.0,0.0,0.0,0.0,0.0,0.0,False,True
2026-01-15 18:45,PV_H082,PV,0.0,0.0,0.0,0.0,0.0,0.0,False,True
2026-01-15 18:45,PV_H083,PV,0.0,0.0,0.0,0.0,0.0,0.0,False,True
2026-01-15 18:45,PV_H085,PV,0.0,0.0,0.0,0.0,0.0,0.0,False,False
2026-01-15 18:45,PV_H087,PV,0.0,0.0,0.0,0.0,0.0,0.0,False,False
2026-01-15 18:45,PV_H088,PV,0.0,0.0,0.0,0.0,0.0,0.0,False,False
2026-01-15 18:45,PV_H090,PV,0.0,0.0,0.0,0.0,0.0,0.0,False,True
2026-01-15 18:45,PV_H093,PV,0.0,0.0,0.0,0.0,0.0,0.0,False,True
2026-01-15 18:45,PV_H094,PV,0.0,0.0,0.0,0.0,0.0,0.0,False,True
2026-01-15 18:45,PV_H095,PV,0.0,0.0,0.0,0.0,0.0,0.0,False,False
2026-01-15 18:45,PV_H096,PV,0.0,0.0,0.0,0.0,0.0,0.0,False,True
2026-01-15 18:45,PV_H098,PV,0.0,0.0,0.0,0.0,0.0,0.0,False,True
2026-01-15 18:45,PV_H099,PV,0.0,0.0,0.0,0.0,0.0,0.0,False,False
2026-01-15 18:45,BESS_COMMUNITY_01,BESS,25.0,25.0,25.0,25.0,0.0,60.0,True,True
2026-01-15 18:45,EV_001,EV,0.0,0.0,0.0,0.0,0.0,0.0,False,True
2026-01-15 18:45,EV_002,EV,0.0,7.4,0.0,7.4,7.4,1.85,True,True
2026-01-15 18:45,EV_003,EV,0.0,0.0,0.0,0.0,0.0,0.0,False,True
2026-01-15 18:45,EV_004,EV,0.0,0.0,0.0,0.0,0.0,0.0,False,False
2026-01-15 18:45,EV_005,EV,0.0,7.4,0.0,7.4,7.4,1.85,True,True
2026-01-15 18:45,EV_006,EV,0.0,0.0,0.0,0.0,0.0,0.0,False,True
2026-01-15 18:45,EV_007,EV,0.0,0.0,0.0,0.0,0.0,0.0,False,True
2026-01-15 18:45,EV_008,EV,0.0,0.0,0.0,0.0,0.0,0.0,False,True
2026-01-15 18:45,EV_009,EV,0.0,0.0,0.0,0.0,0.0,0.0,False,True
2026-01-15 18:45,EV_010,EV,0.0,0.0,0.0,0.0,0.0,0.0,False,True
2026-01-15 18:45,EV_011,EV,0.0,0.0,0.0,0.0,0.0,0.0,False,True
2026-01-15 18:45,EV_012,EV,0.0,7.4,0.0,0.0,0.0,0.0,True,False
2026-01-15 18:45,EV_013,EV,0.0,7.4,0.0,0.0,0.0,0.0,True,False
2026-01-15 18:45,EV_014,EV,0.0,0.0,0.0,0.0,0.0,0.0,False,True
2026-01-15 18:45,EV_015,EV,0.0,0.0,0.0,0.0,0.0,0.0,False,True
2026-01-15 18:45,EV_016,EV,0.0,7.4,0.0,0.0,0.0,0.0,True,False
2026-01-15 18:45,EV_017,EV,0.0,7.4,0.0,0.0,0.0,0.0,True,False
2026-01-15 18:45,EV_018,EV,0.0,0.0,0.0,0.0,0.0,0.0,False,True
2026-01-15 18:45,EV_019,EV,0.0,0.0,0.0,0.0,0.0,0.0,False,True
2026-01-15 18:45,EV_020,EV,0.0,7.4,0.0,7.4,7.4,1.85,True,True
2026-01-15 18:45,FL001,FLEXIBLE_LOAD,0.0,0.0,0.0,0.0,0.0,0.0,False,False
2026-01-15 18:45,FL002,FLEXIBLE_LOAD,0.0,0.0,0.0,0.0,0.0,0.0,False,True
2026-01-15 18:45,FL003,FLEXIBLE_LOAD,0.0,0.0,0.0,0.0,0.0,0.0,False,True
2026-01-15 19:00,PV_H002,PV,0.0,0.0,0.0,0.0,0.0,0.0,False,True
2026-01-15 19:00,PV_H003,PV,0.0,0.0,0.0,0.0,0.0,0.0,False,True
2026-01-15 19:00,PV_H005,PV,0.0,0.0,0.0,0.0,0.0,0.0,False,False
2026-01-15 19:00,PV_H006,PV,0.0,0.0,0.0,0.0,0.0,0.0,False,True
2026-01-15 19:00,PV_H007,PV,0.0,0.0,0.0,0.0,0.0,0.0,False,False
2026-01-15 19:00,PV_H010,PV,0.0,0.0,0.0,0.0,0.0,0.0,False,False
2026-01-15 19:00,PV_H016,PV,0.0,0.0,0.0,0.0,0.0,0.0,False,True
2026-01-15 19:00,PV_H017,PV,0.0,0.0,0.0,0.0,0.0,0.0,False,True
2026-01-15 19:00,PV_H018,PV,0.0,0.0,0.0,0.0,0.0,0.0,False,True
2026-01-15 19:00,PV_H021,PV,0.0,0.0,0.0,0.0,0.0,0.0,False,True
2026-01-15 19:00,PV_H024,PV,0.0,0.0,0.0,0.0,0.0,0.0,False,True
2026-01-15 19:00,PV_H025,PV,0.0,0.0,0.0,0.0,0.0,0.0,False,False
2026-01-15 19:00,PV_H026,PV,0.0,0.0,0.0,0.0,0.0,0.0,False,False
2026-01-15 19:00,PV_H027,PV,0.0,0.0,0.0,0.0,0.0,0.0,False,True
2026-01-15 19:00,PV_H032,PV,0.0,0.0,0.0,0.0,0.0,0.0,False,False
2026-01-15 19:00,PV_H033,PV,0.0,0.0,0.0,0.0,0.0,0.0,False,True
2026-01-15 19:00,PV_H034,PV,0.0,0.0,0.0,0.0,0.0,0.0,False,True
2026-01-15 19:00,PV_H035,PV,0.0,0.0,0.0,0.0,0.0,0.0,False,True
2026-01-15 19:00,PV_H036,PV,0.0,0.0,0.0,0.0,0.0,0.0,False,False
2026-01-15 19:00,PV_H037,PV,0.0,0.0,0.0,0.0,0.0,0.0,False,False
2026-01-15 19:00,PV_H040,PV,0.0,0.0,0.0,0.0,0.0,0.0,False,False
2026-01-15 19:00,PV_H042,PV,0.0,0.0,0.0,0.0,0.0,0.0,False,True
2026-01-15 19:00,PV_H044,PV,0.0,0.0,0.0,0.0,0.0,0.0,False,False
2026-01-15 19:00,PV_H046,PV,0.0,0.0,0.0,0.0,0.0,0.0,False,False
2026-01-15 19:00,PV_H048,PV,0.0,0.0,0.0,0.0,0.0,0.0,False,False
2026-01-15 19:00,PV_H049,PV,0.0,0.0,0.0,0.0,0.0,0.0,False,True
2026-01-15 19:00,PV_H050,PV,0.0,0.0,0.0,0.0,0.0,0.0,False,True
2026-01-15 19:00,PV_H053,PV,0.0,0.0,0.0,0.0,0.0,0.0,False,False
2026-01-15 19:00,PV_H055,PV,0.0,0.0,0.0,0.0,0.0,0.0,False,True
2026-01-15 19:00,PV_H057,PV,0.0,0.0,0.0,0.0,0.0,0.0,False,True
2026-01-15 19:00,PV_H058,PV,0.0,0.0,0.0,0.0,0.0,0.0,False,True
2026-01-15 19:00,PV_H060,PV,0.0,0.0,0.0,0.0,0.0,0.0,False,True
2026-01-15 19:00,PV_H061,PV,0.0,0.0,0.0,0.0,0.0,0.0,False,True
2026-01-15 19:00,PV_H062,PV,0.0,0.0,0.0,0.0,0.0,0.0,False,False
2026-01-15 19:00,PV_H063,PV,0.0,0.0,0.0,0.0,0.0,0.0,False,False
2026-01-15 19:00,PV_H066,PV,0.0,0.0,0.0,0.0,0.0,0.0,False,False
2026-01-15 19:00,PV_H067,PV,0.0,0.0,0.0,0.0,0.0,0.0,False,True
2026-01-15 19:00,PV_H069,PV,0.0,0.0,0.0,0.0,0.0,0.0,False,True
2026-01-15 19:00,PV_H071,PV,0.0,0.0,0.0,0.0,0.0,0.0,False,True
2026-01-15 19:00,PV_H072,PV,0.0,0.0,0.0,0.0,0.0,0.0,False,True
2026-01-15 19:00,PV_H073,PV,0.0,0.0,0.0,0.0,0.0,0.0,False,True
2026-01-15 19:00,PV_H074,PV,0.0,0.0,0.0,0.0,0.0,0.0,False,False
2026-01-15 19:00,PV_H076,PV,0.0,0.0,0.0,0.0,0.0,0.0,False,True
2026-01-15 19:00,PV_H077,PV,0.0,0.0,0.0,0.0,0.0,0.0,False,True
2026-01-15 19:00,PV_H078,PV,0.0,0.0,0.0,0.0,0.0,0.0,False,False
2026-01-15 19:00,PV_H079,PV,0.0,0.0,0.0,0.0,0.0,0.0,False,True
2026-01-15 19:00,PV_H080,PV,0.0,0.0,0.0,0.0,0.0,0.0,False,False
2026-01-15 19:00,PV_H081,PV,0.0,0.0,0.0,0.0,0.0,0.0,False,True
2026-01-15 19:00,PV_H082,PV,0.0,0.0,0.0,0.0,0.0,0.0,False,True
2026-01-15 19:00,PV_H083,PV,0.0,0.0,0.0,0.0,0.0,0.0,False,True
2026-01-15 19:00,PV_H085,PV,0.0,0.0,0.0,0.0,0.0,0.0,False,False
2026-01-15 19:00,PV_H087,PV,0.0,0.0,0.0,0.0,0.0,0.0,False,False
2026-01-15 19:00,PV_H088,PV,0.0,0.0,0.0,0.0,0.0,0.0,False,False
2026-01-15 19:00,PV_H090,PV,0.0,0.0,0.0,0.0,0.0,0.0,False,True
2026-01-15 19:00,PV_H093,PV,0.0,0.0,0.0,0.0,0.0,0.0,False,True
2026-01-15 19:00,PV_H094,PV,0.0,0.0,0.0,0.0,0.0,0.0,False,True
2026-01-15 19:00,PV_H095,PV,0.0,0.0,0.0,0.0,0.0,0.0,False,False
2026-01-15 19:00,PV_H096,PV,0.0,0.0,0.0,0.0,0.0,0.0,False,True
2026-01-15 19:00,PV_H098,PV,0.0,0.0,0.0,0.0,0.0,0.0,False,True
2026-01-15 19:00,PV_H099,PV,0.0,0.0,0.0,0.0,0.0,0.0,False,False
2026-01-15 19:00,BESS_COMMUNITY_01,BESS,25.0,25.0,25.0,25.0,0.0,60.0,True,True
2026-01-15 19:00,EV_001,EV,0.0,0.0,0.0,0.0,0.0,0.0,False,True
2026-01-15 19:00,EV_002,EV,0.0,0.52,0.0,0.52,0.52,0.13,True,True
2026-01-15 19:00,EV_003,EV,0.0,0.0,0.0,0.0,0.0,0.0,False,True
2026-01-15 19:00,EV_004,EV,0.0,0.0,0.0,0.0,0.0,0.0,False,False
2026-01-15 19:00,EV_005,EV,0.0,7.4,0.0,7.4,7.4,1.85,True,True
2026-01-15 19:00,EV_006,EV,0.0,0.0,0.0,0.0,0.0,0.0,False,True
2026-01-15 19:00,EV_007,EV,0.0,0.0,0.0,0.0,0.0,0.0,False,True
2026-01-15 19:00,EV_008,EV,0.0,0.0,0.0,0.0,0.0,0.0,False,True
2026-01-15 19:00,EV_009,EV,0.0,0.0,0.0,0.0,0.0,0.0,False,True
2026-01-15 19:00,EV_010,EV,0.0,0.0,0.0,0.0,0.0,0.0,False,True
2026-01-15 19:00,EV_011,EV,0.0,0.0,0.0,0.0,0.0,0.0,False,True
2026-01-15 19:00,EV_012,EV,0.0,7.4,0.0,0.0,0.0,0.0,True,False
2026-01-15 19:00,EV_013,EV,0.0,7.4,0.0,0.0,0.0,0.0,True,False
2026-01-15 19:00,EV_014,EV,0.0,0.0,0.0,0.0,0.0,0.0,False,True
2026-01-15 19:00,EV_015,EV,0.0,0.0,0.0,0.0,0.0,0.0,False,True
2026-01-15 19:00,EV_016,EV,0.0,7.4,0.0,0.0,0.0,0.0,True,False
2026-01-15 19:00,EV_017,EV,0.0,7.4,0.0,0.0,0.0,0.0,True,False
2026-01-15 19:00,EV_018,EV,0.0,0.0,0.0,0.0,0.0,0.0,False,True
2026-01-15 19:00,EV_019,EV,0.0,0.0,0.0,0.0,0.0,0.0,False,True
2026-01-15 19:00,EV_020,EV,0.0,7.4,0.0,7.4,7.4,1.85,True,True
2026-01-15 19:00,FL001,FLEXIBLE_LOAD,0.0,0.0,0.0,0.0,0.0,0.0,False,False
2026-01-15 19:00,FL002,FLEXIBLE_LOAD,0.0,0.0,0.0,0.0,0.0,0.0,False,True
2026-01-15 19:00,FL003,FLEXIBLE_LOAD,0.0,0.0,0.0,0.0,0.0,0.0,False,True
2026-01-15 19:15,PV_H002,PV,0.0,0.0,0.0,0.0,0.0,0.0,False,True
2026-01-15 19:15,PV_H003,PV,0.0,0.0,0.0,0.0,0.0,0.0,False,True
2026-01-15 19:15,PV_H005,PV,0.0,0.0,0.0,0.0,0.0,0.0,False,False
2026-01-15 19:15,PV_H006,PV,0.0,0.0,0.0,0.0,0.0,0.0,False,True
2026-01-15 19:15,PV_H007,PV,0.0,0.0,0.0,0.0,0.0,0.0,False,False
2026-01-15 19:15,PV_H010,PV,0.0,0.0,0.0,0.0,0.0,0.0,False,False
2026-01-15 19:15,PV_H016,PV,0.0,0.0,0.0,0.0,0.0,0.0,False,True
2026-01-15 19:15,PV_H017,PV,0.0,0.0,0.0,0.0,0.0,0.0,False,True
2026-01-15 19:15,PV_H018,PV,0.0,0.0,0.0,0.0,0.0,0.0,False,True
2026-01-15 19:15,PV_H021,PV,0.0,0.0,0.0,0.0,0.0,0.0,False,True
2026-01-15 19:15,PV_H024,PV,0.0,0.0,0.0,0.0,0.0,0.0,False,True
2026-01-15 19:15,PV_H025,PV,0.0,0.0,0.0,0.0,0.0,0.0,False,False
2026-01-15 19:15,PV_H026,PV,0.0,0.0,0.0,0.0,0.0,0.0,False,False
2026-01-15 19:15,PV_H027,PV,0.0,0.0,0.0,0.0,0.0,0.0,False,True
2026-01-15 19:15,PV_H032,PV,0.0,0.0,0.0,0.0,0.0,0.0,False,False
2026-01-15 19:15,PV_H033,PV,0.0,0.0,0.0,0.0,0.0,0.0,False,True
2026-01-15 19:15,PV_H034,PV,0.0,0.0,0.0,0.0,0.0,0.0,False,True
2026-01-15 19:15,PV_H035,PV,0.0,0.0,0.0,0.0,0.0,0.0,False,True
2026-01-15 19:15,PV_H036,PV,0.0,0.0,0.0,0.0,0.0,0.0,False,False
2026-01-15 19:15,PV_H037,PV,0.0,0.0,0.0,0.0,0.0,0.0,False,False
2026-01-15 19:15,PV_H040,PV,0.0,0.0,0.0,0.0,0.0,0.0,False,False
2026-01-15 19:15,PV_H042,PV,0.0,0.0,0.0,0.0,0.0,0.0,False,True
2026-01-15 19:15,PV_H044,PV,0.0,0.0,0.0,0.0,0.0,0.0,False,False
2026-01-15 19:15,PV_H046,PV,0.0,0.0,0.0,0.0,0.0,0.0,False,False
2026-01-15 19:15,PV_H048,PV,0.0,0.0,0.0,0.0,0.0,0.0,False,False
2026-01-15 19:15,PV_H049,PV,0.0,0.0,0.0,0.0,0.0,0.0,False,True
2026-01-15 19:15,PV_H050,PV,0.0,0.0,0.0,0.0,0.0,0.0,False,True
2026-01-15 19:15,PV_H053,PV,0.0,0.0,0.0,0.0,0.0,0.0,False,False
2026-01-15 19:15,PV_H055,PV,0.0,0.0,0.0,0.0,0.0,0.0,False,True
2026-01-15 19:15,PV_H057,PV,0.0,0.0,0.0,0.0,0.0,0.0,False,True
2026-01-15 19:15,PV_H058,PV,0.0,0.0,0.0,0.0,0.0,0.0,False,True
2026-01-15 19:15,PV_H060,PV,0.0,0.0,0.0,0.0,0.0,0.0,False,True
2026-01-15 19:15,PV_H061,PV,0.0,0.0,0.0,0.0,0.0,0.0,False,True
2026-01-15 19:15,PV_H062,PV,0.0,0.0,0.0,0.0,0.0,0.0,False,False
2026-01-15 19:15,PV_H063,PV,0.0,0.0,0.0,0.0,0.0,0.0,False,False
2026-01-15 19:15,PV_H066,PV,0.0,0.0,0.0,0.0,0.0,0.0,False,False
2026-01-15 19:15,PV_H067,PV,0.0,0.0,0.0,0.0,0.0,0.0,False,True
2026-01-15 19:15,PV_H069,PV,0.0,0.0,0.0,0.0,0.0,0.0,False,True
2026-01-15 19:15,PV_H071,PV,0.0,0.0,0.0,0.0,0.0,0.0,False,True
2026-01-15 19:15,PV_H072,PV,0.0,0.0,0.0,0.0,0.0,0.0,False,True
2026-01-15 19:15,PV_H073,PV,0.0,0.0,0.0,0.0,0.0,0.0,False,True
2026-01-15 19:15,PV_H074,PV,0.0,0.0,0.0,0.0,0.0,0.0,False,False
2026-01-15 19:15,PV_H076,PV,0.0,0.0,0.0,0.0,0.0,0.0,False,True
2026-01-15 19:15,PV_H077,PV,0.0,0.0,0.0,0.0,0.0,0.0,False,True
2026-01-15 19:15,PV_H078,PV,0.0,0.0,0.0,0.0,0.0,0.0,False,False
2026-01-15 19:15,PV_H079,PV,0.0,0.0,0.0,0.0,0.0,0.0,False,True
2026-01-15 19:15,PV_H080,PV,0.0,0.0,0.0,0.0,0.0,0.0,False,False
2026-01-15 19:15,PV_H081,PV,0.0,0.0,0.0,0.0,0.0,0.0,False,True
2026-01-15 19:15,PV_H082,PV,0.0,0.0,0.0,0.0,0.0,0.0,False,True
2026-01-15 19:15,PV_H083,PV,0.0,0.0,0.0,0.0,0.0,0.0,False,True
2026-01-15 19:15,PV_H085,PV,0.0,0.0,0.0,0.0,0.0,0.0,False,False
2026-01-15 19:15,PV_H087,PV,0.0,0.0,0.0,0.0,0.0,0.0,False,False
2026-01-15 19:15,PV_H088,PV,0.0,0.0,0.0,0.0,0.0,0.0,False,False
2026-01-15 19:15,PV_H090,PV,0.0,0.0,0.0,0.0,0.0,0.0,False,True
2026-01-15 19:15,PV_H093,PV,0.0,0.0,0.0,0.0,0.0,0.0,False,True
2026-01-15 19:15,PV_H094,PV,0.0,0.0,0.0,0.0,0.0,0.0,False,True
2026-01-15 19:15,PV_H095,PV,0.0,0.0,0.0,0.0,0.0,0.0,False,False
2026-01-15 19:15,PV_H096,PV,0.0,0.0,0.0,0.0,0.0,0.0,False,True
2026-01-15 19:15,PV_H098,PV,0.0,0.0,0.0,0.0,0.0,0.0,False,True
2026-01-15 19:15,PV_H099,PV,0.0,0.0,0.0,0.0,0.0,0.0,False,False
2026-01-15 19:15,BESS_COMMUNITY_01,BESS,25.0,25.0,25.0,25.0,0.0,60.0,True,True
2026-01-15 19:15,EV_001,EV,0.0,0.0,0.0,0.0,0.0,0.0,False,True
2026-01-15 19:15,EV_002,EV,0.0,0.0,0.0,0.0,0.0,0.0,False,True
2026-01-15 19:15,EV_003,EV,0.0,0.0,0.0,0.0,0.0,0.0,False,True
2026-01-15 19:15,EV_004,EV,0.0,0.0,0.0,0.0,0.0,0.0,False,False
2026-01-15 19:15,EV_005,EV,0.0,7.4,0.0,7.4,7.4,1.85,True,True
2026-01-15 19:15,EV_006,EV,0.0,0.0,0.0,0.0,0.0,0.0,False,True
2026-01-15 19:15,EV_007,EV,0.0,0.0,0.0,0.0,0.0,0.0,False,True
2026-01-15 19:15,EV_008,EV,0.0,0.0,0.0,0.0,0.0,0.0,False,True
2026-01-15 19:15,EV_009,EV,0.0,0.0,0.0,0.0,0.0,0.0,False,True
2026-01-15 19:15,EV_010,EV,0.0,7.4,0.0,7.4,7.4,1.85,True,True
2026-01-15 19:15,EV_011,EV,0.0,0.0,0.0,0.0,0.0,0.0,False,True
2026-01-15 19:15,EV_012,EV,0.0,7.2,0.0,0.0,0.0,0.0,True,False
2026-01-15 19:15,EV_013,EV,0.0,7.4,0.0,0.0,0.0,0.0,True,False
2026-01-15 19:15,EV_014,EV,0.0,0.0,0.0,0.0,0.0,0.0,False,True
2026-01-15 19:15,EV_015,EV,0.0,0.0,0.0,0.0,0.0,0.0,False,True
2026-01-15 19:15,EV_016,EV,0.0,7.4,0.0,0.0,0.0,0.0,True,False
2026-01-15 19:15,EV_017,EV,0.0,7.4,0.0,0.0,0.0,0.0,True,False
2026-01-15 19:15,EV_018,EV,0.0,0.0,0.0,0.0,0.0,0.0,False,True
2026-01-15 19:15,EV_019,EV,0.0,0.0,0.0,0.0,0.0,0.0,False,True
2026-01-15 19:15,EV_020,EV,0.0,3.16,0.0,3.16,3.16,0.79,True,True
2026-01-15 19:15,FL001,FLEXIBLE_LOAD,0.0,0.0,0.0,0.0,0.0,0.0,False,False
2026-01-15 19:15,FL002,FLEXIBLE_LOAD,0.0,0.0,0.0,0.0,0.0,0.0,False,True
2026-01-15 19:15,FL003,FLEXIBLE_LOAD,0.0,0.0,0.0,0.0,0.0,0.0,False,True
2026-01-15 19:30,PV_H002,PV,0.0,0.0,0.0,0.0,0.0,0.0,False,True
2026-01-15 19:30,PV_H003,PV,0.0,0.0,0.0,0.0,0.0,0.0,False,True
2026-01-15 19:30,PV_H005,PV,0.0,0.0,0.0,0.0,0.0,0.0,False,False
2026-01-15 19:30,PV_H006,PV,0.0,0.0,0.0,0.0,0.0,0.0,False,True
2026-01-15 19:30,PV_H007,PV,0.0,0.0,0.0,0.0,0.0,0.0,False,False
2026-01-15 19:30,PV_H010,PV,0.0,0.0,0.0,0.0,0.0,0.0,False,False
2026-01-15 19:30,PV_H016,PV,0.0,0.0,0.0,0.0,0.0,0.0,False,True
2026-01-15 19:30,PV_H017,PV,0.0,0.0,0.0,0.0,0.0,0.0,False,True
2026-01-15 19:30,PV_H018,PV,0.0,0.0,0.0,0.0,0.0,0.0,False,True
2026-01-15 19:30,PV_H021,PV,0.0,0.0,0.0,0.0,0.0,0.0,False,True
2026-01-15 19:30,PV_H024,PV,0.0,0.0,0.0,0.0,0.0,0.0,False,True
2026-01-15 19:30,PV_H025,PV,0.0,0.0,0.0,0.0,0.0,0.0,False,False
2026-01-15 19:30,PV_H026,PV,0.0,0.0,0.0,0.0,0.0,0.0,False,False
2026-01-15 19:30,PV_H027,PV,0.0,0.0,0.0,0.0,0.0,0.0,False,True
2026-01-15 19:30,PV_H032,PV,0.0,0.0,0.0,0.0,0.0,0.0,False,False
2026-01-15 19:30,PV_H033,PV,0.0,0.0,0.0,0.0,0.0,0.0,False,True
2026-01-15 19:30,PV_H034,PV,0.0,0.0,0.0,0.0,0.0,0.0,False,True
2026-01-15 19:30,PV_H035,PV,0.0,0.0,0.0,0.0,0.0,0.0,False,True
2026-01-15 19:30,PV_H036,PV,0.0,0.0,0.0,0.0,0.0,0.0,False,False
2026-01-15 19:30,PV_H037,PV,0.0,0.0,0.0,0.0,0.0,0.0,False,False
2026-01-15 19:30,PV_H040,PV,0.0,0.0,0.0,0.0,0.0,0.0,False,False
2026-01-15 19:30,PV_H042,PV,0.0,0.0,0.0,0.0,0.0,0.0,False,True
2026-01-15 19:30,PV_H044,PV,0.0,0.0,0.0,0.0,0.0,0.0,False,False
2026-01-15 19:30,PV_H046,PV,0.0,0.0,0.0,0.0,0.0,0.0,False,False
2026-01-15 19:30,PV_H048,PV,0.0,0.0,0.0,0.0,0.0,0.0,False,False
2026-01-15 19:30,PV_H049,PV,0.0,0.0,0.0,0.0,0.0,0.0,False,True
2026-01-15 19:30,PV_H050,PV,0.0,0.0,0.0,0.0,0.0,0.0,False,True
2026-01-15 19:30,PV_H053,PV,0.0,0.0,0.0,0.0,0.0,0.0,False,False
2026-01-15 19:30,PV_H055,PV,0.0,0.0,0.0,0.0,0.0,0.0,False,True
2026-01-15 19:30,PV_H057,PV,0.0,0.0,0.0,0.0,0.0,0.0,False,True
2026-01-15 19:30,PV_H058,PV,0.0,0.0,0.0,0.0,0.0,0.0,False,True
2026-01-15 19:30,PV_H060,PV,0.0,0.0,0.0,0.0,0.0,0.0,False,True
2026-01-15 19:30,PV_H061,PV,0.0,0.0,0.0,0.0,0.0,0.0,False,True
2026-01-15 19:30,PV_H062,PV,0.0,0.0,0.0,0.0,0.0,0.0,False,False
2026-01-15 19:30,PV_H063,PV,0.0,0.0,0.0,0.0,0.0,0.0,False,False
2026-01-15 19:30,PV_H066,PV,0.0,0.0,0.0,0.0,0.0,0.0,False,False
2026-01-15 19:30,PV_H067,PV,0.0,0.0,0.0,0.0,0.0,0.0,False,True
2026-01-15 19:30,PV_H069,PV,0.0,0.0,0.0,0.0,0.0,0.0,False,True
2026-01-15 19:30,PV_H071,PV,0.0,0.0,0.0,0.0,0.0,0.0,False,True
2026-01-15 19:30,PV_H072,PV,0.0,0.0,0.0,0.0,0.0,0.0,False,True
2026-01-15 19:30,PV_H073,PV,0.0,0.0,0.0,0.0,0.0,0.0,False,True
2026-01-15 19:30,PV_H074,PV,0.0,0.0,0.0,0.0,0.0,0.0,False,False
2026-01-15 19:30,PV_H076,PV,0.0,0.0,0.0,0.0,0.0,0.0,False,True
2026-01-15 19:30,PV_H077,PV,0.0,0.0,0.0,0.0,0.0,0.0,False,True
2026-01-15 19:30,PV_H078,PV,0.0,0.0,0.0,0.0,0.0,0.0,False,False
2026-01-15 19:30,PV_H079,PV,0.0,0.0,0.0,0.0,0.0,0.0,False,True
2026-01-15 19:30,PV_H080,PV,0.0,0.0,0.0,0.0,0.0,0.0,False,False
2026-01-15 19:30,PV_H081,PV,0.0,0.0,0.0,0.0,0.0,0.0,False,True
2026-01-15 19:30,PV_H082,PV,0.0,0.0,0.0,0.0,0.0,0.0,False,True
2026-01-15 19:30,PV_H083,PV,0.0,0.0,0.0,0.0,0.0,0.0,False,True
2026-01-15 19:30,PV_H085,PV,0.0,0.0,0.0,0.0,0.0,0.0,False,False
2026-01-15 19:30,PV_H087,PV,0.0,0.0,0.0,0.0,0.0,0.0,False,False
2026-01-15 19:30,PV_H088,PV,0.0,0.0,0.0,0.0,0.0,0.0,False,False
2026-01-15 19:30,PV_H090,PV,0.0,0.0,0.0,0.0,0.0,0.0,False,True
2026-01-15 19:30,PV_H093,PV,0.0,0.0,0.0,0.0,0.0,0.0,False,True
2026-01-15 19:30,PV_H094,PV,0.0,0.0,0.0,0.0,0.0,0.0,False,True
2026-01-15 19:30,PV_H095,PV,0.0,0.0,0.0,0.0,0.0,0.0,False,False
2026-01-15 19:30,PV_H096,PV,0.0,0.0,0.0,0.0,0.0,0.0,False,True
2026-01-15 19:30,PV_H098,PV,0.0,0.0,0.0,0.0,0.0,0.0,False,True
2026-01-15 19:30,PV_H099,PV,0.0,0.0,0.0,0.0,0.0,0.0,False,False
2026-01-15 19:30,BESS_COMMUNITY_01,BESS,25.0,25.0,25.0,25.0,0.0,60.0,True,True
2026-01-15 19:30,EV_001,EV,0.0,0.0,0.0,0.0,0.0,0.0,False,True
2026-01-15 19:30,EV_002,EV,0.0,0.0,0.0,0.0,0.0,0.0,False,True
2026-01-15 19:30,EV_003,EV,0.0,0.0,0.0,0.0,0.0,0.0,False,True
2026-01-15 19:30,EV_004,EV,0.0,0.0,0.0,0.0,0.0,0.0,False,False
2026-01-15 19:30,EV_005,EV,0.0,7.4,0.0,7.4,7.4,1.85,True,True
2026-01-15 19:30,EV_006,EV,0.0,0.0,0.0,0.0,0.0,0.0,False,True
2026-01-15 19:30,EV_007,EV,0.0,0.0,0.0,0.0,0.0,0.0,False,True
2026-01-15 19:30,EV_008,EV,0.0,0.0,0.0,0.0,0.0,0.0,False,True
2026-01-15 19:30,EV_009,EV,0.0,0.0,0.0,0.0,0.0,0.0,False,True
2026-01-15 19:30,EV_010,EV,0.0,7.4,0.0,7.4,7.4,1.85,True,True
2026-01-15 19:30,EV_011,EV,0.0,0.0,0.0,0.0,0.0,0.0,False,True
2026-01-15 19:30,EV_012,EV,0.0,0.0,0.0,0.0,0.0,0.0,False,False
2026-01-15 19:30,EV_013,EV,0.0,7.4,0.0,0.0,0.0,0.0,True,False
2026-01-15 19:30,EV_014,EV,0.0,0.0,0.0,0.0,0.0,0.0,False,True
2026-01-15 19:30,EV_015,EV,0.0,0.0,0.0,0.0,0.0,0.0,False,True
2026-01-15 19:30,EV_016,EV,0.0,7.4,0.0,0.0,0.0,0.0,True,False
2026-01-15 19:30,EV_017,EV,0.0,7.4,0.0,0.0,0.0,0.0,True,False
2026-01-15 19:30,EV_018,EV,0.0,0.0,0.0,0.0,0.0,0.0,False,True
2026-01-15 19:30,EV_019,EV,0.0,0.0,0.0,0.0,0.0,0.0,False,True
2026-01-15 19:30,EV_020,EV,0.0,0.0,0.0,0.0,0.0,0.0,False,True
2026-01-15 19:30,FL001,FLEXIBLE_LOAD,0.0,0.0,0.0,0.0,0.0,0.0,False,False
2026-01-15 19:30,FL002,FLEXIBLE_LOAD,0.0,0.0,0.0,0.0,0.0,0.0,False,True
2026-01-15 19:30,FL003,FLEXIBLE_LOAD,0.0,0.0,0.0,0.0,0.0,0.0,False,True
2026-01-15 19:45,PV_H002,PV,0.0,0.0,0.0,0.0,0.0,0.0,False,True
2026-01-15 19:45,PV_H003,PV,0.0,0.0,0.0,0.0,0.0,0.0,False,True
2026-01-15 19:45,PV_H005,PV,0.0,0.0,0.0,0.0,0.0,0.0,False,False
2026-01-15 19:45,PV_H006,PV,0.0,0.0,0.0,0.0,0.0,0.0,False,True
2026-01-15 19:45,PV_H007,PV,0.0,0.0,0.0,0.0,0.0,0.0,False,False
2026-01-15 19:45,PV_H010,PV,0.0,0.0,0.0,0.0,0.0,0.0,False,False
2026-01-15 19:45,PV_H016,PV,0.0,0.0,0.0,0.0,0.0,0.0,False,True
2026-01-15 19:45,PV_H017,PV,0.0,0.0,0.0,0.0,0.0,0.0,False,True
2026-01-15 19:45,PV_H018,PV,0.0,0.0,0.0,0.0,0.0,0.0,False,True
2026-01-15 19:45,PV_H021,PV,0.0,0.0,0.0,0.0,0.0,0.0,False,True
2026-01-15 19:45,PV_H024,PV,0.0,0.0,0.0,0.0,0.0,0.0,False,True
2026-01-15 19:45,PV_H025,PV,0.0,0.0,0.0,0.0,0.0,0.0,False,False
2026-01-15 19:45,PV_H026,PV,0.0,0.0,0.0,0.0,0.0,0.0,False,False
2026-01-15 19:45,PV_H027,PV,0.0,0.0,0.0,0.0,0.0,0.0,False,True
2026-01-15 19:45,PV_H032,PV,0.0,0.0,0.0,0.0,0.0,0.0,False,False
2026-01-15 19:45,PV_H033,PV,0.0,0.0,0.0,0.0,0.0,0.0,False,True
2026-01-15 19:45,PV_H034,PV,0.0,0.0,0.0,0.0,0.0,0.0,False,True
2026-01-15 19:45,PV_H035,PV,0.0,0.0,0.0,0.0,0.0,0.0,False,True
2026-01-15 19:45,PV_H036,PV,0.0,0.0,0.0,0.0,0.0,0.0,False,False
2026-01-15 19:45,PV_H037,PV,0.0,0.0,0.0,0.0,0.0,0.0,False,False
2026-01-15 19:45,PV_H040,PV,0.0,0.0,0.0,0.0,0.0,0.0,False,False
2026-01-15 19:45,PV_H042,PV,0.0,0.0,0.0,0.0,0.0,0.0,False,True
2026-01-15 19:45,PV_H044,PV,0.0,0.0,0.0,0.0,0.0,0.0,False,False
2026-01-15 19:45,PV_H046,PV,0.0,0.0,0.0,0.0,0.0,0.0,False,False
2026-01-15 19:45,PV_H048,PV,0.0,0.0,0.0,0.0,0.0,0.0,False,False
2026-01-15 19:45,PV_H049,PV,0.0,0.0,0.0,0.0,0.0,0.0,False,True
2026-01-15 19:45,PV_H050,PV,0.0,0.0,0.0,0.0,0.0,0.0,False,True
2026-01-15 19:45,PV_H053,PV,0.0,0.0,0.0,0.0,0.0,0.0,False,False
2026-01-15 19:45,PV_H055,PV,0.0,0.0,0.0,0.0,0.0,0.0,False,True
2026-01-15 19:45,PV_H057,PV,0.0,0.0,0.0,0.0,0.0,0.0,False,True
2026-01-15 19:45,PV_H058,PV,0.0,0.0,0.0,0.0,0.0,0.0,False,True
2026-01-15 19:45,PV_H060,PV,0.0,0.0,0.0,0.0,0.0,0.0,False,True
2026-01-15 19:45,PV_H061,PV,0.0,0.0,0.0,0.0,0.0,0.0,False,True
2026-01-15 19:45,PV_H062,PV,0.0,0.0,0.0,0.0,0.0,0.0,False,False
2026-01-15 19:45,PV_H063,PV,0.0,0.0,0.0,0.0,0.0,0.0,False,False
2026-01-15 19:45,PV_H066,PV,0.0,0.0,0.0,0.0,0.0,0.0,False,False
2026-01-15 19:45,PV_H067,PV,0.0,0.0,0.0,0.0,0.0,0.0,False,True
2026-01-15 19:45,PV_H069,PV,0.0,0.0,0.0,0.0,0.0,0.0,False,True
2026-01-15 19:45,PV_H071,PV,0.0,0.0,0.0,0.0,0.0,0.0,False,True
2026-01-15 19:45,PV_H072,PV,0.0,0.0,0.0,0.0,0.0,0.0,False,True
2026-01-15 19:45,PV_H073,PV,0.0,0.0,0.0,0.0,0.0,0.0,False,True
2026-01-15 19:45,PV_H074,PV,0.0,0.0,0.0,0.0,0.0,0.0,False,False
2026-01-15 19:45,PV_H076,PV,0.0,0.0,0.0,0.0,0.0,0.0,False,True
2026-01-15 19:45,PV_H077,PV,0.0,0.0,0.0,0.0,0.0,0.0,False,True
2026-01-15 19:45,PV_H078,PV,0.0,0.0,0.0,0.0,0.0,0.0,False,False
2026-01-15 19:45,PV_H079,PV,0.0,0.0,0.0,0.0,0.0,0.0,False,True
2026-01-15 19:45,PV_H080,PV,0.0,0.0,0.0,0.0,0.0,0.0,False,False
2026-01-15 19:45,PV_H081,PV,0.0,0.0,0.0,0.0,0.0,0.0,False,True
2026-01-15 19:45,PV_H082,PV,0.0,0.0,0.0,0.0,0.0,0.0,False,True
2026-01-15 19:45,PV_H083,PV,0.0,0.0,0.0,0.0,0.0,0.0,False,True
2026-01-15 19:45,PV_H085,PV,0.0,0.0,0.0,0.0,0.0,0.0,False,False
2026-01-15 19:45,PV_H087,PV,0.0,0.0,0.0,0.0,0.0,0.0,False,False
2026-01-15 19:45,PV_H088,PV,0.0,0.0,0.0,0.0,0.0,0.0,False,False
2026-01-15 19:45,PV_H090,PV,0.0,0.0,0.0,0.0,0.0,0.0,False,True
2026-01-15 19:45,PV_H093,PV,0.0,0.0,0.0,0.0,0.0,0.0,False,True
2026-01-15 19:45,PV_H094,PV,0.0,0.0,0.0,0.0,0.0,0.0,False,True
2026-01-15 19:45,PV_H095,PV,0.0,0.0,0.0,0.0,0.0,0.0,False,False
2026-01-15 19:45,PV_H096,PV,0.0,0.0,0.0,0.0,0.0,0.0,False,True
2026-01-15 19:45,PV_H098,PV,0.0,0.0,0.0,0.0,0.0,0.0,False,True
2026-01-15 19:45,PV_H099,PV,0.0,0.0,0.0,0.0,0.0,0.0,False,False
2026-01-15 19:45,BESS_COMMUNITY_01,BESS,25.0,25.0,25.0,25.0,0.0,60.0,True,True
2026-01-15 19:45,EV_001,EV,0.0,7.4,0.0,7.4,7.4,1.85,True,True
2026-01-15 19:45,EV_002,EV,0.0,0.0,0.0,0.0,0.0,0.0,False,True
2026-01-15 19:45,EV_003,EV,0.0,0.0,0.0,0.0,0.0,0.0,False,True
2026-01-15 19:45,EV_004,EV,0.0,0.0,0.0,0.0,0.0,0.0,False,False
2026-01-15 19:45,EV_005,EV,0.0,7.4,0.0,7.4,7.4,1.85,True,True
2026-01-15 19:45,EV_006,EV,0.0,0.0,0.0,0.0,0.0,0.0,False,True
2026-01-15 19:45,EV_007,EV,0.0,0.0,0.0,0.0,0.0,0.0,False,True
2026-01-15 19:45,EV_008,EV,0.0,0.0,0.0,0.0,0.0,0.0,False,True
2026-01-15 19:45,EV_009,EV,0.0,0.0,0.0,0.0,0.0,0.0,False,True
2026-01-15 19:45,EV_010,EV,0.0,7.4,0.0,7.4,7.4,1.85,True,True
2026-01-15 19:45,EV_011,EV,0.0,0.0,0.0,0.0,0.0,0.0,False,True
2026-01-15 19:45,EV_012,EV,0.0,0.0,0.0,0.0,0.0,0.0,False,False
2026-01-15 19:45,EV_013,EV,0.0,2.68,0.0,0.0,0.0,0.0,True,False
2026-01-15 19:45,EV_014,EV,0.0,0.0,0.0,0.0,0.0,0.0,False,True
2026-01-15 19:45,EV_015,EV,0.0,0.0,0.0,0.0,0.0,0.0,False,True
2026-01-15 19:45,EV_016,EV,0.0,7.4,0.0,0.0,0.0,0.0,True,False
2026-01-15 19:45,EV_017,EV,0.0,2.08,0.0,0.0,0.0,0.0,True,False
2026-01-15 19:45,EV_018,EV,0.0,0.0,0.0,0.0,0.0,0.0,False,True
2026-01-15 19:45,EV_019,EV,0.0,0.0,0.0,0.0,0.0,0.0,False,True
2026-01-15 19:45,EV_020,EV,0.0,0.0,0.0,0.0,0.0,0.0,False,True
2026-01-15 19:45,FL001,FLEXIBLE_LOAD,0.0,0.0,0.0,0.0,0.0,0.0,False,False
2026-01-15 19:45,FL002,FLEXIBLE_LOAD,0.0,0.0,0.0,0.0,0.0,0.0,False,True
2026-01-15 19:45,FL003,FLEXIBLE_LOAD,0.0,0.0,0.0,0.0,0.0,0.0,False,True
2026-01-15 20:00,PV_H002,PV,0.0,0.0,0.0,0.0,0.0,0.0,False,True
2026-01-15 20:00,PV_H003,PV,0.0,0.0,0.0,0.0,0.0,0.0,False,True
2026-01-15 20:00,PV_H005,PV,0.0,0.0,0.0,0.0,0.0,0.0,False,False
2026-01-15 20:00,PV_H006,PV,0.0,0.0,0.0,0.0,0.0,0.0,False,True
2026-01-15 20:00,PV_H007,PV,0.0,0.0,0.0,0.0,0.0,0.0,False,False
2026-01-15 20:00,PV_H010,PV,0.0,0.0,0.0,0.0,0.0,0.0,False,False
2026-01-15 20:00,PV_H016,PV,0.0,0.0,0.0,0.0,0.0,0.0,False,True
2026-01-15 20:00,PV_H017,PV,0.0,0.0,0.0,0.0,0.0,0.0,False,True
2026-01-15 20:00,PV_H018,PV,0.0,0.0,0.0,0.0,0.0,0.0,False,True
2026-01-15 20:00,PV_H021,PV,0.0,0.0,0.0,0.0,0.0,0.0,False,True
2026-01-15 20:00,PV_H024,PV,0.0,0.0,0.0,0.0,0.0,0.0,False,True
2026-01-15 20:00,PV_H025,PV,0.0,0.0,0.0,0.0,0.0,0.0,False,False
2026-01-15 20:00,PV_H026,PV,0.0,0.0,0.0,0.0,0.0,0.0,False,False
2026-01-15 20:00,PV_H027,PV,0.0,0.0,0.0,0.0,0.0,0.0,False,True
2026-01-15 20:00,PV_H032,PV,0.0,0.0,0.0,0.0,0.0,0.0,False,False
2026-01-15 20:00,PV_H033,PV,0.0,0.0,0.0,0.0,0.0,0.0,False,True
2026-01-15 20:00,PV_H034,PV,0.0,0.0,0.0,0.0,0.0,0.0,False,True
2026-01-15 20:00,PV_H035,PV,0.0,0.0,0.0,0.0,0.0,0.0,False,True
2026-01-15 20:00,PV_H036,PV,0.0,0.0,0.0,0.0,0.0,0.0,False,False
2026-01-15 20:00,PV_H037,PV,0.0,0.0,0.0,0.0,0.0,0.0,False,False
2026-01-15 20:00,PV_H040,PV,0.0,0.0,0.0,0.0,0.0,0.0,False,False
2026-01-15 20:00,PV_H042,PV,0.0,0.0,0.0,0.0,0.0,0.0,False,True
2026-01-15 20:00,PV_H044,PV,0.0,0.0,0.0,0.0,0.0,0.0,False,False
2026-01-15 20:00,PV_H046,PV,0.0,0.0,0.0,0.0,0.0,0.0,False,False
2026-01-15 20:00,PV_H048,PV,0.0,0.0,0.0,0.0,0.0,0.0,False,False
2026-01-15 20:00,PV_H049,PV,0.0,0.0,0.0,0.0,0.0,0.0,False,True
2026-01-15 20:00,PV_H050,PV,0.0,0.0,0.0,0.0,0.0,0.0,False,True
2026-01-15 20:00,PV_H053,PV,0.0,0.0,0.0,0.0,0.0,0.0,False,False
2026-01-15 20:00,PV_H055,PV,0.0,0.0,0.0,0.0,0.0,0.0,False,True
2026-01-15 20:00,PV_H057,PV,0.0,0.0,0.0,0.0,0.0,0.0,False,True
2026-01-15 20:00,PV_H058,PV,0.0,0.0,0.0,0.0,0.0,0.0,False,True
2026-01-15 20:00,PV_H060,PV,0.0,0.0,0.0,0.0,0.0,0.0,False,True
2026-01-15 20:00,PV_H061,PV,0.0,0.0,0.0,0.0,0.0,0.0,False,True
2026-01-15 20:00,PV_H062,PV,0.0,0.0,0.0,0.0,0.0,0.0,False,False
2026-01-15 20:00,PV_H063,PV,0.0,0.0,0.0,0.0,0.0,0.0,False,False
2026-01-15 20:00,PV_H066,PV,0.0,0.0,0.0,0.0,0.0,0.0,False,False
2026-01-15 20:00,PV_H067,PV,0.0,0.0,0.0,0.0,0.0,0.0,False,True
2026-01-15 20:00,PV_H069,PV,0.0,0.0,0.0,0.0,0.0,0.0,False,True
2026-01-15 20:00,PV_H071,PV,0.0,0.0,0.0,0.0,0.0,0.0,False,True
2026-01-15 20:00,PV_H072,PV,0.0,0.0,0.0,0.0,0.0,0.0,False,True
2026-01-15 20:00,PV_H073,PV,0.0,0.0,0.0,0.0,0.0,0.0,False,True
2026-01-15 20:00,PV_H074,PV,0.0,0.0,0.0,0.0,0.0,0.0,False,False
2026-01-15 20:00,PV_H076,PV,0.0,0.0,0.0,0.0,0.0,0.0,False,True
2026-01-15 20:00,PV_H077,PV,0.0,0.0,0.0,0.0,0.0,0.0,False,True
2026-01-15 20:00,PV_H078,PV,0.0,0.0,0.0,0.0,0.0,0.0,False,False
2026-01-15 20:00,PV_H079,PV,0.0,0.0,0.0,0.0,0.0,0.0,False,True
2026-01-15 20:00,PV_H080,PV,0.0,0.0,0.0,0.0,0.0,0.0,False,False
2026-01-15 20:00,PV_H081,PV,0.0,0.0,0.0,0.0,0.0,0.0,False,True
2026-01-15 20:00,PV_H082,PV,0.0,0.0,0.0,0.0,0.0,0.0,False,True
2026-01-15 20:00,PV_H083,PV,0.0,0.0,0.0,0.0,0.0,0.0,False,True
2026-01-15 20:00,PV_H085,PV,0.0,0.0,0.0,0.0,0.0,0.0,False,False
2026-01-15 20:00,PV_H087,PV,0.0,0.0,0.0,0.0,0.0,0.0,False,False
2026-01-15 20:00,PV_H088,PV,0.0,0.0,0.0,0.0,0.0,0.0,False,False
2026-01-15 20:00,PV_H090,PV,0.0,0.0,0.0,0.0,0.0,0.0,False,True
2026-01-15 20:00,PV_H093,PV,0.0,0.0,0.0,0.0,0.0,0.0,False,True
2026-01-15 20:00,PV_H094,PV,0.0,0.0,0.0,0.0,0.0,0.0,False,True
2026-01-15 20:00,PV_H095,PV,0.0,0.0,0.0,0.0,0.0,0.0,False,False
2026-01-15 20:00,PV_H096,PV,0.0,0.0,0.0,0.0,0.0,0.0,False,True
2026-01-15 20:00,PV_H098,PV,0.0,0.0,0.0,0.0,0.0,0.0,False,True
2026-01-15 20:00,PV_H099,PV,0.0,0.0,0.0,0.0,0.0,0.0,False,False
2026-01-15 20:00,BESS_COMMUNITY_01,BESS,25.0,25.0,25.0,25.0,0.0,60.0,True,True
2026-01-15 20:00,EV_001,EV,0.0,7.4,0.0,7.4,7.4,1.85,True,True
2026-01-15 20:00,EV_002,EV,0.0,0.0,0.0,0.0,0.0,0.0,False,True
2026-01-15 20:00,EV_003,EV,0.0,0.0,0.0,0.0,0.0,0.0,False,True
2026-01-15 20:00,EV_004,EV,0.0,0.0,0.0,0.0,0.0,0.0,False,False
2026-01-15 20:00,EV_005,EV,0.0,7.4,0.0,7.4,7.4,1.85,True,True
2026-01-15 20:00,EV_006,EV,0.0,0.0,0.0,0.0,0.0,0.0,False,True
2026-01-15 20:00,EV_007,EV,0.0,0.0,0.0,0.0,0.0,0.0,False,True
2026-01-15 20:00,EV_008,EV,0.0,0.0,0.0,0.0,0.0,0.0,False,True
2026-01-15 20:00,EV_009,EV,0.0,0.0,0.0,0.0,0.0,0.0,False,True
2026-01-15 20:00,EV_010,EV,0.0,7.4,0.0,7.4,7.4,1.85,True,True
2026-01-15 20:00,EV_011,EV,0.0,7.4,0.0,7.4,7.4,1.85,True,True
2026-01-15 20:00,EV_012,EV,0.0,0.0,0.0,0.0,0.0,0.0,False,False
2026-01-15 20:00,EV_013,EV,0.0,0.0,0.0,0.0,0.0,0.0,False,False
2026-01-15 20:00,EV_014,EV,0.0,0.0,0.0,0.0,0.0,0.0,False,True
2026-01-15 20:00,EV_015,EV,0.0,0.0,0.0,0.0,0.0,0.0,False,True
2026-01-15 20:00,EV_016,EV,0.0,7.4,0.0,0.0,0.0,0.0,True,False
2026-01-15 20:00,EV_017,EV,0.0,0.0,0.0,0.0,0.0,0.0,False,False
2026-01-15 20:00,EV_018,EV,0.0,7.4,0.0,7.4,7.4,1.85,True,True
2026-01-15 20:00,EV_019,EV,0.0,0.0,0.0,0.0,0.0,0.0,False,True
2026-01-15 20:00,EV_020,EV,0.0,0.0,0.0,0.0,0.0,0.0,False,True
2026-01-15 20:00,FL001,FLEXIBLE_LOAD,0.0,0.0,0.0,0.0,0.0,0.0,False,False
2026-01-15 20:00,FL002,FLEXIBLE_LOAD,0.0,0.0,0.0,0.0,0.0,0.0,False,True
2026-01-15 20:00,FL003,FLEXIBLE_LOAD,0.0,0.0,0.0,0.0,0.0,0.0,False,True
2026-01-15 20:15,PV_H002,PV,0.0,0.0,0.0,0.0,0.0,0.0,False,True
2026-01-15 20:15,PV_H003,PV,0.0,0.0,0.0,0.0,0.0,0.0,False,True
2026-01-15 20:15,PV_H005,PV,0.0,0.0,0.0,0.0,0.0,0.0,False,False
2026-01-15 20:15,PV_H006,PV,0.0,0.0,0.0,0.0,0.0,0.0,False,True
2026-01-15 20:15,PV_H007,PV,0.0,0.0,0.0,0.0,0.0,0.0,False,False
2026-01-15 20:15,PV_H010,PV,0.0,0.0,0.0,0.0,0.0,0.0,False,False
2026-01-15 20:15,PV_H016,PV,0.0,0.0,0.0,0.0,0.0,0.0,False,True
2026-01-15 20:15,PV_H017,PV,0.0,0.0,0.0,0.0,0.0,0.0,False,True
2026-01-15 20:15,PV_H018,PV,0.0,0.0,0.0,0.0,0.0,0.0,False,True
2026-01-15 20:15,PV_H021,PV,0.0,0.0,0.0,0.0,0.0,0.0,False,True
2026-01-15 20:15,PV_H024,PV,0.0,0.0,0.0,0.0,0.0,0.0,False,True
2026-01-15 20:15,PV_H025,PV,0.0,0.0,0.0,0.0,0.0,0.0,False,False
2026-01-15 20:15,PV_H026,PV,0.0,0.0,0.0,0.0,0.0,0.0,False,False
2026-01-15 20:15,PV_H027,PV,0.0,0.0,0.0,0.0,0.0,0.0,False,True
2026-01-15 20:15,PV_H032,PV,0.0,0.0,0.0,0.0,0.0,0.0,False,False
2026-01-15 20:15,PV_H033,PV,0.0,0.0,0.0,0.0,0.0,0.0,False,True
2026-01-15 20:15,PV_H034,PV,0.0,0.0,0.0,0.0,0.0,0.0,False,True
2026-01-15 20:15,PV_H035,PV,0.0,0.0,0.0,0.0,0.0,0.0,False,True
2026-01-15 20:15,PV_H036,PV,0.0,0.0,0.0,0.0,0.0,0.0,False,False
2026-01-15 20:15,PV_H037,PV,0.0,0.0,0.0,0.0,0.0,0.0,False,False
2026-01-15 20:15,PV_H040,PV,0.0,0.0,0.0,0.0,0.0,0.0,False,False
2026-01-15 20:15,PV_H042,PV,0.0,0.0,0.0,0.0,0.0,0.0,False,True
2026-01-15 20:15,PV_H044,PV,0.0,0.0,0.0,0.0,0.0,0.0,False,False
2026-01-15 20:15,PV_H046,PV,0.0,0.0,0.0,0.0,0.0,0.0,False,False
2026-01-15 20:15,PV_H048,PV,0.0,0.0,0.0,0.0,0.0,0.0,False,False
2026-01-15 20:15,PV_H049,PV,0.0,0.0,0.0,0.0,0.0,0.0,False,True
2026-01-15 20:15,PV_H050,PV,0.0,0.0,0.0,0.0,0.0,0.0,False,True
2026-01-15 20:15,PV_H053,PV,0.0,0.0,0.0,0.0,0.0,0.0,False,False
2026-01-15 20:15,PV_H055,PV,0.0,0.0,0.0,0.0,0.0,0.0,False,True
2026-01-15 20:15,PV_H057,PV,0.0,0.0,0.0,0.0,0.0,0.0,False,True
2026-01-15 20:15,PV_H058,PV,0.0,0.0,0.0,0.0,0.0,0.0,False,True
2026-01-15 20:15,PV_H060,PV,0.0,0.0,0.0,0.0,0.0,0.0,False,True
2026-01-15 20:15,PV_H061,PV,0.0,0.0,0.0,0.0,0.0,0.0,False,True
2026-01-15 20:15,PV_H062,PV,0.0,0.0,0.0,0.0,0.0,0.0,False,False
2026-01-15 20:15,PV_H063,PV,0.0,0.0,0.0,0.0,0.0,0.0,False,False
2026-01-15 20:15,PV_H066,PV,0.0,0.0,0.0,0.0,0.0,0.0,False,False
2026-01-15 20:15,PV_H067,PV,0.0,0.0,0.0,0.0,0.0,0.0,False,True
2026-01-15 20:15,PV_H069,PV,0.0,0.0,0.0,0.0,0.0,0.0,False,True
2026-01-15 20:15,PV_H071,PV,0.0,0.0,0.0,0.0,0.0,0.0,False,True
2026-01-15 20:15,PV_H072,PV,0.0,0.0,0.0,0.0,0.0,0.0,False,True
2026-01-15 20:15,PV_H073,PV,0.0,0.0,0.0,0.0,0.0,0.0,False,True
2026-01-15 20:15,PV_H074,PV,0.0,0.0,0.0,0.0,0.0,0.0,False,False
2026-01-15 20:15,PV_H076,PV,0.0,0.0,0.0,0.0,0.0,0.0,False,True
2026-01-15 20:15,PV_H077,PV,0.0,0.0,0.0,0.0,0.0,0.0,False,True
2026-01-15 20:15,PV_H078,PV,0.0,0.0,0.0,0.0,0.0,0.0,False,False
2026-01-15 20:15,PV_H079,PV,0.0,0.0,0.0,0.0,0.0,0.0,False,True
2026-01-15 20:15,PV_H080,PV,0.0,0.0,0.0,0.0,0.0,0.0,False,False
2026-01-15 20:15,PV_H081,PV,0.0,0.0,0.0,0.0,0.0,0.0,False,True
2026-01-15 20:15,PV_H082,PV,0.0,0.0,0.0,0.0,0.0,0.0,False,True
2026-01-15 20:15,PV_H083,PV,0.0,0.0,0.0,0.0,0.0,0.0,False,True
2026-01-15 20:15,PV_H085,PV,0.0,0.0,0.0,0.0,0.0,0.0,False,False
2026-01-15 20:15,PV_H087,PV,0.0,0.0,0.0,0.0,0.0,0.0,False,False
2026-01-15 20:15,PV_H088,PV,0.0,0.0,0.0,0.0,0.0,0.0,False,False
2026-01-15 20:15,PV_H090,PV,0.0,0.0,0.0,0.0,0.0,0.0,False,True
2026-01-15 20:15,PV_H093,PV,0.0,0.0,0.0,0.0,0.0,0.0,False,True
2026-01-15 20:15,PV_H094,PV,0.0,0.0,0.0,0.0,0.0,0.0,False,True
2026-01-15 20:15,PV_H095,PV,0.0,0.0,0.0,0.0,0.0,0.0,False,False
2026-01-15 20:15,PV_H096,PV,0.0,0.0,0.0,0.0,0.0,0.0,False,True
2026-01-15 20:15,PV_H098,PV,0.0,0.0,0.0,0.0,0.0,0.0,False,True
2026-01-15 20:15,PV_H099,PV,0.0,0.0,0.0,0.0,0.0,0.0,False,False
2026-01-15 20:15,BESS_COMMUNITY_01,BESS,25.0,25.0,25.0,25.0,0.0,60.0,True,True
2026-01-15 20:15,EV_001,EV,0.0,7.4,0.0,7.4,7.4,1.85,True,True
2026-01-15 20:15,EV_002,EV,0.0,0.0,0.0,0.0,0.0,0.0,False,True
2026-01-15 20:15,EV_003,EV,0.0,0.0,0.0,0.0,0.0,0.0,False,True
2026-01-15 20:15,EV_004,EV,0.0,0.0,0.0,0.0,0.0,0.0,False,False
2026-01-15 20:15,EV_005,EV,0.0,7.4,0.0,7.4,7.4,1.85,True,True
2026-01-15 20:15,EV_006,EV,0.0,0.0,0.0,0.0,0.0,0.0,False,True
2026-01-15 20:15,EV_007,EV,0.0,0.0,0.0,0.0,0.0,0.0,False,True
2026-01-15 20:15,EV_008,EV,0.0,0.0,0.0,0.0,0.0,0.0,False,True
2026-01-15 20:15,EV_009,EV,0.0,0.0,0.0,0.0,0.0,0.0,False,True
2026-01-15 20:15,EV_010,EV,0.0,7.4,0.0,7.4,7.4,1.85,True,True
2026-01-15 20:15,EV_011,EV,0.0,7.4,0.0,7.4,7.4,1.85,True,True
2026-01-15 20:15,EV_012,EV,0.0,0.0,0.0,0.0,0.0,0.0,False,False
2026-01-15 20:15,EV_013,EV,0.0,0.0,0.0,0.0,0.0,0.0,False,False
2026-01-15 20:15,EV_014,EV,0.0,0.0,0.0,0.0,0.0,0.0,False,True
2026-01-15 20:15,EV_015,EV,0.0,0.0,0.0,0.0,0.0,0.0,False,True
2026-01-15 20:15,EV_016,EV,0.0,7.4,0.0,0.0,0.0,0.0,True,False
2026-01-15 20:15,EV_017,EV,0.0,0.0,0.0,0.0,0.0,0.0,False,False
2026-01-15 20:15,EV_018,EV,0.0,7.4,0.0,7.4,7.4,1.85,True,True
2026-01-15 20:15,EV_019,EV,0.0,0.0,0.0,0.0,0.0,0.0,False,True
2026-01-15 20:15,EV_020,EV,0.0,0.0,0.0,0.0,0.0,0.0,False,True
2026-01-15 20:15,FL001,FLEXIBLE_LOAD,0.0,0.0,0.0,0.0,0.0,0.0,False,False
2026-01-15 20:15,FL002,FLEXIBLE_LOAD,0.0,0.0,0.0,0.0,0.0,0.0,False,True
2026-01-15 20:15,FL003,FLEXIBLE_LOAD,0.0,0.0,0.0,0.0,0.0,0.0,False,True
2026-01-15 20:30,PV_H002,PV,0.0,0.0,0.0,0.0,0.0,0.0,False,True
2026-01-15 20:30,PV_H003,PV,0.0,0.0,0.0,0.0,0.0,0.0,False,True
2026-01-15 20:30,PV_H005,PV,0.0,0.0,0.0,0.0,0.0,0.0,False,False
2026-01-15 20:30,PV_H006,PV,0.0,0.0,0.0,0.0,0.0,0.0,False,True
2026-01-15 20:30,PV_H007,PV,0.0,0.0,0.0,0.0,0.0,0.0,False,False
2026-01-15 20:30,PV_H010,PV,0.0,0.0,0.0,0.0,0.0,0.0,False,False
2026-01-15 20:30,PV_H016,PV,0.0,0.0,0.0,0.0,0.0,0.0,False,True
2026-01-15 20:30,PV_H017,PV,0.0,0.0,0.0,0.0,0.0,0.0,False,True
2026-01-15 20:30,PV_H018,PV,0.0,0.0,0.0,0.0,0.0,0.0,False,True
2026-01-15 20:30,PV_H021,PV,0.0,0.0,0.0,0.0,0.0,0.0,False,True
2026-01-15 20:30,PV_H024,PV,0.0,0.0,0.0,0.0,0.0,0.0,False,True
2026-01-15 20:30,PV_H025,PV,0.0,0.0,0.0,0.0,0.0,0.0,False,False
2026-01-15 20:30,PV_H026,PV,0.0,0.0,0.0,0.0,0.0,0.0,False,False
2026-01-15 20:30,PV_H027,PV,0.0,0.0,0.0,0.0,0.0,0.0,False,True
2026-01-15 20:30,PV_H032,PV,0.0,0.0,0.0,0.0,0.0,0.0,False,False
2026-01-15 20:30,PV_H033,PV,0.0,0.0,0.0,0.0,0.0,0.0,False,True
2026-01-15 20:30,PV_H034,PV,0.0,0.0,0.0,0.0,0.0,0.0,False,True
2026-01-15 20:30,PV_H035,PV,0.0,0.0,0.0,0.0,0.0,0.0,False,True
2026-01-15 20:30,PV_H036,PV,0.0,0.0,0.0,0.0,0.0,0.0,False,False
2026-01-15 20:30,PV_H037,PV,0.0,0.0,0.0,0.0,0.0,0.0,False,False
2026-01-15 20:30,PV_H040,PV,0.0,0.0,0.0,0.0,0.0,0.0,False,False
2026-01-15 20:30,PV_H042,PV,0.0,0.0,0.0,0.0,0.0,0.0,False,True
2026-01-15 20:30,PV_H044,PV,0.0,0.0,0.0,0.0,0.0,0.0,False,False
2026-01-15 20:30,PV_H046,PV,0.0,0.0,0.0,0.0,0.0,0.0,False,False
2026-01-15 20:30,PV_H048,PV,0.0,0.0,0.0,0.0,0.0,0.0,False,False
2026-01-15 20:30,PV_H049,PV,0.0,0.0,0.0,0.0,0.0,0.0,False,True
2026-01-15 20:30,PV_H050,PV,0.0,0.0,0.0,0.0,0.0,0.0,False,True
2026-01-15 20:30,PV_H053,PV,0.0,0.0,0.0,0.0,0.0,0.0,False,False
2026-01-15 20:30,PV_H055,PV,0.0,0.0,0.0,0.0,0.0,0.0,False,True
2026-01-15 20:30,PV_H057,PV,0.0,0.0,0.0,0.0,0.0,0.0,False,True
2026-01-15 20:30,PV_H058,PV,0.0,0.0,0.0,0.0,0.0,0.0,False,True
2026-01-15 20:30,PV_H060,PV,0.0,0.0,0.0,0.0,0.0,0.0,False,True
2026-01-15 20:30,PV_H061,PV,0.0,0.0,0.0,0.0,0.0,0.0,False,True
2026-01-15 20:30,PV_H062,PV,0.0,0.0,0.0,0.0,0.0,0.0,False,False
2026-01-15 20:30,PV_H063,PV,0.0,0.0,0.0,0.0,0.0,0.0,False,False
2026-01-15 20:30,PV_H066,PV,0.0,0.0,0.0,0.0,0.0,0.0,False,False
2026-01-15 20:30,PV_H067,PV,0.0,0.0,0.0,0.0,0.0,0.0,False,True
2026-01-15 20:30,PV_H069,PV,0.0,0.0,0.0,0.0,0.0,0.0,False,True
2026-01-15 20:30,PV_H071,PV,0.0,0.0,0.0,0.0,0.0,0.0,False,True
2026-01-15 20:30,PV_H072,PV,0.0,0.0,0.0,0.0,0.0,0.0,False,True
2026-01-15 20:30,PV_H073,PV,0.0,0.0,0.0,0.0,0.0,0.0,False,True
2026-01-15 20:30,PV_H074,PV,0.0,0.0,0.0,0.0,0.0,0.0,False,False
2026-01-15 20:30,PV_H076,PV,0.0,0.0,0.0,0.0,0.0,0.0,False,True
2026-01-15 20:30,PV_H077,PV,0.0,0.0,0.0,0.0,0.0,0.0,False,True
2026-01-15 20:30,PV_H078,PV,0.0,0.0,0.0,0.0,0.0,0.0,False,False
2026-01-15 20:30,PV_H079,PV,0.0,0.0,0.0,0.0,0.0,0.0,False,True
2026-01-15 20:30,PV_H080,PV,0.0,0.0,0.0,0.0,0.0,0.0,False,False
2026-01-15 20:30,PV_H081,PV,0.0,0.0,0.0,0.0,0.0,0.0,False,True
2026-01-15 20:30,PV_H082,PV,0.0,0.0,0.0,0.0,0.0,0.0,False,True
2026-01-15 20:30,PV_H083,PV,0.0,0.0,0.0,0.0,0.0,0.0,False,True
2026-01-15 20:30,PV_H085,PV,0.0,0.0,0.0,0.0,0.0,0.0,False,False
2026-01-15 20:30,PV_H087,PV,0.0,0.0,0.0,0.0,0.0,0.0,False,False
2026-01-15 20:30,PV_H088,PV,0.0,0.0,0.0,0.0,0.0,0.0,False,False
2026-01-15 20:30,PV_H090,PV,0.0,0.0,0.0,0.0,0.0,0.0,False,True
2026-01-15 20:30,PV_H093,PV,0.0,0.0,0.0,0.0,0.0,0.0,False,True
2026-01-15 20:30,PV_H094,PV,0.0,0.0,0.0,0.0,0.0,0.0,False,True
2026-01-15 20:30,PV_H095,PV,0.0,0.0,0.0,0.0,0.0,0.0,False,False
2026-01-15 20:30,PV_H096,PV,0.0,0.0,0.0,0.0,0.0,0.0,False,True
2026-01-15 20:30,PV_H098,PV,0.0,0.0,0.0,0.0,0.0,0.0,False,True
2026-01-15 20:30,PV_H099,PV,0.0,0.0,0.0,0.0,0.0,0.0,False,False
2026-01-15 20:30,BESS_COMMUNITY_01,BESS,25.0,25.0,25.0,25.0,0.0,60.0,True,True
2026-01-15 20:30,EV_001,EV,0.0,7.4,0.0,7.4,7.4,1.85,True,True
2026-01-15 20:30,EV_002,EV,0.0,0.0,0.0,0.0,0.0,0.0,False,True
2026-01-15 20:30,EV_003,EV,0.0,0.0,0.0,0.0,0.0,0.0,False,True
2026-01-15 20:30,EV_004,EV,0.0,0.0,0.0,0.0,0.0,0.0,False,False
2026-01-15 20:30,EV_005,EV,0.0,0.64,0.0,0.64,0.64,0.16,True,True
2026-01-15 20:30,EV_006,EV,0.0,0.0,0.0,0.0,0.0,0.0,False,True
2026-01-15 20:30,EV_007,EV,0.0,0.0,0.0,0.0,0.0,0.0,False,True
2026-01-15 20:30,EV_008,EV,0.0,0.0,0.0,0.0,0.0,0.0,False,True
2026-01-15 20:30,EV_009,EV,0.0,0.0,0.0,0.0,0.0,0.0,False,True
2026-01-15 20:30,EV_010,EV,0.0,7.4,0.0,7.4,7.4,1.85,True,True
2026-01-15 20:30,EV_011,EV,0.0,7.4,0.0,7.4,7.4,1.85,True,True
2026-01-15 20:30,EV_012,EV,0.0,0.0,0.0,0.0,0.0,0.0,False,False
2026-01-15 20:30,EV_013,EV,0.0,0.0,0.0,0.0,0.0,0.0,False,False
2026-01-15 20:30,EV_014,EV,0.0,7.4,0.0,7.4,7.4,1.85,True,True
2026-01-15 20:30,EV_015,EV,0.0,7.4,0.0,7.4,7.4,1.85,True,True
2026-01-15 20:30,EV_016,EV,0.0,7.4,0.0,0.0,0.0,0.0,True,False
2026-01-15 20:30,EV_017,EV,0.0,0.0,0.0,0.0,0.0,0.0,False,False
2026-01-15 20:30,EV_018,EV,0.0,7.4,0.0,7.4,7.4,1.85,True,True
2026-01-15 20:30,EV_019,EV,0.0,0.0,0.0,0.0,0.0,0.0,False,True
2026-01-15 20:30,EV_020,EV,0.0,0.0,0.0,0.0,0.0,0.0,False,True
2026-01-15 20:30,FL001,FLEXIBLE_LOAD,0.0,0.0,0.0,0.0,0.0,0.0,False,False
2026-01-15 20:30,FL002,FLEXIBLE_LOAD,0.0,0.0,0.0,0.0,0.0,0.0,False,True
2026-01-15 20:30,FL003,FLEXIBLE_LOAD,0.0,0.0,0.0,0.0,0.0,0.0,False,True
2026-01-15 20:45,PV_H002,PV,0.0,0.0,0.0,0.0,0.0,0.0,False,True
2026-01-15 20:45,PV_H003,PV,0.0,0.0,0.0,0.0,0.0,0.0,False,True
2026-01-15 20:45,PV_H005,PV,0.0,0.0,0.0,0.0,0.0,0.0,False,False
2026-01-15 20:45,PV_H006,PV,0.0,0.0,0.0,0.0,0.0,0.0,False,True
2026-01-15 20:45,PV_H007,PV,0.0,0.0,0.0,0.0,0.0,0.0,False,False
2026-01-15 20:45,PV_H010,PV,0.0,0.0,0.0,0.0,0.0,0.0,False,False
2026-01-15 20:45,PV_H016,PV,0.0,0.0,0.0,0.0,0.0,0.0,False,True
2026-01-15 20:45,PV_H017,PV,0.0,0.0,0.0,0.0,0.0,0.0,False,True
2026-01-15 20:45,PV_H018,PV,0.0,0.0,0.0,0.0,0.0,0.0,False,True
2026-01-15 20:45,PV_H021,PV,0.0,0.0,0.0,0.0,0.0,0.0,False,True
2026-01-15 20:45,PV_H024,PV,0.0,0.0,0.0,0.0,0.0,0.0,False,True
2026-01-15 20:45,PV_H025,PV,0.0,0.0,0.0,0.0,0.0,0.0,False,False
2026-01-15 20:45,PV_H026,PV,0.0,0.0,0.0,0.0,0.0,0.0,False,False
2026-01-15 20:45,PV_H027,PV,0.0,0.0,0.0,0.0,0.0,0.0,False,True
2026-01-15 20:45,PV_H032,PV,0.0,0.0,0.0,0.0,0.0,0.0,False,False
2026-01-15 20:45,PV_H033,PV,0.0,0.0,0.0,0.0,0.0,0.0,False,True
2026-01-15 20:45,PV_H034,PV,0.0,0.0,0.0,0.0,0.0,0.0,False,True
2026-01-15 20:45,PV_H035,PV,0.0,0.0,0.0,0.0,0.0,0.0,False,True
2026-01-15 20:45,PV_H036,PV,0.0,0.0,0.0,0.0,0.0,0.0,False,False
2026-01-15 20:45,PV_H037,PV,0.0,0.0,0.0,0.0,0.0,0.0,False,False
2026-01-15 20:45,PV_H040,PV,0.0,0.0,0.0,0.0,0.0,0.0,False,False
2026-01-15 20:45,PV_H042,PV,0.0,0.0,0.0,0.0,0.0,0.0,False,True
2026-01-15 20:45,PV_H044,PV,0.0,0.0,0.0,0.0,0.0,0.0,False,False
2026-01-15 20:45,PV_H046,PV,0.0,0.0,0.0,0.0,0.0,0.0,False,False
2026-01-15 20:45,PV_H048,PV,0.0,0.0,0.0,0.0,0.0,0.0,False,False
2026-01-15 20:45,PV_H049,PV,0.0,0.0,0.0,0.0,0.0,0.0,False,True
2026-01-15 20:45,PV_H050,PV,0.0,0.0,0.0,0.0,0.0,0.0,False,True
2026-01-15 20:45,PV_H053,PV,0.0,0.0,0.0,0.0,0.0,0.0,False,False
2026-01-15 20:45,PV_H055,PV,0.0,0.0,0.0,0.0,0.0,0.0,False,True
2026-01-15 20:45,PV_H057,PV,0.0,0.0,0.0,0.0,0.0,0.0,False,True
2026-01-15 20:45,PV_H058,PV,0.0,0.0,0.0,0.0,0.0,0.0,False,True
2026-01-15 20:45,PV_H060,PV,0.0,0.0,0.0,0.0,0.0,0.0,False,True
2026-01-15 20:45,PV_H061,PV,0.0,0.0,0.0,0.0,0.0,0.0,False,True
2026-01-15 20:45,PV_H062,PV,0.0,0.0,0.0,0.0,0.0,0.0,False,False
2026-01-15 20:45,PV_H063,PV,0.0,0.0,0.0,0.0,0.0,0.0,False,False
2026-01-15 20:45,PV_H066,PV,0.0,0.0,0.0,0.0,0.0,0.0,False,False
2026-01-15 20:45,PV_H067,PV,0.0,0.0,0.0,0.0,0.0,0.0,False,True
2026-01-15 20:45,PV_H069,PV,0.0,0.0,0.0,0.0,0.0,0.0,False,True
2026-01-15 20:45,PV_H071,PV,0.0,0.0,0.0,0.0,0.0,0.0,False,True
2026-01-15 20:45,PV_H072,PV,0.0,0.0,0.0,0.0,0.0,0.0,False,True
2026-01-15 20:45,PV_H073,PV,0.0,0.0,0.0,0.0,0.0,0.0,False,True
2026-01-15 20:45,PV_H074,PV,0.0,0.0,0.0,0.0,0.0,0.0,False,False
2026-01-15 20:45,PV_H076,PV,0.0,0.0,0.0,0.0,0.0,0.0,False,True
2026-01-15 20:45,PV_H077,PV,0.0,0.0,0.0,0.0,0.0,0.0,False,True
2026-01-15 20:45,PV_H078,PV,0.0,0.0,0.0,0.0,0.0,0.0,False,False
2026-01-15 20:45,PV_H079,PV,0.0,0.0,0.0,0.0,0.0,0.0,False,True
2026-01-15 20:45,PV_H080,PV,0.0,0.0,0.0,0.0,0.0,0.0,False,False
2026-01-15 20:45,PV_H081,PV,0.0,0.0,0.0,0.0,0.0,0.0,False,True
2026-01-15 20:45,PV_H082,PV,0.0,0.0,0.0,0.0,0.0,0.0,False,True
2026-01-15 20:45,PV_H083,PV,0.0,0.0,0.0,0.0,0.0,0.0,False,True
2026-01-15 20:45,PV_H085,PV,0.0,0.0,0.0,0.0,0.0,0.0,False,False
2026-01-15 20:45,PV_H087,PV,0.0,0.0,0.0,0.0,0.0,0.0,False,False
2026-01-15 20:45,PV_H088,PV,0.0,0.0,0.0,0.0,0.0,0.0,False,False
2026-01-15 20:45,PV_H090,PV,0.0,0.0,0.0,0.0,0.0,0.0,False,True
2026-01-15 20:45,PV_H093,PV,0.0,0.0,0.0,0.0,0.0,0.0,False,True
2026-01-15 20:45,PV_H094,PV,0.0,0.0,0.0,0.0,0.0,0.0,False,True
2026-01-15 20:45,PV_H095,PV,0.0,0.0,0.0,0.0,0.0,0.0,False,False
2026-01-15 20:45,PV_H096,PV,0.0,0.0,0.0,0.0,0.0,0.0,False,True
2026-01-15 20:45,PV_H098,PV,0.0,0.0,0.0,0.0,0.0,0.0,False,True
2026-01-15 20:45,PV_H099,PV,0.0,0.0,0.0,0.0,0.0,0.0,False,False
2026-01-15 20:45,BESS_COMMUNITY_01,BESS,25.0,25.0,25.0,25.0,0.0,60.0,True,True
2026-01-15 20:45,EV_001,EV,0.0,7.4,0.0,7.4,7.4,1.85,True,True
2026-01-15 20:45,EV_002,EV,0.0,0.0,0.0,0.0,0.0,0.0,False,True
2026-01-15 20:45,EV_003,EV,0.0,0.0,0.0,0.0,0.0,0.0,False,True
2026-01-15 20:45,EV_004,EV,0.0,0.0,0.0,0.0,0.0,0.0,False,False
2026-01-15 20:45,EV_005,EV,0.0,0.0,0.0,0.0,0.0,0.0,False,True
2026-01-15 20:45,EV_006,EV,0.0,0.0,0.0,0.0,0.0,0.0,False,True
2026-01-15 20:45,EV_007,EV,0.0,0.0,0.0,0.0,0.0,0.0,False,True
2026-01-15 20:45,EV_008,EV,0.0,0.0,0.0,0.0,0.0,0.0,False,True
2026-01-15 20:45,EV_009,EV,0.0,0.0,0.0,0.0,0.0,0.0,False,True
2026-01-15 20:45,EV_010,EV,0.0,7.4,0.0,7.4,7.4,1.85,True,True
2026-01-15 20:45,EV_011,EV,0.0,7.4,0.0,7.4,7.4,1.85,True,True
2026-01-15 20:45,EV_012,EV,0.0,0.0,0.0,0.0,0.0,0.0,False,False
2026-01-15 20:45,EV_013,EV,0.0,0.0,0.0,0.0,0.0,0.0,False,False
2026-01-15 20:45,EV_014,EV,0.0,7.4,0.0,7.4,7.4,1.85,True,True
2026-01-15 20:45,EV_015,EV,0.0,7.4,0.0,7.4,7.4,1.85,True,True
2026-01-15 20:45,EV_016,EV,0.0,7.4,0.0,0.0,0.0,0.0,True,False
2026-01-15 20:45,EV_017,EV,0.0,0.0,0.0,0.0,0.0,0.0,False,False
2026-01-15 20:45,EV_018,EV,0.0,7.4,0.0,7.4,7.4,1.85,True,True
2026-01-15 20:45,EV_019,EV,0.0,0.0,0.0,0.0,0.0,0.0,False,True
2026-01-15 20:45,EV_020,EV,0.0,0.0,0.0,0.0,0.0,0.0,False,True
2026-01-15 20:45,FL001,FLEXIBLE_LOAD,0.0,0.0,0.0,0.0,0.0,0.0,False,False
2026-01-15 20:45,FL002,FLEXIBLE_LOAD,0.0,0.0,0.0,0.0,0.0,0.0,False,True
2026-01-15 20:45,FL003,FLEXIBLE_LOAD,0.0,0.0,0.0,0.0,0.0,0.0,False,True
2026-01-15 21:00,PV_H002,PV,0.0,0.0,0.0,0.0,0.0,0.0,False,True
2026-01-15 21:00,PV_H003,PV,0.0,0.0,0.0,0.0,0.0,0.0,False,True
2026-01-15 21:00,PV_H005,PV,0.0,0.0,0.0,0.0,0.0,0.0,False,False
2026-01-15 21:00,PV_H006,PV,0.0,0.0,0.0,0.0,0.0,0.0,False,True
2026-01-15 21:00,PV_H007,PV,0.0,0.0,0.0,0.0,0.0,0.0,False,False
2026-01-15 21:00,PV_H010,PV,0.0,0.0,0.0,0.0,0.0,0.0,False,False
2026-01-15 21:00,PV_H016,PV,0.0,0.0,0.0,0.0,0.0,0.0,False,True
2026-01-15 21:00,PV_H017,PV,0.0,0.0,0.0,0.0,0.0,0.0,False,True
2026-01-15 21:00,PV_H018,PV,0.0,0.0,0.0,0.0,0.0,0.0,False,True
2026-01-15 21:00,PV_H021,PV,0.0,0.0,0.0,0.0,0.0,0.0,False,True
2026-01-15 21:00,PV_H024,PV,0.0,0.0,0.0,0.0,0.0,0.0,False,True
2026-01-15 21:00,PV_H025,PV,0.0,0.0,0.0,0.0,0.0,0.0,False,False
2026-01-15 21:00,PV_H026,PV,0.0,0.0,0.0,0.0,0.0,0.0,False,False
2026-01-15 21:00,PV_H027,PV,0.0,0.0,0.0,0.0,0.0,0.0,False,True
2026-01-15 21:00,PV_H032,PV,0.0,0.0,0.0,0.0,0.0,0.0,False,False
2026-01-15 21:00,PV_H033,PV,0.0,0.0,0.0,0.0,0.0,0.0,False,True
2026-01-15 21:00,PV_H034,PV,0.0,0.0,0.0,0.0,0.0,0.0,False,True
2026-01-15 21:00,PV_H035,PV,0.0,0.0,0.0,0.0,0.0,0.0,False,True
2026-01-15 21:00,PV_H036,PV,0.0,0.0,0.0,0.0,0.0,0.0,False,False
2026-01-15 21:00,PV_H037,PV,0.0,0.0,0.0,0.0,0.0,0.0,False,False
2026-01-15 21:00,PV_H040,PV,0.0,0.0,0.0,0.0,0.0,0.0,False,False
2026-01-15 21:00,PV_H042,PV,0.0,0.0,0.0,0.0,0.0,0.0,False,True
2026-01-15 21:00,PV_H044,PV,0.0,0.0,0.0,0.0,0.0,0.0,False,False
2026-01-15 21:00,PV_H046,PV,0.0,0.0,0.0,0.0,0.0,0.0,False,False
2026-01-15 21:00,PV_H048,PV,0.0,0.0,0.0,0.0,0.0,0.0,False,False
2026-01-15 21:00,PV_H049,PV,0.0,0.0,0.0,0.0,0.0,0.0,False,True
2026-01-15 21:00,PV_H050,PV,0.0,0.0,0.0,0.0,0.0,0.0,False,True
2026-01-15 21:00,PV_H053,PV,0.0,0.0,0.0,0.0,0.0,0.0,False,False
2026-01-15 21:00,PV_H055,PV,0.0,0.0,0.0,0.0,0.0,0.0,False,True
2026-01-15 21:00,PV_H057,PV,0.0,0.0,0.0,0.0,0.0,0.0,False,True
2026-01-15 21:00,PV_H058,PV,0.0,0.0,0.0,0.0,0.0,0.0,False,True
2026-01-15 21:00,PV_H060,PV,0.0,0.0,0.0,0.0,0.0,0.0,False,True
2026-01-15 21:00,PV_H061,PV,0.0,0.0,0.0,0.0,0.0,0.0,False,True
2026-01-15 21:00,PV_H062,PV,0.0,0.0,0.0,0.0,0.0,0.0,False,False
2026-01-15 21:00,PV_H063,PV,0.0,0.0,0.0,0.0,0.0,0.0,False,False
2026-01-15 21:00,PV_H066,PV,0.0,0.0,0.0,0.0,0.0,0.0,False,False
2026-01-15 21:00,PV_H067,PV,0.0,0.0,0.0,0.0,0.0,0.0,False,True
2026-01-15 21:00,PV_H069,PV,0.0,0.0,0.0,0.0,0.0,0.0,False,True
2026-01-15 21:00,PV_H071,PV,0.0,0.0,0.0,0.0,0.0,0.0,False,True
2026-01-15 21:00,PV_H072,PV,0.0,0.0,0.0,0.0,0.0,0.0,False,True
2026-01-15 21:00,PV_H073,PV,0.0,0.0,0.0,0.0,0.0,0.0,False,True
2026-01-15 21:00,PV_H074,PV,0.0,0.0,0.0,0.0,0.0,0.0,False,False
2026-01-15 21:00,PV_H076,PV,0.0,0.0,0.0,0.0,0.0,0.0,False,True
2026-01-15 21:00,PV_H077,PV,0.0,0.0,0.0,0.0,0.0,0.0,False,True
2026-01-15 21:00,PV_H078,PV,0.0,0.0,0.0,0.0,0.0,0.0,False,False
2026-01-15 21:00,PV_H079,PV,0.0,0.0,0.0,0.0,0.0,0.0,False,True
2026-01-15 21:00,PV_H080,PV,0.0,0.0,0.0,0.0,0.0,0.0,False,False
2026-01-15 21:00,PV_H081,PV,0.0,0.0,0.0,0.0,0.0,0.0,False,True
2026-01-15 21:00,PV_H082,PV,0.0,0.0,0.0,0.0,0.0,0.0,False,True
2026-01-15 21:00,PV_H083,PV,0.0,0.0,0.0,0.0,0.0,0.0,False,True
2026-01-15 21:00,PV_H085,PV,0.0,0.0,0.0,0.0,0.0,0.0,False,False
2026-01-15 21:00,PV_H087,PV,0.0,0.0,0.0,0.0,0.0,0.0,False,False
2026-01-15 21:00,PV_H088,PV,0.0,0.0,0.0,0.0,0.0,0.0,False,False
2026-01-15 21:00,PV_H090,PV,0.0,0.0,0.0,0.0,0.0,0.0,False,True
2026-01-15 21:00,PV_H093,PV,0.0,0.0,0.0,0.0,0.0,0.0,False,True
2026-01-15 21:00,PV_H094,PV,0.0,0.0,0.0,0.0,0.0,0.0,False,True
2026-01-15 21:00,PV_H095,PV,0.0,0.0,0.0,0.0,0.0,0.0,False,False
2026-01-15 21:00,PV_H096,PV,0.0,0.0,0.0,0.0,0.0,0.0,False,True
2026-01-15 21:00,PV_H098,PV,0.0,0.0,0.0,0.0,0.0,0.0,False,True
2026-01-15 21:00,PV_H099,PV,0.0,0.0,0.0,0.0,0.0,0.0,False,False
2026-01-15 21:00,BESS_COMMUNITY_01,BESS,25.0,25.0,25.0,25.0,0.0,60.0,True,True
2026-01-15 21:00,EV_001,EV,0.0,7.4,0.0,7.4,7.4,1.85,True,True
2026-01-15 21:00,EV_002,EV,0.0,0.0,0.0,0.0,0.0,0.0,False,True
2026-01-15 21:00,EV_003,EV,0.0,0.0,0.0,0.0,0.0,0.0,False,True
2026-01-15 21:00,EV_004,EV,0.0,0.0,0.0,0.0,0.0,0.0,False,False
2026-01-15 21:00,EV_005,EV,0.0,0.0,0.0,0.0,0.0,0.0,False,True
2026-01-15 21:00,EV_006,EV,0.0,0.0,0.0,0.0,0.0,0.0,False,True
2026-01-15 21:00,EV_007,EV,0.0,7.4,0.0,7.4,7.4,1.85,True,True
2026-01-15 21:00,EV_008,EV,0.0,0.0,0.0,0.0,0.0,0.0,False,True
2026-01-15 21:00,EV_009,EV,0.0,0.0,0.0,0.0,0.0,0.0,False,True
2026-01-15 21:00,EV_010,EV,0.0,4.44,0.0,4.44,4.44,1.11,True,True
2026-01-15 21:00,EV_011,EV,0.0,7.4,0.0,7.4,7.4,1.85,True,True
2026-01-15 21:00,EV_012,EV,0.0,0.0,0.0,0.0,0.0,0.0,False,False
2026-01-15 21:00,EV_013,EV,0.0,0.0,0.0,0.0,0.0,0.0,False,False
2026-01-15 21:00,EV_014,EV,0.0,7.4,0.0,7.4,7.4,1.85,True,True
2026-01-15 21:00,EV_015,EV,0.0,7.4,0.0,7.4,7.4,1.85,True,True
2026-01-15 21:00,EV_016,EV,0.0,2.36,0.0,0.0,0.0,0.0,True,False
2026-01-15 21:00,EV_017,EV,0.0,0.0,0.0,0.0,0.0,0.0,False,False
2026-01-15 21:00,EV_018,EV,0.0,7.4,0.0,7.4,7.4,1.85,True,True
2026-01-15 21:00,EV_019,EV,0.0,0.0,0.0,0.0,0.0,0.0,False,True
2026-01-15 21:00,EV_020,EV,0.0,0.0,0.0,0.0,0.0,0.0,False,True
2026-01-15 21:00,FL001,FLEXIBLE_LOAD,0.0,0.0,0.0,0.0,0.0,0.0,False,False
2026-01-15 21:00,FL002,FLEXIBLE_LOAD,0.0,0.0,0.0,0.0,0.0,0.0,False,True
2026-01-15 21:00,FL003,FLEXIBLE_LOAD,0.0,0.0,0.0,0.0,0.0,0.0,False,True
2026-01-15 21:15,PV_H002,PV,0.0,0.0,0.0,0.0,0.0,0.0,False,True
2026-01-15 21:15,PV_H003,PV,0.0,0.0,0.0,0.0,0.0,0.0,False,True
2026-01-15 21:15,PV_H005,PV,0.0,0.0,0.0,0.0,0.0,0.0,False,False
2026-01-15 21:15,PV_H006,PV,0.0,0.0,0.0,0.0,0.0,0.0,False,True
2026-01-15 21:15,PV_H007,PV,0.0,0.0,0.0,0.0,0.0,0.0,False,False
2026-01-15 21:15,PV_H010,PV,0.0,0.0,0.0,0.0,0.0,0.0,False,False
2026-01-15 21:15,PV_H016,PV,0.0,0.0,0.0,0.0,0.0,0.0,False,True
2026-01-15 21:15,PV_H017,PV,0.0,0.0,0.0,0.0,0.0,0.0,False,True
2026-01-15 21:15,PV_H018,PV,0.0,0.0,0.0,0.0,0.0,0.0,False,True
2026-01-15 21:15,PV_H021,PV,0.0,0.0,0.0,0.0,0.0,0.0,False,True
2026-01-15 21:15,PV_H024,PV,0.0,0.0,0.0,0.0,0.0,0.0,False,True
2026-01-15 21:15,PV_H025,PV,0.0,0.0,0.0,0.0,0.0,0.0,False,False
2026-01-15 21:15,PV_H026,PV,0.0,0.0,0.0,0.0,0.0,0.0,False,False
2026-01-15 21:15,PV_H027,PV,0.0,0.0,0.0,0.0,0.0,0.0,False,True
2026-01-15 21:15,PV_H032,PV,0.0,0.0,0.0,0.0,0.0,0.0,False,False
2026-01-15 21:15,PV_H033,PV,0.0,0.0,0.0,0.0,0.0,0.0,False,True
2026-01-15 21:15,PV_H034,PV,0.0,0.0,0.0,0.0,0.0,0.0,False,True
2026-01-15 21:15,PV_H035,PV,0.0,0.0,0.0,0.0,0.0,0.0,False,True
2026-01-15 21:15,PV_H036,PV,0.0,0.0,0.0,0.0,0.0,0.0,False,False
2026-01-15 21:15,PV_H037,PV,0.0,0.0,0.0,0.0,0.0,0.0,False,False
2026-01-15 21:15,PV_H040,PV,0.0,0.0,0.0,0.0,0.0,0.0,False,False
2026-01-15 21:15,PV_H042,PV,0.0,0.0,0.0,0.0,0.0,0.0,False,True
2026-01-15 21:15,PV_H044,PV,0.0,0.0,0.0,0.0,0.0,0.0,False,False
2026-01-15 21:15,PV_H046,PV,0.0,0.0,0.0,0.0,0.0,0.0,False,False
2026-01-15 21:15,PV_H048,PV,0.0,0.0,0.0,0.0,0.0,0.0,False,False
2026-01-15 21:15,PV_H049,PV,0.0,0.0,0.0,0.0,0.0,0.0,False,True
2026-01-15 21:15,PV_H050,PV,0.0,0.0,0.0,0.0,0.0,0.0,False,True
2026-01-15 21:15,PV_H053,PV,0.0,0.0,0.0,0.0,0.0,0.0,False,False
2026-01-15 21:15,PV_H055,PV,0.0,0.0,0.0,0.0,0.0,0.0,False,True
2026-01-15 21:15,PV_H057,PV,0.0,0.0,0.0,0.0,0.0,0.0,False,True
2026-01-15 21:15,PV_H058,PV,0.0,0.0,0.0,0.0,0.0,0.0,False,True
2026-01-15 21:15,PV_H060,PV,0.0,0.0,0.0,0.0,0.0,0.0,False,True
2026-01-15 21:15,PV_H061,PV,0.0,0.0,0.0,0.0,0.0,0.0,False,True
2026-01-15 21:15,PV_H062,PV,0.0,0.0,0.0,0.0,0.0,0.0,False,False
2026-01-15 21:15,PV_H063,PV,0.0,0.0,0.0,0.0,0.0,0.0,False,False
2026-01-15 21:15,PV_H066,PV,0.0,0.0,0.0,0.0,0.0,0.0,False,False
2026-01-15 21:15,PV_H067,PV,0.0,0.0,0.0,0.0,0.0,0.0,False,True
2026-01-15 21:15,PV_H069,PV,0.0,0.0,0.0,0.0,0.0,0.0,False,True
2026-01-15 21:15,PV_H071,PV,0.0,0.0,0.0,0.0,0.0,0.0,False,True
2026-01-15 21:15,PV_H072,PV,0.0,0.0,0.0,0.0,0.0,0.0,False,True
2026-01-15 21:15,PV_H073,PV,0.0,0.0,0.0,0.0,0.0,0.0,False,True
2026-01-15 21:15,PV_H074,PV,0.0,0.0,0.0,0.0,0.0,0.0,False,False
2026-01-15 21:15,PV_H076,PV,0.0,0.0,0.0,0.0,0.0,0.0,False,True
2026-01-15 21:15,PV_H077,PV,0.0,0.0,0.0,0.0,0.0,0.0,False,True
2026-01-15 21:15,PV_H078,PV,0.0,0.0,0.0,0.0,0.0,0.0,False,False
2026-01-15 21:15,PV_H079,PV,0.0,0.0,0.0,0.0,0.0,0.0,False,True
2026-01-15 21:15,PV_H080,PV,0.0,0.0,0.0,0.0,0.0,0.0,False,False
2026-01-15 21:15,PV_H081,PV,0.0,0.0,0.0,0.0,0.0,0.0,False,True
2026-01-15 21:15,PV_H082,PV,0.0,0.0,0.0,0.0,0.0,0.0,False,True
2026-01-15 21:15,PV_H083,PV,0.0,0.0,0.0,0.0,0.0,0.0,False,True
2026-01-15 21:15,PV_H085,PV,0.0,0.0,0.0,0.0,0.0,0.0,False,False
2026-01-15 21:15,PV_H087,PV,0.0,0.0,0.0,0.0,0.0,0.0,False,False
2026-01-15 21:15,PV_H088,PV,0.0,0.0,0.0,0.0,0.0,0.0,False,False
2026-01-15 21:15,PV_H090,PV,0.0,0.0,0.0,0.0,0.0,0.0,False,True
2026-01-15 21:15,PV_H093,PV,0.0,0.0,0.0,0.0,0.0,0.0,False,True
2026-01-15 21:15,PV_H094,PV,0.0,0.0,0.0,0.0,0.0,0.0,False,True
2026-01-15 21:15,PV_H095,PV,0.0,0.0,0.0,0.0,0.0,0.0,False,False
2026-01-15 21:15,PV_H096,PV,0.0,0.0,0.0,0.0,0.0,0.0,False,True
2026-01-15 21:15,PV_H098,PV,0.0,0.0,0.0,0.0,0.0,0.0,False,True
2026-01-15 21:15,PV_H099,PV,0.0,0.0,0.0,0.0,0.0,0.0,False,False
2026-01-15 21:15,BESS_COMMUNITY_01,BESS,25.0,25.0,25.0,25.0,0.0,60.0,True,True
2026-01-15 21:15,EV_001,EV,0.0,7.4,0.0,7.4,7.4,1.85,True,True
2026-01-15 21:15,EV_002,EV,0.0,0.0,0.0,0.0,0.0,0.0,False,True
2026-01-15 21:15,EV_003,EV,0.0,7.4,0.0,7.4,7.4,1.85,True,True
2026-01-15 21:15,EV_004,EV,0.0,0.0,0.0,0.0,0.0,0.0,False,False
2026-01-15 21:15,EV_005,EV,0.0,0.0,0.0,0.0,0.0,0.0,False,True
2026-01-15 21:15,EV_006,EV,0.0,0.0,0.0,0.0,0.0,0.0,False,True
2026-01-15 21:15,EV_007,EV,0.0,7.4,0.0,7.4,7.4,1.85,True,True
2026-01-15 21:15,EV_008,EV,0.0,0.0,0.0,0.0,0.0,0.0,False,True
2026-01-15 21:15,EV_009,EV,0.0,0.0,0.0,0.0,0.0,0.0,False,True
2026-01-15 21:15,EV_010,EV,0.0,0.0,0.0,0.0,0.0,0.0,False,True
2026-01-15 21:15,EV_011,EV,0.0,7.4,0.0,7.4,7.4,1.85,True,True
2026-01-15 21:15,EV_012,EV,0.0,0.0,0.0,0.0,0.0,0.0,False,False
2026-01-15 21:15,EV_013,EV,0.0,0.0,0.0,0.0,0.0,0.0,False,False
2026-01-15 21:15,EV_014,EV,0.0,7.4,0.0,7.4,7.4,1.85,True,True
2026-01-15 21:15,EV_015,EV,0.0,7.4,0.0,7.4,7.4,1.85,True,True
2026-01-15 21:15,EV_016,EV,0.0,0.0,0.0,0.0,0.0,0.0,False,False
2026-01-15 21:15,EV_017,EV,0.0,0.0,0.0,0.0,0.0,0.0,False,False
2026-01-15 21:15,EV_018,EV,0.0,7.4,0.0,7.4,7.4,1.85,True,True
2026-01-15 21:15,EV_019,EV,0.0,7.4,0.0,7.4,7.4,1.85,True,True
2026-01-15 21:15,EV_020,EV,0.0,0.0,0.0,0.0,0.0,0.0,False,True
2026-01-15 21:15,FL001,FLEXIBLE_LOAD,0.0,0.0,0.0,0.0,0.0,0.0,False,False
2026-01-15 21:15,FL002,FLEXIBLE_LOAD,0.0,0.0,0.0,0.0,0.0,0.0,False,True
2026-01-15 21:15,FL003,FLEXIBLE_LOAD,0.0,0.0,0.0,0.0,0.0,0.0,False,True
2026-01-15 21:30,PV_H002,PV,0.0,0.0,0.0,0.0,0.0,0.0,False,True
2026-01-15 21:30,PV_H003,PV,0.0,0.0,0.0,0.0,0.0,0.0,False,True
2026-01-15 21:30,PV_H005,PV,0.0,0.0,0.0,0.0,0.0,0.0,False,False
2026-01-15 21:30,PV_H006,PV,0.0,0.0,0.0,0.0,0.0,0.0,False,True
2026-01-15 21:30,PV_H007,PV,0.0,0.0,0.0,0.0,0.0,0.0,False,False
2026-01-15 21:30,PV_H010,PV,0.0,0.0,0.0,0.0,0.0,0.0,False,False
2026-01-15 21:30,PV_H016,PV,0.0,0.0,0.0,0.0,0.0,0.0,False,True
2026-01-15 21:30,PV_H017,PV,0.0,0.0,0.0,0.0,0.0,0.0,False,True
2026-01-15 21:30,PV_H018,PV,0.0,0.0,0.0,0.0,0.0,0.0,False,True
2026-01-15 21:30,PV_H021,PV,0.0,0.0,0.0,0.0,0.0,0.0,False,True
2026-01-15 21:30,PV_H024,PV,0.0,0.0,0.0,0.0,0.0,0.0,False,True
2026-01-15 21:30,PV_H025,PV,0.0,0.0,0.0,0.0,0.0,0.0,False,False
2026-01-15 21:30,PV_H026,PV,0.0,0.0,0.0,0.0,0.0,0.0,False,False
2026-01-15 21:30,PV_H027,PV,0.0,0.0,0.0,0.0,0.0,0.0,False,True
2026-01-15 21:30,PV_H032,PV,0.0,0.0,0.0,0.0,0.0,0.0,False,False
2026-01-15 21:30,PV_H033,PV,0.0,0.0,0.0,0.0,0.0,0.0,False,True
2026-01-15 21:30,PV_H034,PV,0.0,0.0,0.0,0.0,0.0,0.0,False,True
2026-01-15 21:30,PV_H035,PV,0.0,0.0,0.0,0.0,0.0,0.0,False,True
2026-01-15 21:30,PV_H036,PV,0.0,0.0,0.0,0.0,0.0,0.0,False,False
2026-01-15 21:30,PV_H037,PV,0.0,0.0,0.0,0.0,0.0,0.0,False,False
2026-01-15 21:30,PV_H040,PV,0.0,0.0,0.0,0.0,0.0,0.0,False,False
2026-01-15 21:30,PV_H042,PV,0.0,0.0,0.0,0.0,0.0,0.0,False,True
2026-01-15 21:30,PV_H044,PV,0.0,0.0,0.0,0.0,0.0,0.0,False,False
2026-01-15 21:30,PV_H046,PV,0.0,0.0,0.0,0.0,0.0,0.0,False,False
2026-01-15 21:30,PV_H048,PV,0.0,0.0,0.0,0.0,0.0,0.0,False,False
2026-01-15 21:30,PV_H049,PV,0.0,0.0,0.0,0.0,0.0,0.0,False,True
2026-01-15 21:30,PV_H050,PV,0.0,0.0,0.0,0.0,0.0,0.0,False,True
2026-01-15 21:30,PV_H053,PV,0.0,0.0,0.0,0.0,0.0,0.0,False,False
2026-01-15 21:30,PV_H055,PV,0.0,0.0,0.0,0.0,0.0,0.0,False,True
2026-01-15 21:30,PV_H057,PV,0.0,0.0,0.0,0.0,0.0,0.0,False,True
2026-01-15 21:30,PV_H058,PV,0.0,0.0,0.0,0.0,0.0,0.0,False,True
2026-01-15 21:30,PV_H060,PV,0.0,0.0,0.0,0.0,0.0,0.0,False,True
2026-01-15 21:30,PV_H061,PV,0.0,0.0,0.0,0.0,0.0,0.0,False,True
2026-01-15 21:30,PV_H062,PV,0.0,0.0,0.0,0.0,0.0,0.0,False,False
2026-01-15 21:30,PV_H063,PV,0.0,0.0,0.0,0.0,0.0,0.0,False,False
2026-01-15 21:30,PV_H066,PV,0.0,0.0,0.0,0.0,0.0,0.0,False,False
2026-01-15 21:30,PV_H067,PV,0.0,0.0,0.0,0.0,0.0,0.0,False,True
2026-01-15 21:30,PV_H069,PV,0.0,0.0,0.0,0.0,0.0,0.0,False,True
2026-01-15 21:30,PV_H071,PV,0.0,0.0,0.0,0.0,0.0,0.0,False,True
2026-01-15 21:30,PV_H072,PV,0.0,0.0,0.0,0.0,0.0,0.0,False,True
2026-01-15 21:30,PV_H073,PV,0.0,0.0,0.0,0.0,0.0,0.0,False,True
2026-01-15 21:30,PV_H074,PV,0.0,0.0,0.0,0.0,0.0,0.0,False,False
2026-01-15 21:30,PV_H076,PV,0.0,0.0,0.0,0.0,0.0,0.0,False,True
2026-01-15 21:30,PV_H077,PV,0.0,0.0,0.0,0.0,0.0,0.0,False,True
2026-01-15 21:30,PV_H078,PV,0.0,0.0,0.0,0.0,0.0,0.0,False,False
2026-01-15 21:30,PV_H079,PV,0.0,0.0,0.0,0.0,0.0,0.0,False,True
2026-01-15 21:30,PV_H080,PV,0.0,0.0,0.0,0.0,0.0,0.0,False,False
2026-01-15 21:30,PV_H081,PV,0.0,0.0,0.0,0.0,0.0,0.0,False,True
2026-01-15 21:30,PV_H082,PV,0.0,0.0,0.0,0.0,0.0,0.0,False,True
2026-01-15 21:30,PV_H083,PV,0.0,0.0,0.0,0.0,0.0,0.0,False,True
2026-01-15 21:30,PV_H085,PV,0.0,0.0,0.0,0.0,0.0,0.0,False,False
2026-01-15 21:30,PV_H087,PV,0.0,0.0,0.0,0.0,0.0,0.0,False,False
2026-01-15 21:30,PV_H088,PV,0.0,0.0,0.0,0.0,0.0,0.0,False,False
2026-01-15 21:30,PV_H090,PV,0.0,0.0,0.0,0.0,0.0,0.0,False,True
2026-01-15 21:30,PV_H093,PV,0.0,0.0,0.0,0.0,0.0,0.0,False,True
2026-01-15 21:30,PV_H094,PV,0.0,0.0,0.0,0.0,0.0,0.0,False,True
2026-01-15 21:30,PV_H095,PV,0.0,0.0,0.0,0.0,0.0,0.0,False,False
2026-01-15 21:30,PV_H096,PV,0.0,0.0,0.0,0.0,0.0,0.0,False,True
2026-01-15 21:30,PV_H098,PV,0.0,0.0,0.0,0.0,0.0,0.0,False,True
2026-01-15 21:30,PV_H099,PV,0.0,0.0,0.0,0.0,0.0,0.0,False,False
2026-01-15 21:30,BESS_COMMUNITY_01,BESS,25.0,25.0,25.0,25.0,0.0,60.0,True,True
2026-01-15 21:30,EV_001,EV,0.0,4.24,0.0,4.24,4.24,1.06,True,True
2026-01-15 21:30,EV_002,EV,0.0,0.0,0.0,0.0,0.0,0.0,False,True
2026-01-15 21:30,EV_003,EV,0.0,7.4,0.0,7.4,7.4,1.85,True,True
2026-01-15 21:30,EV_004,EV,0.0,0.0,0.0,0.0,0.0,0.0,False,False
2026-01-15 21:30,EV_005,EV,0.0,0.0,0.0,0.0,0.0,0.0,False,True
2026-01-15 21:30,EV_006,EV,0.0,7.4,0.0,7.4,7.4,1.85,True,True
2026-01-15 21:30,EV_007,EV,0.0,7.4,0.0,7.4,7.4,1.85,True,True
2026-01-15 21:30,EV_008,EV,0.0,0.0,0.0,0.0,0.0,0.0,False,True
2026-01-15 21:30,EV_009,EV,0.0,0.0,0.0,0.0,0.0,0.0,False,True
2026-01-15 21:30,EV_010,EV,0.0,0.0,0.0,0.0,0.0,0.0,False,True
2026-01-15 21:30,EV_011,EV,0.0,7.4,0.0,7.4,7.4,1.85,True,True
2026-01-15 21:30,EV_012,EV,0.0,0.0,0.0,0.0,0.0,0.0,False,False
2026-01-15 21:30,EV_013,EV,0.0,0.0,0.0,0.0,0.0,0.0,False,False
2026-01-15 21:30,EV_014,EV,0.0,7.4,0.0,7.4,7.4,1.85,True,True
2026-01-15 21:30,EV_015,EV,0.0,7.4,0.0,7.4,7.4,1.85,True,True
2026-01-15 21:30,EV_016,EV,0.0,0.0,0.0,0.0,0.0,0.0,False,False
2026-01-15 21:30,EV_017,EV,0.0,0.0,0.0,0.0,0.0,0.0,False,False
2026-01-15 21:30,EV_018,EV,0.0,7.4,0.0,7.4,7.4,1.85,True,True
2026-01-15 21:30,EV_019,EV,0.0,7.4,0.0,7.4,7.4,1.85,True,True
2026-01-15 21:30,EV_020,EV,0.0,0.0,0.0,0.0,0.0,0.0,False,True
2026-01-15 21:30,FL001,FLEXIBLE_LOAD,0.0,0.0,0.0,0.0,0.0,0.0,False,False
2026-01-15 21:30,FL002,FLEXIBLE_LOAD,0.0,0.0,0.0,0.0,0.0,0.0,False,True
2026-01-15 21:30,FL003,FLEXIBLE_LOAD,0.0,0.0,0.0,0.0,0.0,0.0,False,True
2026-01-15 21:45,PV_H002,PV,0.0,0.0,0.0,0.0,0.0,0.0,False,True
2026-01-15 21:45,PV_H003,PV,0.0,0.0,0.0,0.0,0.0,0.0,False,True
2026-01-15 21:45,PV_H005,PV,0.0,0.0,0.0,0.0,0.0,0.0,False,False
2026-01-15 21:45,PV_H006,PV,0.0,0.0,0.0,0.0,0.0,0.0,False,True
2026-01-15 21:45,PV_H007,PV,0.0,0.0,0.0,0.0,0.0,0.0,False,False
2026-01-15 21:45,PV_H010,PV,0.0,0.0,0.0,0.0,0.0,0.0,False,False
2026-01-15 21:45,PV_H016,PV,0.0,0.0,0.0,0.0,0.0,0.0,False,True
2026-01-15 21:45,PV_H017,PV,0.0,0.0,0.0,0.0,0.0,0.0,False,True
2026-01-15 21:45,PV_H018,PV,0.0,0.0,0.0,0.0,0.0,0.0,False,True
2026-01-15 21:45,PV_H021,PV,0.0,0.0,0.0,0.0,0.0,0.0,False,True
2026-01-15 21:45,PV_H024,PV,0.0,0.0,0.0,0.0,0.0,0.0,False,True
2026-01-15 21:45,PV_H025,PV,0.0,0.0,0.0,0.0,0.0,0.0,False,False
2026-01-15 21:45,PV_H026,PV,0.0,0.0,0.0,0.0,0.0,0.0,False,False
2026-01-15 21:45,PV_H027,PV,0.0,0.0,0.0,0.0,0.0,0.0,False,True
2026-01-15 21:45,PV_H032,PV,0.0,0.0,0.0,0.0,0.0,0.0,False,False
2026-01-15 21:45,PV_H033,PV,0.0,0.0,0.0,0.0,0.0,0.0,False,True
2026-01-15 21:45,PV_H034,PV,0.0,0.0,0.0,0.0,0.0,0.0,False,True
2026-01-15 21:45,PV_H035,PV,0.0,0.0,0.0,0.0,0.0,0.0,False,True
2026-01-15 21:45,PV_H036,PV,0.0,0.0,0.0,0.0,0.0,0.0,False,False
2026-01-15 21:45,PV_H037,PV,0.0,0.0,0.0,0.0,0.0,0.0,False,False
2026-01-15 21:45,PV_H040,PV,0.0,0.0,0.0,0.0,0.0,0.0,False,False
2026-01-15 21:45,PV_H042,PV,0.0,0.0,0.0,0.0,0.0,0.0,False,True
2026-01-15 21:45,PV_H044,PV,0.0,0.0,0.0,0.0,0.0,0.0,False,False
2026-01-15 21:45,PV_H046,PV,0.0,0.0,0.0,0.0,0.0,0.0,False,False
2026-01-15 21:45,PV_H048,PV,0.0,0.0,0.0,0.0,0.0,0.0,False,False
2026-01-15 21:45,PV_H049,PV,0.0,0.0,0.0,0.0,0.0,0.0,False,True
2026-01-15 21:45,PV_H050,PV,0.0,0.0,0.0,0.0,0.0,0.0,False,True
2026-01-15 21:45,PV_H053,PV,0.0,0.0,0.0,0.0,0.0,0.0,False,False
2026-01-15 21:45,PV_H055,PV,0.0,0.0,0.0,0.0,0.0,0.0,False,True
2026-01-15 21:45,PV_H057,PV,0.0,0.0,0.0,0.0,0.0,0.0,False,True
2026-01-15 21:45,PV_H058,PV,0.0,0.0,0.0,0.0,0.0,0.0,False,True
2026-01-15 21:45,PV_H060,PV,0.0,0.0,0.0,0.0,0.0,0.0,False,True
2026-01-15 21:45,PV_H061,PV,0.0,0.0,0.0,0.0,0.0,0.0,False,True
2026-01-15 21:45,PV_H062,PV,0.0,0.0,0.0,0.0,0.0,0.0,False,False
2026-01-15 21:45,PV_H063,PV,0.0,0.0,0.0,0.0,0.0,0.0,False,False
2026-01-15 21:45,PV_H066,PV,0.0,0.0,0.0,0.0,0.0,0.0,False,False
2026-01-15 21:45,PV_H067,PV,0.0,0.0,0.0,0.0,0.0,0.0,False,True
2026-01-15 21:45,PV_H069,PV,0.0,0.0,0.0,0.0,0.0,0.0,False,True
2026-01-15 21:45,PV_H071,PV,0.0,0.0,0.0,0.0,0.0,0.0,False,True
2026-01-15 21:45,PV_H072,PV,0.0,0.0,0.0,0.0,0.0,0.0,False,True
2026-01-15 21:45,PV_H073,PV,0.0,0.0,0.0,0.0,0.0,0.0,False,True
2026-01-15 21:45,PV_H074,PV,0.0,0.0,0.0,0.0,0.0,0.0,False,False
2026-01-15 21:45,PV_H076,PV,0.0,0.0,0.0,0.0,0.0,0.0,False,True
2026-01-15 21:45,PV_H077,PV,0.0,0.0,0.0,0.0,0.0,0.0,False,True
2026-01-15 21:45,PV_H078,PV,0.0,0.0,0.0,0.0,0.0,0.0,False,False
2026-01-15 21:45,PV_H079,PV,0.0,0.0,0.0,0.0,0.0,0.0,False,True
2026-01-15 21:45,PV_H080,PV,0.0,0.0,0.0,0.0,0.0,0.0,False,False
2026-01-15 21:45,PV_H081,PV,0.0,0.0,0.0,0.0,0.0,0.0,False,True
2026-01-15 21:45,PV_H082,PV,0.0,0.0,0.0,0.0,0.0,0.0,False,True
2026-01-15 21:45,PV_H083,PV,0.0,0.0,0.0,0.0,0.0,0.0,False,True
2026-01-15 21:45,PV_H085,PV,0.0,0.0,0.0,0.0,0.0,0.0,False,False
2026-01-15 21:45,PV_H087,PV,0.0,0.0,0.0,0.0,0.0,0.0,False,False
2026-01-15 21:45,PV_H088,PV,0.0,0.0,0.0,0.0,0.0,0.0,False,False
2026-01-15 21:45,PV_H090,PV,0.0,0.0,0.0,0.0,0.0,0.0,False,True
2026-01-15 21:45,PV_H093,PV,0.0,0.0,0.0,0.0,0.0,0.0,False,True
2026-01-15 21:45,PV_H094,PV,0.0,0.0,0.0,0.0,0.0,0.0,False,True
2026-01-15 21:45,PV_H095,PV,0.0,0.0,0.0,0.0,0.0,0.0,False,False
2026-01-15 21:45,PV_H096,PV,0.0,0.0,0.0,0.0,0.0,0.0,False,True
2026-01-15 21:45,PV_H098,PV,0.0,0.0,0.0,0.0,0.0,0.0,False,True
2026-01-15 21:45,PV_H099,PV,0.0,0.0,0.0,0.0,0.0,0.0,False,False
2026-01-15 21:45,BESS_COMMUNITY_01,BESS,25.0,25.0,25.0,25.0,0.0,60.0,True,True
2026-01-15 21:45,EV_001,EV,0.0,0.0,0.0,0.0,0.0,0.0,False,True
2026-01-15 21:45,EV_002,EV,0.0,0.0,0.0,0.0,0.0,0.0,False,True
2026-01-15 21:45,EV_003,EV,0.0,7.4,0.0,7.4,7.4,1.85,True,True
2026-01-15 21:45,EV_004,EV,0.0,0.0,0.0,0.0,0.0,0.0,False,False
2026-01-15 21:45,EV_005,EV,0.0,0.0,0.0,0.0,0.0,0.0,False,True
2026-01-15 21:45,EV_006,EV,0.0,7.4,0.0,7.4,7.4,1.85,True,True
2026-01-15 21:45,EV_007,EV,0.0,7.4,0.0,7.4,7.4,1.85,True,True
2026-01-15 21:45,EV_008,EV,0.0,0.0,0.0,0.0,0.0,0.0,False,True
2026-01-15 21:45,EV_009,EV,0.0,0.0,0.0,0.0,0.0,0.0,False,True
2026-01-15 21:45,EV_010,EV,0.0,0.0,0.0,0.0,0.0,0.0,False,True
2026-01-15 21:45,EV_011,EV,0.0,7.4,0.0,7.4,7.4,1.85,True,True
2026-01-15 21:45,EV_012,EV,0.0,0.0,0.0,0.0,0.0,0.0,False,False
2026-01-15 21:45,EV_013,EV,0.0,0.0,0.0,0.0,0.0,0.0,False,False
2026-01-15 21:45,EV_014,EV,0.0,7.4,0.0,7.4,7.4,1.85,True,True
2026-01-15 21:45,EV_015,EV,0.0,7.4,0.0,7.4,7.4,1.85,True,True
2026-01-15 21:45,EV_016,EV,0.0,0.0,0.0,0.0,0.0,0.0,False,False
2026-01-15 21:45,EV_017,EV,0.0,0.0,0.0,0.0,0.0,0.0,False,False
2026-01-15 21:45,EV_018,EV,0.0,7.4,0.0,7.4,7.4,1.85,True,True
2026-01-15 21:45,EV_019,EV,0.0,7.4,0.0,7.4,7.4,1.85,True,True
2026-01-15 21:45,EV_020,EV,0.0,0.0,0.0,0.0,0.0,0.0,False,True
2026-01-15 21:45,FL001,FLEXIBLE_LOAD,0.0,0.0,0.0,0.0,0.0,0.0,False,False
2026-01-15 21:45,FL002,FLEXIBLE_LOAD,0.0,0.0,0.0,0.0,0.0,0.0,False,True
2026-01-15 21:45,FL003,FLEXIBLE_LOAD,0.0,0.0,0.0,0.0,0.0,0.0,False,True
2026-01-15 22:00,PV_H002,PV,0.0,0.0,0.0,0.0,0.0,0.0,False,True
2026-01-15 22:00,PV_H003,PV,0.0,0.0,0.0,0.0,0.0,0.0,False,True
2026-01-15 22:00,PV_H005,PV,0.0,0.0,0.0,0.0,0.0,0.0,False,False
2026-01-15 22:00,PV_H006,PV,0.0,0.0,0.0,0.0,0.0,0.0,False,True
2026-01-15 22:00,PV_H007,PV,0.0,0.0,0.0,0.0,0.0,0.0,False,False
2026-01-15 22:00,PV_H010,PV,0.0,0.0,0.0,0.0,0.0,0.0,False,False
2026-01-15 22:00,PV_H016,PV,0.0,0.0,0.0,0.0,0.0,0.0,False,True
2026-01-15 22:00,PV_H017,PV,0.0,0.0,0.0,0.0,0.0,0.0,False,True
2026-01-15 22:00,PV_H018,PV,0.0,0.0,0.0,0.0,0.0,0.0,False,True
2026-01-15 22:00,PV_H021,PV,0.0,0.0,0.0,0.0,0.0,0.0,False,True
2026-01-15 22:00,PV_H024,PV,0.0,0.0,0.0,0.0,0.0,0.0,False,True
2026-01-15 22:00,PV_H025,PV,0.0,0.0,0.0,0.0,0.0,0.0,False,False
2026-01-15 22:00,PV_H026,PV,0.0,0.0,0.0,0.0,0.0,0.0,False,False
2026-01-15 22:00,PV_H027,PV,0.0,0.0,0.0,0.0,0.0,0.0,False,True
2026-01-15 22:00,PV_H032,PV,0.0,0.0,0.0,0.0,0.0,0.0,False,False
2026-01-15 22:00,PV_H033,PV,0.0,0.0,0.0,0.0,0.0,0.0,False,True
2026-01-15 22:00,PV_H034,PV,0.0,0.0,0.0,0.0,0.0,0.0,False,True
2026-01-15 22:00,PV_H035,PV,0.0,0.0,0.0,0.0,0.0,0.0,False,True
2026-01-15 22:00,PV_H036,PV,0.0,0.0,0.0,0.0,0.0,0.0,False,False
2026-01-15 22:00,PV_H037,PV,0.0,0.0,0.0,0.0,0.0,0.0,False,False
2026-01-15 22:00,PV_H040,PV,0.0,0.0,0.0,0.0,0.0,0.0,False,False
2026-01-15 22:00,PV_H042,PV,0.0,0.0,0.0,0.0,0.0,0.0,False,True
2026-01-15 22:00,PV_H044,PV,0.0,0.0,0.0,0.0,0.0,0.0,False,False
2026-01-15 22:00,PV_H046,PV,0.0,0.0,0.0,0.0,0.0,0.0,False,False
2026-01-15 22:00,PV_H048,PV,0.0,0.0,0.0,0.0,0.0,0.0,False,False
2026-01-15 22:00,PV_H049,PV,0.0,0.0,0.0,0.0,0.0,0.0,False,True
2026-01-15 22:00,PV_H050,PV,0.0,0.0,0.0,0.0,0.0,0.0,False,True
2026-01-15 22:00,PV_H053,PV,0.0,0.0,0.0,0.0,0.0,0.0,False,False
2026-01-15 22:00,PV_H055,PV,0.0,0.0,0.0,0.0,0.0,0.0,False,True
2026-01-15 22:00,PV_H057,PV,0.0,0.0,0.0,0.0,0.0,0.0,False,True
2026-01-15 22:00,PV_H058,PV,0.0,0.0,0.0,0.0,0.0,0.0,False,True
2026-01-15 22:00,PV_H060,PV,0.0,0.0,0.0,0.0,0.0,0.0,False,True
2026-01-15 22:00,PV_H061,PV,0.0,0.0,0.0,0.0,0.0,0.0,False,True
2026-01-15 22:00,PV_H062,PV,0.0,0.0,0.0,0.0,0.0,0.0,False,False
2026-01-15 22:00,PV_H063,PV,0.0,0.0,0.0,0.0,0.0,0.0,False,False
2026-01-15 22:00,PV_H066,PV,0.0,0.0,0.0,0.0,0.0,0.0,False,False
2026-01-15 22:00,PV_H067,PV,0.0,0.0,0.0,0.0,0.0,0.0,False,True
2026-01-15 22:00,PV_H069,PV,0.0,0.0,0.0,0.0,0.0,0.0,False,True
2026-01-15 22:00,PV_H071,PV,0.0,0.0,0.0,0.0,0.0,0.0,False,True
2026-01-15 22:00,PV_H072,PV,0.0,0.0,0.0,0.0,0.0,0.0,False,True
2026-01-15 22:00,PV_H073,PV,0.0,0.0,0.0,0.0,0.0,0.0,False,True
2026-01-15 22:00,PV_H074,PV,0.0,0.0,0.0,0.0,0.0,0.0,False,False
2026-01-15 22:00,PV_H076,PV,0.0,0.0,0.0,0.0,0.0,0.0,False,True
2026-01-15 22:00,PV_H077,PV,0.0,0.0,0.0,0.0,0.0,0.0,False,True
2026-01-15 22:00,PV_H078,PV,0.0,0.0,0.0,0.0,0.0,0.0,False,False
2026-01-15 22:00,PV_H079,PV,0.0,0.0,0.0,0.0,0.0,0.0,False,True
2026-01-15 22:00,PV_H080,PV,0.0,0.0,0.0,0.0,0.0,0.0,False,False
2026-01-15 22:00,PV_H081,PV,0.0,0.0,0.0,0.0,0.0,0.0,False,True
2026-01-15 22:00,PV_H082,PV,0.0,0.0,0.0,0.0,0.0,0.0,False,True
2026-01-15 22:00,PV_H083,PV,0.0,0.0,0.0,0.0,0.0,0.0,False,True
2026-01-15 22:00,PV_H085,PV,0.0,0.0,0.0,0.0,0.0,0.0,False,False
2026-01-15 22:00,PV_H087,PV,0.0,0.0,0.0,0.0,0.0,0.0,False,False
2026-01-15 22:00,PV_H088,PV,0.0,0.0,0.0,0.0,0.0,0.0,False,False
2026-01-15 22:00,PV_H090,PV,0.0,0.0,0.0,0.0,0.0,0.0,False,True
2026-01-15 22:00,PV_H093,PV,0.0,0.0,0.0,0.0,0.0,0.0,False,True
2026-01-15 22:00,PV_H094,PV,0.0,0.0,0.0,0.0,0.0,0.0,False,True
2026-01-15 22:00,PV_H095,PV,0.0,0.0,0.0,0.0,0.0,0.0,False,False
2026-01-15 22:00,PV_H096,PV,0.0,0.0,0.0,0.0,0.0,0.0,False,True
2026-01-15 22:00,PV_H098,PV,0.0,0.0,0.0,0.0,0.0,0.0,False,True
2026-01-15 22:00,PV_H099,PV,0.0,0.0,0.0,0.0,0.0,0.0,False,False
2026-01-15 22:00,BESS_COMMUNITY_01,BESS,25.0,25.0,25.0,25.0,0.0,60.0,True,True
2026-01-15 22:00,EV_001,EV,0.0,0.0,0.0,0.0,0.0,0.0,False,True
2026-01-15 22:00,EV_002,EV,0.0,0.0,0.0,0.0,0.0,0.0,False,True
2026-01-15 22:00,EV_003,EV,0.0,7.4,0.0,7.4,7.4,1.85,True,True
2026-01-15 22:00,EV_004,EV,0.0,7.4,0.0,0.0,0.0,0.0,True,False
2026-01-15 22:00,EV_005,EV,0.0,0.0,0.0,0.0,0.0,0.0,False,True
2026-01-15 22:00,EV_006,EV,0.0,7.4,0.0,7.4,7.4,1.85,True,True
2026-01-15 22:00,EV_007,EV,0.0,7.4,0.0,7.4,7.4,1.85,True,True
2026-01-15 22:00,EV_008,EV,0.0,0.0,0.0,0.0,0.0,0.0,False,True
2026-01-15 22:00,EV_009,EV,0.0,0.0,0.0,0.0,0.0,0.0,False,True
2026-01-15 22:00,EV_010,EV,0.0,0.0,0.0,0.0,0.0,0.0,False,True
2026-01-15 22:00,EV_011,EV,0.0,7.04,0.0,7.04,7.04,1.76,True,True
2026-01-15 22:00,EV_012,EV,0.0,0.0,0.0,0.0,0.0,0.0,False,False
2026-01-15 22:00,EV_013,EV,0.0,0.0,0.0,0.0,0.0,0.0,False,False
2026-01-15 22:00,EV_014,EV,0.0,7.4,0.0,7.4,7.4,1.85,True,True
2026-01-15 22:00,EV_015,EV,0.0,7.4,0.0,7.4,7.4,1.85,True,True
2026-01-15 22:00,EV_016,EV,0.0,0.0,0.0,0.0,0.0,0.0,False,False
2026-01-15 22:00,EV_017,EV,0.0,0.0,0.0,0.0,0.0,0.0,False,False
2026-01-15 22:00,EV_018,EV,0.0,7.4,0.0,7.4,7.4,1.85,True,True
2026-01-15 22:00,EV_019,EV,0.0,7.4,0.0,7.4,7.4,1.85,True,True
2026-01-15 22:00,EV_020,EV,0.0,0.0,0.0,0.0,0.0,0.0,False,True
2026-01-15 22:00,FL001,FLEXIBLE_LOAD,0.0,0.0,0.0,0.0,0.0,0.0,False,False
2026-01-15 22:00,FL002,FLEXIBLE_LOAD,0.0,0.0,0.0,0.0,0.0,0.0,False,True
2026-01-15 22:00,FL003,FLEXIBLE_LOAD,0.0,0.0,0.0,0.0,0.0,0.0,False,True
2026-01-15 22:15,PV_H002,PV,0.0,0.0,0.0,0.0,0.0,0.0,False,True
2026-01-15 22:15,PV_H003,PV,0.0,0.0,0.0,0.0,0.0,0.0,False,True
2026-01-15 22:15,PV_H005,PV,0.0,0.0,0.0,0.0,0.0,0.0,False,False
2026-01-15 22:15,PV_H006,PV,0.0,0.0,0.0,0.0,0.0,0.0,False,True
2026-01-15 22:15,PV_H007,PV,0.0,0.0,0.0,0.0,0.0,0.0,False,False
2026-01-15 22:15,PV_H010,PV,0.0,0.0,0.0,0.0,0.0,0.0,False,False
2026-01-15 22:15,PV_H016,PV,0.0,0.0,0.0,0.0,0.0,0.0,False,True
2026-01-15 22:15,PV_H017,PV,0.0,0.0,0.0,0.0,0.0,0.0,False,True
2026-01-15 22:15,PV_H018,PV,0.0,0.0,0.0,0.0,0.0,0.0,False,True
2026-01-15 22:15,PV_H021,PV,0.0,0.0,0.0,0.0,0.0,0.0,False,True
2026-01-15 22:15,PV_H024,PV,0.0,0.0,0.0,0.0,0.0,0.0,False,True
2026-01-15 22:15,PV_H025,PV,0.0,0.0,0.0,0.0,0.0,0.0,False,False
2026-01-15 22:15,PV_H026,PV,0.0,0.0,0.0,0.0,0.0,0.0,False,False
2026-01-15 22:15,PV_H027,PV,0.0,0.0,0.0,0.0,0.0,0.0,False,True
2026-01-15 22:15,PV_H032,PV,0.0,0.0,0.0,0.0,0.0,0.0,False,False
2026-01-15 22:15,PV_H033,PV,0.0,0.0,0.0,0.0,0.0,0.0,False,True
2026-01-15 22:15,PV_H034,PV,0.0,0.0,0.0,0.0,0.0,0.0,False,True
2026-01-15 22:15,PV_H035,PV,0.0,0.0,0.0,0.0,0.0,0.0,False,True
2026-01-15 22:15,PV_H036,PV,0.0,0.0,0.0,0.0,0.0,0.0,False,False
2026-01-15 22:15,PV_H037,PV,0.0,0.0,0.0,0.0,0.0,0.0,False,False
2026-01-15 22:15,PV_H040,PV,0.0,0.0,0.0,0.0,0.0,0.0,False,False
2026-01-15 22:15,PV_H042,PV,0.0,0.0,0.0,0.0,0.0,0.0,False,True
2026-01-15 22:15,PV_H044,PV,0.0,0.0,0.0,0.0,0.0,0.0,False,False
2026-01-15 22:15,PV_H046,PV,0.0,0.0,0.0,0.0,0.0,0.0,False,False
2026-01-15 22:15,PV_H048,PV,0.0,0.0,0.0,0.0,0.0,0.0,False,False
2026-01-15 22:15,PV_H049,PV,0.0,0.0,0.0,0.0,0.0,0.0,False,True
2026-01-15 22:15,PV_H050,PV,0.0,0.0,0.0,0.0,0.0,0.0,False,True
2026-01-15 22:15,PV_H053,PV,0.0,0.0,0.0,0.0,0.0,0.0,False,False
2026-01-15 22:15,PV_H055,PV,0.0,0.0,0.0,0.0,0.0,0.0,False,True
2026-01-15 22:15,PV_H057,PV,0.0,0.0,0.0,0.0,0.0,0.0,False,True
2026-01-15 22:15,PV_H058,PV,0.0,0.0,0.0,0.0,0.0,0.0,False,True
2026-01-15 22:15,PV_H060,PV,0.0,0.0,0.0,0.0,0.0,0.0,False,True
2026-01-15 22:15,PV_H061,PV,0.0,0.0,0.0,0.0,0.0,0.0,False,True
2026-01-15 22:15,PV_H062,PV,0.0,0.0,0.0,0.0,0.0,0.0,False,False
2026-01-15 22:15,PV_H063,PV,0.0,0.0,0.0,0.0,0.0,0.0,False,False
2026-01-15 22:15,PV_H066,PV,0.0,0.0,0.0,0.0,0.0,0.0,False,False
2026-01-15 22:15,PV_H067,PV,0.0,0.0,0.0,0.0,0.0,0.0,False,True
2026-01-15 22:15,PV_H069,PV,0.0,0.0,0.0,0.0,0.0,0.0,False,True
2026-01-15 22:15,PV_H071,PV,0.0,0.0,0.0,0.0,0.0,0.0,False,True
2026-01-15 22:15,PV_H072,PV,0.0,0.0,0.0,0.0,0.0,0.0,False,True
2026-01-15 22:15,PV_H073,PV,0.0,0.0,0.0,0.0,0.0,0.0,False,True
2026-01-15 22:15,PV_H074,PV,0.0,0.0,0.0,0.0,0.0,0.0,False,False
2026-01-15 22:15,PV_H076,PV,0.0,0.0,0.0,0.0,0.0,0.0,False,True
2026-01-15 22:15,PV_H077,PV,0.0,0.0,0.0,0.0,0.0,0.0,False,True
2026-01-15 22:15,PV_H078,PV,0.0,0.0,0.0,0.0,0.0,0.0,False,False
2026-01-15 22:15,PV_H079,PV,0.0,0.0,0.0,0.0,0.0,0.0,False,True
2026-01-15 22:15,PV_H080,PV,0.0,0.0,0.0,0.0,0.0,0.0,False,False
2026-01-15 22:15,PV_H081,PV,0.0,0.0,0.0,0.0,0.0,0.0,False,True
2026-01-15 22:15,PV_H082,PV,0.0,0.0,0.0,0.0,0.0,0.0,False,True
2026-01-15 22:15,PV_H083,PV,0.0,0.0,0.0,0.0,0.0,0.0,False,True
2026-01-15 22:15,PV_H085,PV,0.0,0.0,0.0,0.0,0.0,0.0,False,False
2026-01-15 22:15,PV_H087,PV,0.0,0.0,0.0,0.0,0.0,0.0,False,False
2026-01-15 22:15,PV_H088,PV,0.0,0.0,0.0,0.0,0.0,0.0,False,False
2026-01-15 22:15,PV_H090,PV,0.0,0.0,0.0,0.0,0.0,0.0,False,True
2026-01-15 22:15,PV_H093,PV,0.0,0.0,0.0,0.0,0.0,0.0,False,True
2026-01-15 22:15,PV_H094,PV,0.0,0.0,0.0,0.0,0.0,0.0,False,True
2026-01-15 22:15,PV_H095,PV,0.0,0.0,0.0,0.0,0.0,0.0,False,False
2026-01-15 22:15,PV_H096,PV,0.0,0.0,0.0,0.0,0.0,0.0,False,True
2026-01-15 22:15,PV_H098,PV,0.0,0.0,0.0,0.0,0.0,0.0,False,True
2026-01-15 22:15,PV_H099,PV,0.0,0.0,0.0,0.0,0.0,0.0,False,False
2026-01-15 22:15,BESS_COMMUNITY_01,BESS,25.0,25.0,25.0,25.0,0.0,60.0,True,True
2026-01-15 22:15,EV_001,EV,0.0,0.0,0.0,0.0,0.0,0.0,False,True
2026-01-15 22:15,EV_002,EV,0.0,0.0,0.0,0.0,0.0,0.0,False,True
2026-01-15 22:15,EV_003,EV,0.0,7.4,0.0,7.4,7.4,1.85,True,True
2026-01-15 22:15,EV_004,EV,0.0,7.4,0.0,0.0,0.0,0.0,True,False
2026-01-15 22:15,EV_005,EV,0.0,0.0,0.0,0.0,0.0,0.0,False,True
2026-01-15 22:15,EV_006,EV,0.0,7.4,0.0,7.4,7.4,1.85,True,True
2026-01-15 22:15,EV_007,EV,0.0,0.2,0.0,0.2,0.2,0.05,True,True
2026-01-15 22:15,EV_008,EV,0.0,0.0,0.0,0.0,0.0,0.0,False,True
2026-01-15 22:15,EV_009,EV,0.0,0.0,0.0,0.0,0.0,0.0,False,True
2026-01-15 22:15,EV_010,EV,0.0,0.0,0.0,0.0,0.0,0.0,False,True
2026-01-15 22:15,EV_011,EV,0.0,0.0,0.0,0.0,0.0,0.0,False,True
2026-01-15 22:15,EV_012,EV,0.0,0.0,0.0,0.0,0.0,0.0,False,False
2026-01-15 22:15,EV_013,EV,0.0,0.0,0.0,0.0,0.0,0.0,False,False
2026-01-15 22:15,EV_014,EV,0.0,7.4,0.0,7.4,7.4,1.85,True,True
2026-01-15 22:15,EV_015,EV,0.0,7.4,0.0,7.4,7.4,1.85,True,True
2026-01-15 22:15,EV_016,EV,0.0,0.0,0.0,0.0,0.0,0.0,False,False
2026-01-15 22:15,EV_017,EV,0.0,0.0,0.0,0.0,0.0,0.0,False,False
2026-01-15 22:15,EV_018,EV,0.0,7.4,0.0,7.4,7.4,1.85,True,True
2026-01-15 22:15,EV_019,EV,0.0,7.4,0.0,7.4,7.4,1.85,True,True
2026-01-15 22:15,EV_020,EV,0.0,0.0,0.0,0.0,0.0,0.0,False,True
2026-01-15 22:15,FL001,FLEXIBLE_LOAD,0.0,0.0,0.0,0.0,0.0,0.0,False,False
2026-01-15 22:15,FL002,FLEXIBLE_LOAD,0.0,0.0,0.0,0.0,0.0,0.0,False,True
2026-01-15 22:15,FL003,FLEXIBLE_LOAD,0.0,0.0,0.0,0.0,0.0,0.0,False,True
2026-01-15 22:30,PV_H002,PV,0.0,0.0,0.0,0.0,0.0,0.0,False,True
2026-01-15 22:30,PV_H003,PV,0.0,0.0,0.0,0.0,0.0,0.0,False,True
2026-01-15 22:30,PV_H005,PV,0.0,0.0,0.0,0.0,0.0,0.0,False,False
2026-01-15 22:30,PV_H006,PV,0.0,0.0,0.0,0.0,0.0,0.0,False,True
2026-01-15 22:30,PV_H007,PV,0.0,0.0,0.0,0.0,0.0,0.0,False,False
2026-01-15 22:30,PV_H010,PV,0.0,0.0,0.0,0.0,0.0,0.0,False,False
2026-01-15 22:30,PV_H016,PV,0.0,0.0,0.0,0.0,0.0,0.0,False,True
2026-01-15 22:30,PV_H017,PV,0.0,0.0,0.0,0.0,0.0,0.0,False,True
2026-01-15 22:30,PV_H018,PV,0.0,0.0,0.0,0.0,0.0,0.0,False,True
2026-01-15 22:30,PV_H021,PV,0.0,0.0,0.0,0.0,0.0,0.0,False,True
2026-01-15 22:30,PV_H024,PV,0.0,0.0,0.0,0.0,0.0,0.0,False,True
2026-01-15 22:30,PV_H025,PV,0.0,0.0,0.0,0.0,0.0,0.0,False,False
2026-01-15 22:30,PV_H026,PV,0.0,0.0,0.0,0.0,0.0,0.0,False,False
2026-01-15 22:30,PV_H027,PV,0.0,0.0,0.0,0.0,0.0,0.0,False,True
2026-01-15 22:30,PV_H032,PV,0.0,0.0,0.0,0.0,0.0,0.0,False,False
2026-01-15 22:30,PV_H033,PV,0.0,0.0,0.0,0.0,0.0,0.0,False,True
2026-01-15 22:30,PV_H034,PV,0.0,0.0,0.0,0.0,0.0,0.0,False,True
2026-01-15 22:30,PV_H035,PV,0.0,0.0,0.0,0.0,0.0,0.0,False,True
2026-01-15 22:30,PV_H036,PV,0.0,0.0,0.0,0.0,0.0,0.0,False,False
2026-01-15 22:30,PV_H037,PV,0.0,0.0,0.0,0.0,0.0,0.0,False,False
2026-01-15 22:30,PV_H040,PV,0.0,0.0,0.0,0.0,0.0,0.0,False,False
2026-01-15 22:30,PV_H042,PV,0.0,0.0,0.0,0.0,0.0,0.0,False,True
2026-01-15 22:30,PV_H044,PV,0.0,0.0,0.0,0.0,0.0,0.0,False,False
2026-01-15 22:30,PV_H046,PV,0.0,0.0,0.0,0.0,0.0,0.0,False,False
2026-01-15 22:30,PV_H048,PV,0.0,0.0,0.0,0.0,0.0,0.0,False,False
2026-01-15 22:30,PV_H049,PV,0.0,0.0,0.0,0.0,0.0,0.0,False,True
2026-01-15 22:30,PV_H050,PV,0.0,0.0,0.0,0.0,0.0,0.0,False,True
2026-01-15 22:30,PV_H053,PV,0.0,0.0,0.0,0.0,0.0,0.0,False,False
2026-01-15 22:30,PV_H055,PV,0.0,0.0,0.0,0.0,0.0,0.0,False,True
2026-01-15 22:30,PV_H057,PV,0.0,0.0,0.0,0.0,0.0,0.0,False,True
2026-01-15 22:30,PV_H058,PV,0.0,0.0,0.0,0.0,0.0,0.0,False,True
2026-01-15 22:30,PV_H060,PV,0.0,0.0,0.0,0.0,0.0,0.0,False,True
2026-01-15 22:30,PV_H061,PV,0.0,0.0,0.0,0.0,0.0,0.0,False,True
2026-01-15 22:30,PV_H062,PV,0.0,0.0,0.0,0.0,0.0,0.0,False,False
2026-01-15 22:30,PV_H063,PV,0.0,0.0,0.0,0.0,0.0,0.0,False,False
2026-01-15 22:30,PV_H066,PV,0.0,0.0,0.0,0.0,0.0,0.0,False,False
2026-01-15 22:30,PV_H067,PV,0.0,0.0,0.0,0.0,0.0,0.0,False,True
2026-01-15 22:30,PV_H069,PV,0.0,0.0,0.0,0.0,0.0,0.0,False,True
2026-01-15 22:30,PV_H071,PV,0.0,0.0,0.0,0.0,0.0,0.0,False,True
2026-01-15 22:30,PV_H072,PV,0.0,0.0,0.0,0.0,0.0,0.0,False,True
2026-01-15 22:30,PV_H073,PV,0.0,0.0,0.0,0.0,0.0,0.0,False,True
2026-01-15 22:30,PV_H074,PV,0.0,0.0,0.0,0.0,0.0,0.0,False,False
2026-01-15 22:30,PV_H076,PV,0.0,0.0,0.0,0.0,0.0,0.0,False,True
2026-01-15 22:30,PV_H077,PV,0.0,0.0,0.0,0.0,0.0,0.0,False,True
2026-01-15 22:30,PV_H078,PV,0.0,0.0,0.0,0.0,0.0,0.0,False,False
2026-01-15 22:30,PV_H079,PV,0.0,0.0,0.0,0.0,0.0,0.0,False,True
2026-01-15 22:30,PV_H080,PV,0.0,0.0,0.0,0.0,0.0,0.0,False,False
2026-01-15 22:30,PV_H081,PV,0.0,0.0,0.0,0.0,0.0,0.0,False,True
2026-01-15 22:30,PV_H082,PV,0.0,0.0,0.0,0.0,0.0,0.0,False,True
2026-01-15 22:30,PV_H083,PV,0.0,0.0,0.0,0.0,0.0,0.0,False,True
2026-01-15 22:30,PV_H085,PV,0.0,0.0,0.0,0.0,0.0,0.0,False,False
2026-01-15 22:30,PV_H087,PV,0.0,0.0,0.0,0.0,0.0,0.0,False,False
2026-01-15 22:30,PV_H088,PV,0.0,0.0,0.0,0.0,0.0,0.0,False,False
2026-01-15 22:30,PV_H090,PV,0.0,0.0,0.0,0.0,0.0,0.0,False,True
2026-01-15 22:30,PV_H093,PV,0.0,0.0,0.0,0.0,0.0,0.0,False,True
2026-01-15 22:30,PV_H094,PV,0.0,0.0,0.0,0.0,0.0,0.0,False,True
2026-01-15 22:30,PV_H095,PV,0.0,0.0,0.0,0.0,0.0,0.0,False,False
2026-01-15 22:30,PV_H096,PV,0.0,0.0,0.0,0.0,0.0,0.0,False,True
2026-01-15 22:30,PV_H098,PV,0.0,0.0,0.0,0.0,0.0,0.0,False,True
2026-01-15 22:30,PV_H099,PV,0.0,0.0,0.0,0.0,0.0,0.0,False,False
2026-01-15 22:30,BESS_COMMUNITY_01,BESS,25.0,25.0,25.0,25.0,0.0,60.0,True,True
2026-01-15 22:30,EV_001,EV,0.0,0.0,0.0,0.0,0.0,0.0,False,True
2026-01-15 22:30,EV_002,EV,0.0,0.0,0.0,0.0,0.0,0.0,False,True
2026-01-15 22:30,EV_003,EV,0.0,7.4,0.0,7.4,7.4,1.85,True,True
2026-01-15 22:30,EV_004,EV,0.0,7.4,0.0,0.0,0.0,0.0,True,False
2026-01-15 22:30,EV_005,EV,0.0,0.0,0.0,0.0,0.0,0.0,False,True
2026-01-15 22:30,EV_006,EV,0.0,7.4,0.0,7.4,7.4,1.85,True,True
2026-01-15 22:30,EV_007,EV,0.0,0.0,0.0,0.0,0.0,0.0,False,True
2026-01-15 22:30,EV_008,EV,0.0,7.4,0.0,7.4,7.4,1.85,True,True
2026-01-15 22:30,EV_009,EV,0.0,0.0,0.0,0.0,0.0,0.0,False,True
2026-01-15 22:30,EV_010,EV,0.0,0.0,0.0,0.0,0.0,0.0,False,True
2026-01-15 22:30,EV_011,EV,0.0,0.0,0.0,0.0,0.0,0.0,False,True
2026-01-15 22:30,EV_012,EV,0.0,0.0,0.0,0.0,0.0,0.0,False,False
2026-01-15 22:30,EV_013,EV,0.0,0.0,0.0,0.0,0.0,0.0,False,False
2026-01-15 22:30,EV_014,EV,0.0,7.4,0.0,7.4,7.4,1.85,True,True
2026-01-15 22:30,EV_015,EV,0.0,7.4,0.0,7.4,7.4,1.85,True,True
2026-01-15 22:30,EV_016,EV,0.0,0.0,0.0,0.0,0.0,0.0,False,False
2026-01-15 22:30,EV_017,EV,0.0,0.0,0.0,0.0,0.0,0.0,False,False
2026-01-15 22:30,EV_018,EV,0.0,4.48,0.0,4.48,4.48,1.12,True,True
2026-01-15 22:30,EV_019,EV,0.0,7.4,0.0,7.4,7.4,1.85,True,True
2026-01-15 22:30,EV_020,EV,0.0,0.0,0.0,0.0,0.0,0.0,False,True
2026-01-15 22:30,FL001,FLEXIBLE_LOAD,0.0,0.0,0.0,0.0,0.0,0.0,False,False
2026-01-15 22:30,FL002,FLEXIBLE_LOAD,0.0,0.0,0.0,0.0,0.0,0.0,False,True
2026-01-15 22:30,FL003,FLEXIBLE_LOAD,0.0,0.0,0.0,0.0,0.0,0.0,False,True
2026-01-15 22:45,PV_H002,PV,0.0,0.0,0.0,0.0,0.0,0.0,False,True
2026-01-15 22:45,PV_H003,PV,0.0,0.0,0.0,0.0,0.0,0.0,False,True
2026-01-15 22:45,PV_H005,PV,0.0,0.0,0.0,0.0,0.0,0.0,False,False
2026-01-15 22:45,PV_H006,PV,0.0,0.0,0.0,0.0,0.0,0.0,False,True
2026-01-15 22:45,PV_H007,PV,0.0,0.0,0.0,0.0,0.0,0.0,False,False
2026-01-15 22:45,PV_H010,PV,0.0,0.0,0.0,0.0,0.0,0.0,False,False
2026-01-15 22:45,PV_H016,PV,0.0,0.0,0.0,0.0,0.0,0.0,False,True
2026-01-15 22:45,PV_H017,PV,0.0,0.0,0.0,0.0,0.0,0.0,False,True
2026-01-15 22:45,PV_H018,PV,0.0,0.0,0.0,0.0,0.0,0.0,False,True
2026-01-15 22:45,PV_H021,PV,0.0,0.0,0.0,0.0,0.0,0.0,False,True
2026-01-15 22:45,PV_H024,PV,0.0,0.0,0.0,0.0,0.0,0.0,False,True
2026-01-15 22:45,PV_H025,PV,0.0,0.0,0.0,0.0,0.0,0.0,False,False
2026-01-15 22:45,PV_H026,PV,0.0,0.0,0.0,0.0,0.0,0.0,False,False
2026-01-15 22:45,PV_H027,PV,0.0,0.0,0.0,0.0,0.0,0.0,False,True
2026-01-15 22:45,PV_H032,PV,0.0,0.0,0.0,0.0,0.0,0.0,False,False
2026-01-15 22:45,PV_H033,PV,0.0,0.0,0.0,0.0,0.0,0.0,False,True
2026-01-15 22:45,PV_H034,PV,0.0,0.0,0.0,0.0,0.0,0.0,False,True
2026-01-15 22:45,PV_H035,PV,0.0,0.0,0.0,0.0,0.0,0.0,False,True
2026-01-15 22:45,PV_H036,PV,0.0,0.0,0.0,0.0,0.0,0.0,False,False
2026-01-15 22:45,PV_H037,PV,0.0,0.0,0.0,0.0,0.0,0.0,False,False
2026-01-15 22:45,PV_H040,PV,0.0,0.0,0.0,0.0,0.0,0.0,False,False
2026-01-15 22:45,PV_H042,PV,0.0,0.0,0.0,0.0,0.0,0.0,False,True
2026-01-15 22:45,PV_H044,PV,0.0,0.0,0.0,0.0,0.0,0.0,False,False
2026-01-15 22:45,PV_H046,PV,0.0,0.0,0.0,0.0,0.0,0.0,False,False
2026-01-15 22:45,PV_H048,PV,0.0,0.0,0.0,0.0,0.0,0.0,False,False
2026-01-15 22:45,PV_H049,PV,0.0,0.0,0.0,0.0,0.0,0.0,False,True
2026-01-15 22:45,PV_H050,PV,0.0,0.0,0.0,0.0,0.0,0.0,False,True
2026-01-15 22:45,PV_H053,PV,0.0,0.0,0.0,0.0,0.0,0.0,False,False
2026-01-15 22:45,PV_H055,PV,0.0,0.0,0.0,0.0,0.0,0.0,False,True
2026-01-15 22:45,PV_H057,PV,0.0,0.0,0.0,0.0,0.0,0.0,False,True
2026-01-15 22:45,PV_H058,PV,0.0,0.0,0.0,0.0,0.0,0.0,False,True
2026-01-15 22:45,PV_H060,PV,0.0,0.0,0.0,0.0,0.0,0.0,False,True
2026-01-15 22:45,PV_H061,PV,0.0,0.0,0.0,0.0,0.0,0.0,False,True
2026-01-15 22:45,PV_H062,PV,0.0,0.0,0.0,0.0,0.0,0.0,False,False
2026-01-15 22:45,PV_H063,PV,0.0,0.0,0.0,0.0,0.0,0.0,False,False
2026-01-15 22:45,PV_H066,PV,0.0,0.0,0.0,0.0,0.0,0.0,False,False
2026-01-15 22:45,PV_H067,PV,0.0,0.0,0.0,0.0,0.0,0.0,False,True
2026-01-15 22:45,PV_H069,PV,0.0,0.0,0.0,0.0,0.0,0.0,False,True
2026-01-15 22:45,PV_H071,PV,0.0,0.0,0.0,0.0,0.0,0.0,False,True
2026-01-15 22:45,PV_H072,PV,0.0,0.0,0.0,0.0,0.0,0.0,False,True
2026-01-15 22:45,PV_H073,PV,0.0,0.0,0.0,0.0,0.0,0.0,False,True
2026-01-15 22:45,PV_H074,PV,0.0,0.0,0.0,0.0,0.0,0.0,False,False
2026-01-15 22:45,PV_H076,PV,0.0,0.0,0.0,0.0,0.0,0.0,False,True
2026-01-15 22:45,PV_H077,PV,0.0,0.0,0.0,0.0,0.0,0.0,False,True
2026-01-15 22:45,PV_H078,PV,0.0,0.0,0.0,0.0,0.0,0.0,False,False
2026-01-15 22:45,PV_H079,PV,0.0,0.0,0.0,0.0,0.0,0.0,False,True
2026-01-15 22:45,PV_H080,PV,0.0,0.0,0.0,0.0,0.0,0.0,False,False
2026-01-15 22:45,PV_H081,PV,0.0,0.0,0.0,0.0,0.0,0.0,False,True
2026-01-15 22:45,PV_H082,PV,0.0,0.0,0.0,0.0,0.0,0.0,False,True
2026-01-15 22:45,PV_H083,PV,0.0,0.0,0.0,0.0,0.0,0.0,False,True
2026-01-15 22:45,PV_H085,PV,0.0,0.0,0.0,0.0,0.0,0.0,False,False
2026-01-15 22:45,PV_H087,PV,0.0,0.0,0.0,0.0,0.0,0.0,False,False
2026-01-15 22:45,PV_H088,PV,0.0,0.0,0.0,0.0,0.0,0.0,False,False
2026-01-15 22:45,PV_H090,PV,0.0,0.0,0.0,0.0,0.0,0.0,False,True
2026-01-15 22:45,PV_H093,PV,0.0,0.0,0.0,0.0,0.0,0.0,False,True
2026-01-15 22:45,PV_H094,PV,0.0,0.0,0.0,0.0,0.0,0.0,False,True
2026-01-15 22:45,PV_H095,PV,0.0,0.0,0.0,0.0,0.0,0.0,False,False
2026-01-15 22:45,PV_H096,PV,0.0,0.0,0.0,0.0,0.0,0.0,False,True
2026-01-15 22:45,PV_H098,PV,0.0,0.0,0.0,0.0,0.0,0.0,False,True
2026-01-15 22:45,PV_H099,PV,0.0,0.0,0.0,0.0,0.0,0.0,False,False
2026-01-15 22:45,BESS_COMMUNITY_01,BESS,25.0,25.0,25.0,25.0,0.0,60.0,True,True
2026-01-15 22:45,EV_001,EV,0.0,0.0,0.0,0.0,0.0,0.0,False,True
2026-01-15 22:45,EV_002,EV,0.0,0.0,0.0,0.0,0.0,0.0,False,True
2026-01-15 22:45,EV_003,EV,0.0,7.4,0.0,7.4,7.4,1.85,True,True
2026-01-15 22:45,EV_004,EV,0.0,7.4,0.0,0.0,0.0,0.0,True,False
2026-01-15 22:45,EV_005,EV,0.0,0.0,0.0,0.0,0.0,0.0,False,True
2026-01-15 22:45,EV_006,EV,0.0,0.6,0.0,0.6,0.6,0.15,True,True
2026-01-15 22:45,EV_007,EV,0.0,0.0,0.0,0.0,0.0,0.0,False,True
2026-01-15 22:45,EV_008,EV,0.0,7.4,0.0,7.4,7.4,1.85,True,True
2026-01-15 22:45,EV_009,EV,0.0,0.0,0.0,0.0,0.0,0.0,False,True
2026-01-15 22:45,EV_010,EV,0.0,0.0,0.0,0.0,0.0,0.0,False,True
2026-01-15 22:45,EV_011,EV,0.0,0.0,0.0,0.0,0.0,0.0,False,True
2026-01-15 22:45,EV_012,EV,0.0,0.0,0.0,0.0,0.0,0.0,False,False
2026-01-15 22:45,EV_013,EV,0.0,0.0,0.0,0.0,0.0,0.0,False,False
2026-01-15 22:45,EV_014,EV,0.0,7.4,0.0,7.4,7.4,1.85,True,True
2026-01-15 22:45,EV_015,EV,0.0,7.32,0.0,7.32,7.32,1.83,True,True
2026-01-15 22:45,EV_016,EV,0.0,0.0,0.0,0.0,0.0,0.0,False,False
2026-01-15 22:45,EV_017,EV,0.0,0.0,0.0,0.0,0.0,0.0,False,False
2026-01-15 22:45,EV_018,EV,0.0,0.0,0.0,0.0,0.0,0.0,False,True
2026-01-15 22:45,EV_019,EV,0.0,7.4,0.0,7.4,7.4,1.85,True,True
2026-01-15 22:45,EV_020,EV,0.0,0.0,0.0,0.0,0.0,0.0,False,True
2026-01-15 22:45,FL001,FLEXIBLE_LOAD,0.0,0.0,0.0,0.0,0.0,0.0,False,False
2026-01-15 22:45,FL002,FLEXIBLE_LOAD,0.0,0.0,0.0,0.0,0.0,0.0,False,True
2026-01-15 22:45,FL003,FLEXIBLE_LOAD,0.0,0.0,0.0,0.0,0.0,0.0,False,True
2026-01-15 23:00,PV_H002,PV,0.0,0.0,0.0,0.0,0.0,0.0,False,True
2026-01-15 23:00,PV_H003,PV,0.0,0.0,0.0,0.0,0.0,0.0,False,True
2026-01-15 23:00,PV_H005,PV,0.0,0.0,0.0,0.0,0.0,0.0,False,False
2026-01-15 23:00,PV_H006,PV,0.0,0.0,0.0,0.0,0.0,0.0,False,True
2026-01-15 23:00,PV_H007,PV,0.0,0.0,0.0,0.0,0.0,0.0,False,False
2026-01-15 23:00,PV_H010,PV,0.0,0.0,0.0,0.0,0.0,0.0,False,False
2026-01-15 23:00,PV_H016,PV,0.0,0.0,0.0,0.0,0.0,0.0,False,True
2026-01-15 23:00,PV_H017,PV,0.0,0.0,0.0,0.0,0.0,0.0,False,True
2026-01-15 23:00,PV_H018,PV,0.0,0.0,0.0,0.0,0.0,0.0,False,True
2026-01-15 23:00,PV_H021,PV,0.0,0.0,0.0,0.0,0.0,0.0,False,True
2026-01-15 23:00,PV_H024,PV,0.0,0.0,0.0,0.0,0.0,0.0,False,True
2026-01-15 23:00,PV_H025,PV,0.0,0.0,0.0,0.0,0.0,0.0,False,False
2026-01-15 23:00,PV_H026,PV,0.0,0.0,0.0,0.0,0.0,0.0,False,False
2026-01-15 23:00,PV_H027,PV,0.0,0.0,0.0,0.0,0.0,0.0,False,True
2026-01-15 23:00,PV_H032,PV,0.0,0.0,0.0,0.0,0.0,0.0,False,False
2026-01-15 23:00,PV_H033,PV,0.0,0.0,0.0,0.0,0.0,0.0,False,True
2026-01-15 23:00,PV_H034,PV,0.0,0.0,0.0,0.0,0.0,0.0,False,True
2026-01-15 23:00,PV_H035,PV,0.0,0.0,0.0,0.0,0.0,0.0,False,True
2026-01-15 23:00,PV_H036,PV,0.0,0.0,0.0,0.0,0.0,0.0,False,False
2026-01-15 23:00,PV_H037,PV,0.0,0.0,0.0,0.0,0.0,0.0,False,False
2026-01-15 23:00,PV_H040,PV,0.0,0.0,0.0,0.0,0.0,0.0,False,False
2026-01-15 23:00,PV_H042,PV,0.0,0.0,0.0,0.0,0.0,0.0,False,True
2026-01-15 23:00,PV_H044,PV,0.0,0.0,0.0,0.0,0.0,0.0,False,False
2026-01-15 23:00,PV_H046,PV,0.0,0.0,0.0,0.0,0.0,0.0,False,False
2026-01-15 23:00,PV_H048,PV,0.0,0.0,0.0,0.0,0.0,0.0,False,False
2026-01-15 23:00,PV_H049,PV,0.0,0.0,0.0,0.0,0.0,0.0,False,True
2026-01-15 23:00,PV_H050,PV,0.0,0.0,0.0,0.0,0.0,0.0,False,True
2026-01-15 23:00,PV_H053,PV,0.0,0.0,0.0,0.0,0.0,0.0,False,False
2026-01-15 23:00,PV_H055,PV,0.0,0.0,0.0,0.0,0.0,0.0,False,True
2026-01-15 23:00,PV_H057,PV,0.0,0.0,0.0,0.0,0.0,0.0,False,True
2026-01-15 23:00,PV_H058,PV,0.0,0.0,0.0,0.0,0.0,0.0,False,True
2026-01-15 23:00,PV_H060,PV,0.0,0.0,0.0,0.0,0.0,0.0,False,True
2026-01-15 23:00,PV_H061,PV,0.0,0.0,0.0,0.0,0.0,0.0,False,True
2026-01-15 23:00,PV_H062,PV,0.0,0.0,0.0,0.0,0.0,0.0,False,False
2026-01-15 23:00,PV_H063,PV,0.0,0.0,0.0,0.0,0.0,0.0,False,False
2026-01-15 23:00,PV_H066,PV,0.0,0.0,0.0,0.0,0.0,0.0,False,False
2026-01-15 23:00,PV_H067,PV,0.0,0.0,0.0,0.0,0.0,0.0,False,True
2026-01-15 23:00,PV_H069,PV,0.0,0.0,0.0,0.0,0.0,0.0,False,True
2026-01-15 23:00,PV_H071,PV,0.0,0.0,0.0,0.0,0.0,0.0,False,True
2026-01-15 23:00,PV_H072,PV,0.0,0.0,0.0,0.0,0.0,0.0,False,True
2026-01-15 23:00,PV_H073,PV,0.0,0.0,0.0,0.0,0.0,0.0,False,True
2026-01-15 23:00,PV_H074,PV,0.0,0.0,0.0,0.0,0.0,0.0,False,False
2026-01-15 23:00,PV_H076,PV,0.0,0.0,0.0,0.0,0.0,0.0,False,True
2026-01-15 23:00,PV_H077,PV,0.0,0.0,0.0,0.0,0.0,0.0,False,True
2026-01-15 23:00,PV_H078,PV,0.0,0.0,0.0,0.0,0.0,0.0,False,False
2026-01-15 23:00,PV_H079,PV,0.0,0.0,0.0,0.0,0.0,0.0,False,True
2026-01-15 23:00,PV_H080,PV,0.0,0.0,0.0,0.0,0.0,0.0,False,False
2026-01-15 23:00,PV_H081,PV,0.0,0.0,0.0,0.0,0.0,0.0,False,True
2026-01-15 23:00,PV_H082,PV,0.0,0.0,0.0,0.0,0.0,0.0,False,True
2026-01-15 23:00,PV_H083,PV,0.0,0.0,0.0,0.0,0.0,0.0,False,True
2026-01-15 23:00,PV_H085,PV,0.0,0.0,0.0,0.0,0.0,0.0,False,False
2026-01-15 23:00,PV_H087,PV,0.0,0.0,0.0,0.0,0.0,0.0,False,False
2026-01-15 23:00,PV_H088,PV,0.0,0.0,0.0,0.0,0.0,0.0,False,False
2026-01-15 23:00,PV_H090,PV,0.0,0.0,0.0,0.0,0.0,0.0,False,True
2026-01-15 23:00,PV_H093,PV,0.0,0.0,0.0,0.0,0.0,0.0,False,True
2026-01-15 23:00,PV_H094,PV,0.0,0.0,0.0,0.0,0.0,0.0,False,True
2026-01-15 23:00,PV_H095,PV,0.0,0.0,0.0,0.0,0.0,0.0,False,False
2026-01-15 23:00,PV_H096,PV,0.0,0.0,0.0,0.0,0.0,0.0,False,True
2026-01-15 23:00,PV_H098,PV,0.0,0.0,0.0,0.0,0.0,0.0,False,True
2026-01-15 23:00,PV_H099,PV,0.0,0.0,0.0,0.0,0.0,0.0,False,False
2026-01-15 23:00,BESS_COMMUNITY_01,BESS,25.0,25.0,25.0,25.0,0.0,60.0,True,True
2026-01-15 23:00,EV_001,EV,0.0,0.0,0.0,0.0,0.0,0.0,False,True
2026-01-15 23:00,EV_002,EV,0.0,0.0,0.0,0.0,0.0,0.0,False,True
2026-01-15 23:00,EV_003,EV,0.0,7.4,0.0,7.4,7.4,1.85,True,True
2026-01-15 23:00,EV_004,EV,0.0,7.4,0.0,0.0,0.0,0.0,True,False
2026-01-15 23:00,EV_005,EV,0.0,0.0,0.0,0.0,0.0,0.0,False,True
2026-01-15 23:00,EV_006,EV,0.0,0.0,0.0,0.0,0.0,0.0,False,True
2026-01-15 23:00,EV_007,EV,0.0,0.0,0.0,0.0,0.0,0.0,False,True
2026-01-15 23:00,EV_008,EV,0.0,7.4,0.0,7.4,7.4,1.85,True,True
2026-01-15 23:00,EV_009,EV,0.0,0.0,0.0,0.0,0.0,0.0,False,True
2026-01-15 23:00,EV_010,EV,0.0,0.0,0.0,0.0,0.0,0.0,False,True
2026-01-15 23:00,EV_011,EV,0.0,0.0,0.0,0.0,0.0,0.0,False,True
2026-01-15 23:00,EV_012,EV,0.0,0.0,0.0,0.0,0.0,0.0,False,False
2026-01-15 23:00,EV_013,EV,0.0,0.0,0.0,0.0,0.0,0.0,False,False
2026-01-15 23:00,EV_014,EV,0.0,7.4,0.0,7.4,7.4,1.85,True,True
2026-01-15 23:00,EV_015,EV,0.0,0.0,0.0,0.0,0.0,0.0,False,True
2026-01-15 23:00,EV_016,EV,0.0,0.0,0.0,0.0,0.0,0.0,False,False
2026-01-15 23:00,EV_017,EV,0.0,0.0,0.0,0.0,0.0,0.0,False,False
2026-01-15 23:00,EV_018,EV,0.0,0.0,0.0,0.0,0.0,0.0,False,True
2026-01-15 23:00,EV_019,EV,0.0,7.4,0.0,7.4,7.4,1.85,True,True
2026-01-15 23:00,EV_020,EV,0.0,0.0,0.0,0.0,0.0,0.0,False,True
2026-01-15 23:00,FL001,FLEXIBLE_LOAD,0.0,0.0,0.0,0.0,0.0,0.0,False,False
2026-01-15 23:00,FL002,FLEXIBLE_LOAD,0.0,0.0,0.0,0.0,0.0,0.0,False,True
2026-01-15 23:00,FL003,FLEXIBLE_LOAD,0.0,0.0,0.0,0.0,0.0,0.0,False,True
2026-01-15 23:15,PV_H002,PV,0.0,0.0,0.0,0.0,0.0,0.0,False,True
2026-01-15 23:15,PV_H003,PV,0.0,0.0,0.0,0.0,0.0,0.0,False,True
2026-01-15 23:15,PV_H005,PV,0.0,0.0,0.0,0.0,0.0,0.0,False,False
2026-01-15 23:15,PV_H006,PV,0.0,0.0,0.0,0.0,0.0,0.0,False,True
2026-01-15 23:15,PV_H007,PV,0.0,0.0,0.0,0.0,0.0,0.0,False,False
2026-01-15 23:15,PV_H010,PV,0.0,0.0,0.0,0.0,0.0,0.0,False,False
2026-01-15 23:15,PV_H016,PV,0.0,0.0,0.0,0.0,0.0,0.0,False,True
2026-01-15 23:15,PV_H017,PV,0.0,0.0,0.0,0.0,0.0,0.0,False,True
2026-01-15 23:15,PV_H018,PV,0.0,0.0,0.0,0.0,0.0,0.0,False,True
2026-01-15 23:15,PV_H021,PV,0.0,0.0,0.0,0.0,0.0,0.0,False,True
2026-01-15 23:15,PV_H024,PV,0.0,0.0,0.0,0.0,0.0,0.0,False,True
2026-01-15 23:15,PV_H025,PV,0.0,0.0,0.0,0.0,0.0,0.0,False,False
2026-01-15 23:15,PV_H026,PV,0.0,0.0,0.0,0.0,0.0,0.0,False,False
2026-01-15 23:15,PV_H027,PV,0.0,0.0,0.0,0.0,0.0,0.0,False,True
2026-01-15 23:15,PV_H032,PV,0.0,0.0,0.0,0.0,0.0,0.0,False,False
2026-01-15 23:15,PV_H033,PV,0.0,0.0,0.0,0.0,0.0,0.0,False,True
2026-01-15 23:15,PV_H034,PV,0.0,0.0,0.0,0.0,0.0,0.0,False,True
2026-01-15 23:15,PV_H035,PV,0.0,0.0,0.0,0.0,0.0,0.0,False,True
2026-01-15 23:15,PV_H036,PV,0.0,0.0,0.0,0.0,0.0,0.0,False,False
2026-01-15 23:15,PV_H037,PV,0.0,0.0,0.0,0.0,0.0,0.0,False,False
2026-01-15 23:15,PV_H040,PV,0.0,0.0,0.0,0.0,0.0,0.0,False,False
2026-01-15 23:15,PV_H042,PV,0.0,0.0,0.0,0.0,0.0,0.0,False,True
2026-01-15 23:15,PV_H044,PV,0.0,0.0,0.0,0.0,0.0,0.0,False,False
2026-01-15 23:15,PV_H046,PV,0.0,0.0,0.0,0.0,0.0,0.0,False,False
2026-01-15 23:15,PV_H048,PV,0.0,0.0,0.0,0.0,0.0,0.0,False,False
2026-01-15 23:15,PV_H049,PV,0.0,0.0,0.0,0.0,0.0,0.0,False,True
2026-01-15 23:15,PV_H050,PV,0.0,0.0,0.0,0.0,0.0,0.0,False,True
2026-01-15 23:15,PV_H053,PV,0.0,0.0,0.0,0.0,0.0,0.0,False,False
2026-01-15 23:15,PV_H055,PV,0.0,0.0,0.0,0.0,0.0,0.0,False,True
2026-01-15 23:15,PV_H057,PV,0.0,0.0,0.0,0.0,0.0,0.0,False,True
2026-01-15 23:15,PV_H058,PV,0.0,0.0,0.0,0.0,0.0,0.0,False,True
2026-01-15 23:15,PV_H060,PV,0.0,0.0,0.0,0.0,0.0,0.0,False,True
2026-01-15 23:15,PV_H061,PV,0.0,0.0,0.0,0.0,0.0,0.0,False,True
2026-01-15 23:15,PV_H062,PV,0.0,0.0,0.0,0.0,0.0,0.0,False,False
2026-01-15 23:15,PV_H063,PV,0.0,0.0,0.0,0.0,0.0,0.0,False,False
2026-01-15 23:15,PV_H066,PV,0.0,0.0,0.0,0.0,0.0,0.0,False,False
2026-01-15 23:15,PV_H067,PV,0.0,0.0,0.0,0.0,0.0,0.0,False,True
2026-01-15 23:15,PV_H069,PV,0.0,0.0,0.0,0.0,0.0,0.0,False,True
2026-01-15 23:15,PV_H071,PV,0.0,0.0,0.0,0.0,0.0,0.0,False,True
2026-01-15 23:15,PV_H072,PV,0.0,0.0,0.0,0.0,0.0,0.0,False,True
2026-01-15 23:15,PV_H073,PV,0.0,0.0,0.0,0.0,0.0,0.0,False,True
2026-01-15 23:15,PV_H074,PV,0.0,0.0,0.0,0.0,0.0,0.0,False,False
2026-01-15 23:15,PV_H076,PV,0.0,0.0,0.0,0.0,0.0,0.0,False,True
2026-01-15 23:15,PV_H077,PV,0.0,0.0,0.0,0.0,0.0,0.0,False,True
2026-01-15 23:15,PV_H078,PV,0.0,0.0,0.0,0.0,0.0,0.0,False,False
2026-01-15 23:15,PV_H079,PV,0.0,0.0,0.0,0.0,0.0,0.0,False,True
2026-01-15 23:15,PV_H080,PV,0.0,0.0,0.0,0.0,0.0,0.0,False,False
2026-01-15 23:15,PV_H081,PV,0.0,0.0,0.0,0.0,0.0,0.0,False,True
2026-01-15 23:15,PV_H082,PV,0.0,0.0,0.0,0.0,0.0,0.0,False,True
2026-01-15 23:15,PV_H083,PV,0.0,0.0,0.0,0.0,0.0,0.0,False,True
2026-01-15 23:15,PV_H085,PV,0.0,0.0,0.0,0.0,0.0,0.0,False,False
2026-01-15 23:15,PV_H087,PV,0.0,0.0,0.0,0.0,0.0,0.0,False,False
2026-01-15 23:15,PV_H088,PV,0.0,0.0,0.0,0.0,0.0,0.0,False,False
2026-01-15 23:15,PV_H090,PV,0.0,0.0,0.0,0.0,0.0,0.0,False,True
2026-01-15 23:15,PV_H093,PV,0.0,0.0,0.0,0.0,0.0,0.0,False,True
2026-01-15 23:15,PV_H094,PV,0.0,0.0,0.0,0.0,0.0,0.0,False,True
2026-01-15 23:15,PV_H095,PV,0.0,0.0,0.0,0.0,0.0,0.0,False,False
2026-01-15 23:15,PV_H096,PV,0.0,0.0,0.0,0.0,0.0,0.0,False,True
2026-01-15 23:15,PV_H098,PV,0.0,0.0,0.0,0.0,0.0,0.0,False,True
2026-01-15 23:15,PV_H099,PV,0.0,0.0,0.0,0.0,0.0,0.0,False,False
2026-01-15 23:15,BESS_COMMUNITY_01,BESS,25.0,25.0,25.0,25.0,0.0,60.0,True,True
2026-01-15 23:15,EV_001,EV,0.0,0.0,0.0,0.0,0.0,0.0,False,True
2026-01-15 23:15,EV_002,EV,0.0,0.0,0.0,0.0,0.0,0.0,False,True
2026-01-15 23:15,EV_003,EV,0.0,7.4,0.0,7.4,7.4,1.85,True,True
2026-01-15 23:15,EV_004,EV,0.0,7.4,0.0,0.0,0.0,0.0,True,False
2026-01-15 23:15,EV_005,EV,0.0,0.0,0.0,0.0,0.0,0.0,False,True
2026-01-15 23:15,EV_006,EV,0.0,0.0,0.0,0.0,0.0,0.0,False,True
2026-01-15 23:15,EV_007,EV,0.0,0.0,0.0,0.0,0.0,0.0,False,True
2026-01-15 23:15,EV_008,EV,0.0,7.4,0.0,7.4,7.4,1.85,True,True
2026-01-15 23:15,EV_009,EV,0.0,0.0,0.0,0.0,0.0,0.0,False,True
2026-01-15 23:15,EV_010,EV,0.0,0.0,0.0,0.0,0.0,0.0,False,True
2026-01-15 23:15,EV_011,EV,0.0,0.0,0.0,0.0,0.0,0.0,False,True
2026-01-15 23:15,EV_012,EV,0.0,0.0,0.0,0.0,0.0,0.0,False,False
2026-01-15 23:15,EV_013,EV,0.0,0.0,0.0,0.0,0.0,0.0,False,False
2026-01-15 23:15,EV_014,EV,0.0,3.6,0.0,3.6,3.6,0.9,True,True
2026-01-15 23:15,EV_015,EV,0.0,0.0,0.0,0.0,0.0,0.0,False,True
2026-01-15 23:15,EV_016,EV,0.0,0.0,0.0,0.0,0.0,0.0,False,False
2026-01-15 23:15,EV_017,EV,0.0,0.0,0.0,0.0,0.0,0.0,False,False
2026-01-15 23:15,EV_018,EV,0.0,0.0,0.0,0.0,0.0,0.0,False,True
2026-01-15 23:15,EV_019,EV,0.0,7.4,0.0,7.4,7.4,1.85,True,True
2026-01-15 23:15,EV_020,EV,0.0,0.0,0.0,0.0,0.0,0.0,False,True
2026-01-15 23:15,FL001,FLEXIBLE_LOAD,0.0,0.0,0.0,0.0,0.0,0.0,False,False
2026-01-15 23:15,FL002,FLEXIBLE_LOAD,0.0,0.0,0.0,0.0,0.0,0.0,False,True
2026-01-15 23:15,FL003,FLEXIBLE_LOAD,0.0,0.0,0.0,0.0,0.0,0.0,False,True
2026-01-15 23:30,PV_H002,PV,0.0,0.0,0.0,0.0,0.0,0.0,False,True
2026-01-15 23:30,PV_H003,PV,0.0,0.0,0.0,0.0,0.0,0.0,False,True
2026-01-15 23:30,PV_H005,PV,0.0,0.0,0.0,0.0,0.0,0.0,False,False
2026-01-15 23:30,PV_H006,PV,0.0,0.0,0.0,0.0,0.0,0.0,False,True
2026-01-15 23:30,PV_H007,PV,0.0,0.0,0.0,0.0,0.0,0.0,False,False
2026-01-15 23:30,PV_H010,PV,0.0,0.0,0.0,0.0,0.0,0.0,False,False
2026-01-15 23:30,PV_H016,PV,0.0,0.0,0.0,0.0,0.0,0.0,False,True
2026-01-15 23:30,PV_H017,PV,0.0,0.0,0.0,0.0,0.0,0.0,False,True
2026-01-15 23:30,PV_H018,PV,0.0,0.0,0.0,0.0,0.0,0.0,False,True
2026-01-15 23:30,PV_H021,PV,0.0,0.0,0.0,0.0,0.0,0.0,False,True
2026-01-15 23:30,PV_H024,PV,0.0,0.0,0.0,0.0,0.0,0.0,False,True
2026-01-15 23:30,PV_H025,PV,0.0,0.0,0.0,0.0,0.0,0.0,False,False
2026-01-15 23:30,PV_H026,PV,0.0,0.0,0.0,0.0,0.0,0.0,False,False
2026-01-15 23:30,PV_H027,PV,0.0,0.0,0.0,0.0,0.0,0.0,False,True
2026-01-15 23:30,PV_H032,PV,0.0,0.0,0.0,0.0,0.0,0.0,False,False
2026-01-15 23:30,PV_H033,PV,0.0,0.0,0.0,0.0,0.0,0.0,False,True
2026-01-15 23:30,PV_H034,PV,0.0,0.0,0.0,0.0,0.0,0.0,False,True
2026-01-15 23:30,PV_H035,PV,0.0,0.0,0.0,0.0,0.0,0.0,False,True
2026-01-15 23:30,PV_H036,PV,0.0,0.0,0.0,0.0,0.0,0.0,False,False
2026-01-15 23:30,PV_H037,PV,0.0,0.0,0.0,0.0,0.0,0.0,False,False
2026-01-15 23:30,PV_H040,PV,0.0,0.0,0.0,0.0,0.0,0.0,False,False
2026-01-15 23:30,PV_H042,PV,0.0,0.0,0.0,0.0,0.0,0.0,False,True
2026-01-15 23:30,PV_H044,PV,0.0,0.0,0.0,0.0,0.0,0.0,False,False
2026-01-15 23:30,PV_H046,PV,0.0,0.0,0.0,0.0,0.0,0.0,False,False
2026-01-15 23:30,PV_H048,PV,0.0,0.0,0.0,0.0,0.0,0.0,False,False
2026-01-15 23:30,PV_H049,PV,0.0,0.0,0.0,0.0,0.0,0.0,False,True
2026-01-15 23:30,PV_H050,PV,0.0,0.0,0.0,0.0,0.0,0.0,False,True
2026-01-15 23:30,PV_H053,PV,0.0,0.0,0.0,0.0,0.0,0.0,False,False
2026-01-15 23:30,PV_H055,PV,0.0,0.0,0.0,0.0,0.0,0.0,False,True
2026-01-15 23:30,PV_H057,PV,0.0,0.0,0.0,0.0,0.0,0.0,False,True
2026-01-15 23:30,PV_H058,PV,0.0,0.0,0.0,0.0,0.0,0.0,False,True
2026-01-15 23:30,PV_H060,PV,0.0,0.0,0.0,0.0,0.0,0.0,False,True
2026-01-15 23:30,PV_H061,PV,0.0,0.0,0.0,0.0,0.0,0.0,False,True
2026-01-15 23:30,PV_H062,PV,0.0,0.0,0.0,0.0,0.0,0.0,False,False
2026-01-15 23:30,PV_H063,PV,0.0,0.0,0.0,0.0,0.0,0.0,False,False
2026-01-15 23:30,PV_H066,PV,0.0,0.0,0.0,0.0,0.0,0.0,False,False
2026-01-15 23:30,PV_H067,PV,0.0,0.0,0.0,0.0,0.0,0.0,False,True
2026-01-15 23:30,PV_H069,PV,0.0,0.0,0.0,0.0,0.0,0.0,False,True
2026-01-15 23:30,PV_H071,PV,0.0,0.0,0.0,0.0,0.0,0.0,False,True
2026-01-15 23:30,PV_H072,PV,0.0,0.0,0.0,0.0,0.0,0.0,False,True
2026-01-15 23:30,PV_H073,PV,0.0,0.0,0.0,0.0,0.0,0.0,False,True
2026-01-15 23:30,PV_H074,PV,0.0,0.0,0.0,0.0,0.0,0.0,False,False
2026-01-15 23:30,PV_H076,PV,0.0,0.0,0.0,0.0,0.0,0.0,False,True
2026-01-15 23:30,PV_H077,PV,0.0,0.0,0.0,0.0,0.0,0.0,False,True
2026-01-15 23:30,PV_H078,PV,0.0,0.0,0.0,0.0,0.0,0.0,False,False
2026-01-15 23:30,PV_H079,PV,0.0,0.0,0.0,0.0,0.0,0.0,False,True
2026-01-15 23:30,PV_H080,PV,0.0,0.0,0.0,0.0,0.0,0.0,False,False
2026-01-15 23:30,PV_H081,PV,0.0,0.0,0.0,0.0,0.0,0.0,False,True
2026-01-15 23:30,PV_H082,PV,0.0,0.0,0.0,0.0,0.0,0.0,False,True
2026-01-15 23:30,PV_H083,PV,0.0,0.0,0.0,0.0,0.0,0.0,False,True
2026-01-15 23:30,PV_H085,PV,0.0,0.0,0.0,0.0,0.0,0.0,False,False
2026-01-15 23:30,PV_H087,PV,0.0,0.0,0.0,0.0,0.0,0.0,False,False
2026-01-15 23:30,PV_H088,PV,0.0,0.0,0.0,0.0,0.0,0.0,False,False
2026-01-15 23:30,PV_H090,PV,0.0,0.0,0.0,0.0,0.0,0.0,False,True
2026-01-15 23:30,PV_H093,PV,0.0,0.0,0.0,0.0,0.0,0.0,False,True
2026-01-15 23:30,PV_H094,PV,0.0,0.0,0.0,0.0,0.0,0.0,False,True
2026-01-15 23:30,PV_H095,PV,0.0,0.0,0.0,0.0,0.0,0.0,False,False
2026-01-15 23:30,PV_H096,PV,0.0,0.0,0.0,0.0,0.0,0.0,False,True
2026-01-15 23:30,PV_H098,PV,0.0,0.0,0.0,0.0,0.0,0.0,False,True
2026-01-15 23:30,PV_H099,PV,0.0,0.0,0.0,0.0,0.0,0.0,False,False
2026-01-15 23:30,BESS_COMMUNITY_01,BESS,25.0,25.0,25.0,25.0,0.0,60.0,True,True
2026-01-15 23:30,EV_001,EV,0.0,0.0,0.0,0.0,0.0,0.0,False,True
2026-01-15 23:30,EV_002,EV,0.0,0.0,0.0,0.0,0.0,0.0,False,True
2026-01-15 23:30,EV_003,EV,0.0,4.64,0.0,4.64,4.64,1.16,True,True
2026-01-15 23:30,EV_004,EV,0.0,7.4,0.0,0.0,0.0,0.0,True,False
2026-01-15 23:30,EV_005,EV,0.0,0.0,0.0,0.0,0.0,0.0,False,True
2026-01-15 23:30,EV_006,EV,0.0,0.0,0.0,0.0,0.0,0.0,False,True
2026-01-15 23:30,EV_007,EV,0.0,0.0,0.0,0.0,0.0,0.0,False,True
2026-01-15 23:30,EV_008,EV,0.0,7.4,0.0,7.4,7.4,1.85,True,True
2026-01-15 23:30,EV_009,EV,0.0,0.0,0.0,0.0,0.0,0.0,False,True
2026-01-15 23:30,EV_010,EV,0.0,0.0,0.0,0.0,0.0,0.0,False,True
2026-01-15 23:30,EV_011,EV,0.0,0.0,0.0,0.0,0.0,0.0,False,True
2026-01-15 23:30,EV_012,EV,0.0,0.0,0.0,0.0,0.0,0.0,False,False
2026-01-15 23:30,EV_013,EV,0.0,0.0,0.0,0.0,0.0,0.0,False,False
2026-01-15 23:30,EV_014,EV,0.0,0.0,0.0,0.0,0.0,0.0,False,True
2026-01-15 23:30,EV_015,EV,0.0,0.0,0.0,0.0,0.0,0.0,False,True
2026-01-15 23:30,EV_016,EV,0.0,0.0,0.0,0.0,0.0,0.0,False,False
2026-01-15 23:30,EV_017,EV,0.0,0.0,0.0,0.0,0.0,0.0,False,False
2026-01-15 23:30,EV_018,EV,0.0,0.0,0.0,0.0,0.0,0.0,False,True
2026-01-15 23:30,EV_019,EV,0.0,7.4,0.0,7.4,7.4,1.85,True,True
2026-01-15 23:30,EV_020,EV,0.0,0.0,0.0,0.0,0.0,0.0,False,True
2026-01-15 23:30,FL001,FLEXIBLE_LOAD,0.0,0.0,0.0,0.0,0.0,0.0,False,False
2026-01-15 23:30,FL002,FLEXIBLE_LOAD,0.0,0.0,0.0,0.0,0.0,0.0,False,True
2026-01-15 23:30,FL003,FLEXIBLE_LOAD,0.0,0.0,0.0,0.0,0.0,0.0,False,True
2026-01-15 23:45,PV_H002,PV,0.0,0.0,0.0,0.0,0.0,0.0,False,True
2026-01-15 23:45,PV_H003,PV,0.0,0.0,0.0,0.0,0.0,0.0,False,True
2026-01-15 23:45,PV_H005,PV,0.0,0.0,0.0,0.0,0.0,0.0,False,False
2026-01-15 23:45,PV_H006,PV,0.0,0.0,0.0,0.0,0.0,0.0,False,True
2026-01-15 23:45,PV_H007,PV,0.0,0.0,0.0,0.0,0.0,0.0,False,False
2026-01-15 23:45,PV_H010,PV,0.0,0.0,0.0,0.0,0.0,0.0,False,False
2026-01-15 23:45,PV_H016,PV,0.0,0.0,0.0,0.0,0.0,0.0,False,True
2026-01-15 23:45,PV_H017,PV,0.0,0.0,0.0,0.0,0.0,0.0,False,True
2026-01-15 23:45,PV_H018,PV,0.0,0.0,0.0,0.0,0.0,0.0,False,True
2026-01-15 23:45,PV_H021,PV,0.0,0.0,0.0,0.0,0.0,0.0,False,True
2026-01-15 23:45,PV_H024,PV,0.0,0.0,0.0,0.0,0.0,0.0,False,True
2026-01-15 23:45,PV_H025,PV,0.0,0.0,0.0,0.0,0.0,0.0,False,False
2026-01-15 23:45,PV_H026,PV,0.0,0.0,0.0,0.0,0.0,0.0,False,False
2026-01-15 23:45,PV_H027,PV,0.0,0.0,0.0,0.0,0.0,0.0,False,True
2026-01-15 23:45,PV_H032,PV,0.0,0.0,0.0,0.0,0.0,0.0,False,False
2026-01-15 23:45,PV_H033,PV,0.0,0.0,0.0,0.0,0.0,0.0,False,True
2026-01-15 23:45,PV_H034,PV,0.0,0.0,0.0,0.0,0.0,0.0,False,True
2026-01-15 23:45,PV_H035,PV,0.0,0.0,0.0,0.0,0.0,0.0,False,True
2026-01-15 23:45,PV_H036,PV,0.0,0.0,0.0,0.0,0.0,0.0,False,False
2026-01-15 23:45,PV_H037,PV,0.0,0.0,0.0,0.0,0.0,0.0,False,False
2026-01-15 23:45,PV_H040,PV,0.0,0.0,0.0,0.0,0.0,0.0,False,False
2026-01-15 23:45,PV_H042,PV,0.0,0.0,0.0,0.0,0.0,0.0,False,True
2026-01-15 23:45,PV_H044,PV,0.0,0.0,0.0,0.0,0.0,0.0,False,False
2026-01-15 23:45,PV_H046,PV,0.0,0.0,0.0,0.0,0.0,0.0,False,False
2026-01-15 23:45,PV_H048,PV,0.0,0.0,0.0,0.0,0.0,0.0,False,False
2026-01-15 23:45,PV_H049,PV,0.0,0.0,0.0,0.0,0.0,0.0,False,True
2026-01-15 23:45,PV_H050,PV,0.0,0.0,0.0,0.0,0.0,0.0,False,True
2026-01-15 23:45,PV_H053,PV,0.0,0.0,0.0,0.0,0.0,0.0,False,False
2026-01-15 23:45,PV_H055,PV,0.0,0.0,0.0,0.0,0.0,0.0,False,True
2026-01-15 23:45,PV_H057,PV,0.0,0.0,0.0,0.0,0.0,0.0,False,True
2026-01-15 23:45,PV_H058,PV,0.0,0.0,0.0,0.0,0.0,0.0,False,True
2026-01-15 23:45,PV_H060,PV,0.0,0.0,0.0,0.0,0.0,0.0,False,True
2026-01-15 23:45,PV_H061,PV,0.0,0.0,0.0,0.0,0.0,0.0,False,True
2026-01-15 23:45,PV_H062,PV,0.0,0.0,0.0,0.0,0.0,0.0,False,False
2026-01-15 23:45,PV_H063,PV,0.0,0.0,0.0,0.0,0.0,0.0,False,False
2026-01-15 23:45,PV_H066,PV,0.0,0.0,0.0,0.0,0.0,0.0,False,False
2026-01-15 23:45,PV_H067,PV,0.0,0.0,0.0,0.0,0.0,0.0,False,True
2026-01-15 23:45,PV_H069,PV,0.0,0.0,0.0,0.0,0.0,0.0,False,True
2026-01-15 23:45,PV_H071,PV,0.0,0.0,0.0,0.0,0.0,0.0,False,True
2026-01-15 23:45,PV_H072,PV,0.0,0.0,0.0,0.0,0.0,0.0,False,True
2026-01-15 23:45,PV_H073,PV,0.0,0.0,0.0,0.0,0.0,0.0,False,True
2026-01-15 23:45,PV_H074,PV,0.0,0.0,0.0,0.0,0.0,0.0,False,False
2026-01-15 23:45,PV_H076,PV,0.0,0.0,0.0,0.0,0.0,0.0,False,True
2026-01-15 23:45,PV_H077,PV,0.0,0.0,0.0,0.0,0.0,0.0,False,True
2026-01-15 23:45,PV_H078,PV,0.0,0.0,0.0,0.0,0.0,0.0,False,False
2026-01-15 23:45,PV_H079,PV,0.0,0.0,0.0,0.0,0.0,0.0,False,True
2026-01-15 23:45,PV_H080,PV,0.0,0.0,0.0,0.0,0.0,0.0,False,False
2026-01-15 23:45,PV_H081,PV,0.0,0.0,0.0,0.0,0.0,0.0,False,True
2026-01-15 23:45,PV_H082,PV,0.0,0.0,0.0,0.0,0.0,0.0,False,True
2026-01-15 23:45,PV_H083,PV,0.0,0.0,0.0,0.0,0.0,0.0,False,True
2026-01-15 23:45,PV_H085,PV,0.0,0.0,0.0,0.0,0.0,0.0,False,False
2026-01-15 23:45,PV_H087,PV,0.0,0.0,0.0,0.0,0.0,0.0,False,False
2026-01-15 23:45,PV_H088,PV,0.0,0.0,0.0,0.0,0.0,0.0,False,False
2026-01-15 23:45,PV_H090,PV,0.0,0.0,0.0,0.0,0.0,0.0,False,True
2026-01-15 23:45,PV_H093,PV,0.0,0.0,0.0,0.0,0.0,0.0,False,True
2026-01-15 23:45,PV_H094,PV,0.0,0.0,0.0,0.0,0.0,0.0,False,True
2026-01-15 23:45,PV_H095,PV,0.0,0.0,0.0,0.0,0.0,0.0,False,False
2026-01-15 23:45,PV_H096,PV,0.0,0.0,0.0,0.0,0.0,0.0,False,True
2026-01-15 23:45,PV_H098,PV,0.0,0.0,0.0,0.0,0.0,0.0,False,True
2026-01-15 23:45,PV_H099,PV,0.0,0.0,0.0,0.0,0.0,0.0,False,False
2026-01-15 23:45,BESS_COMMUNITY_01,BESS,25.0,25.0,25.0,25.0,0.0,60.0,True,True
2026-01-15 23:45,EV_001,EV,0.0,0.0,0.0,0.0,0.0,0.0,False,True
2026-01-15 23:45,EV_002,EV,0.0,0.0,0.0,0.0,0.0,0.0,False,True
2026-01-15 23:45,EV_003,EV,0.0,0.0,0.0,0.0,0.0,0.0,False,True
2026-01-15 23:45,EV_004,EV,0.0,7.4,0.0,0.0,0.0,0.0,True,False
2026-01-15 23:45,EV_005,EV,0.0,0.0,0.0,0.0,0.0,0.0,False,True
2026-01-15 23:45,EV_006,EV,0.0,0.0,0.0,0.0,0.0,0.0,False,True
2026-01-15 23:45,EV_007,EV,0.0,0.0,0.0,0.0,0.0,0.0,False,True
2026-01-15 23:45,EV_008,EV,0.0,3.8,0.0,3.8,3.8,0.95,True,True
2026-01-15 23:45,EV_009,EV,0.0,0.0,0.0,0.0,0.0,0.0,False,True
2026-01-15 23:45,EV_010,EV,0.0,0.0,0.0,0.0,0.0,0.0,False,True
2026-01-15 23:45,EV_011,EV,0.0,0.0,0.0,0.0,0.0,0.0,False,True
2026-01-15 23:45,EV_012,EV,0.0,0.0,0.0,0.0,0.0,0.0,False,False
2026-01-15 23:45,EV_013,EV,0.0,0.0,0.0,0.0,0.0,0.0,False,False
2026-01-15 23:45,EV_014,EV,0.0,0.0,0.0,0.0,0.0,0.0,False,True
2026-01-15 23:45,EV_015,EV,0.0,0.0,0.0,0.0,0.0,0.0,False,True
2026-01-15 23:45,EV_016,EV,0.0,0.0,0.0,0.0,0.0,0.0,False,False
2026-01-15 23:45,EV_017,EV,0.0,0.0,0.0,0.0,0.0,0.0,False,False
2026-01-15 23:45,EV_018,EV,0.0,0.0,0.0,0.0,0.0,0.0,False,True
2026-01-15 23:45,EV_019,EV,0.0,7.4,0.0,7.4,7.4,1.85,True,True
2026-01-15 23:45,EV_020,EV,0.0,0.0,0.0,0.0,0.0,0.0,False,True
2026-01-15 23:45,FL001,FLEXIBLE_LOAD,0.0,0.0,0.0,0.0,0.0,0.0,False,False
2026-01-15 23:45,FL002,FLEXIBLE_LOAD,0.0,0.0,0.0,0.0,0.0,0.0,False,True
2026-01-15 23:45,FL003,FLEXIBLE_LOAD,0.0,0.0,0.0,0.0,0.0,0.0,False,True
