timestamp,total_load_kw,total_pv_kw,ghi_wm2,temp_c,hour,minute,block_96,dayofweek,is_weekend,month,dayofyear,hour_sin,hour_cos,doy_sin,doy_cos,solar_hour_avail,solar_elevation_proxy,total_load_kw_lag_1,total_load_kw_lag_2,total_load_kw_lag_4,total_load_kw_lag_8,total_load_kw_lag_16,total_load_kw_lag_96,total_load_kw_lag_192,total_load_kw_roll_mean_4,total_load_kw_roll_std_4,total_load_kw_roll_min_4,total_load_kw_roll_max_4,total_load_kw_roll_mean_16,total_load_kw_roll_std_16,total_load_kw_roll_mean_96,total_pv_kw_lag_1,total_pv_kw_lag_4,total_pv_kw_roll_mean_4,ghi_wm2_lag_1,ghi_wm2_lag_4,net_load_lag_1,net_load_roll_mean_4
2011-07-01 00:00:00,149.358,0.036,0.0,29.0,0,0,0,4,0,7,182,0.0,1.0,0.01075130776352193,-0.9999422030204416,0,0.0,,,,,,,,,0.0,,,,0.0,,,,,,,,
2011-07-01 00:15:00,149.358,0.036,0.0,29.0,0,15,1,4,0,7,182,0.06540312923014306,0.9978589232386035,0.01075130776352193,-0.9999422030204416,0,0.0,149.358,,,,,,,149.358,0.0,149.358,149.358,149.358,0.0,149.358,0.036,,0.036,0.0,,149.322,149.322
2011-07-01 00:30:00,130.628,0.0,0.0,29.0,0,30,2,4,0,7,182,0.13052619222005157,0.9914448613738104,0.01075130776352193,-0.9999422030204416,0,0.0,149.358,149.358,,,,,,149.358,0.0,149.358,149.358,149.358,0.0,149.358,0.036,,0.036,0.0,,149.322,149.322
2011-07-01 00:45:00,130.628,0.0,0.0,29.0,0,45,3,4,0,7,182,0.19509032201612825,0.9807852804032304,0.01075130776352193,-0.9999422030204416,0,0.0,130.628,149.358,,,,,,143.11466666666666,10.813770541921702,130.628,149.358,143.11466666666666,10.813770541921702,143.11466666666666,0.0,,0.023999999999999997,0.0,,130.628,143.09066666666666
2011-07-01 01:00:00,109.648,0.024,0.0,29.0,1,0,4,4,0,7,182,0.25881904510252074,0.9659258262890683,0.01075130776352193,-0.9999422030204416,0,0.0,130.628,130.628,149.358,,,,,139.993,10.813770541921702,130.628,149.358,139.993,10.813770541921702,139.993,0.0,0.036,0.018,0.0,0.0,130.628,139.975
2011-07-01 01:15:00,109.648,0.024,0.0,28.75,1,15,5,4,0,7,182,0.3214394653031616,0.9469301294951057,0.01075130776352193,-0.9999422030204416,0,0.0,109.648,130.628,149.358,,,,,130.0655,16.224545961803265,109.648,149.358,133.924,16.488390764413616,133.924,0.024,0.036,0.015,0.0,0.0,109.624,130.0505
2011-07-01 01:30:00,97.046,0.0,0.0,28.5,1,30,6,4,0,7,182,0.3826834323650898,0.9238795325112867,0.01075130776352193,-0.9999422030204416,0,0.0,109.648,109.648,130.628,,,,,120.13799999999999,12.112808647598332,109.648,130.628,129.87800000000001,17.768351639924294,129.87800000000001,0.024,0.0,0.012,0.0,0.0,109.624,120.12599999999999
2011-07-01 01:45:00,97.046,0.0,0.0,28.25,1,45,7,4,0,7,182,0.44228869021900125,0.8968727415326884,0.01075130776352193,-0.9999422030204416,0,0.0,97.046,109.648,130.628,,,,,111.74249999999999,13.921483194449236,97.046,130.628,125.18771428571428,20.422701271822383,125.18771428571428,0.0,0.0,0.012,0.0,0.0,97.046,111.73049999999999
2011-07-01 02:00:00,81.422,0.012,0.0,28.0,2,0,8,4,0,7,182,0.49999999999999994,0.8660254037844387,0.01075130776352193,-0.9999422030204416,0,0.0,97.046,97.046,109.648,149.358,,,,103.34700000000001,7.275768092327583,97.046,109.648,121.67,21.365800229071027,121.67,0.0,0.024,0.012,0.0,0.0,97.046,103.33500000000001
2011-07-01 02:15:00,81.422,0.012,0.0,28.0,2,15,9,4,0,7,182,0.5555702330196022,0.8314696123025452,0.01075130776352193,-0.9999422030204416,0,0.0,81.422,97.046,109.648,149.358,,,,96.2905,11.556191111261466,81.422,109.648,117.198,24.071233827953236,117.198,0.012,0.024,0.009000000000000001,0.0,0.0,81.41,96.2815
2011-07-01 02:30:00,52.98,0.0,0.0,28.0,2,30,10,4,0,7,182,0.6087614290087207,0.7933533402912352,0.01075130776352193,-0.9999422030204416,0,0.0,81.422,81.422,97.046,130.628,,,,89.23400000000001,9.020520605818616,81.422,97.046,113.62039999999999,25.358155257124775,113.62039999999999,0.012,0.0,0.006,0.0,0.0,81.41,89.22800000000001
2011-07-01 02:45:00,52.98,0.0,0.0,28.0,2,45,11,4,0,7,182,0.6593458151000688,0.7518398074789774,0.01075130776352193,-0.9999422030204416,0,0.0,52.98,81.422,97.046,130.628,,,,78.2175,18.36646816892125,52.98,97.046,108.10763636363636,30.216363551138077,108.10763636363636,0.0,0.0,0.006,0.0,0.0,52.98,78.2115
2011-07-01 03:00:00,60.274,0.0,0.0,28.0,3,0,12,4,0,7,182,0.7071067811865476,0.7071067811865476,0.01075130776352193,-0.9999422030204416,0,0.0,52.98,52.98,81.422,109.648,,,,67.201,16.42099635629123,52.98,81.422,103.51366666666667,32.913230087426534,103.51366666666667,0.0,0.012,0.006,0.0,0.0,52.98,67.195
2011-07-01 03:15:00,60.274,0.0,0.0,28.0,3,15,13,4,0,7,182,0.7518398074789774,0.6593458151000688,0.01075130776352193,-0.9999422030204416,0,0.0,60.274,52.98,81.422,109.648,,,,61.914,13.452191593441672,52.98,81.422,100.18753846153845,33.71687999755065,100.18753846153845,0.0,0.012,0.003,0.0,0.0,60.274,61.911
2011-07-01 03:30:00,59.66,0.024,0.0,28.0,3,30,14,4,0,7,182,0.7933533402912352,0.6087614290087207,0.01075130776352193,-0.9999422030204416,0,0.0,60.274,60.274,52.98,97.046,,,,56.626999999999995,4.211192863468616,52.98,60.274,97.33657142857143,34.10530562314832,97.33657142857143,0.0,0.0,0.0,0.0,0.0,60.274,56.626999999999995
2011-07-01 03:45:00,59.66,0.024,0.0,28.0,3,45,15,4,0,7,182,0.8314696123025451,0.5555702330196024,0.01075130776352193,-0.9999422030204416,0,0.0,59.66,60.274,52.98,97.046,,,,58.297,3.5564643491341883,52.98,60.274,94.82480000000001,34.274233794082534,94.82480000000001,0.024,0.0,0.006,0.0,0.0,59.635999999999996,58.291
2011-07-01 04:00:00,63.544,0.012,0.0,28.0,4,0,16,4,0,7,182,0.8660254037844386,0.5000000000000001,0.01075130776352193,-0.9999422030204416,0,0.0,59.66,59.66,60.274,81.422,149.358,,,59.967,0.35449306527668745,59.66,60.274,92.627,34.259209362350056,92.627,0.024,0.0,0.012,0.0,0.0,59.635999999999996,59.955
2011-07-01 04:15:00,63.544,0.012,0.0,28.0,4,15,17,4,0,7,182,0.8968727415326884,0.44228869021900125,0.01075130776352193,-0.9999422030204416,0,0.0,63.544,59.66,60.274,81.422,149.358,,,60.784499999999994,1.8622970582936855,59.66,63.544,87.263625,31.38212151076895,90.91623529411766,0.012,0.0,0.015,0.0,0.0,63.532,60.769499999999994
2011-07-01 04:30:00,70.082,0.012,0.0,28.0,4,30,18,4,0,7,182,0.9238795325112867,0.38268343236508984,0.01075130776352193,-0.9999422030204416,0,0.0,63.544,63.544,59.66,52.98,130.628,,,61.60199999999999,2.2424284455316217,59.66,63.544,81.90025,27.10377562751484,89.39555555555555,0.012,0.024,0.018000000000000002,0.0,0.0,63.532,61.58399999999999
2011-07-01 04:45:00,70.082,0.012,0.0,28.0,4,45,19,4,0,7,182,0.9469301294951056,0.3214394653031617,0.01075130776352193,-0.9999422030204416,0,0.0,70.082,63.544,59.66,52.98,130.628,,,64.2075,4.3231921462421115,59.66,70.082,78.116125,23.882188034530408,88.37905263157894,0.012,0.024,0.015,0.0,0.0,70.07,64.1925
2011-07-01 05:00:00,62.612,0.012,0.0,28.0,5,0,20,4,0,7,182,0.9659258262890683,0.25881904510252074,0.01075130776352193,-0.9999422030204416,0,0.0,70.082,70.082,63.544,60.274,109.648,,,66.81299999999999,3.774716059961272,63.544,70.082,74.332,19.379233036079313,87.46419999999999,0.012,0.012,0.012,0.0,0.0,70.07,66.80099999999999
2011-07-01 05:15:00,62.612,0.012,14.0,28.25,5,15,21,4,0,7,182,0.9807852804032304,0.19509032201612833,0.01075130776352193,-0.9999422030204416,0,0.0,62.612,70.082,63.544,60.274,109.648,,,66.58,4.061622335963326,62.612,70.082,71.39225,17.09811794516192,86.2807619047619,0.012,0.012,0.012,0.0,0.0,62.6,66.568
2011-07-01 05:30:00,58.89,0.02,28.0,28.5,5,30,22,4,0,7,182,0.9914448613738104,0.1305261922200517,0.01075130776352193,-0.9999422030204416,0,0.0,62.612,62.612,70.082,59.66,97.046,,,66.34700000000001,4.3128065108460625,62.612,70.082,68.4525,13.809419152641249,85.2049090909091,0.012,0.012,0.012,14.0,0.0,62.6,66.33500000000001
2011-07-01 05:45:00,58.89,0.02,42.0,28.75,5,45,23,4,0,7,182,0.9978589232386035,0.06540312923014327,0.01075130776352193,-0.9999422030204416,0,0.0,58.89,62.612,70.082,59.66,97.046,,,63.54900000000001,4.695469731560001,58.89,70.082,66.06775,11.67150805166161,84.06078260869565,0.02,0.012,0.014000000000000002,28.0,0.0,58.87,63.535000000000004
2011-07-01 06:00:00,64.254,0.03,56.0,29.0,6,0,24,4,0,7,182,1.0,6.123233995736766e-17,0.01075130776352193,-0.9999422030204416,1,0.0,58.89,58.89,62.612,63.544,81.422,,,60.751000000000005,2.1488977019228863,58.89,62.612,63.68299999999999,8.343608747618456,83.012,0.02,0.012,0.016,42.0,0.0,58.87,60.735
2011-07-01 06:15:00,64.254,0.03,99.25,29.5,6,15,25,4,0,7,182,0.9978589232386035,-0.06540312923014314,0.01075130776352193,-0.9999422030204416,1,0.06407021998071291,64.254,58.89,62.612,63.544,81.422,,,61.161500000000004,2.70720834070748,58.89,64.254,62.60999999999999,6.8870398091876375,82.26168,0.03,0.012,0.0205,56.0,14.0,64.224,61.141
2011-07-01 06:30:00,85.642,0.03,142.5,30.0,6,30,26,4,0,7,182,0.9914448613738104,-0.1305261922200516,0.01075130776352193,-0.9999422030204416,1,0.127877161684506,64.254,64.254,58.89,70.082,52.98,,,61.572,3.0969068439325342,58.89,64.254,61.537,4.773956346679557,81.56907692307692,0.03,0.02,0.025,99.25,28.0,64.224,61.547
2011-07-01 06:45:00,85.642,0.03,185.75,30.5,6,45,27,4,0,7,182,0.9807852804032304,-0.1950903220161282,0.01075130776352193,-0.9999422030204416,1,0.1911586287013723,85.642,64.254,58.89,70.082,52.98,,,68.26,11.860675866070883,58.89,85.642,63.578375,7.22501798729031,81.71992592592593,0.03,0.02,0.0275,142.5,42.0,85.612,68.2325
2011-07-01 07:00:00,121.232,0.474,229.0,31.0,7,0,28,4,0,7,182,0.9659258262890683,-0.25881904510252063,0.01075130776352193,-0.9999422030204416,1,0.25365458390950735,85.642,85.642,64.254,62.612,60.274,,,74.94800000000001,12.34836755742757,64.254,85.642,65.61975,8.527664310935421,81.86,0.03,0.03,0.03,185.75,56.0,85.612,74.91799999999999
2011-07-01 07:15:00,121.232,0.474,265.0,31.5,7,15,29,4,0,7,182,0.9469301294951057,-0.3214394653031616,0.01075130776352193,-0.9999422030204416,1,0.31510821802362066,121.232,85.642,64.254,62.612,60.274,,,89.1925,23.619698297536807,64.254,121.232,69.429625,16.171412689784855,83.21765517241379,0.474,0.03,0.141,229.0,99.25,120.758,89.0515
2011-07-01 07:30:00,115.94,5.388,301.0,32.0,7,30,30,4,0,7,182,0.9238795325112868,-0.3826834323650895,0.01075130776352193,-0.9999422030204416,1,0.3752670048793741,121.232,121.232,85.642,58.89,59.66,,,103.43699999999998,20.547896080458706,85.642,121.232,73.2395,20.47785316221733,84.48479999999999,0.474,0.03,0.252,265.0,142.5,120.758,103.185
2011-07-01 07:45:00,115.94,5.388,337.0,32.5,7,45,31,4,0,7,182,0.8968727415326884,-0.44228869021900113,0.01075130776352193,-0.9999422030204416,1,0.4338837391175581,115.94,121.232,85.642,58.89,59.66,,,111.01150000000001,17.095992542113393,85.642,121.232,76.757,22.702572588438827,85.49948387096774,5.388,0.03,1.5915,301.0,185.75,110.55199999999999,109.41999999999999
2011-07-01 08:00:00,88.842,14.94,373.0,33.0,8,0,32,4,0,7,182,0.8660254037844387,-0.4999999999999998,0.01075130776352193,-0.9999422030204416,1,0.49071755200393785,115.94,115.94,121.232,64.254,63.544,,,118.58599999999998,3.0553376245509596,115.94,121.232,80.27449999999999,24.188340458438514,86.45075,5.388,0.474,2.931,337.0,229.0,110.55199999999999,115.655
2011-07-01 08:15:00,88.842,14.94,422.25,33.25,8,15,33,4,0,7,182,0.8314696123025451,-0.5555702330196023,0.01075130776352193,-0.9999422030204416,1,0.5455349012105487,88.842,115.94,121.232,64.254,63.544,,,110.4885,14.645038511386597,88.842,121.232,81.855625,23.846216104796728,86.52321212121213,14.94,0.474,6.547499999999999,373.0,265.0,73.902,103.94099999999999
2011-07-01 08:30:00,91.862,26.426,471.5,33.5,8,30,34,4,0,7,182,0.7933533402912352,-0.6087614290087207,0.01075130776352193,-0.9999422030204416,1,0.598110530491216,88.842,88.842,115.94,85.642,70.082,,,102.39099999999999,15.64503759450036,88.842,115.94,83.43674999999999,23.38535847205825,86.59141176470588,14.94,5.388,10.164,422.25,301.0,73.902,92.22699999999999
2011-07-01 08:45:00,91.862,26.426,520.75,33.75,8,45,35,4,0,7,182,0.7518398074789774,-0.6593458151000688,0.01075130776352193,-0.9999422030204416,1,0.6482283953077883,91.862,88.842,115.94,85.642,70.082,,,96.3715,13.123116029866136,88.842,115.94,84.798,23.189239355068686,86.74199999999999,26.426,5.388,15.423499999999999,471.5,337.0,65.43599999999999,80.94800000000001
2011-07-01 09:00:00,81.326,40.37,570.0,34.0,9,0,36,4,0,7,182,0.7071067811865476,-0.7071067811865475,0.01075130776352193,-0.9999422030204416,1,0.6956825506034864,91.862,91.862,88.842,121.232,62.612,,,90.35199999999999,1.7435978129515675,88.842,91.862,86.15925,22.90531778576028,86.88422222222222,26.426,14.94,20.683,520.75,373.0,65.43599999999999,69.669
2011-07-01 09:15:00,81.326,40.37,626.5,34.25,9,15,37,4,0,7,182,0.659345815100069,-0.7518398074789773,0.01075130776352193,-0.9999422030204416,1,0.7402779970753155,81.326,91.862,88.842,121.232,62.612,,,88.47299999999998,4.972806451089378,81.326,91.862,87.32887500000001,22.085897014082676,86.734,40.37,14.94,27.040499999999998,570.0,422.25,40.955999999999996,61.4325
2011-07-01 09:30:00,72.3,46.562,683.0,34.5,9,30,38,4,0,7,182,0.6087614290087209,-0.793353340291235,0.01075130776352193,-0.9999422030204416,1,0.7818314824680298,81.326,81.326,91.862,115.94,58.89,,,86.594,6.082962436181574,81.326,91.862,88.4985,21.16604976528842,86.59168421052631,40.37,26.426,33.397999999999996,626.5,471.5,40.955999999999996,53.19599999999999
2011-07-01 09:45:00,72.3,46.562,739.5,34.75,9,45,39,4,0,7,182,0.5555702330196025,-0.831469612302545,0.01075130776352193,-0.9999422030204416,1,0.8201722545969559,72.3,81.326,91.862,115.94,58.89,,,81.70349999999999,7.998040322478746,72.3,91.862,89.336625,20.15690752364226,86.22523076923078,46.562,26.426,38.431999999999995,683.0,520.75,25.738,43.271499999999996
2011-07-01 10:00:00,62.958,53.126,796.0,35.0,10,0,40,4,0,7,182,0.49999999999999994,-0.8660254037844387,0.01075130776352193,-0.9999422030204416,1,0.8551427630053461,72.3,72.3,81.326,88.842,64.254,,,76.81299999999999,5.211163529705166,72.3,81.326,90.17475,19.05522531135924,85.8771,46.562,40.37,43.465999999999994,739.5,570.0,25.738,33.346999999999994
2011-07-01 10:15:00,62.958,53.126,817.5,35.0,10,15,41,4,0,7,182,0.4422886902190017,-0.8968727415326881,0.01075130776352193,-0.9999422030204416,1,0.886599306373,62.958,72.3,81.326,88.842,64.254,,,72.221,7.499259430103467,62.958,81.326,90.09375,19.175132157736645,85.3180975609756,53.126,40.37,46.654999999999994,796.0,626.5,9.832,25.566000000000003
2011-07-01 10:30:00,62.97,53.412,839.0,35.0,10,30,42,4,0,7,182,0.3826834323650899,-0.9238795325112867,0.01075130776352193,-0.9999422030204416,1,0.9144126230158125,62.958,62.958,72.3,91.862,85.642,,,67.62899999999999,5.393606214769088,62.958,72.3,90.01275,19.293931120087112,84.78571428571429,53.126,46.562,49.844,817.5,683.0,9.832,17.785
2011-07-01 10:45:00,62.97,53.412,860.5,35.0,10,45,43,4,0,7,182,0.32143946530316175,-0.9469301294951056,0.01075130776352193,-0.9999422030204416,1,0.9384684220497604,62.97,62.958,72.3,91.862,85.642,,,65.2965,4.669003426856281,62.958,72.3,88.59575,20.435128772125044,84.27837209302325,53.412,46.562,51.5565,839.0,739.5,9.558,13.74
2011-07-01 11:00:00,65.464,53.406,882.0,35.0,11,0,44,4,0,7,182,0.258819045102521,-0.9659258262890682,0.01075130776352193,-0.9999422030204416,1,0.9586678530366606,62.97,62.97,62.958,81.326,121.232,,,62.964,0.006928202918822385,62.958,62.97,87.17875,21.4161084529068,83.79409090909091,53.412,53.126,53.269,860.5,796.0,9.558,9.695
2011-07-01 11:15:00,65.464,53.406,853.25,35.0,11,15,45,4,0,7,182,0.19509032201612816,-0.9807852804032304,0.01075130776352193,-0.9999422030204416,1,0.9749279121818236,65.464,62.97,62.958,81.326,121.232,,,63.5905,1.2490128101807776,62.958,65.464,83.69324999999999,19.99545396167171,83.38675555555555,53.406,53.126,53.339,882.0,817.5,12.058,10.2515
2011-07-01 11:30:00,61.762,43.26,824.5,35.0,11,30,46,4,0,7,182,0.130526192220052,-0.9914448613738104,0.01075130776352193,-0.9999422030204416,1,0.9871817834144501,65.464,65.464,62.97,72.3,115.94,,,64.217,1.4399115713574275,62.97,65.464,80.20774999999999,17.750194603628053,82.9971304347826,53.406,53.412,53.409,853.25,839.0,12.058,10.808
2011-07-01 11:45:00,61.762,43.26,795.75,35.0,11,45,47,4,0,7,182,0.06540312923014312,-0.9978589232386035,0.01075130776352193,-0.9999422030204416,1,0.9953791129491982,61.762,65.464,62.97,72.3,115.94,,,63.915,1.8553738167807803,61.762,65.464,76.821625,15.504923196090541,82.54531914893617,43.26,53.412,50.870999999999995,824.5,860.5,18.502000000000002,13.044
2011-07-01 12:00:00,72.434,35.062,767.0,35.0,12,0,48,4,0,7,182,1.2246467991473532e-16,-1.0,0.01075130776352193,-0.9999422030204416,1,0.9994862162006879,61.762,61.762,65.464,62.958,88.842,,,63.613,2.137350696538984,61.762,65.464,73.4355,11.885933456541537,82.11233333333332,43.26,53.406,48.333,795.75,882.0,18.502000000000002,15.280000000000001
2011-07-01 12:15:00,72.434,35.062,773.5,35.0,12,15,49,4,0,7,182,-0.06540312923014287,-0.9978589232386035,0.01075130776352193,-0.9999422030204416,1,0.9994862162006879,72.434,61.762,65.464,62.958,88.842,,,65.3555,5.031349023869805,61.762,72.434,72.41,11.153318095227693,81.91481632653061,35.062,53.406,43.747,767.0,853.25,37.372,21.6085
2011-07-01 12:30:00,69.506,27.334,780.0,35.0,12,30,50,4,0,7,182,-0.13052619222005177,-0.9914448613738104,0.01075130776352193,-0.9999422030204416,1,0.9953791129491982,72.434,72.434,61.762,62.97,91.862,,,67.098,6.161482072791328,61.762,72.434,71.38449999999999,10.260315511717963,81.7252,35.062,43.26,39.160999999999994,773.5,824.5,37.372,27.937000000000005
2011-07-01 12:45:00,69.506,27.334,786.5,35.0,12,45,51,4,0,7,182,-0.19509032201612792,-0.9807852804032305,0.01075130776352193,-0.9999422030204416,1,0.9871817834144502,69.506,72.434,61.762,62.97,91.862,,,69.03399999999999,5.040660274209673,61.762,72.434,69.98725,8.687442857366044,81.48560784313725,27.334,43.26,35.1795,780.0,795.75,42.172,33.8545
2011-07-01 13:00:00,66.674,26.502,793.0,35.0,13,0,52,4,0,7,182,-0.2588190451025208,-0.9659258262890683,0.01075130776352193,-0.9999422030204416,1,0.9749279121818236,69.506,69.506,72.434,65.464,81.326,,,70.97,1.6904815881858937,69.506,72.434,68.58999999999999,6.442385396730032,81.25523076923076,27.334,35.062,31.198,786.5,767.0,42.172,39.772
2011-07-01 13:15:00,66.674,26.502,724.5,35.0,13,15,53,4,0,7,182,-0.32143946530316153,-0.9469301294951057,0.01075130776352193,-0.9999422030204416,1,0.9586678530366607,66.674,69.506,72.434,65.464,81.326,,,69.53,2.351673446717366,66.674,72.434,67.67425,5.480953292995701,80.98011320754716,26.502,35.062,29.057999999999996,793.0,773.5,40.17200000000001,40.472
2011-07-01 13:30:00,66.512,28.506,656.0,35.0,13,30,54,4,0,7,182,-0.38268343236508967,-0.9238795325112868,0.01075130776352193,-0.9999422030204416,1,0.9384684220497604,66.674,66.674,69.506,61.762,72.3,,,68.09,1.6350559623436758,66.674,69.506,66.7585,4.097360028115724,80.71518518518518,26.502,27.334,26.918,724.5,780.0,40.17200000000001,41.172000000000004
2011-07-01 13:45:00,66.512,28.506,587.5,35.0,13,45,55,4,0,7,182,-0.44228869021900147,-0.8968727415326883,0.01075130776352193,-0.9999422030204416,1,0.9144126230158125,66.512,66.674,69.506,61.762,72.3,,,67.3415,1.4450193770312012,66.512,69.506,66.39675,3.8217283960707937,80.45694545454545,28.506,27.334,27.211,656.0,786.5,38.006,40.130500000000005
2011-07-01 14:00:00,71.48,27.03,519.0,35.0,14,0,56,4,0,7,182,-0.4999999999999997,-0.8660254037844388,0.01075130776352193,-0.9999422030204416,1,0.8865993063730001,66.512,66.512,66.674,72.434,62.958,,,66.593,0.09353074358567788,66.512,66.674,66.035,3.4847786347677614,80.20792857142858,28.506,26.502,27.503999999999998,587.5,793.0,38.006,39.089000000000006
2011-07-01 14:15:00,71.48,27.03,505.0,34.75,14,15,57,4,0,7,182,-0.555570233019602,-0.8314696123025455,0.01075130776352193,-0.9999422030204416,1,0.8551427630053462,71.48,66.512,66.674,72.434,62.958,,,67.7945,2.458186526689067,66.512,71.48,66.567625,3.6313110373528326,80.05480701754385,27.03,26.502,27.636000000000003,519.0,724.5,44.45,40.158500000000004
2011-07-01 14:30:00,73.602,21.728,491.0,34.5,14,30,58,4,0,7,182,-0.6087614290087207,-0.7933533402912352,0.01075130776352193,-0.9999422030204416,1,0.820172254596956,71.48,71.48,66.512,69.506,62.97,,,68.99600000000001,2.868276137333299,66.512,71.48,67.10025,3.6910640110046615,79.90696551724139,27.03,28.506,27.768,505.0,656.0,44.45,41.228
2011-07-01 14:45:00,73.602,21.728,477.0,34.25,14,45,59,4,0,7,182,-0.6593458151000688,-0.7518398074789774,0.01075130776352193,-0.9999422030204416,1,0.7818314824680299,73.602,71.48,66.512,69.506,62.97,,,70.7685,3.0088192036072203,66.512,73.602,67.76475,3.8514770067253155,79.80010169491526,21.728,28.506,26.0735,491.0,587.5,51.874,44.695
2011-07-01 15:00:00,64.634,16.080000000000002,463.0,34.0,15,0,60,4,0,7,182,-0.7071067811865471,-0.7071067811865479,0.01075130776352193,-0.9999422030204416,1,0.7402779970753155,73.602,73.602,71.48,66.674,65.464,,,72.541,1.2251372712185515,71.48,73.602,68.42925,3.8861036441831778,79.6968,21.728,27.03,24.379000000000005,477.0,519.0,51.874,48.162
2011-07-01 15:15:00,64.634,16.080000000000002,450.75,34.0,15,15,61,4,0,7,182,-0.7518398074789773,-0.6593458151000691,0.01075130776352193,-0.9999422030204416,1,0.6956825506034865,64.634,73.602,71.48,66.674,65.464,,,70.8295,4.249740501881138,64.634,73.602,68.377375,3.9335749791591756,79.44986885245902,16.080000000000002,27.03,21.641500000000004,463.0,505.0,48.554,49.188
2011-07-01 15:30:00,78.472,9.66,438.5,34.0,15,30,62,4,0,7,182,-0.7933533402912349,-0.6087614290087209,0.01075130776352193,-0.9999422030204416,1,0.6482283953077884,64.634,64.634,73.602,66.512,61.762,,,69.118,5.177677214092149,64.634,73.602,68.3255,3.979759021180442,79.21090322580645,16.080000000000002,21.728,18.904000000000003,450.75,491.0,48.554,50.214
2011-07-01 15:45:00,78.472,9.66,426.25,34.0,15,45,63,4,0,7,182,-0.8314696123025452,-0.5555702330196022,0.01075130776352193,-0.9999422030204416,1,0.5981105304912161,78.472,64.634,73.602,66.512,61.762,,,70.3355,6.877181084329702,64.634,78.472,69.369875,4.320475681758559,79.1991746031746,9.66,21.728,15.887,438.5,477.0,68.812,54.4485
2011-07-01 16:00:00,88.144,3.606,414.0,34.0,16,0,64,4,0,7,182,-0.8660254037844385,-0.5000000000000004,0.01075130776352193,-0.9999422030204416,1,0.5455349012105487,78.472,78.472,64.634,71.48,72.434,,,71.553,7.989373025045757,64.634,78.472,70.41425,4.3780898650743865,79.18781249999999,9.66,16.080000000000002,12.870000000000001,426.25,463.0,68.812,58.68300000000001
2011-07-01 16:15:00,88.144,3.606,367.25,33.75,16,15,65,4,0,7,182,-0.8968727415326883,-0.44228869021900136,0.01075130776352193,-0.9999422030204416,1,0.49071755200393774,88.144,78.472,64.634,71.48,72.434,,,77.4305,9.672968158739856,64.634,88.144,71.396125,6.230861105550905,79.3256,3.606,16.080000000000002,9.751500000000002,414.0,450.75,84.53800000000001,67.679
2011-07-01 16:30:00,114.0,0.268,320.5,33.5,16,30,66,4,0,7,182,-0.9238795325112868,-0.3826834323650895,0.01075130776352193,-0.9999422030204416,1,0.43388373911755823,88.144,88.144,78.472,73.602,69.506,,,83.30799999999999,5.584131803601595,78.472,88.144,72.378,7.511517059378464,79.45921212121212,3.606,9.66,6.633,367.25,438.5,84.53800000000001,76.67500000000001
2011-07-01 16:45:00,114.0,0.268,273.75,33.25,16,45,67,4,0,7,182,-0.9469301294951056,-0.3214394653031618,0.01075130776352193,-0.9999422030204416,1,0.3752670048793745,114.0,88.144,78.472,73.602,69.506,,,92.19,15.238108544041621,78.472,114.0,75.158875,12.771722869292155,79.97474626865672,0.268,9.66,4.285,320.5,426.25,113.732,87.905
2011-07-01 17:00:00,134.556,0.028,227.0,33.0,17,0,68,4,0,7,182,-0.9659258262890683,-0.25881904510252063,0.01075130776352193,-0.9999422030204416,1,0.3151082180236209,114.0,114.0,88.144,64.634,66.674,,,101.072,14.927968560166745,88.144,114.0,77.93975,15.915818795567304,80.47511764705882,0.268,3.606,1.9369999999999998,273.75,414.0,113.732,99.135
2011-07-01 17:15:00,134.556,0.028,181.75,32.75,17,15,69,4,0,7,182,-0.9807852804032303,-0.19509032201612866,0.01075130776352193,-0.9999422030204416,1,0.25365458390950735,134.556,114.0,88.144,64.634,66.674,,,112.67500000000001,19.009290465453798,88.144,134.556,82.18237500000001,20.96057265399334,81.25889855072464,0.028,3.606,1.0425,227.0,367.25,134.52800000000002,111.63250000000001
2011-07-01 17:30:00,155.886,0.018,136.5,32.5,17,30,70,4,0,7,182,-0.9914448613738104,-0.13052619222005163,0.01075130776352193,-0.9999422030204416,1,0.1911586287013721,134.556,134.556,114.0,78.472,66.512,,,124.27800000000002,11.868012133461601,114.0,134.556,86.425,24.227633148947916,82.02028571428572,0.028,0.268,0.14800000000000002,181.75,320.5,134.52800000000002,124.13000000000001
2011-07-01 17:45:00,155.886,0.018,91.25,32.25,17,45,71,4,0,7,182,-0.9978589232386035,-0.06540312923014273,0.01075130776352193,-0.9999422030204416,1,0.12787716168450605,155.886,134.556,114.0,78.472,66.512,,,134.7495,17.1013475784802,114.0,155.886,92.010875,29.1361677641953,83.06064788732394,0.018,0.268,0.0855,136.5,273.75,155.868,134.66400000000002
2011-07-01 18:00:00,158.412,0.014,46.0,32.0,18,0,72,4,0,7,182,-1.0,-1.8369701987210297e-16,0.01075130776352193,-0.9999422030204416,1,0.06407021998071323,155.886,155.886,134.556,88.144,71.48,,,145.221,12.314881241814291,134.556,155.886,97.59675,32.31547725677795,84.07211111111111,0.018,0.028,0.023,91.25,227.0,155.868,145.198
2011-07-01 18:15:00,158.412,0.014,34.5,31.5,18,15,73,4,0,7,182,-0.9978589232386036,0.06540312923014237,0.01075130776352193,-0.9999422030204416,1,1.2246467991473532e-16,158.412,155.886,134.556,88.144,71.48,,,151.185,11.149767889960271,134.556,158.412,103.03,34.84100818288701,85.09046575342467,0.014,0.028,0.0195,46.0,181.75,158.398,151.1655
2011-07-01 18:30:00,159.026,0.014,23.0,31.0,18,30,74,4,0,7,182,-0.9914448613738105,0.13052619222005127,0.01075130776352193,-0.9999422030204416,0,0.0,158.412,158.412,155.886,114.0,73.602,,,157.149,1.4583867799691657,155.886,158.412,108.46325,36.33903126850429,86.0812972972973,0.014,0.018,0.016,34.5,136.5,158.398,157.13299999999998
2011-07-01 18:45:00,159.026,0.014,11.5,30.5,18,45,75,4,0,7,182,-0.9807852804032304,0.1950903220161283,0.01075130776352193,-0.9999422030204416,0,0.0,159.026,158.412,155.886,114.0,73.602,,,157.934,1.3956761802039783,155.886,159.026,113.80225,37.142145067295175,87.05389333333333,0.014,0.018,0.015,23.0,91.25,159.012,157.91899999999998
2011-07-01 19:00:00,151.148,0.002,0.0,30.0,19,0,76,4,0,7,182,-0.9659258262890684,0.2588190451025203,0.01075130776352193,-0.9999422030204416,0,0.0,159.026,159.026,158.412,134.556,64.634,,,158.71900000000002,0.35449306526650326,158.412,159.026,119.14125000000001,37.1179496838569,88.00089473684211,0.014,0.014,0.014,11.5,46.0,159.012,158.70499999999998
2011-07-01 19:15:00,151.148,0.002,0.0,30.0,19,15,77,4,0,7,182,-0.9469301294951057,0.3214394653031615,0.01075130776352193,-0.9999422030204416,0,0.0,151.148,159.026,158.412,134.556,64.634,,,156.90300000000002,3.8475691026918337,151.148,159.026,124.54837500000001,34.88240488818585,88.82098701298702,0.002,0.014,0.011000000000000001,0.0,34.5,151.146,156.892
2011-07-01 19:30:00,144.698,0.014,0.0,30.0,19,30,78,4,0,7,182,-0.923879532511287,0.38268343236508917,0.01075130776352193,-0.9999422030204416,0,0.0,151.148,151.148,159.026,155.886,78.472,,,155.087,4.548365420674658,151.148,159.026,129.9555,31.519040031912958,89.62005128205128,0.002,0.014,0.008,0.0,23.0,151.146,155.079
2011-07-01 19:45:00,144.698,0.014,0.0,30.0,19,45,79,4,0,7,182,-0.8968727415326884,0.442288690219001,0.01075130776352193,-0.9999422030204416,0,0.0,144.698,151.148,159.026,155.886,78.472,,,151.505,5.863889153112386,144.698,159.026,134.094625,28.512478098486362,90.31724050632911,0.014,0.014,0.008,0.0,11.5,144.684,151.49699999999999
2011-07-01 20:00:00,150.44,0.018,0.0,30.0,20,0,80,4,0,7,182,-0.8660254037844386,0.5000000000000001,0.01075130776352193,-0.9999422030204416,0,0.0,144.698,144.698,151.148,158.412,88.144,,,147.923,3.7239092362716315,144.698,151.148,138.23375,24.411552684470195,90.997,0.014,0.002,0.008,0.0,0.0,144.684,147.915
2011-07-01 20:15:00,150.44,0.018,0.0,30.0,20,15,81,4,0,7,182,-0.8314696123025455,0.5555702330196018,0.01075130776352193,-0.9999422030204416,0,0.0,150.44,144.698,151.148,158.412,88.144,,,147.746,3.5313759358059236,144.698,151.148,142.12725,20.552888807496867,91.73086419753086,0.018,0.002,0.012,0.0,0.0,150.422,147.734
2011-07-01 20:30:00,135.052,0.062,0.0,30.0,20,30,82,4,0,7,182,-0.7933533402912357,0.6087614290087199,0.01075130776352193,-0.9999422030204416,0,0.0,150.44,150.44,144.698,159.026,114.0,,,147.569,3.3151452456851973,144.698,150.44,146.02075,14.716611093137676,92.44682926829269,0.018,0.014,0.016,0.0,0.0,150.422,147.553
2011-07-01 20:45:00,135.052,0.062,0.0,30.0,20,45,83,4,0,7,182,-0.7518398074789772,0.6593458151000691,0.01075130776352193,-0.9999422030204416,0,0.0,135.052,150.44,144.698,159.026,114.0,,,145.1575,7.260438072181956,135.052,150.44,147.3365,12.42568712519873,92.96014457831325,0.062,0.014,0.027999999999999997,0.0,0.0,134.98999999999998,145.1295
2011-07-01 21:00:00,120.128,0.004,0.0,30.0,21,0,84,4,0,7,182,-0.7071067811865477,0.7071067811865474,0.01075130776352193,-0.9999422030204416,0,0.0,135.052,135.052,150.44,151.148,134.556,,,142.746,8.884265942289353,135.052,150.44,148.65224999999998,9.408694727041723,93.46123809523809,0.062,0.018,0.04,0.0,0.0,134.98999999999998,142.706
2011-07-01 21:15:00,120.128,0.004,0.0,30.0,21,15,85,4,0,7,182,-0.6593458151000687,0.7518398074789775,0.01075130776352193,-0.9999422030204416,0,0.0,120.128,135.052,150.44,151.148,134.556,,,135.16799999999998,12.37554707208219,120.128,150.44,147.7505,11.34246055609905,93.77496470588235,0.004,0.018,0.036500000000000005,0.0,0.0,120.124,135.1315
2011-07-01 21:30:00,123.712,0.026,0.0,30.0,21,30,86,4,0,7,182,-0.608761429008721,0.7933533402912349,0.01075130776352193,-0.9999422030204416,0,0.0,120.128,120.128,135.052,144.698,155.886,,,127.59,8.616375417385305,120.128,135.052,146.84875000000002,12.924571943910928,94.0813953488372,0.004,0.062,0.033,0.0,0.0,120.124,127.55699999999999
2011-07-01 21:45:00,123.712,0.026,0.0,30.0,21,45,87,4,0,7,182,-0.555570233019603,0.8314696123025447,0.01075130776352193,-0.9999422030204416,0,0.0,123.712,120.128,135.052,144.698,155.886,,,124.755,7.069519455615193,120.128,135.052,144.837875,13.89150296584197,94.42197701149425,0.026,0.062,0.023999999999999997,0.0,0.0,123.686,124.731
2011-07-01 22:00:00,117.602,0.012,0.0,30.0,22,0,88,4,0,7,182,-0.5000000000000004,0.8660254037844384,0.01075130776352193,-0.9999422030204416,0,0.0,123.712,123.712,120.128,150.44,158.412,,,121.91999999999999,2.069223364772824,120.128,123.712,142.827,14.500922857988376,94.75481818181817,0.026,0.004,0.015,0.0,0.0,123.686,121.905
2011-07-01 22:15:00,117.602,0.012,0.0,30.0,22,15,89,4,0,7,182,-0.4422886902190014,0.8968727415326883,0.01075130776352193,-0.9999422030204416,0,0.0,117.602,123.712,120.128,150.44,158.412,,,121.2885,2.982378636813535,117.602,123.712,140.276375,15.151389044682666,95.01152808988763,0.012,0.004,0.016999999999999998,0.0,0.0,117.59,121.2715
2011-07-01 22:30:00,113.352,0.0,0.0,30.0,22,30,90,4,0,7,182,-0.38268343236508956,0.9238795325112868,0.01075130776352193,-0.9999422030204416,0,0.0,117.602,117.602,123.712,135.052,159.026,,,120.65700000000001,3.5276101447469705,117.602,123.712,137.72575,15.32884912183549,95.26253333333334,0.012,0.026,0.019000000000000003,0.0,0.0,117.59,120.638
2011-07-01 22:45:00,113.352,0.0,0.0,30.0,22,45,91,4,0,7,182,-0.32143946530316186,0.9469301294951056,0.01075130776352193,-0.9999422030204416,0,0.0,113.352,117.602,123.712,135.052,159.026,,,118.06700000000001,4.2633984879031726,113.352,123.712,134.871125,15.35057247086668,95.46131868131867,0.0,0.026,0.012499999999999999,0.0,0.0,113.352,118.05449999999999
2011-07-01 23:00:00,117.982,0.03,0.0,30.0,23,0,92,4,0,7,182,-0.25881904510252157,0.9659258262890681,0.01075130776352193,-0.9999422030204416,0,0.0,113.352,113.352,117.602,120.128,151.148,,,115.477,2.4537386440535514,113.352,117.602,132.0165,14.796021402165177,95.65578260869566,0.0,0.012,0.006,0.0,0.0,113.352,115.471
2011-07-01 23:15:00,117.982,0.03,0.0,30.0,23,15,93,4,0,7,182,-0.19509032201612872,0.9807852804032303,0.01075130776352193,-0.9999422030204416,0,0.0,117.982,113.352,117.602,120.128,151.148,,,115.572,2.568125126752022,113.352,117.982,129.943625,14.250234303921582,95.89584946236559,0.03,0.012,0.010499999999999999,0.0,0.0,117.952,115.5615
2011-07-01 23:30:00,139.614,0.0,0.0,30.0,23,30,94,4,0,7,182,-0.13052619222005168,0.9914448613738104,0.01075130776352193,-0.9999422030204416,0,0.0,117.982,117.982,113.352,123.712,144.698,,,115.667,2.6731317463458,113.352,117.982,127.87075,13.343521891414706,96.1308085106383,0.03,0.0,0.015,0.0,0.0,117.952,115.652
2011-07-01 23:45:00,139.614,0.0,0.0,30.0,23,45,95,4,0,7,182,-0.0654031292301428,0.9978589232386035,0.01075130776352193,-0.9999422030204416,0,0.0,139.614,117.982,113.352,123.712,144.698,,,122.2325,11.791428002295644,113.352,139.614,127.553,12.971445008170711,96.58852631578947,0.0,0.0,0.015,0.0,0.0,139.614,122.2175
2011-07-02 00:00:00,151.068,0.036,0.0,30.0,0,0,0,5,1,7,183,0.0,1.0,-0.00645086419810515,-0.9999791929590823,0,0.0,139.614,139.614,117.982,117.602,150.44,149.358,,128.798,12.489241023109525,117.982,139.614,127.23525000000001,12.57981727212271,97.03670833333332,0.0,0.03,0.015,0.0,0.0,139.614,128.78300000000002
2011-07-02 00:15:00,151.068,0.036,0.0,29.75,0,15,1,5,1,7,183,0.06540312923014306,0.9978589232386035,-0.00645086419810515,-0.9999791929590823,0,0.0,151.068,139.614,117.982,117.602,150.44,149.358,,137.0695,13.823164362763999,117.982,151.068,127.2745,12.657782691556353,97.05452083333334,0.036,0.03,0.0165,0.0,0.0,151.032,137.053
2011-07-02 00:30:00,127.146,0.014,0.0,29.5,0,30,2,5,1,7,183,0.13052619222005157,0.9914448613738104,-0.00645086419810515,-0.9999791929590823,0,0.0,151.068,151.068,139.614,113.352,135.052,130.628,,145.341,6.612969983297101,139.614,151.068,127.31375,12.73514178169984,97.07233333333333,0.036,0.0,0.018,0.0,0.0,151.032,145.323
2011-07-02 00:45:00,127.146,0.014,0.0,29.25,0,45,3,5,1,7,183,0.19509032201612825,0.9807852804032304,-0.00645086419810515,-0.9999791929590823,0,0.0,127.146,151.068,139.614,113.352,135.052,130.628,,142.22400000000002,11.4103878987521,127.146,151.068,126.819625,12.567149286267364,97.03606250000001,0.014,0.0,0.0215,0.0,0.0,127.132,142.2025
2011-07-02 01:00:00,104.074,0.012,0.0,29.0,1,0,4,5,1,7,183,0.25881904510252074,0.9659258262890683,-0.00645086419810515,-0.9999791929590823,0,0.0,127.146,127.146,151.068,117.982,120.128,109.648,,139.107,13.811373139553806,127.146,151.068,126.3255,12.375854416295077,96.99979166666667,0.014,0.036,0.024999999999999998,0.0,0.0,127.132,139.082
2011-07-02 01:15:00,104.074,0.012,0.0,29.0,1,15,5,5,1,7,183,0.3214394653031616,0.9469301294951057,-0.00645086419810515,-0.9999791929590823,0,0.0,104.074,127.146,151.068,117.982,120.128,109.648,,127.3585,19.18678923113475,104.074,151.068,125.322125,13.510585113778891,96.94172916666666,0.012,0.036,0.019000000000000003,0.0,0.0,104.062,127.3395
2011-07-02 01:30:00,73.132,0.024,0.0,29.0,1,30,6,5,1,7,183,0.3826834323650898,0.9238795325112867,-0.00645086419810515,-0.9999791929590823,0,0.0,104.074,104.074,127.146,139.614,123.712,97.046,,115.60999999999999,13.320625410742615,104.074,127.146,124.31875000000001,14.483172651966276,96.88366666666667,0.012,0.014,0.013000000000000001,0.0,0.0,104.062,115.59700000000001
2011-07-02 01:45:00,73.132,0.024,0.0,29.0,1,45,7,5,1,7,183,0.44228869021900125,0.8968727415326884,-0.00645086419810515,-0.9999791929590823,0,0.0,73.132,104.074,127.146,139.614,123.712,97.046,,102.10650000000001,22.167847008674272,73.132,127.146,121.15750000000001,19.33262106044248,96.6345625,0.024,0.014,0.0155,0.0,0.0,73.108,102.09100000000001
2011-07-02 02:00:00,74.49,0.0,0.0,29.0,2,0,8,5,1,7,183,0.49999999999999994,0.8660254037844387,-0.00645086419810515,-0.9999791929590823,0,0.0,73.132,73.132,104.074,151.068,117.602,81.422,,88.60300000000001,17.8643720292651,73.132,104.074,117.99625,22.724847943752327,96.38545833333332,0.024,0.012,0.018000000000000002,0.0,0.0,73.108,88.58500000000001
2011-07-02 02:15:00,74.49,0.0,0.0,29.0,2,15,9,5,1,7,183,0.5555702330196022,0.8314696123025452,-0.00645086419810515,-0.9999791929590823,0,0.0,74.49,73.132,104.074,151.068,117.602,81.422,,81.207,15.258101978948412,73.132,104.074,115.30175,25.196234881426193,96.31325,0.0,0.012,0.015,0.0,0.0,74.49,81.192
2011-07-02 02:30:00,53.052,0.0,0.0,29.0,2,30,10,5,1,7,183,0.6087614290087207,0.7933533402912352,-0.00645086419810515,-0.9999791929590823,0,0.0,74.49,74.49,73.132,127.146,113.352,52.98,,73.811,0.7840416655528983,73.132,74.49,112.60725,27.1623468389607,96.24104166666666,0.0,0.024,0.012,0.0,0.0,74.49,73.799
2011-07-02 02:45:00,53.052,0.0,0.0,29.0,2,45,11,5,1,7,183,0.6593458151000688,0.7518398074789774,-0.00645086419810515,-0.9999791929590823,0,0.0,53.052,74.49,73.132,127.146,113.352,52.98,,68.791,10.512177129405194,53.052,74.49,108.83850000000001,30.96870873640034,96.24179166666669,0.0,0.024,0.006,0.0,0.0,53.052,68.785
2011-07-02 03:00:00,54.01,0.038,0.0,29.0,3,0,12,5,1,7,183,0.7071067811865476,0.7071067811865476,-0.00645086419810515,-0.9999791929590823,0,0.0,53.052,53.052,74.49,104.074,117.982,60.274,,63.771,12.377235070886774,53.052,74.49,105.06975,33.91206283610596,96.24254166666667,0.0,0.0,0.0,0.0,0.0,53.052,63.771
2011-07-02 03:15:00,54.01,0.038,0.0,28.75,3,15,13,5,1,7,183,0.7518398074789774,0.6593458151000688,-0.00645086419810515,-0.9999791929590823,0,0.0,54.01,53.052,74.49,104.074,117.982,60.274,,58.650999999999996,10.568986138697955,53.052,74.49,101.0715,35.99538480416621,96.17729166666668,0.038,0.0,0.0095,0.0,0.0,53.972,58.64149999999999
2011-07-02 03:30:00,49.514,0.0,0.0,28.5,3,30,14,5,1,7,183,0.7933533402912352,0.6087614290087207,-0.00645086419810515,-0.9999791929590823,0,0.0,54.01,54.01,53.052,73.132,139.614,59.66,,53.531,0.5531015578742301,53.052,54.01,97.07325,37.512717515530646,96.11204166666668,0.038,0.0,0.019,0.0,0.0,53.972,53.512
2011-07-02 03:45:00,49.514,0.0,0.0,28.25,3,45,15,5,1,7,183,0.8314696123025451,0.5555702330196024,-0.00645086419810515,-0.9999791929590823,0,0.0,49.514,54.01,53.052,73.132,139.614,59.66,,52.6465,2.136605641351775,49.514,54.01,91.44200000000001,37.46362756594723,96.00635416666667,0.0,0.0,0.019,0.0,0.0,49.514,52.627500000000005
2011-07-02 04:00:00,47.324,0.012,0.0,28.0,4,0,16,5,1,7,183,0.8660254037844386,0.5000000000000001,-0.00645086419810515,-0.9999791929590823,0,0.0,49.514,49.514,54.01,74.49,151.068,63.544,,51.762,2.595766810274549,49.514,54.01,85.81075,36.499215362342625,95.90066666666667,0.0,0.038,0.019,0.0,0.0,49.514,51.74300000000001
2011-07-02 04:15:00,47.324,0.012,0.0,28.25,4,15,17,5,1,7,183,0.8968727415326884,0.44228869021900125,-0.00645086419810515,-0.9999791929590823,0,0.0,47.324,49.514,54.01,74.49,151.068,63.544,,50.0905,2.809549608031438,47.324,54.01,79.32675,33.19933330957117,95.73170833333334,0.012,0.038,0.0125,0.0,0.0,47.312,50.078
2011-07-02 04:30:00,57.134,0.002,0.0,28.5,4,30,18,5,1,7,183,0.9238795325112867,0.38268343236508984,-0.00645086419810515,-0.9999791929590823,0,0.0,47.324,47.324,49.514,53.052,127.146,70.082,,48.419,1.264397089521183,47.324,49.514,72.84275000000001,27.9733551116058,95.56275,0.012,0.0,0.006,0.0,0.0,47.312,48.413
2011-07-02 04:45:00,57.134,0.002,0.0,28.75,4,45,19,5,1,7,183,0.9469301294951056,0.3214394653031617,-0.00645086419810515,-0.9999791929590823,0,0.0,57.134,47.324,49.514,53.052,127.146,70.082,,50.324,4.655899483449964,47.324,57.134,68.46700000000001,24.123564965955378,95.42787500000001,0.002,0.0,0.006500000000000001,0.0,0.0,57.132,50.317499999999995
2011-07-02 05:00:00,51.438,0.0,0.0,29.0,5,0,20,5,1,7,183,0.9659258262890683,0.25881904510252074,-0.00645086419810515,-0.9999791929590823,0,0.0,57.134,57.134,47.324,54.01,104.074,62.612,,52.229,5.663806140749316,47.324,57.134,64.09125,18.453640361728183,95.293,0.002,0.012,0.007,0.0,0.0,57.132,52.221999999999994
2011-07-02 05:15:00,51.438,0.0,15.5,29.25,5,15,21,5,1,7,183,0.9807852804032304,0.19509032201612833,-0.00645086419810515,-0.9999791929590823,0,0.0,51.438,57.134,47.324,54.01,104.074,62.612,,53.2575,4.780917171421154,47.324,57.134,60.8015,15.267345973242062,95.17660416666666,0.0,0.012,0.004,0.0,0.0,51.438,53.2535
2011-07-02 05:30:00,53.512,0.012,31.0,29.5,5,30,22,5,1,7,183,0.9914448613738104,0.1305261922200517,-0.00645086419810515,-0.9999791929590823,0,0.0,51.438,51.438,57.134,49.514,73.132,58.89,,54.286,3.288587133302532,51.438,57.134,57.51175,10.127139744271547,95.06020833333334,0.0,0.002,0.001,15.5,0.0,51.438,54.285
2011-07-02 05:45:00,53.512,0.012,46.5,29.75,5,45,23,5,1,7,183,0.9978589232386035,0.06540312923014327,-0.00645086419810515,-0.9999791929590823,0,0.0,53.512,51.438,57.134,49.514,73.132,58.89,,53.3805,2.686550886667941,51.438,57.134,56.285500000000006,9.260421718259085,95.0041875,0.012,0.002,0.0035,31.0,0.0,53.5,53.377
2011-07-02 06:00:00,61.094,0.0,62.0,30.0,6,0,24,5,1,7,183,1.0,6.123233995736766e-17,-0.00645086419810515,-0.9999791929590823,1,0.0,53.512,53.512,51.438,47.324,74.49,64.254,,52.474999999999994,1.197424458294952,51.438,53.512,55.05925,8.108266855500299,94.94816666666667,0.012,0.0,0.006,46.5,0.0,53.5,52.469
2011-07-02 06:15:00,61.094,0.0,102.0,30.75,6,15,25,5,1,7,183,0.9978589232386035,-0.06540312923014314,-0.00645086419810515,-0.9999791929590823,1,0.06407021998071291,61.094,53.512,51.438,47.324,74.49,64.254,,54.889,4.250634619284082,51.438,61.094,54.222,6.500298618781921,94.91525000000001,0.0,0.0,0.006,62.0,15.5,61.094,54.882999999999996
2011-07-02 06:30:00,76.486,0.0,142.0,31.5,6,30,26,5,1,7,183,0.9914448613738104,-0.1305261922200516,-0.00645086419810515,-0.9999791929590823,1,0.127877161684506,61.094,61.094,53.512,57.134,53.052,85.642,,57.303,4.377469740994567,53.512,61.094,53.38475,4.15551834713051,94.88233333333334,0.0,0.012,0.006,102.0,31.0,61.094,57.297
2011-07-02 06:45:00,76.486,0.0,182.0,32.25,6,45,27,5,1,7,183,0.9807852804032304,-0.1950903220161282,-0.00645086419810515,-0.9999791929590823,1,0.1911586287013723,76.486,61.094,53.512,57.134,53.052,85.642,,63.046499999999995,9.64626634161234,53.512,76.486,54.849374999999995,7.109899191737632,94.78695833333335,0.0,0.012,0.003,142.0,46.5,76.486,63.0435
2011-07-02 07:00:00,83.462,0.636,222.0,33.0,7,0,28,5,1,7,183,0.9659258262890683,-0.25881904510252063,-0.00645086419810515,-0.9999791929590823,1,0.25365458390950735,76.486,76.486,61.094,51.438,54.01,121.232,,68.78999999999999,8.886575343366152,61.094,76.486,56.31400000000001,8.902624931258828,94.69158333333333,0.0,0.0,0.0,182.0,62.0,76.486,68.79
2011-07-02 07:15:00,83.462,0.636,270.5,33.5,7,15,29,5,1,7,183,0.9469301294951057,-0.3214394653031616,-0.00645086419810515,-0.9999791929590823,1,0.31510821802362066,83.462,76.486,61.094,51.438,54.01,121.232,,74.382,9.449355815785719,61.094,83.462,58.15475000000001,11.154498880123258,94.29814583333332,0.636,0.0,0.159,222.0,102.0,82.82600000000001,74.22300000000001
2011-07-02 07:30:00,104.404,7.436,319.0,34.0,7,30,30,5,1,7,183,0.9238795325112868,-0.3826834323650895,-0.00645086419810515,-0.9999791929590823,1,0.3752670048793741,83.462,83.462,76.486,53.512,49.514,115.94,,79.974,4.0275954778656144,76.486,83.462,59.99550000000001,12.74207429476604,93.90470833333335,0.636,0.0,0.318,270.5,142.0,82.82600000000001,79.656
2011-07-02 07:45:00,104.404,7.436,367.5,34.5,7,45,31,5,1,7,183,0.8968727415326884,-0.44228869021900113,-0.00645086419810515,-0.9999791929590823,1,0.4338837391175581,104.404,83.462,76.486,53.512,49.514,115.94,,86.9535,12.08952233685532,76.486,104.404,63.426125000000006,16.551642181870363,93.78454166666666,7.436,0.0,2.177,319.0,182.0,96.96799999999999,84.7765
2011-07-02 08:00:00,93.054,19.042,416.0,35.0,8,0,32,5,1,7,183,0.8660254037844387,-0.4999999999999998,-0.00645086419810515,-0.9999791929590823,1,0.49071755200393785,104.404,104.404,83.462,61.094,47.324,88.842,,93.93299999999999,12.09086933736875,83.462,104.404,66.85675,18.98540649200511,93.664375,7.436,0.636,4.036,367.5,222.0,96.96799999999999,89.897
2011-07-02 08:15:00,93.054,19.042,466.75,35.5,8,15,33,5,1,7,183,0.8314696123025451,-0.5555702330196023,-0.00645086419810515,-0.9999791929590823,1,0.5455349012105487,93.054,104.404,83.462,61.094,47.324,88.842,,96.33099999999999,10.110993159262707,83.462,104.404,69.714875,19.288598400350473,93.70825,19.042,0.636,8.6375,416.0,270.5,74.012,87.6935
2011-07-02 08:30:00,99.166,33.83,517.5,36.0,8,30,34,5,1,7,183,0.7933533402912352,-0.6087614290087207,-0.00645086419810515,-0.9999791929590823,1,0.598110530491216,93.054,93.054,104.404,76.486,57.134,91.862,,98.729,6.552925555301539,93.054,104.404,72.573,19.137070204187538,93.75212499999999,19.042,7.436,13.239,466.75,319.0,74.012,85.49
2011-07-02 08:45:00,99.166,33.83,568.25,36.5,8,45,35,5,1,7,183,0.7518398074789774,-0.6593458151000688,-0.00645086419810515,-0.9999791929590823,1,0.6482283953077883,99.166,93.054,104.404,76.486,57.134,91.862,,97.4195,5.47566382581363,93.054,104.404,75.2,19.75148720814044,93.82820833333334,33.83,7.436,19.8375,517.5,367.5,65.336,77.582
2011-07-02 09:00:00,104.398,47.91,619.0,37.0,9,0,36,5,1,7,183,0.7071067811865476,-0.7071067811865475,-0.00645086419810515,-0.9999791929590823,1,0.6956825506034864,99.166,99.166,93.054,83.462,51.438,81.326,,96.11,3.528764845285658,93.054,99.166,77.82700000000001,19.982307908080465,93.90429166666667,33.83,19.042,26.436,568.25,416.0,65.336,69.67399999999999
2011-07-02 09:15:00,104.398,47.91,664.25,37.25,9,15,37,5,1,7,183,0.659345815100069,-0.7518398074789773,-0.00645086419810515,-0.9999791929590823,1,0.7402779970753155,104.398,99.166,93.054,83.462,51.438,81.326,,98.946,4.6381306579257435,93.054,104.398,81.137,19.70402760858808,94.144625,47.91,19.042,33.653,619.0,466.75,56.488,65.29299999999999
2011-07-02 09:30:00,86.0,59.896,709.5,37.5,9,30,38,5,1,7,183,0.6087614290087209,-0.793353340291235,-0.00645086419810515,-0.9999791929590823,1,0.7818314824680298,104.398,104.398,99.166,104.404,53.512,72.3,,101.782,3.0206966083986,99.166,104.398,84.44699999999999,18.810416405102103,94.38495833333333,47.91,33.83,40.87,664.25,517.5,56.488,60.91199999999999
2011-07-02 09:45:00,86.0,59.896,754.75,37.75,9,45,39,5,1,7,183,0.5555702330196025,-0.831469612302545,-0.00645086419810515,-0.9999791929590823,1,0.8201722545969559,86.0,104.398,99.166,104.404,53.512,72.3,,98.4905,8.68458410057676,86.0,104.398,86.47749999999999,16.905516220058686,94.52766666666668,59.896,33.83,47.3865,709.5,568.25,26.104,51.104
2011-07-02 10:00:00,75.248,70.25,800.0,38.0,10,0,40,5,1,7,183,0.49999999999999994,-0.8660254037844387,-0.00645086419810515,-0.9999791929590823,1,0.8551427630053461,86.0,86.0,104.398,93.054,61.094,62.958,,95.199,10.62209025255029,86.0,104.398,88.508,14.455642755224241,94.67037499999999,59.896,47.91,53.903,754.75,619.0,26.104,41.29599999999999
2011-07-02 10:15:00,75.248,70.25,821.5,38.25,10,15,41,5,1,7,183,0.4422886902190017,-0.8968727415326881,-0.00645086419810515,-0.9999791929590823,1,0.886599306373,75.248,86.0,104.398,93.054,61.094,62.958,,87.9115,12.103395928415722,75.248,104.398,89.392625,13.028848334241479,94.79839583333334,70.25,47.91,59.488,800.0,664.25,4.998000000000005,28.4235
2011-07-02 10:30:00,78.428,78.48,843.0,38.5,10,30,42,5,1,7,183,0.3826834323650899,-0.9238795325112867,-0.00645086419810515,-0.9999791929590823,1,0.9144126230158125,75.248,75.248,86.0,99.166,76.486,62.97,,80.624,6.207670094326059,75.248,86.0,90.27725,11.35194723678131,94.92641666666667,70.25,59.896,65.07300000000001,821.5,709.5,4.998000000000005,15.551000000000002
2011-07-02 10:45:00,78.428,78.48,864.5,38.75,10,45,43,5,1,7,183,0.32143946530316175,-0.9469301294951056,-0.00645086419810515,-0.9999791929590823,1,0.9384684220497604,78.428,75.248,86.0,99.166,76.486,62.97,,78.731,5.072565031617641,75.248,86.0,90.39862500000001,11.20407970264999,95.08743750000001,78.48,59.896,69.719,843.0,754.75,-0.05200000000000671,9.012
2011-07-02 11:00:00,81.212,80.398,886.0,39.0,11,0,44,5,1,7,183,0.258819045102521,-0.9659258262890682,-0.00645086419810515,-0.9999791929590823,1,0.9586678530366606,78.428,78.428,75.248,104.398,83.462,65.464,,76.838,1.8359738560203,75.248,78.428,90.52,11.052812758147441,95.24845833333332,78.48,70.25,74.36500000000001,864.5,800.0,-0.05200000000000671,2.472999999999999
2011-07-02 11:15:00,81.212,80.398,881.25,39.25,11,15,45,5,1,7,183,0.19509032201612816,-0.9807852804032304,-0.00645086419810515,-0.9999791929590823,1,0.9749279121818236,81.212,78.428,75.248,104.398,83.462,65.464,,78.32900000000001,2.437474922945892,75.248,81.212,90.379375,11.162368750254887,95.41250000000001,80.398,70.25,76.902,886.0,821.5,0.8140000000000072,1.4269999999999996
2011-07-02 11:30:00,66.30199999999999,82.8,876.5,39.5,11,30,46,5,1,7,183,0.130526192220052,-0.9914448613738104,-0.00645086419810515,-0.9999791929590823,1,0.9871817834144501,81.212,81.212,78.428,86.0,104.404,61.762,,79.82,1.6073431494208446,78.428,81.212,90.23875,11.26898819178842,95.57654166666667,80.398,78.48,79.439,881.25,843.0,0.8140000000000072,0.3810000000000002
2011-07-02 11:45:00,66.30199999999999,82.8,871.75,39.75,11,45,47,5,1,7,183,0.06540312923014312,-0.9978589232386035,-0.00645086419810515,-0.9999791929590823,1,0.9953791129491982,66.30199999999999,81.212,78.428,86.0,104.404,61.762,,76.7885,7.113118092650378,66.30199999999999,81.212,87.85737499999999,12.073193352078276,95.62383333333334,82.8,78.48,80.51899999999999,876.5,864.5,-16.498000000000005,-3.7304999999999993
2011-07-02 12:00:00,66.664,85.942,867.0,40.0,12,0,48,5,1,7,183,1.2246467991473532e-16,-1.0,-0.00645086419810515,-0.9999791929590823,1,0.9994862162006879,66.30199999999999,66.30199999999999,81.212,75.248,93.054,72.434,,73.757,8.608292513616753,66.30199999999999,81.212,85.476,12.346492640962209,95.671125,82.8,80.398,81.59899999999999,871.75,886.0,-16.498000000000005,-7.841999999999999
2011-07-02 12:15:00,66.664,85.942,778.75,40.0,12,15,49,5,1,7,183,-0.06540312923014287,-0.9978589232386035,-0.00645086419810515,-0.9999791929590823,1,0.9994862162006879,66.664,66.30199999999999,81.212,75.248,93.054,72.434,,70.12,7.39663545133801,66.30199999999999,81.212,83.82662499999999,13.011473044330303,95.61102083333334,85.942,80.398,82.985,867.0,881.25,-19.27799999999999,-12.864999999999998
2011-07-02 12:30:00,68.512,82.818,690.5,40.0,12,30,50,5,1,7,183,-0.13052619222005177,-0.9914448613738104,-0.00645086419810515,-0.9999791929590823,1,0.9953791129491982,66.664,66.664,66.30199999999999,78.428,99.166,69.506,,66.483,0.2090007974233532,66.30199999999999,66.664,82.17725,13.429720034311993,95.55091666666665,85.942,82.8,84.371,778.75,876.5,-19.27799999999999,-17.887999999999998
2011-07-02 12:45:00,68.512,82.818,602.25,40.0,12,45,51,5,1,7,183,-0.19509032201612792,-0.9807852804032305,-0.00645086419810515,-0.9999791929590823,1,0.9871817834144502,68.512,66.664,66.30199999999999,78.428,99.166,69.506,,67.0355,0.9990160158827596,66.30199999999999,68.512,80.261375,13.024983433770696,95.54056250000001,82.818,82.8,84.37549999999999,690.5,871.75,-14.305999999999997,-17.339999999999996
2011-07-02 13:00:00,62.502,81.192,514.0,40.0,13,0,52,5,1,7,183,-0.2588190451025208,-0.9659258262890683,-0.00645086419810515,-0.9999791929590823,1,0.9749279121818236,68.512,68.512,66.664,81.212,104.398,66.674,,67.588,1.066943297457864,66.664,68.512,78.34549999999999,12.292780092395752,95.53020833333335,82.818,85.942,84.38,602.25,867.0,-14.305999999999997,-16.791999999999994
2011-07-02 13:15:00,62.502,81.192,441.0,40.0,13,15,53,5,1,7,183,-0.32143946530316153,-0.9469301294951057,-0.00645086419810515,-0.9999791929590823,1,0.9586678530366607,62.502,68.512,66.664,81.212,104.398,66.674,,66.5475,2.8342055324182502,62.502,68.512,75.727,10.737056381212444,95.48675000000001,81.192,85.942,83.1925,514.0,778.75,-18.68999999999999,-16.644999999999996
2011-07-02 13:30:00,65.928,71.3,368.0,40.0,13,30,54,5,1,7,183,-0.38268343236508967,-0.9238795325112868,-0.00645086419810515,-0.9999791929590823,1,0.9384684220497604,62.502,62.502,68.512,66.30199999999999,86.0,66.512,,65.507,3.4698751178282317,62.502,68.512,73.1085,8.051647467030275,95.44329166666665,81.192,82.818,82.005,441.0,690.5,-18.68999999999999,-16.497999999999994
2011-07-02 13:45:00,65.928,71.3,295.0,40.0,13,45,55,5,1,7,183,-0.44228869021900147,-0.8968727415326883,-0.00645086419810515,-0.9999791929590823,1,0.9144126230158125,65.928,62.502,68.512,66.30199999999999,86.0,66.512,,64.861,2.921075829209181,62.502,68.512,71.854,7.450386513463702,95.43720833333333,71.3,82.818,79.1255,368.0,602.25,-5.372,-14.264499999999995
2011-07-02 14:00:00,68.036,55.864,222.0,40.0,14,0,56,5,1,7,183,-0.4999999999999997,-0.8660254037844388,-0.00645086419810515,-0.9999791929590823,1,0.8865993063730001,65.928,65.928,62.502,66.664,75.248,71.48,,64.215,1.9780020222411454,62.502,65.928,70.5995,6.544472089736135,95.431125,71.3,81.192,76.246,295.0,514.0,-5.372,-12.030999999999995
2011-07-02 14:15:00,68.036,55.864,320.75,39.75,14,15,57,5,1,7,183,-0.555570233019602,-0.8314696123025455,-0.00645086419810515,-0.9999791929590823,1,0.8551427630053462,68.036,65.928,62.502,66.664,75.248,71.48,,65.5985,2.2910593619524904,62.502,68.036,70.14875,6.4506531710622355,95.39524999999999,55.864,81.192,69.91399999999999,222.0,441.0,12.172000000000004,-4.315499999999997
2011-07-02 14:30:00,61.87,42.536,419.5,39.5,14,30,58,5,1,7,183,-0.6087614290087207,-0.7933533402912352,-0.00645086419810515,-0.9999791929590823,1,0.820172254596956,68.036,68.036,65.928,68.512,78.428,73.602,,66.982,1.2170543674477314,65.928,68.036,69.698,6.321257512025222,95.359375,55.864,71.3,63.581999999999994,320.75,368.0,12.172000000000004,3.400000000000002
2011-07-02 14:45:00,61.87,42.536,518.25,39.25,14,45,59,5,1,7,183,-0.6593458151000688,-0.7518398074789774,-0.00645086419810515,-0.9999791929590823,1,0.7818314824680299,61.87,68.036,65.928,68.512,78.428,73.602,,65.9675,2.9067995573580347,61.87,68.036,68.663125,6.14981664631844,95.23716666666667,42.536,71.3,56.39099999999999,419.5,295.0,19.333999999999996,9.576500000000001
2011-07-02 15:00:00,59.238,29.866,617.0,39.0,15,0,60,5,1,7,183,-0.7071067811865471,-0.7071067811865479,-0.00645086419810515,-0.9999791929590823,1,0.7402779970753155,61.87,61.87,68.036,62.502,81.212,64.634,,64.953,3.5599417598218475,61.87,68.036,67.62825,5.77905398832734,95.11495833333333,42.536,55.864,49.2,518.25,222.0,19.333999999999996,15.753
2011-07-02 15:15:00,59.238,29.866,571.25,39.0,15,15,61,5,1,7,183,-0.7518398074789773,-0.6593458151000691,-0.00645086419810515,-0.9999791929590823,1,0.6956825506034865,59.238,61.87,68.036,62.502,81.212,64.634,,62.753499999999995,3.733840337595684,59.238,68.036,66.254875,4.8762107129069925,95.05875000000002,29.866,55.864,42.7005,617.0,320.75,29.372,20.052999999999997
2011-07-02 15:30:00,64.116,17.392,525.5,39.0,15,30,62,5,1,7,183,-0.7933533402912349,-0.6087614290087209,-0.00645086419810515,-0.9999791929590823,1,0.6482283953077884,59.238,59.238,61.87,65.928,66.30199999999999,78.472,,60.554,1.519585908503746,59.238,61.87,64.8815,3.183330205932518,95.00254166666667,29.866,42.536,36.201,571.25,419.5,29.372,24.353
2011-07-02 15:45:00,64.116,17.392,479.75,39.0,15,45,63,5,1,7,183,-0.8314696123025452,-0.5555702330196022,-0.00645086419810515,-0.9999791929590823,1,0.5981105304912161,64.116,59.238,61.87,65.928,66.30199999999999,78.472,,61.1155,2.353882112593974,59.238,64.116,64.744875,3.165157981839513,94.853,17.392,42.536,29.915,525.5,518.25,46.724000000000004,31.200499999999998
2011-07-02 16:00:00,75.44,6.524,434.0,39.0,16,0,64,5,1,7,183,-0.8660254037844385,-0.5000000000000004,-0.00645086419810515,-0.9999791929590823,1,0.5455349012105487,64.116,64.116,59.238,68.036,66.664,88.144,,61.677,2.8163146131052037,59.238,64.116,64.60825,3.1405472877619687,94.70345833333333,17.392,29.866,23.628999999999998,479.75,617.0,46.724000000000004,38.048
2011-07-02 16:15:00,75.44,6.524,382.25,38.75,16,15,65,5,1,7,183,-0.8968727415326883,-0.44228869021900136,-0.00645086419810515,-0.9999791929590823,1,0.49071755200393774,75.44,64.116,59.238,68.036,66.664,88.144,,65.72749999999999,6.871199094771614,59.238,75.44,65.15675,4.133058778516104,94.571125,6.524,29.866,17.793499999999998,434.0,571.25,68.916,47.934000000000005
2011-07-02 16:30:00,107.322,0.638,330.5,38.5,16,30,66,5,1,7,183,-0.9238795325112868,-0.3826834323650895,-0.00645086419810515,-0.9999791929590823,1,0.43388373911755823,75.44,75.44,64.116,61.87,68.512,114.0,,69.77799999999999,6.5379144483026055,64.116,75.44,65.70525,4.864102623643509,94.43879166666669,6.524,17.392,11.958,382.25,525.5,68.916,57.82
2011-07-02 16:45:00,107.322,0.638,278.75,38.25,16,45,67,5,1,7,183,-0.9469301294951056,-0.3214394653031618,-0.00645086419810515,-0.9999791929590823,1,0.3752670048793745,107.322,75.44,64.116,61.87,68.512,114.0,,80.5795,18.610365024182762,64.116,107.322,68.130875,11.503129845829015,94.36922916666668,0.638,17.392,7.7695,330.5,479.75,106.684,72.81
2011-07-02 17:00:00,125.516,0.002,227.0,38.0,17,0,68,5,1,7,183,-0.9659258262890683,-0.25881904510252063,-0.00645086419810515,-0.9999791929590823,1,0.3151082180236209,107.322,107.322,75.44,59.238,62.502,134.556,,91.381,18.407081282303448,75.44,107.322,70.5565,15.113990119532813,94.29966666666667,0.638,6.524,3.581,278.75,434.0,106.684,87.8
2011-07-02 17:15:00,125.516,0.002,182.0,37.5,17,15,69,5,1,7,183,-0.9807852804032303,-0.19509032201612866,-0.00645086419810515,-0.9999791929590823,1,0.25365458390950735,125.516,107.322,75.44,59.238,62.502,134.556,,103.89999999999999,20.82180927137041,75.44,125.516,74.49487500000001,20.22208259593133,94.20550000000001,0.002,6.524,1.9505,227.0,382.25,125.51400000000001,101.9495
2011-07-02 17:30:00,132.62,0.016,137.0,37.0,17,30,70,5,1,7,183,-0.9914448613738104,-0.13052619222005163,-0.00645086419810515,-0.9999791929590823,1,0.1911586287013721,125.516,125.516,107.322,64.116,65.928,155.886,,116.419,10.504310797635771,107.322,125.516,78.43325,23.586921165482124,94.11133333333333,0.002,0.638,0.32,182.0,330.5,125.51400000000001,116.099
2011-07-02 17:45:00,132.62,0.016,92.0,36.5,17,45,71,5,1,7,183,-0.9978589232386035,-0.06540312923014273,-0.00645086419810515,-0.9999791929590823,1,0.12787716168450605,132.62,125.516,107.322,64.116,65.928,155.886,,122.74350000000001,10.812668911975178,107.322,132.62,82.6015,26.891109336234813,93.86897916666665,0.016,0.638,0.1645,137.0,278.75,132.604,122.57900000000001
2011-07-02 18:00:00,131.72,0.012,47.0,36.0,18,0,72,5,1,7,183,-1.0,-1.8369701987210297e-16,-0.00645086419810515,-0.9999791929590823,1,0.06407021998071323,132.62,132.62,125.516,75.44,68.036,158.412,,129.068,4.101496312322472,125.516,132.62,86.76975,29.203689528322755,93.626625,0.016,0.002,0.009000000000000001,92.0,227.0,132.604,129.05900000000003
2011-07-02 18:15:00,131.72,0.012,35.25,35.5,18,15,73,5,1,7,183,-0.9978589232386036,0.06540312923014237,-0.00645086419810515,-0.9999791929590823,1,1.2246467991473532e-16,131.72,132.62,125.516,75.44,68.036,158.412,,130.619,3.4283529573243947,125.516,132.62,90.75,30.777616949118524,93.34858333333334,0.012,0.002,0.0115,47.0,182.0,131.708,130.60750000000002
2011-07-02 18:30:00,132.896,0.014,23.5,35.0,18,30,74,5,1,7,183,-0.9914448613738105,0.13052619222005127,-0.00645086419810515,-0.9999791929590823,0,0.0,131.72,131.72,132.62,107.322,61.87,159.026,,132.17000000000002,0.5196152422659053,131.72,132.62,94.73025,31.746981419761273,93.07054166666667,0.012,0.016,0.013999999999999999,35.25,137.0,131.708,132.156
2011-07-02 18:45:00,132.896,0.014,11.75,34.5,18,45,75,5,1,7,183,-0.9807852804032304,0.1950903220161283,-0.00645086419810515,-0.9999791929590823,0,0.0,132.896,131.72,132.62,107.322,61.87,159.026,,132.239,0.6097901278268196,131.72,132.896,99.169375,31.811525783118302,92.79835416666667,0.014,0.016,0.0135,23.5,92.0,132.88199999999998,132.22549999999998
2011-07-02 19:00:00,137.028,0.026,0.0,34.0,19,0,76,5,1,7,183,-0.9659258262890684,0.2588190451025203,-0.00645086419810515,-0.9999791929590823,0,0.0,132.896,132.896,131.72,125.516,59.238,151.148,,132.308,0.678963916563354,131.72,132.896,103.60849999999999,31.209556395437602,92.52616666666667,0.014,0.012,0.013000000000000001,11.75,47.0,132.88199999999998,132.295
2011-07-02 19:15:00,137.028,0.026,0.0,34.0,19,15,77,5,1,7,183,-0.9469301294951057,0.3214394653031615,-0.00645086419810515,-0.9999791929590823,0,0.0,137.028,132.896,131.72,125.516,59.238,151.148,,133.635,2.3289422491756087,131.72,137.028,108.47037499999999,29.86688535234298,92.37908333333333,0.026,0.012,0.0165,0.0,35.25,137.00199999999998,133.61849999999998
2011-07-02 19:30:00,133.68,0.014,0.0,34.0,19,30,78,5,1,7,183,-0.923879532511287,0.38268343236508917,-0.00645086419810515,-0.9999791929590823,0,0.0,137.028,137.028,132.896,132.62,64.116,144.698,,134.962,2.3856113122905405,132.896,137.028,113.33225,27.560803750979385,92.23200000000001,0.026,0.014,0.02,0.0,23.5,137.00199999999998,134.94199999999998
2011-07-02 19:45:00,133.68,0.014,0.0,34.0,19,45,79,5,1,7,183,-0.8968727415326884,0.442288690219001,-0.00645086419810515,-0.9999791929590823,0,0.0,133.68,137.028,132.896,132.62,64.116,144.698,,135.15800000000002,2.182882497981798,132.896,137.028,117.68,24.608011345901133,92.11722916666668,0.014,0.014,0.02,0.0,11.75,133.666,135.13799999999998
2011-07-02 20:00:00,120.892,0.036,0.0,34.0,20,0,80,5,1,7,183,-0.8660254037844386,0.5000000000000001,-0.00645086419810515,-0.9999791929590823,0,0.0,133.68,133.68,137.028,131.72,75.44,150.44,,135.35399999999998,1.9329687012456356,133.68,137.028,122.02775000000001,20.27767961577454,92.00245833333332,0.014,0.026,0.02,0.0,0.0,133.666,135.334
2011-07-02 20:15:00,120.892,0.036,0.0,33.75,20,15,81,5,1,7,183,-0.8314696123025455,0.5555702330196018,-0.00645086419810515,-0.9999791929590823,0,0.0,120.892,133.68,137.028,131.72,75.44,150.44,,131.32,7.128900055407896,120.892,137.028,124.8685,16.061378247211476,91.69466666666666,0.036,0.026,0.0225,0.0,0.0,120.856,131.2975
2011-07-02 20:30:00,102.5,0.026,0.0,33.5,20,30,82,5,1,7,183,-0.7933533402912357,0.6087614290087199,-0.00645086419810515,-0.9999791929590823,0,0.0,120.892,120.892,133.68,132.896,107.322,135.052,,127.286,7.383155242396537,120.892,133.68,127.70925,9.356054150477345,91.38687500000002,0.036,0.014,0.025,0.0,0.0,120.856,127.261
2011-07-02 20:45:00,102.5,0.026,0.0,33.25,20,45,83,5,1,7,183,-0.7518398074789772,0.6593458151000691,-0.00645086419810515,-0.9999791929590823,0,0.0,102.5,120.892,133.68,132.896,107.322,135.052,,119.491,12.831567895883166,102.5,133.68,127.40787499999999,10.104287313643866,91.04779166666668,0.026,0.014,0.028,0.0,0.0,102.474,119.463
2011-07-02 21:00:00,108.4,0.014,0.0,33.0,21,0,84,5,1,7,183,-0.7071067811865477,0.7071067811865474,-0.00645086419810515,-0.9999791929590823,0,0.0,102.5,102.5,120.892,137.028,125.516,120.128,,111.696,10.618626150935201,102.5,120.892,127.1065,10.791836309606028,90.70870833333333,0.026,0.036,0.031,0.0,0.0,102.474,111.66499999999999
2011-07-02 21:15:00,108.4,0.014,0.0,32.75,21,15,85,5,1,7,183,-0.6593458151000687,0.7518398074789775,-0.00645086419810515,-0.9999791929590823,0,0.0,108.4,102.5,120.892,137.028,125.516,120.128,,108.57300000000001,8.670839021301482,102.5,120.892,126.03675,11.764493401757587,90.58654166666668,0.014,0.036,0.0255,0.0,0.0,108.38600000000001,108.5475
2011-07-02 21:30:00,111.228,0.012,0.0,32.5,21,30,86,5,1,7,183,-0.608761429008721,0.7933533402912349,-0.00645086419810515,-0.9999791929590823,0,0.0,108.4,108.4,102.5,133.68,132.62,123.712,,105.45,3.4063665882174203,102.5,108.4,124.967,12.565889022800224,90.464375,0.014,0.026,0.02,0.0,0.0,108.38600000000001,105.43
2011-07-02 21:45:00,111.228,0.012,0.0,32.25,21,45,87,5,1,7,183,-0.555570233019603,0.8314696123025447,-0.00645086419810515,-0.9999791929590823,0,0.0,111.228,108.4,102.5,133.68,132.62,123.712,,107.632,3.671888160968105,102.5,111.228,123.63,12.832547452993554,90.33433333333335,0.012,0.026,0.0165,0.0,0.0,111.216,107.61550000000001
2011-07-02 22:00:00,105.782,0.002,0.0,32.0,22,0,88,5,1,7,183,-0.5000000000000004,0.8660254037844384,-0.00645086419810515,-0.9999791929590823,0,0.0,111.228,111.228,108.4,120.892,131.72,117.602,,109.814,1.6327465612656673,108.4,111.228,122.293,12.947335664143342,90.20429166666668,0.012,0.014,0.013000000000000001,0.0,0.0,111.216,109.80100000000002
2011-07-02 22:15:00,105.782,0.002,0.0,31.75,22,15,89,5,1,7,183,-0.4422886902190014,0.8968727415326883,-0.00645086419810515,-0.9999791929590823,0,0.0,105.782,111.228,108.4,120.892,131.72,117.602,,109.15950000000001,2.616723842261173,105.782,111.228,120.671875,13.307137342418848,90.08116666666666,0.002,0.014,0.01,0.0,0.0,105.78,109.1495
2011-07-02 22:30:00,96.922,0.0,0.0,31.5,22,30,90,5,1,7,183,-0.38268343236508956,0.9238795325112868,-0.00645086419810515,-0.9999791929590823,0,0.0,105.782,105.782,111.228,102.5,132.896,113.352,,108.505,3.1442495660053167,105.782,111.228,119.05075,13.450643441858025,89.95804166666666,0.002,0.012,0.007,0.0,0.0,105.78,108.49799999999999
2011-07-02 22:45:00,96.922,0.0,0.0,31.25,22,45,91,5,1,7,183,-0.32143946530316186,0.9469301294951056,-0.00645086419810515,-0.9999791929590823,0,0.0,96.922,105.782,111.228,102.5,132.896,113.352,,104.92849999999999,5.922968484354556,96.922,111.228,116.802375,13.978327801159375,89.78689583333335,0.0,0.012,0.004,0.0,0.0,96.922,104.9245
2011-07-02 23:00:00,109.592,0.012,0.0,31.0,23,0,92,5,1,7,183,-0.25881904510252157,0.9659258262890681,-0.00645086419810515,-0.9999791929590823,0,0.0,96.922,96.922,105.782,108.4,137.028,117.982,,101.352,5.115323385019109,96.922,105.782,114.554,14.109680421611204,89.61574999999999,0.0,0.002,0.001,0.0,0.0,96.922,101.351
2011-07-02 23:15:00,109.592,0.012,0.0,30.75,23,15,93,5,1,7,183,-0.19509032201612872,0.9807852804032303,-0.00645086419810515,-0.9999791929590823,0,0.0,109.592,96.922,105.782,108.4,137.028,117.982,,102.30449999999999,6.4068524513464125,96.922,109.592,112.83925,12.80297129836138,89.52835416666666,0.012,0.002,0.0035,0.0,0.0,109.58,102.301
2011-07-02 23:30:00,125.184,0.014,0.0,30.5,23,30,94,5,1,7,183,-0.13052619222005168,0.9914448613738104,-0.00645086419810515,-0.9999791929590823,0,0.0,109.592,109.592,96.922,111.228,133.68,139.614,,103.257,7.3150279106319,96.922,109.592,111.1245,11.06690030677058,89.44095833333334,0.012,0.0,0.006,0.0,0.0,109.58,103.25099999999999
2011-07-02 23:45:00,125.184,0.014,0.0,30.25,23,45,95,5,1,7,183,-0.0654031292301428,0.9978589232386035,-0.00645086419810515,-0.9999791929590823,0,0.0,125.184,109.592,96.922,111.228,133.68,139.614,,110.32249999999999,11.56870553115854,96.922,125.184,110.59349999999999,10.071583192328736,89.29064583333333,0.014,0.0,0.0095,0.0,0.0,125.17,110.313
2011-07-03 00:00:00,130.904,0.028,0.0,30.0,0,0,0,6,1,7,184,0.0,1.0,-0.023651127245231586,-0.9997202729664083,0,0.0,125.184,125.184,109.592,105.782,120.892,151.068,149.358,117.388,9.00204539720424,109.592,125.184,110.0625,8.93284819080671,89.14033333333333,0.014,0.012,0.013000000000000001,0.0,0.0,125.17,117.375
2011-07-03 00:15:00,130.904,0.028,0.0,30.0,0,15,1,6,1,7,184,0.06540312923014306,0.9978589232386035,-0.023651127245231586,-0.9997202729664083,0,0.0,130.904,125.184,109.592,105.782,120.892,151.068,149.358,122.71600000000001,9.155413116475245,109.592,130.904,110.68825000000001,10.025838934140724,88.93029166666666,0.028,0.012,0.017,0.0,0.0,130.876,122.699
2011-07-03 00:30:00,100.974,0.012,0.0,30.0,0,30,2,6,1,7,184,0.13052619222005157,0.9914448613738104,-0.023651127245231586,-0.9997202729664083,0,0.0,130.904,130.904,125.184,96.922,102.5,127.146,130.628,128.044,3.3024435397638294,125.184,130.904,111.314,10.972865684648289,88.72025000000001,0.028,0.014,0.021,0.0,0.0,130.876,128.023
2011-07-03 00:45:00,100.974,0.012,0.0,30.0,0,45,3,6,1,7,184,0.19509032201612825,0.9807852804032304,-0.023651127245231586,-0.9997202729664083,0,0.0,100.974,130.904,125.184,96.922,102.5,127.146,130.628,121.9915,14.268761625779817,100.974,130.904,111.218625,11.060862479180003,88.447625,0.012,0.014,0.0205,0.0,0.0,100.962,121.971
2011-07-03 01:00:00,95.73,0.012,0.0,30.0,1,0,4,6,1,7,184,0.25881904510252074,0.9659258262890683,-0.023651127245231586,-0.9997202729664083,0,0.0,100.974,100.974,130.904,109.592,108.4,104.074,109.648,115.93900000000001,17.280093556845273,100.974,130.904,111.12325,11.147294317456529,88.17500000000001,0.012,0.028,0.02,0.0,0.0,100.962,115.91900000000001
2011-07-03 01:15:00,95.73,0.012,0.0,30.0,1,15,5,6,1,7,184,0.3214394653031616,0.9469301294951057,-0.023651127245231586,-0.9997202729664083,0,0.0,95.73,100.974,130.904,109.592,108.4,104.074,109.648,107.1455,16.03074948341439,95.73,130.904,110.331375,11.785402150541945,88.08808333333333,0.012,0.028,0.016,0.0,0.0,95.718,107.12950000000001
2011-07-03 01:30:00,79.578,0.024,0.0,30.0,1,30,6,6,1,7,184,0.3826834323650898,0.9238795325112867,-0.023651127245231586,-0.9997202729664083,0,0.0,95.73,95.73,100.974,125.184,111.228,73.132,97.046,98.352,3.0276248116286557,95.73,100.974,109.5395,12.336591760557914,88.00116666666666,0.012,0.012,0.012,0.0,0.0,95.718,98.34
2011-07-03 01:45:00,79.578,0.024,0.0,30.0,1,45,7,6,1,7,184,0.44228869021900125,0.8968727415326884,-0.023651127245231586,-0.9997202729664083,0,0.0,79.578,95.73,100.974,125.184,111.228,73.132,97.046,93.003,9.285122939411659,79.578,100.974,107.561375,14.410887638055662,88.0683125,0.024,0.012,0.015,0.0,0.0,79.554,92.988
2011-07-03 02:00:00,64.22,0.012,0.0,30.0,2,0,8,6,1,7,184,0.49999999999999994,0.8660254037844387,-0.023651127245231586,-0.9997202729664083,0,0.0,79.578,79.578,95.73,130.904,105.782,74.49,81.422,87.654,9.325361547950175,79.578,95.73,105.58324999999999,15.962712215242924,88.13545833333335,0.024,0.012,0.018000000000000002,0.0,0.0,79.554,87.636
2011-07-03 02:15:00,64.22,0.012,0.0,29.75,2,15,9,6,1,7,184,0.5555702330196022,0.8314696123025452,-0.023651127245231586,-0.9997202729664083,0,0.0,64.22,79.578,95.73,130.904,105.782,74.49,81.422,79.7765,12.865945476333499,64.22,95.73,102.985625,19.017604436854445,88.02847916666667,0.012,0.012,0.018000000000000002,0.0,0.0,64.208,79.7585
2011-07-03 02:30:00,59.148,0.036,0.0,29.5,2,30,10,6,1,7,184,0.6087614290087207,0.7933533402912352,-0.023651127245231586,-0.9997202729664083,0,0.0,64.22,64.22,79.578,100.974,96.922,53.052,52.98,71.899,8.866945434213434,64.22,79.578,100.388,21.31045229615425,87.9215,0.012,0.024,0.018000000000000002,0.0,0.0,64.208,71.881
2011-07-03 02:45:00,59.148,0.036,0.0,29.25,2,45,11,6,1,7,184,0.6593458151000688,0.7518398074789774,-0.023651127245231586,-0.9997202729664083,0,0.0,59.148,64.22,79.578,100.974,96.922,53.052,52.98,66.7915,8.85330256646172,59.148,79.578,98.027125,23.68061852760606,87.985,0.036,0.024,0.020999999999999998,0.0,0.0,59.112,66.7705
2011-07-03 03:00:00,55.556,0.018,0.0,29.0,3,0,12,6,1,7,184,0.7071067811865476,0.7071067811865476,-0.023651127245231586,-0.9997202729664083,0,0.0,59.148,59.148,64.22,95.73,109.592,54.01,60.274,61.684,2.928320565326967,59.148,64.22,95.66625,25.603073741252228,88.04849999999999,0.036,0.012,0.024,0.0,0.0,59.112,61.66
2011-07-03 03:15:00,55.556,0.018,0.0,29.0,3,15,13,6,1,7,184,0.7518398074789774,0.6593458151000688,-0.023651127245231586,-0.9997202729664083,0,0.0,55.556,59.148,64.22,95.73,109.592,54.01,60.274,59.518,3.562772703010469,55.556,64.22,92.289,27.16023237013998,88.06460416666665,0.018,0.012,0.025499999999999995,0.0,0.0,55.538,59.4925
2011-07-03 03:30:00,49.302,0.008,0.0,29.0,3,30,14,6,1,7,184,0.7933533402912352,0.6087614290087207,-0.023651127245231586,-0.9997202729664083,0,0.0,55.556,55.556,59.148,79.578,125.184,49.514,59.66,57.352000000000004,2.0738421669250076,55.556,59.148,88.91175,28.204727422898447,88.08070833333333,0.018,0.036,0.026999999999999996,0.0,0.0,55.538,57.325
2011-07-03 03:45:00,49.302,0.008,0.0,29.0,3,45,15,6,1,7,184,0.8314696123025451,0.5555702330196024,-0.023651127245231586,-0.9997202729664083,0,0.0,49.302,55.556,59.148,79.578,125.184,49.514,59.66,54.8905,4.092408378121109,49.302,59.148,84.16912500000001,28.078433051899456,88.0785,0.008,0.036,0.019999999999999997,0.0,0.0,49.294,54.8705
2011-07-03 04:00:00,52.098,0.006,0.0,29.0,4,0,16,6,1,7,184,0.8660254037844386,0.5000000000000001,-0.023651127245231586,-0.9997202729664083,0,0.0,49.302,49.302,55.556,64.22,130.904,47.324,63.544,52.428999999999995,3.6107485835094484,49.302,55.556,79.42649999999999,27.079626540999413,88.07629166666668,0.008,0.018,0.013,0.0,0.0,49.294,52.416
2011-07-03 04:15:00,52.098,0.006,0.0,29.0,4,15,17,6,1,7,184,0.8968727415326884,0.44228869021900125,-0.023651127245231586,-0.9997202729664083,0,0.0,52.098,49.302,55.556,64.22,130.904,47.324,63.544,51.564499999999995,2.9695402000952993,49.302,55.556,74.501125,24.09475379655635,88.12602083333333,0.006,0.018,0.01,0.0,0.0,52.092,51.5545
2011-07-03 04:30:00,60.094,0.026,0.0,29.0,4,30,18,6,1,7,184,0.9238795325112867,0.38268343236508984,-0.023651127245231586,-0.9997202729664083,0,0.0,52.098,52.098,49.302,59.148,100.974,57.134,70.082,50.7,1.6142713526485923,49.302,52.098,69.57575000000001,19.392135875142788,88.17575,0.006,0.008,0.007,0.0,0.0,52.092,50.693
2011-07-03 04:45:00,60.094,0.026,0.0,29.0,4,45,19,6,1,7,184,0.9469301294951056,0.3214394653031617,-0.023651127245231586,-0.9997202729664083,0,0.0,60.094,52.098,49.302,59.148,100.974,57.134,70.082,53.397999999999996,4.6545186646937315,49.302,60.094,67.02074999999999,17.588687817268614,88.20658333333334,0.026,0.008,0.0115,0.0,0.0,60.068,53.3865
2011-07-03 05:00:00,67.294,0.016,0.0,29.0,5,0,20,6,1,7,184,0.9659258262890683,0.25881904510252074,-0.023651127245231586,-0.9997202729664083,0,0.0,60.094,60.094,52.098,55.556,95.73,51.438,62.612,56.096000000000004,4.616492752438374,52.098,60.094,64.46575,15.12423522474222,88.23741666666666,0.026,0.006,0.016,0.0,0.0,60.068,56.08
2011-07-03 05:15:00,67.294,0.016,16.25,29.5,5,15,21,6,1,7,184,0.9807852804032304,0.19509032201612833,-0.023651127245231586,-0.9997202729664083,0,0.0,67.294,60.094,52.098,55.556,95.73,51.438,62.612,59.894999999999996,6.207995167522542,52.098,67.294,62.688500000000005,12.678446687193194,88.40258333333333,0.016,0.006,0.0185,0.0,0.0,67.27799999999999,59.87649999999999
2011-07-03 05:30:00,59.556,0.016,32.5,30.0,5,30,22,6,1,7,184,0.9914448613738104,0.1305261922200517,-0.023651127245231586,-0.9997202729664083,0,0.0,67.294,67.294,60.094,49.302,79.578,53.512,58.89,63.694,4.156921938163352,60.094,67.294,60.91125,9.273895919910546,88.56774999999999,0.016,0.026,0.020999999999999998,16.25,0.0,67.27799999999999,63.673
2011-07-03 05:45:00,59.556,0.016,48.75,30.5,5,45,23,6,1,7,184,0.9978589232386035,0.06540312923014327,-0.023651127245231586,-0.9997202729664083,0,0.0,59.556,67.294,60.094,49.302,79.578,53.512,58.89,63.5595,4.317819009637128,59.556,67.294,59.659875,7.824795203922814,88.63070833333335,0.016,0.026,0.0185,32.5,0.0,59.54,63.541
2011-07-03 06:00:00,63.372,0.028,65.0,31.0,6,0,24,6,1,7,184,1.0,6.123233995736766e-17,-0.023651127245231586,-0.9997202729664083,1,0.0,59.556,59.556,67.294,52.098,64.22,61.094,64.254,63.425,4.467536382987504,59.556,67.294,58.408500000000004,5.7540441198633046,88.69366666666667,0.016,0.016,0.016,48.75,0.0,59.54,63.409
2011-07-03 06:15:00,63.372,0.028,109.5,31.75,6,15,25,6,1,7,184,0.9978589232386035,-0.06540312923014314,-0.023651127245231586,-0.9997202729664083,1,0.06407021998071291,63.372,59.556,67.294,52.098,64.22,61.094,64.254,62.4445,3.699764451959555,59.556,67.294,58.3555,5.700603546993962,88.71739583333333,0.028,0.016,0.019000000000000003,65.0,16.25,63.344,62.4255
2011-07-03 06:30:00,77.096,0.028,154.0,32.5,6,30,26,6,1,7,184,0.9914448613738104,-0.1305261922200516,-0.023651127245231586,-0.9997202729664083,1,0.127877161684506,63.372,63.372,59.556,60.094,59.148,76.486,85.642,61.464,2.2031686272238558,59.556,63.372,58.3025,5.646126577870308,88.741125,0.028,0.016,0.022000000000000002,109.5,32.5,63.344,61.44199999999999
2011-07-03 06:45:00,77.096,0.028,198.5,33.25,6,45,27,6,1,7,184,0.9807852804032304,-0.1950903220161282,-0.023651127245231586,-0.9997202729664083,1,0.1911586287013723,77.096,63.372,59.556,60.094,59.148,76.486,85.642,65.849,7.710769870770631,59.556,77.096,59.42425,7.350867445410789,88.74747916666666,0.028,0.016,0.025,154.0,48.75,77.068,65.824
2011-07-03 07:00:00,72.30799999999999,0.928,243.0,34.0,7,0,28,6,1,7,184,0.9659258262890683,-0.25881904510252063,-0.023651127245231586,-0.9997202729664083,1,0.25365458390950735,77.096,77.096,63.372,67.294,55.556,83.462,121.232,70.23400000000001,7.923555094357459,63.372,77.096,60.546,8.573641964377417,88.75383333333333,0.028,0.028,0.028,198.5,65.0,77.068,70.206
2011-07-03 07:15:00,72.30799999999999,0.928,298.25,34.25,7,15,29,6,1,7,184,0.9469301294951057,-0.3214394653031616,-0.023651127245231586,-0.9997202729664083,1,0.31510821802362066,72.30799999999999,77.096,63.372,67.294,55.556,83.462,121.232,72.468,6.470434915829459,63.372,77.096,61.593,8.938736853344182,88.63764583333334,0.928,0.028,0.253,243.0,109.5,71.38,72.215
2011-07-03 07:30:00,76.54,7.907999999999999,353.5,34.5,7,30,30,6,1,7,184,0.9238795325112868,-0.3826834323650895,-0.023651127245231586,-0.9997202729664083,1,0.3752670048793741,72.30799999999999,72.30799999999999,77.096,59.556,49.302,104.404,115.94,74.702,2.7643530888772574,72.30799999999999,77.096,62.64,9.162757081432062,88.52145833333333,0.928,0.028,0.478,298.25,154.0,71.38,74.224
2011-07-03 07:45:00,76.54,7.907999999999999,408.75,34.75,7,45,31,6,1,7,184,0.8968727415326884,-0.44228869021900113,-0.023651127245231586,-0.9997202729664083,1,0.4338837391175581,76.54,72.30799999999999,77.096,59.556,49.302,104.404,115.94,74.56299999999999,2.613724545545153,72.30799999999999,77.096,64.342375,9.049052347253463,88.23120833333333,7.907999999999999,0.028,2.4479999999999995,353.5,198.5,68.632,72.115
2011-07-03 08:00:00,100.984,20.28,464.0,35.0,8,0,32,6,1,7,184,0.8660254037844387,-0.4999999999999998,-0.023651127245231586,-0.9997202729664083,1,0.49071755200393785,76.54,76.54,72.30799999999999,63.372,52.098,93.054,88.842,74.42399999999999,2.44334633920747,72.30799999999999,76.54,66.04475000000001,8.580909473942727,87.94095833333334,7.907999999999999,0.928,4.417999999999999,408.75,243.0,68.632,70.006
2011-07-03 08:15:00,100.984,20.28,506.75,35.25,8,15,33,6,1,7,184,0.8314696123025451,-0.5555702330196023,-0.023651127245231586,-0.9997202729664083,1,0.5455349012105487,100.984,76.54,72.30799999999999,63.372,52.098,93.054,88.842,81.59299999999999,13.080363450607408,72.30799999999999,100.984,69.10012499999999,11.493054145149292,88.02356250000001,20.28,0.928,9.256,464.0,298.25,80.704,72.337
2011-07-03 08:30:00,107.164,34.794,549.5,35.5,8,30,34,6,1,7,184,0.7933533402912352,-0.6087614290087207,-0.023651127245231586,-0.9997202729664083,1,0.598110530491216,100.984,100.984,76.54,77.096,60.094,99.166,91.862,88.762,14.112749980070753,76.54,100.984,72.1555,13.06266581266371,88.10616666666668,20.28,7.907999999999999,14.094000000000001,506.75,353.5,80.704,74.668
2011-07-03 08:45:00,107.164,34.794,592.25,35.75,8,45,35,6,1,7,184,0.7518398074789774,-0.6593458151000688,-0.023651127245231586,-0.9997202729664083,1,0.6482283953077883,107.164,100.984,76.54,77.096,60.094,99.166,91.862,96.418,13.568445157791228,76.54,107.164,75.097375,15.277739374113343,88.18947916666667,34.794,7.907999999999999,20.8155,549.5,408.75,72.37,75.6025
2011-07-03 09:00:00,98.06,50.346,635.0,36.0,9,0,36,6,1,7,184,0.7071067811865476,-0.7071067811865475,-0.023651127245231586,-0.9997202729664083,1,0.6956825506034864,107.164,107.164,100.984,72.30799999999999,67.294,104.398,81.326,104.074,3.5680246635904007,100.984,107.164,78.03925,16.66499910391036,88.27279166666666,34.794,20.28,27.537,592.25,464.0,72.37,76.537
2011-07-03 09:15:00,98.06,50.346,675.25,36.75,9,15,37,6,1,7,184,0.659345815100069,-0.7518398074789773,-0.023651127245231586,-0.9997202729664083,1,0.7402779970753155,98.06,107.164,100.984,72.30799999999999,67.294,104.398,81.326,103.343,4.570742171681671,98.06,107.164,79.962125,17.11148500812636,88.20677083333334,50.346,20.28,35.0535,635.0,506.75,47.714000000000006,68.2895
2011-07-03 09:30:00,94.154,57.806,715.5,37.5,9,30,38,6,1,7,184,0.6087614290087209,-0.793353340291235,-0.023651127245231586,-0.9997202729664083,1,0.7818314824680298,98.06,98.06,107.164,76.54,59.556,86.0,72.3,102.612,5.256196850701322,98.06,107.164,81.88499999999999,17.320385492245826,88.14074999999998,50.346,34.794,42.56999999999999,675.25,549.5,47.714000000000006,60.042
2011-07-03 09:45:00,94.154,57.806,755.75,38.25,9,45,39,6,1,7,184,0.5555702330196025,-0.831469612302545,-0.023651127245231586,-0.9997202729664083,1,0.8201722545969559,94.154,98.06,107.164,76.54,59.556,86.0,72.3,99.3595,5.519204381066959,94.154,107.164,84.04737499999999,16.486492600004393,88.22568749999999,57.806,34.794,48.323,715.5,592.25,36.348,51.036500000000004
2011-07-03 10:00:00,97.692,62.018,796.0,39.0,10,0,40,6,1,7,184,0.49999999999999994,-0.8660254037844387,-0.023651127245231586,-0.9997202729664083,1,0.8551427630053461,94.154,94.154,98.06,100.984,63.372,75.248,62.958,96.107,2.255130151452062,94.154,98.06,86.20975,15.285219751991338,88.310625,57.806,50.346,54.07599999999999,755.75,635.0,36.348,42.031
2011-07-03 10:15:00,97.692,62.018,817.25,39.25,10,15,41,6,1,7,184,0.4422886902190017,-0.8968727415326881,-0.023651127245231586,-0.9997202729664083,1,0.886599306373,97.692,94.154,98.06,100.984,63.372,75.248,62.958,96.015,2.154142985037944,94.154,98.06,88.35475,14.238988688339708,88.54441666666666,62.018,50.346,56.994,796.0,675.25,35.67399999999999,39.021
2011-07-03 10:30:00,87.06,69.332,838.5,39.5,10,30,42,6,1,7,184,0.3826834323650899,-0.9238795325112867,-0.023651127245231586,-0.9997202729664083,1,0.9144126230158125,97.692,97.692,94.154,107.164,77.096,78.428,62.97,95.923,2.0426652523899955,94.154,97.692,90.49974999999999,12.729655724593107,88.77820833333334,62.018,57.806,59.91199999999999,817.25,715.5,35.67399999999999,36.010999999999996
2011-07-03 10:45:00,87.06,69.332,859.75,39.75,10,45,43,6,1,7,184,0.32143946530316175,-0.9469301294951056,-0.023651127245231586,-0.9997202729664083,1,0.9384684220497604,87.06,97.692,94.154,107.164,77.096,78.428,62.97,94.1495,5.011973762898985,87.06,97.692,91.1225,12.265475416794875,88.868125,69.332,57.806,62.793499999999995,838.5,755.75,17.72800000000001,31.355999999999998
2011-07-03 11:00:00,87.748,76.794,881.0,40.0,11,0,44,6,1,7,184,0.258819045102521,-0.9659258262890682,-0.023651127245231586,-0.9997202729664083,1,0.9586678530366606,87.06,87.06,97.692,98.06,72.30799999999999,81.212,65.464,92.376,6.138388062023082,87.06,97.692,91.74525,11.74786343979191,88.95804166666666,69.332,62.018,65.675,859.75,796.0,17.72800000000001,26.701
2011-07-03 11:15:00,87.748,76.794,887.5,40.0,11,15,45,6,1,7,184,0.19509032201612816,-0.9807852804032304,-0.023651127245231586,-0.9997202729664083,1,0.9749279121818236,87.748,87.06,97.692,98.06,72.30799999999999,81.212,65.464,89.89,5.211435119042266,87.06,97.692,92.71025,10.62530360664262,89.026125,76.794,62.018,69.369,881.0,817.25,10.954000000000008,20.521000000000004
2011-07-03 11:30:00,76.744,77.04,894.0,40.0,11,30,46,6,1,7,184,0.130526192220052,-0.9914448613738104,-0.023651127245231586,-0.9997202729664083,1,0.9871817834144501,87.748,87.748,87.06,94.154,76.54,66.30199999999999,61.762,87.404,0.3972169851856728,87.06,87.748,93.67524999999999,9.26257225252967,89.09420833333333,76.794,69.332,73.063,887.5,838.5,10.954000000000008,14.341000000000008
2011-07-03 11:45:00,76.744,77.04,900.5,40.0,11,45,47,6,1,7,184,0.06540312923014312,-0.9978589232386035,-0.023651127245231586,-0.9997202729664083,1,0.9953791129491982,76.744,87.748,87.06,94.154,76.54,66.30199999999999,61.762,84.825,5.397086992071397,76.744,87.748,93.688,9.23751952275786,89.20297916666668,77.04,69.332,74.99000000000001,894.0,859.75,-0.2960000000000065,9.835000000000004
2011-07-03 12:00:00,68.62,84.964,907.0,40.0,12,0,48,6,1,7,184,1.2246467991473532e-16,-1.0,-0.023651127245231586,-0.9997202729664083,1,0.9994862162006879,76.744,76.744,87.748,97.692,100.984,66.664,72.434,82.246,6.353162362161535,76.744,87.748,93.70075,9.21237984091693,89.31175,77.04,76.794,76.917,900.5,881.0,-0.2960000000000065,5.329000000000001
2011-07-03 12:15:00,68.62,84.964,898.0,39.75,12,15,49,6,1,7,184,-0.06540312923014287,-0.9978589232386035,-0.023651127245231586,-0.9997202729664083,1,0.9994862162006879,68.62,76.744,87.748,97.692,100.984,66.664,72.434,77.464,7.853105373034623,68.62,87.748,91.67800000000001,10.904290115974213,89.332125,84.964,76.794,78.9595,907.0,887.5,-16.343999999999994,-1.4954999999999998
2011-07-03 12:30:00,71.406,87.008,889.0,39.5,12,30,50,6,1,7,184,-0.13052619222005177,-0.9914448613738104,-0.023651127245231586,-0.9997202729664083,1,0.9953791129491982,68.62,68.62,76.744,87.06,107.164,68.512,69.506,72.682,4.690393586894887,68.62,76.744,89.65525,12.008770658703298,89.3525,84.964,77.04,81.00200000000001,898.0,894.0,-16.343999999999994,-8.32
2011-07-03 12:45:00,71.406,87.008,880.0,39.25,12,45,51,6,1,7,184,-0.19509032201612792,-0.9807852804032305,-0.023651127245231586,-0.9997202729664083,1,0.9871817834144502,71.406,68.62,76.744,87.06,107.164,68.512,69.506,71.3475,3.8298889017809037,68.62,76.744,87.42037499999999,11.859518623592342,89.38264583333334,87.008,77.04,83.494,889.0,900.5,-15.60199999999999,-12.146499999999996
2011-07-03 13:00:00,66.104,82.14,871.0,39.0,13,0,52,6,1,7,184,-0.2588190451025208,-0.9659258262890683,-0.023651127245231586,-0.9997202729664083,1,0.9749279121818236,71.406,71.406,68.62,87.748,98.06,62.502,66.674,70.013,1.6084978499574558,68.62,71.406,85.1855,11.244131945152576,89.41279166666665,87.008,84.964,85.98599999999999,880.0,907.0,-15.60199999999999,-15.972999999999992
2011-07-03 13:15:00,66.104,82.14,847.25,39.0,13,15,53,6,1,7,184,-0.32143946530316153,-0.9469301294951057,-0.023651127245231586,-0.9997202729664083,1,0.9586678530366607,66.104,71.406,68.62,87.748,98.06,62.502,66.674,69.38400000000001,2.550755705011953,66.104,71.406,83.18825000000001,11.63610564579065,89.4503125,82.14,84.964,85.28,871.0,898.0,-16.036,-15.895999999999994
2011-07-03 13:30:00,65.976,73.054,823.5,39.0,13,30,54,6,1,7,184,-0.38268343236508967,-0.9238795325112868,-0.023651127245231586,-0.9997202729664083,1,0.9384684220497604,66.104,66.104,71.406,76.744,94.154,65.928,66.512,68.75500000000001,3.061111127240829,66.104,71.406,81.191,11.655793546558781,89.48783333333334,82.14,87.008,84.574,847.25,889.0,-16.036,-15.818999999999996
2011-07-03 13:45:00,65.976,73.054,799.75,39.0,13,45,55,6,1,7,184,-0.44228869021900147,-0.8968727415326883,-0.023651127245231586,-0.9997202729664083,1,0.9144126230158125,65.976,66.104,71.406,76.744,94.154,65.928,66.512,67.39750000000001,2.673014465601979,65.976,71.406,79.42987500000001,11.695283162454922,89.48833333333334,73.054,87.008,81.0855,823.5,880.0,-7.078000000000003,-13.687999999999999
2011-07-03 14:00:00,62.896,59.106,776.0,39.0,14,0,56,6,1,7,184,-0.4999999999999997,-0.8660254037844388,-0.023651127245231586,-0.9997202729664083,1,0.8865993063730001,65.976,65.976,66.104,68.62,97.692,68.036,71.48,66.04,0.07390083434735513,65.976,66.104,77.66875,11.449240554144565,89.48883333333333,73.054,82.14,77.59700000000001,799.75,871.0,-7.078000000000003,-11.557000000000002
2011-07-03 14:15:00,62.896,59.106,739.75,38.75,14,15,57,6,1,7,184,-0.555570233019602,-0.8314696123025455,-0.023651127245231586,-0.9997202729664083,1,0.8551427630053462,62.896,65.976,66.104,68.62,97.692,68.036,71.48,65.238,1.5624988533277298,62.896,66.104,75.494,10.670544003626787,89.43529166666667,59.106,82.14,71.8385,776.0,847.25,3.789999999999999,-6.600500000000002
2011-07-03 14:30:00,55.684,43.832,703.5,38.5,14,30,58,6,1,7,184,-0.6087614290087207,-0.7933533402912352,-0.023651127245231586,-0.9997202729664083,1,0.820172254596956,62.896,62.896,65.976,71.406,87.06,61.87,73.602,64.436,1.778238829099465,62.896,65.976,73.31925000000001,9.303022587668446,89.38175000000001,59.106,73.054,66.08000000000001,739.75,823.5,3.789999999999999,-1.644000000000002
2011-07-03 14:45:00,55.684,43.832,667.25,38.25,14,45,59,6,1,7,184,-0.6593458151000688,-0.7518398074789774,-0.023651127245231586,-0.9997202729664083,1,0.7818314824680299,55.684,62.896,65.976,71.406,87.06,61.87,73.602,61.863,4.3677220607524205,55.684,65.976,71.35825,9.517909206683454,89.3173125,43.832,73.054,58.774499999999996,703.5,799.75,11.851999999999997,3.088499999999998
2011-07-03 15:00:00,69.212,29.06,631.0,38.0,15,0,60,6,1,7,184,-0.7071067811865471,-0.7071067811865479,-0.023651127245231586,-0.9997202729664083,1,0.7402779970753155,55.684,55.684,62.896,66.104,87.748,59.238,64.634,59.290000000000006,4.163850141393544,55.684,62.896,69.39725,9.296837308103045,89.25287500000002,43.832,59.106,51.468999999999994,667.25,776.0,11.851999999999997,7.820999999999998
2011-07-03 15:15:00,69.212,29.06,581.75,37.75,15,15,61,6,1,7,184,-0.7518398074789773,-0.6593458151000691,-0.023651127245231586,-0.9997202729664083,1,0.6956825506034865,69.212,55.684,62.896,66.104,87.748,59.238,64.634,60.869,6.518763379659004,55.684,69.212,68.23875000000001,7.90897420655824,89.35677083333333,29.06,59.106,43.957499999999996,631.0,739.75,40.152,16.911499999999997
2011-07-03 15:30:00,72.858,12.322,532.5,37.5,15,30,62,6,1,7,184,-0.7933533402912349,-0.6087614290087209,-0.023651127245231586,-0.9997202729664083,1,0.6482283953077884,69.212,69.212,55.684,65.976,76.744,64.116,78.472,62.44799999999999,7.810394441596201,55.684,69.212,67.08025,5.984092908147154,89.46066666666667,29.06,43.832,36.446,581.75,703.5,40.152,26.002
2011-07-03 15:45:00,72.858,12.322,483.25,37.25,15,45,63,6,1,7,184,-0.8314696123025452,-0.5555702330196022,-0.023651127245231586,-0.9997202729664083,1,0.5981105304912161,72.858,69.212,55.684,65.976,76.744,64.116,78.472,66.7415,7.569381722878742,55.684,72.858,66.837375,5.634365020420413,89.55172916666668,12.322,43.832,28.5685,532.5,667.25,60.536,38.173
2011-07-03 16:00:00,88.06,4.254,434.0,37.0,16,0,64,6,1,7,184,-0.8660254037844385,-0.5000000000000004,-0.023651127245231586,-0.9997202729664083,1,0.5455349012105487,72.858,72.858,69.212,62.896,68.62,75.44,88.144,71.035,2.1050190814617324,69.212,72.858,66.59450000000001,5.249469382709441,89.64279166666667,12.322,29.06,20.691,483.25,631.0,60.536,50.344
2011-07-03 16:15:00,88.06,4.254,383.5,36.75,16,15,65,6,1,7,184,-0.8968727415326883,-0.44228869021900136,-0.023651127245231586,-0.9997202729664083,1,0.49071755200393774,88.06,72.858,69.212,62.896,68.62,75.44,88.144,75.747,8.386672681502,69.212,88.06,67.8095,7.5117657577964705,89.77425,4.254,29.06,14.489499999999998,434.0,581.75,83.806,61.25749999999999
2011-07-03 16:30:00,95.812,0.44,333.0,36.5,16,30,66,6,1,7,184,-0.9238795325112868,-0.3826834323650895,-0.023651127245231586,-0.9997202729664083,1,0.43388373911755823,88.06,88.06,72.858,55.684,71.406,107.322,114.0,80.459,8.776878792219888,72.858,88.06,69.0245,9.063500471672263,89.90570833333332,4.254,12.322,8.288,383.5,532.5,83.806,72.17099999999999
2011-07-03 16:45:00,95.812,0.44,282.5,36.25,16,45,67,6,1,7,184,-0.9469301294951056,-0.3214394653031618,-0.023651127245231586,-0.9997202729664083,1,0.3752670048793745,95.812,88.06,72.858,55.684,71.406,107.322,114.0,86.1975,9.614549443420984,72.858,95.812,70.54987500000001,11.274975014754414,89.78581249999998,0.44,12.322,5.3175,333.0,483.25,95.372,80.88
2011-07-03 17:00:00,117.142,0.012,232.0,36.0,17,0,68,6,1,7,184,-0.9659258262890683,-0.25881904510252063,-0.023651127245231586,-0.9997202729664083,1,0.3151082180236209,95.812,95.812,88.06,69.212,66.104,125.516,134.556,91.936,4.475619286756588,88.06,95.812,72.07525,12.928236876439726,89.66591666666666,0.44,4.254,2.347,282.5,434.0,95.372,89.589
2011-07-03 17:15:00,117.142,0.012,190.0,35.75,17,15,69,6,1,7,184,-0.9807852804032303,-0.19509032201612866,-0.023651127245231586,-0.9997202729664083,1,0.25365458390950735,117.142,95.812,88.06,69.212,66.104,125.516,134.556,99.2065,12.502958089987683,88.06,117.142,75.265125,17.00909740844593,89.5786875,0.012,4.254,1.2865,232.0,383.5,117.13,97.92
2011-07-03 17:30:00,132.332,0.014,148.0,35.5,17,30,70,6,1,7,184,-0.9914448613738104,-0.13052619222005163,-0.023651127245231586,-0.9997202729664083,1,0.1911586287013721,117.142,117.142,95.812,72.858,65.976,132.62,155.886,106.477,12.314881241814291,95.812,117.142,78.455,19.74264846805855,89.49145833333334,0.012,0.44,0.226,190.0,333.0,117.13,106.251
2011-07-03 17:45:00,132.332,0.014,106.0,35.25,17,45,71,6,1,7,184,-0.9978589232386035,-0.06540312923014273,-0.023651127245231586,-0.9997202729664083,1,0.12787716168450605,132.332,117.142,95.812,72.858,65.976,132.62,155.886,115.607,15.014216596279367,95.812,132.332,82.60225,23.549088156444622,89.48845833333336,0.014,0.44,0.1195,148.0,282.5,132.31799999999998,115.4875
2011-07-03 18:00:00,131.048,0.014,64.0,35.0,18,0,72,6,1,7,184,-1.0,-1.8369701987210297e-16,-0.023651127245231586,-0.9997202729664083,1,0.06407021998071323,132.332,132.332,117.142,88.06,62.896,131.72,158.412,124.737,8.769950588989962,117.142,132.332,86.74950000000001,26.12765357496407,89.48545833333333,0.014,0.012,0.013000000000000001,106.0,232.0,132.31799999999998,124.72399999999999
2011-07-03 18:15:00,131.048,0.014,48.0,34.75,18,15,73,6,1,7,184,-0.9978589232386036,0.06540312923014237,-0.023651127245231586,-0.9997202729664083,1,1.2246467991473532e-16,131.048,132.332,117.142,88.06,62.896,131.72,158.412,128.2135,7.405776731713735,117.142,132.332,91.00899999999999,27.49895563592671,89.47845833333334,0.014,0.012,0.013500000000000002,64.0,190.0,131.034,128.2
2011-07-03 18:30:00,133.322,0.014,32.0,34.5,18,30,74,6,1,7,184,-0.9914448613738105,0.13052619222005127,-0.023651127245231586,-0.9997202729664083,0,0.0,131.048,131.048,132.332,95.812,55.684,132.896,159.026,131.69,0.7413177456347327,131.048,132.332,95.26849999999999,28.12516752424178,89.47145833333333,0.014,0.014,0.014,48.0,148.0,131.034,131.676
2011-07-03 18:45:00,133.322,0.014,16.0,34.25,18,45,75,6,1,7,184,-0.9807852804032304,0.1950903220161283,-0.023651127245231586,-0.9997202729664083,0,0.0,133.322,131.048,132.332,95.812,55.684,132.896,159.026,131.9375,1.1037649206207851,131.048,133.322,100.120875,27.531537377766064,89.47589583333335,0.014,0.014,0.014,32.0,106.0,133.308,131.9235
2011-07-03 19:00:00,124.968,0.0,0.0,34.0,19,0,76,6,1,7,184,-0.9659258262890684,0.2588190451025203,-0.023651127245231586,-0.9997202729664083,0,0.0,133.322,133.322,131.048,117.142,69.212,137.028,151.148,132.185,1.3128945121345614,131.048,133.322,104.97325000000001,25.97528749536109,89.48033333333335,0.014,0.014,0.014,16.0,64.0,133.308,132.171
2011-07-03 19:15:00,124.968,0.0,0.0,33.75,19,15,77,6,1,7,184,-0.9469301294951057,0.3214394653031615,-0.023651127245231586,-0.9997202729664083,0,0.0,124.968,133.322,131.048,117.142,69.212,137.028,151.148,130.665,3.9463821406438675,124.968,133.322,108.458,24.559262627367193,89.35470833333333,0.0,0.014,0.010499999999999999,0.0,48.0,124.968,130.65449999999998
2011-07-03 19:30:00,131.264,0.03,0.0,33.5,19,30,78,6,1,7,184,-0.923879532511287,0.38268343236508917,-0.023651127245231586,-0.9997202729664083,0,0.0,124.968,124.968,133.322,132.332,72.858,133.68,144.698,129.145,4.823184148809383,124.968,133.322,111.94275,22.48762115031277,89.22908333333334,0.0,0.014,0.007,0.0,32.0,124.968,129.138
2011-07-03 19:45:00,131.264,0.03,0.0,33.25,19,45,79,6,1,7,184,-0.8968727415326884,0.442288690219001,-0.023651127245231586,-0.9997202729664083,0,0.0,131.264,124.968,133.322,132.332,72.858,133.68,144.698,128.6305,4.311740058645242,124.968,133.322,115.593125,20.35990470139763,89.20391666666666,0.03,0.014,0.011,0.0,16.0,131.234,128.61950000000002
2011-07-03 20:00:00,140.596,0.014,0.0,33.0,20,0,80,6,1,7,184,-0.8660254037844386,0.5000000000000001,-0.023651127245231586,-0.9997202729664083,0,0.0,131.264,131.264,124.968,131.048,88.06,120.892,150.44,128.116,3.6349972948168845,124.968,131.264,119.2435,17.17355991827726,89.17875000000002,0.03,0.0,0.015,0.0,0.0,131.234,128.101
2011-07-03 20:15:00,140.596,0.014,0.0,32.75,20,15,81,6,1,7,184,-0.8314696123025455,0.5555702330196018,-0.023651127245231586,-0.9997202729664083,0,0.0,140.596,131.264,124.968,131.048,88.06,120.892,150.44,132.023,6.4400185299935035,124.968,140.596,122.527,15.779700106993744,89.384,0.014,0.0,0.0185,0.0,0.0,140.582,132.0045
2011-07-03 20:30:00,126.404,0.002,0.0,32.5,20,30,82,6,1,7,184,-0.7933533402912357,0.6087614290087199,-0.023651127245231586,-0.9997202729664083,0,0.0,140.596,140.596,131.264,133.322,95.812,102.5,135.052,135.93,5.38783271207697,131.264,140.596,125.8105,13.41888407680227,89.58924999999999,0.014,0.03,0.022,0.0,0.0,140.582,135.90800000000002
2011-07-03 20:45:00,126.404,0.002,0.0,32.25,20,45,83,6,1,7,184,-0.7518398074789772,0.6593458151000691,-0.023651127245231586,-0.9997202729664083,0,0.0,126.404,140.596,131.264,133.322,95.812,102.5,135.052,134.715,7.074707155305203,126.404,140.596,127.7225,10.77944675141804,89.83825,0.002,0.03,0.015,0.0,0.0,126.402,134.7
2011-07-03 21:00:00,127.632,0.048,0.0,32.0,21,0,84,6,1,7,184,-0.7071067811865477,0.7071067811865474,-0.023651127245231586,-0.9997202729664083,0,0.0,126.404,126.404,140.596,124.968,117.142,108.4,120.128,133.5,8.193755020338758,126.404,140.596,129.6345,6.6728984806696285,90.08725,0.002,0.014,0.008,0.0,0.0,126.402,133.492
2011-07-03 21:15:00,127.632,0.048,0.0,31.75,21,15,85,6,1,7,184,-0.6593458151000687,0.7518398074789775,-0.023651127245231586,-0.9997202729664083,0,0.0,127.632,126.404,140.596,124.968,117.142,108.4,120.128,130.25900000000001,6.91560428788834,126.404,140.596,130.290125,5.825138371746159,90.28758333333333,0.048,0.014,0.0165,0.0,0.0,127.584,130.2425
2011-07-03 21:30:00,124.1,0.0,0.0,31.5,21,30,86,6,1,7,184,-0.608761429008721,0.7933533402912349,-0.023651127245231586,-0.9997202729664083,0,0.0,127.632,127.632,126.404,131.264,132.332,111.228,123.712,127.018,0.7089861305595948,126.404,127.632,130.94575,4.734965589454964,90.48791666666666,0.048,0.002,0.025,0.0,0.0,127.584,126.993
2011-07-03 21:45:00,124.1,0.0,0.0,31.25,21,45,87,6,1,7,184,-0.555570233019603,0.8314696123025447,-0.023651127245231586,-0.9997202729664083,0,0.0,124.1,127.632,126.404,131.264,132.332,111.228,123.712,126.44200000000001,1.6651934822493764,124.1,127.632,130.43125,5.013353681251979,90.622,0.0,0.002,0.0245,0.0,0.0,124.1,126.41749999999999
2011-07-03 22:00:00,117.924,0.024,0.0,31.0,22,0,88,6,1,7,184,-0.5000000000000004,0.8660254037844384,-0.023651127245231586,-0.9997202729664083,0,0.0,124.1,124.1,127.632,140.596,131.048,105.782,117.602,125.86600000000001,2.0392011507758934,124.1,127.632,129.91675,5.223295505073683,90.75608333333334,0.0,0.048,0.024,0.0,0.0,124.1,125.842
2011-07-03 22:15:00,117.924,0.024,0.0,30.75,22,15,89,6,1,7,184,-0.4422886902190014,0.8968727415326883,-0.023651127245231586,-0.9997202729664083,0,0.0,117.924,124.1,127.632,140.596,131.048,105.782,117.602,123.439,4.036100263041709,117.924,127.632,129.0965,6.005683996569961,90.8825625,0.024,0.048,0.018000000000000002,0.0,0.0,117.9,123.42099999999999
2011-07-03 22:30:00,103.462,0.012,0.0,30.5,22,30,90,6,1,7,184,-0.38268343236508956,0.9238795325112868,-0.023651127245231586,-0.9997202729664083,0,0.0,117.924,117.924,124.1,126.404,133.322,96.922,113.352,121.012,3.565715262513962,117.924,124.1,128.27625,6.589259174342499,91.00904166666668,0.024,0.0,0.012,0.0,0.0,117.9,121.0
2011-07-03 22:45:00,103.462,0.012,0.0,30.25,22,45,91,6,1,7,184,-0.32143946530316186,0.9469301294951056,-0.023651127245231586,-0.9997202729664083,0,0.0,103.462,117.924,124.1,126.404,133.322,96.922,113.352,115.8525,8.75838590532855,103.462,124.1,126.41,8.891329979254547,91.07716666666666,0.012,0.0,0.015,0.0,0.0,103.45,115.83749999999999
2011-07-03 23:00:00,111.732,0.05,0.0,30.0,23,0,92,6,1,7,184,-0.25881904510252157,0.9659258262890681,-0.023651127245231586,-0.9997202729664083,0,0.0,103.462,103.462,117.924,127.632,124.968,109.592,117.982,110.69300000000001,8.349639593019806,103.462,117.924,124.54374999999999,10.35678510928904,91.14529166666667,0.012,0.024,0.018000000000000002,0.0,0.0,103.45,110.67500000000001
2011-07-03 23:15:00,111.732,0.05,0.0,29.75,23,15,93,6,1,7,184,-0.19509032201612872,0.9807852804032303,-0.023651127245231586,-0.9997202729664083,0,0.0,111.732,103.462,117.924,127.632,124.968,109.592,117.982,109.14500000000001,7.032220796684625,103.462,117.924,123.71650000000001,10.83807004959792,91.16758333333333,0.05,0.024,0.0245,0.0,0.0,111.682,109.1205
2011-07-03 23:30:00,126.728,0.014,0.0,29.5,23,30,94,6,1,7,184,-0.13052619222005168,0.9914448613738104,-0.023651127245231586,-0.9997202729664083,0,0.0,111.732,111.732,103.462,124.1,131.264,125.184,139.614,107.59700000000001,4.774686726197175,103.462,111.732,122.88925,11.234081902852218,91.18987499999999,0.05,0.012,0.031000000000000003,0.0,0.0,111.682,107.566
2011-07-03 23:45:00,126.728,0.014,0.0,29.25,23,45,95,6,1,7,184,-0.0654031292301428,0.9978589232386035,-0.023651127245231586,-0.9997202729664083,0,0.0,126.728,111.732,103.462,124.1,131.264,125.184,139.614,113.4135,9.694726178013363,103.462,126.728,122.60575,11.064605885434501,91.20595833333334,0.014,0.012,0.0315,0.0,0.0,126.714,113.382
2011-07-04 00:00:00,129.506,0.024,0.0,29.0,0,0,0,0,0,7,185,0.0,1.0,-0.04084439154329611,-0.9991655196610109,0,0.0,126.728,126.728,111.732,117.924,140.596,130.904,151.068,119.22999999999999,8.657944636767153,111.732,126.728,122.32225,10.884619873931834,91.22204166666667,0.014,0.05,0.032,0.0,0.0,126.714,119.198
2011-07-04 00:15:00,129.506,0.024,0.0,29.0,0,15,1,0,0,7,185,0.06540312923014306,0.9978589232386035,-0.04084439154329611,-0.9991655196610109,0,0.0,129.506,126.728,111.732,117.924,140.596,130.904,151.068,123.6735,8.06799064203674,111.732,129.506,121.629125,9.95695340201972,91.20747916666666,0.024,0.05,0.025500000000000002,0.0,0.0,129.482,123.648
2011-07-04 00:30:00,102.856,0.0,0.0,29.0,0,30,2,0,0,7,185,0.13052619222005157,0.9914448613738104,-0.04084439154329611,-0.9991655196610109,0,0.0,129.506,129.506,126.728,103.462,126.404,100.974,127.146,128.117,1.603879047806613,126.728,129.506,120.93599999999999,8.875922006566917,91.19291666666668,0.024,0.014,0.019,0.0,0.0,129.482,128.098
2011-07-04 00:45:00,102.856,0.0,0.0,29.0,0,45,3,0,0,7,185,0.19509032201612825,0.9807852804032304,-0.04084439154329611,-0.9991655196610109,0,0.0,102.856,129.506,126.728,103.462,126.404,100.974,127.146,122.149,12.928495504117727,102.856,129.506,119.46424999999999,9.81176327680161,91.21252083333333,0.0,0.014,0.0155,0.0,0.0,102.856,122.1335
2011-07-04 01:00:00,97.376,0.012,0.0,29.0,1,0,4,0,0,7,185,0.25881904510252074,0.9659258262890683,-0.04084439154329611,-0.9991655196610109,0,0.0,102.856,102.856,129.506,111.732,127.632,95.73,104.074,116.18100000000001,15.386384673903247,102.856,129.506,117.99249999999999,10.446937503402282,91.232125,0.0,0.024,0.012,0.0,0.0,102.856,116.169
2011-07-04 01:15:00,97.376,0.012,0.0,28.75,1,15,5,0,0,7,185,0.3214394653031616,0.9469301294951057,-0.04084439154329611,-0.9991655196610109,0,0.0,97.376,102.856,129.506,111.732,127.632,95.73,104.074,108.1485,14.470782920537621,97.376,129.506,116.10149999999999,11.290065143006348,91.24927083333334,0.012,0.024,0.009000000000000001,0.0,0.0,97.364,108.1395
2011-07-04 01:30:00,72.608,0.012,0.0,28.5,1,30,6,0,0,7,185,0.3826834323650898,0.9238795325112867,-0.04084439154329611,-0.9991655196610109,0,0.0,97.376,97.376,102.856,126.728,124.1,79.578,73.132,100.11599999999999,3.16387947515737,97.376,102.856,114.21050000000001,11.754322291537166,91.26641666666667,0.012,0.0,0.006,0.0,0.0,97.364,100.11
2011-07-04 01:45:00,72.608,0.012,0.0,28.25,1,45,7,0,0,7,185,0.44228869021900125,0.8968727415326884,-0.04084439154329611,-0.9991655196610109,0,0.0,72.608,97.376,102.856,126.728,124.1,79.578,73.132,92.554,13.545940203617745,72.608,102.856,110.99225,15.361668865501837,91.19381249999999,0.012,0.0,0.009000000000000001,0.0,0.0,72.596,92.545
2011-07-04 02:00:00,55.088,0.026,0.0,28.0,2,0,8,0,0,7,185,0.49999999999999994,0.8660254037844387,-0.04084439154329611,-0.9991655196610109,0,0.0,72.608,72.608,97.376,129.506,117.924,64.22,74.49,84.99199999999999,14.29981146728818,72.608,97.376,107.774,17.655096457774718,91.12120833333334,0.012,0.012,0.012,0.0,0.0,72.596,84.98
2011-07-04 02:15:00,55.088,0.026,0.0,28.0,2,15,9,0,0,7,185,0.5555702330196022,0.8314696123025452,-0.04084439154329611,-0.9991655196610109,0,0.0,55.088,72.608,97.376,129.506,117.924,64.22,74.49,74.42,17.390331106680662,55.088,97.376,103.84675,21.75860883880211,91.02608333333335,0.026,0.012,0.0155,0.0,0.0,55.062,74.4045
2011-07-04 02:30:00,52.37,0.012,0.0,28.0,2,30,10,0,0,7,185,0.6087614290087207,0.7933533402912352,-0.04084439154329611,-0.9991655196610109,0,0.0,55.088,55.088,72.608,102.856,103.462,59.148,53.052,63.848,10.115176716201425,55.088,72.608,99.9195,24.541162607613597,90.93095833333332,0.026,0.012,0.019,0.0,0.0,55.062,63.829
2011-07-04 02:45:00,52.37,0.012,0.0,28.0,2,45,11,0,0,7,185,0.6593458151000688,0.7518398074789774,-0.04084439154329611,-0.9991655196610109,0,0.0,52.37,55.088,72.608,102.856,103.462,59.148,53.052,58.7885,9.30166872125549,52.37,72.608,96.72625000000001,27.22656306746531,90.86035416666665,0.012,0.012,0.019,0.0,0.0,52.358,58.7695
2011-07-04 03:00:00,55.382000000000005,0.0,0.0,28.0,3,0,12,0,0,7,185,0.7071067811865476,0.7071067811865476,-0.04084439154329611,-0.9991655196610109,0,0.0,52.37,52.37,55.088,97.376,111.732,55.556,54.01,53.729,1.5692380316516727,52.37,55.088,93.53299999999999,29.301016027890007,90.78975000000001,0.012,0.026,0.019000000000000003,0.0,0.0,52.358,53.709999999999994
2011-07-04 03:15:00,55.382000000000005,0.0,0.0,27.75,3,15,13,0,0,7,185,0.7518398074789774,0.6593458151000688,-0.04084439154329611,-0.9991655196610109,0,0.0,55.382000000000005,52.37,55.088,97.376,111.732,55.556,54.01,53.8025,1.6584574157879453,52.37,55.382000000000005,90.01112499999999,30.335985943814894,90.7879375,0.0,0.026,0.012499999999999999,0.0,0.0,55.382000000000005,53.78999999999999
2011-07-04 03:30:00,56.464,0.0,0.0,27.5,3,30,14,0,0,7,185,0.7933533402912352,0.6087614290087207,-0.04084439154329611,-0.9991655196610109,0,0.0,55.382000000000005,55.382000000000005,52.37,72.608,126.728,49.302,49.514,53.876000000000005,1.7389790107939893,52.37,55.382000000000005,86.48925,30.91170531152672,90.78612499999998,0.0,0.012,0.006,0.0,0.0,55.382000000000005,53.870000000000005
2011-07-04 03:45:00,56.464,0.0,0.0,27.25,3,45,15,0,0,7,185,0.8314696123025451,0.5555702330196024,-0.04084439154329611,-0.9991655196610109,0,0.0,56.464,55.382000000000005,52.37,72.608,126.728,49.302,49.514,54.8995,1.7617834713670555,52.37,56.464,82.09775,29.78455657887161,90.86072916666666,0.0,0.012,0.003,0.0,0.0,56.464,54.8965
2011-07-04 04:00:00,57.888,0.012,0.0,27.0,4,0,16,0,0,7,185,0.8660254037844386,0.5000000000000001,-0.04084439154329611,-0.9991655196610109,0,0.0,56.464,56.464,55.382000000000005,55.088,129.506,52.098,47.324,55.923,0.6246929912489709,55.382000000000005,56.464,77.70625,27.884837847834177,90.93533333333333,0.0,0.0,0.0,0.0,0.0,56.464,55.923
2011-07-04 04:15:00,57.888,0.012,0.0,27.25,4,15,17,0,0,7,185,0.8968727415326884,0.44228869021900125,-0.04084439154329611,-0.9991655196610109,0,0.0,57.888,56.464,55.382000000000005,55.088,129.506,52.098,47.324,56.5495,1.0278227797869608,55.382000000000005,57.888,73.230125,24.566156312767774,90.99564583333334,0.012,0.0,0.003,0.0,0.0,57.876,56.546499999999995
2011-07-04 04:30:00,60.428,0.0,0.0,27.5,4,30,18,0,0,7,185,0.9238795325112867,0.38268343236508984,-0.04084439154329611,-0.9991655196610109,0,0.0,57.888,57.888,56.464,52.37,102.856,60.094,57.134,57.176,0.8221467833153336,56.464,57.888,68.754,19.66430965310863,91.05595833333335,0.012,0.0,0.006,0.0,0.0,57.876,57.169999999999995
2011-07-04 04:45:00,60.428,0.0,0.0,27.75,4,45,19,0,0,7,185,0.9469301294951056,0.3214394653031617,-0.04084439154329611,-0.9991655196610109,0,0.0,60.428,57.888,56.464,52.37,102.856,60.094,57.134,58.167,1.6500517163559512,56.464,60.428,66.10225,17.50074957442325,91.0594375,0.0,0.0,0.006,0.0,0.0,60.428,58.161
2011-07-04 05:00:00,67.162,0.024,0.0,28.0,5,0,20,0,0,7,185,0.9659258262890683,0.25881904510252074,-0.04084439154329611,-0.9991655196610109,0,0.0,60.428,60.428,57.888,55.382000000000005,97.376,67.294,51.438,59.158,1.46646968373575,57.888,60.428,63.4505,14.521235163259234,91.06291666666668,0.0,0.012,0.006,0.0,0.0,60.428,59.152
2011-07-04 05:15:00,67.162,0.024,6.75,28.25,5,15,21,0,0,7,185,0.9807852804032304,0.19509032201612833,-0.04084439154329611,-0.9991655196610109,0,0.0,67.162,60.428,57.888,55.382000000000005,97.376,67.294,51.438,61.4765,3.9749610899541805,57.888,67.162,61.562125,11.456510171805245,91.06154166666668,0.024,0.012,0.009000000000000001,0.0,0.0,67.138,61.4675
2011-07-04 05:30:00,60.164,0.026,13.5,28.5,5,30,22,0,0,7,185,0.9914448613738104,0.1305261922200517,-0.04084439154329611,-0.9991655196610109,0,0.0,67.162,67.162,60.428,56.464,72.608,59.556,53.512,63.795,3.8878767127208063,60.428,67.162,59.673750000000005,6.635480263955601,91.06016666666666,0.024,0.0,0.012,6.75,0.0,67.138,63.783
2011-07-04 05:45:00,60.164,0.026,20.25,28.75,5,45,23,0,0,7,185,0.9978589232386035,0.06540312923014327,-0.04084439154329611,-0.9991655196610109,0,0.0,60.164,67.162,60.428,56.464,72.608,59.556,53.512,63.729000000000006,3.9655518321308976,60.164,67.162,58.896,5.678680457055541,91.0665,0.026,0.0,0.0185,13.5,0.0,60.138,63.7105
2011-07-04 06:00:00,70.636,0.0,27.0,29.0,6,0,24,0,0,7,185,1.0,6.123233995736766e-17,-0.04084439154329611,-0.9991655196610109,1,0.0,60.164,60.164,67.162,57.888,55.088,63.372,61.094,63.663,4.040297183786942,60.164,67.162,58.11825,4.3789019552103206,91.07283333333334,0.026,0.024,0.025,20.25,0.0,60.138,63.638000000000005
2011-07-04 06:15:00,70.636,0.0,76.5,29.5,6,15,25,0,0,7,185,0.9978589232386035,-0.06540312923014314,-0.04084439154329611,-0.9991655196610109,1,0.06407021998071291,70.636,60.164,67.162,57.888,55.088,63.372,61.094,64.53150000000001,5.2387836692611005,60.164,70.636,59.089999999999996,5.291657686082669,91.1485,0.0,0.024,0.019000000000000003,27.0,6.75,70.636,64.5125
2011-07-04 06:30:00,79.926,0.014,126.0,30.0,6,30,26,0,0,7,185,0.9914448613738104,-0.1305261922200516,-0.04084439154329611,-0.9991655196610109,1,0.127877161684506,70.636,70.636,60.164,60.428,52.37,77.096,76.486,65.39999999999999,6.046012018952404,60.164,70.636,60.061749999999996,5.900338741689114,91.22416666666668,0.0,0.026,0.013,76.5,13.5,70.636,65.387
2011-07-04 06:45:00,79.926,0.014,175.5,30.5,6,45,27,0,0,7,185,0.9807852804032304,-0.1950903220161282,-0.04084439154329611,-0.9991655196610109,1,0.1911586287013723,79.926,70.636,60.164,60.428,52.37,77.096,76.486,70.34049999999999,8.075015025784854,60.164,79.926,61.784,7.349272290506746,91.25364583333332,0.014,0.026,0.01,126.0,20.25,79.912,70.3305
2011-07-04 07:00:00,87.002,0.464,225.0,31.0,7,0,28,0,0,7,185,0.9659258262890683,-0.25881904510252063,-0.04084439154329611,-0.9991655196610109,1,0.25365458390950735,79.926,79.926,70.636,67.162,55.382000000000005,72.30799999999999,83.462,75.281,5.3635840007702615,70.636,79.926,63.50625,8.17813138803784,91.283125,0.014,0.0,0.007,175.5,27.0,79.912,75.274
2011-07-04 07:15:00,87.002,0.464,259.75,31.5,7,15,29,0,0,7,185,0.9469301294951057,-0.3214394653031616,-0.04084439154329611,-0.9991655196610109,1,0.31510821802362066,87.002,79.926,70.636,67.162,55.382000000000005,72.30799999999999,83.462,79.3725,6.711890617899897,70.636,87.002,65.4825,9.752898030842378,91.43618750000002,0.464,0.0,0.12300000000000001,225.0,76.5,86.538,79.2495
2011-07-04 07:30:00,114.57,7.716,294.5,32.0,7,30,30,0,0,7,185,0.9238795325112868,-0.3826834323650895,-0.04084439154329611,-0.9991655196610109,1,0.3752670048793741,87.002,87.002,79.926,60.164,56.464,76.54,104.404,83.464,4.085330504784145,79.926,87.002,67.45875,10.724939953212255,91.58924999999999,0.464,0.014,0.23900000000000002,259.75,126.0,86.538,83.22500000000001
2011-07-04 07:45:00,114.57,7.716,329.25,32.5,7,45,31,0,0,7,185,0.8968727415326884,-0.44228869021900113,-0.04084439154329611,-0.9991655196610109,1,0.4338837391175581,114.57,87.002,79.926,60.164,56.464,76.54,104.404,92.125,15.330621687763387,79.926,114.57,71.090375,15.519731960207109,91.98539583333333,7.716,0.014,2.1645,294.5,175.5,106.854,89.9605
2011-07-04 08:00:00,103.084,21.232,364.0,33.0,8,0,32,0,0,7,185,0.8660254037844387,-0.4999999999999998,-0.04084439154329611,-0.9991655196610109,1,0.49071755200393785,114.57,114.57,87.002,70.636,57.888,100.984,93.054,100.786,15.916392221019256,87.002,114.57,74.72200000000001,18.400106782299012,92.38154166666668,7.716,0.464,4.09,329.25,225.0,106.854,96.696
2011-07-04 08:15:00,103.084,21.232,424.25,33.25,8,15,33,0,0,7,185,0.8314696123025451,-0.5555702330196023,-0.04084439154329611,-0.9991655196610109,1,0.5455349012105487,103.084,114.57,87.002,70.636,57.888,100.984,93.054,104.8065,13.046316095613204,87.002,114.57,77.54674999999999,19.09940842190333,92.40341666666666,21.232,0.464,9.282,364.0,259.75,81.852,95.5245
2011-07-04 08:30:00,87.196,35.326,484.5,33.5,8,30,34,0,0,7,185,0.7933533402912352,-0.6087614290087207,-0.04084439154329611,-0.9991655196610109,1,0.598110530491216,103.084,103.084,114.57,79.926,60.428,107.164,99.166,108.827,6.631445191911289,103.084,114.57,80.3715,19.338783684606547,92.42529166666667,21.232,7.716,14.474,424.25,294.5,81.852,94.353
2011-07-04 08:45:00,87.196,35.326,544.75,33.75,8,45,35,0,0,7,185,0.7518398074789774,-0.6593458151000688,-0.04084439154329611,-0.9991655196610109,1,0.6482283953077883,87.196,103.084,114.57,79.926,60.428,107.164,99.166,101.98349999999999,11.24740472286781,87.196,114.57,82.0445,18.64381230685766,92.21729166666667,35.326,7.716,21.3765,484.5,329.25,51.87,80.607
2011-07-04 09:00:00,80.478,49.694,605.0,34.0,9,0,36,0,0,7,185,0.7071067811865476,-0.7071067811865475,-0.04084439154329611,-0.9991655196610109,1,0.6956825506034864,87.196,87.196,103.084,87.002,67.162,98.06,104.398,95.14,9.172941076884138,87.196,103.084,83.7175,17.754545100715386,92.00929166666667,35.326,21.232,28.278999999999996,544.75,364.0,51.87,66.861
2011-07-04 09:15:00,80.478,49.694,647.25,34.75,9,15,37,0,0,7,185,0.659345815100069,-0.7518398074789773,-0.04084439154329611,-0.9991655196610109,1,0.7402779970753155,80.478,87.196,103.084,87.002,67.162,98.06,104.398,89.48849999999999,9.601004166231142,80.478,103.084,84.54975,17.231145473628168,91.82614583333333,49.694,21.232,35.3945,605.0,424.25,30.783999999999992,54.093999999999994
2011-07-04 09:30:00,74.784,63.566,689.5,35.5,9,30,38,0,0,7,185,0.6087614290087209,-0.793353340291235,-0.04084439154329611,-0.9991655196610109,1,0.7818314824680298,80.478,80.478,87.196,114.57,60.164,94.154,86.0,83.83699999999999,3.8786391084142404,80.478,87.196,85.38199999999999,16.647019096523042,91.64300000000001,49.694,35.326,42.51,647.25,484.5,30.783999999999992,41.327
2011-07-04 09:45:00,74.784,63.566,731.75,36.25,9,45,39,0,0,7,185,0.5555702330196025,-0.831469612302545,-0.04084439154329611,-0.9991655196610109,1,0.8201722545969559,74.784,80.478,87.196,114.57,60.164,94.154,86.0,80.73400000000001,5.07579274596459,74.784,87.196,86.29575,15.534605942861976,91.44122916666667,63.566,35.326,49.57,689.5,544.75,11.218000000000004,31.163999999999998
2011-07-04 10:00:00,70.018,74.524,774.0,37.0,10,0,40,0,0,7,185,0.49999999999999994,-0.8660254037844387,-0.04084439154329611,-0.9991655196610109,1,0.8551427630053461,74.784,74.784,80.478,103.084,70.636,97.692,75.248,77.631,3.2874324327636737,74.784,80.478,87.20949999999999,14.27387527851736,91.23945833333333,63.566,49.694,56.63,731.75,605.0,11.218000000000004,21.000999999999998
2011-07-04 10:15:00,70.018,74.524,800.5,37.75,10,15,41,0,0,7,185,0.4422886902190017,-0.8968727415326881,-0.04084439154329611,-0.9991655196610109,1,0.886599306373,70.018,74.784,80.478,103.084,70.636,97.692,75.248,75.016,4.278671756513495,70.018,80.478,87.170875,14.32246634196321,90.9511875,74.524,49.694,62.8375,774.0,647.25,-4.506,12.1785
2011-07-04 10:30:00,71.632,84.504,827.0,38.5,10,30,42,0,0,7,185,0.3826834323650899,-0.9238795325112867,-0.04084439154329611,-0.9991655196610109,1,0.9144126230158125,70.018,70.018,74.784,87.196,79.926,87.06,78.428,72.401,2.7516513829552163,70.018,74.784,87.13225,14.370782374897653,90.66291666666666,74.524,63.566,69.045,800.5,689.5,-4.506,3.3560000000000016
2011-07-04 10:45:00,71.632,84.504,853.5,39.25,10,45,43,0,0,7,185,0.32143946530316175,-0.9469301294951056,-0.04084439154329611,-0.9991655196610109,1,0.9384684220497604,71.632,70.018,74.784,87.196,79.926,87.06,78.428,71.613,2.246749652272346,70.018,74.784,86.61387500000001,14.791482007673736,90.50220833333333,84.504,63.566,74.2795,827.0,731.75,-12.872,-2.666499999999999
2011-07-04 11:00:00,60.51,86.82600000000001,880.0,40.0,11,0,44,0,0,7,185,0.258819045102521,-0.9659258262890682,-0.04084439154329611,-0.9991655196610109,1,0.9586678530366606,71.632,71.632,70.018,80.478,87.002,87.748,81.212,70.825,0.9318433344644236,70.018,71.632,86.0955,15.181674488233151,90.34150000000001,84.504,74.524,79.51400000000001,853.5,774.0,-12.872,-8.689
2011-07-04 11:15:00,60.51,86.82600000000001,886.75,40.25,11,15,45,0,0,7,185,0.19509032201612816,-0.9807852804032304,-0.04084439154329611,-0.9991655196610109,1,0.9749279121818236,60.51,71.632,70.018,80.478,87.002,87.748,81.212,68.448,5.346414873537724,60.51,71.632,84.43975,16.466492326337644,90.05777083333334,86.82600000000001,74.524,82.5895,880.0,800.5,-26.31600000000001,-14.141500000000002
2011-07-04 11:30:00,55.644,76.036,893.5,40.5,11,30,46,0,0,7,185,0.130526192220052,-0.9914448613738104,-0.04084439154329611,-0.9991655196610109,1,0.9871817834144501,60.51,60.51,71.632,74.784,114.57,76.744,66.30199999999999,66.071,6.421289693925851,60.51,71.632,82.784,17.491682259481802,89.77404166666666,86.82600000000001,84.504,85.665,886.75,827.0,-26.31600000000001,-19.594000000000005
2011-07-04 11:45:00,55.644,76.036,900.25,40.75,11,45,47,0,0,7,185,0.06540312923014312,-0.9978589232386035,-0.04084439154329611,-0.9991655196610109,1,0.9953791129491982,55.644,60.51,71.632,74.784,114.57,76.744,66.30199999999999,62.074000000000005,6.772307730750603,55.644,71.632,79.10112500000001,16.529966597566723,89.55424999999998,76.036,84.504,83.548,893.5,853.5,-20.392000000000003,-21.474000000000004
2011-07-04 12:00:00,61.34,76.146,907.0,41.0,12,0,48,0,0,7,185,1.2246467991473532e-16,-1.0,-0.04084439154329611,-0.9991655196610109,1,0.9994862162006879,55.644,55.644,60.51,70.018,103.084,68.62,66.664,58.077,2.80938640987382,55.644,60.51,75.41825,14.545962699892808,89.33445833333333,76.036,86.82600000000001,81.43100000000001,900.25,880.0,-20.392000000000003,-23.354000000000006
2011-07-04 12:15:00,61.34,76.146,898.0,41.0,12,15,49,0,0,7,185,-0.06540312923014287,-0.9978589232386035,-0.04084439154329611,-0.9991655196610109,1,0.9994862162006879,61.34,55.644,60.51,70.018,103.084,68.62,66.664,58.284499999999994,3.0677576501385766,55.644,61.34,72.80925,12.903923865760383,89.258625,76.146,86.82600000000001,78.761,907.0,886.75,-14.805999999999997,-20.476500000000005
2011-07-04 12:30:00,61.834,79.786,889.0,41.0,12,30,50,0,0,7,185,-0.13052619222005177,-0.9914448613738104,-0.04084439154329611,-0.9991655196610109,1,0.9953791129491982,61.34,61.34,55.644,71.632,87.196,71.406,68.512,58.492000000000004,3.288587133301646,55.644,61.34,70.20025,10.340025399711283,89.18279166666667,76.146,76.036,76.09100000000001,898.0,893.5,-14.805999999999997,-17.599
2011-07-04 12:45:00,61.834,79.786,880.0,41.0,12,45,51,0,0,7,185,-0.19509032201612792,-0.9807852804032305,-0.04084439154329611,-0.9991655196610109,1,0.9871817834144502,61.834,61.34,55.644,71.632,87.196,71.406,68.512,60.039500000000004,2.939572021000798,55.644,61.834,68.61512499999999,9.468116883344594,89.08308333333333,79.786,76.036,77.02850000000001,889.0,900.25,-17.951999999999998,-16.988999999999997
2011-07-04 13:00:00,70.494,46.546,871.0,41.0,13,0,52,0,0,7,185,-0.2588190451025208,-0.9659258262890683,-0.04084439154329611,-0.9991655196610109,1,0.9749279121818236,61.834,61.834,61.34,60.51,80.478,66.104,62.502,61.587,0.28521103295213723,61.34,61.834,67.03,8.186213451081972,88.98337500000001,79.786,76.146,77.96600000000001,880.0,907.0,-17.951999999999998,-16.378999999999998
2011-07-04 13:15:00,70.494,46.546,842.75,40.75,13,15,53,0,0,7,185,-0.32143946530316153,-0.9469301294951057,-0.04084439154329611,-0.9991655196610109,1,0.9586678530366607,70.494,61.834,61.34,60.51,80.478,66.104,62.502,63.8755,4.418474359623618,61.34,70.494,66.406,7.439229064000893,89.02910416666667,46.546,76.146,70.566,871.0,898.0,23.948,-6.690499999999998
2011-07-04 13:30:00,62.266,55.198,814.5,40.5,13,30,54,0,0,7,185,-0.38268343236508967,-0.9238795325112868,-0.04084439154329611,-0.9991655196610109,1,0.9384684220497604,70.494,70.494,61.834,55.644,74.784,65.976,65.928,66.164,4.999853331180662,61.834,70.494,65.782,6.545188971043984,89.07483333333334,46.546,79.786,63.166,842.75,889.0,23.948,2.998000000000001
2011-07-04 13:45:00,62.266,55.198,786.25,40.25,13,45,55,0,0,7,185,-0.44228869021900147,-0.8968727415326883,-0.04084439154329611,-0.9991655196610109,1,0.9144126230158125,62.266,70.494,61.834,55.644,74.784,65.976,65.928,66.27199999999999,4.87833468853034,61.834,70.494,64.999625,6.132563149560118,89.0361875,55.198,79.786,57.019,814.5,880.0,7.067999999999998,9.253
2011-07-04 14:00:00,65.61,31.914,758.0,40.0,14,0,56,0,0,7,185,-0.4999999999999997,-0.8660254037844388,-0.04084439154329611,-0.9991655196610109,1,0.8865993063730001,62.266,62.266,70.494,61.34,70.018,62.896,68.036,66.38,4.7504380148906735,62.266,70.494,64.21725,5.57416602431936,88.99754166666668,55.198,46.546,50.872,786.25,871.0,7.067999999999998,15.508
2011-07-04 14:15:00,65.61,31.914,722.75,40.0,14,15,57,0,0,7,185,-0.555570233019602,-0.8314696123025455,-0.04084439154329611,-0.9991655196610109,1,0.8551427630053462,65.61,62.266,70.494,61.34,70.018,62.896,68.036,65.159,3.8903523405108547,62.266,70.494,63.94175,5.373679999157286,89.02581250000001,31.914,46.546,47.214,758.0,842.75,33.696,17.945
2011-07-04 14:30:00,59.496,29.408,687.5,40.0,14,30,58,0,0,7,185,-0.6087614290087207,-0.7933533402912352,-0.04084439154329611,-0.9991655196610109,1,0.820172254596956,65.61,65.61,62.266,61.834,71.632,55.684,61.87,63.937999999999995,1.9306593001661696,62.266,65.61,63.666250000000005,5.149720969788215,89.05408333333332,31.914,55.198,43.556000000000004,722.75,814.5,33.696,20.381999999999998
2011-07-04 14:45:00,59.496,29.408,652.25,40.0,14,45,59,0,0,7,185,-0.6593458151000688,-0.7518398074789774,-0.04084439154329611,-0.9991655196610109,1,0.7818314824680299,59.496,65.61,62.266,61.834,71.632,55.684,61.87,63.2455,2.9552152205862585,59.496,65.61,62.90775,4.7786123997115215,89.09379166666668,29.408,55.198,37.10850000000001,687.5,786.25,30.088,26.137
2011-07-04 15:00:00,58.876,27.544,617.0,40.0,15,0,60,0,0,7,185,-0.7071067811865471,-0.7071067811865479,-0.04084439154329611,-0.9991655196610109,1,0.7402779970753155,59.496,59.496,65.61,70.494,60.51,69.212,59.238,62.553,3.529919545823189,59.496,65.61,62.14925,4.2335909974091255,89.13349999999998,29.408,31.914,30.661,652.25,758.0,30.088,31.892
2011-07-04 15:15:00,58.876,27.544,560.25,39.75,15,15,61,0,0,7,185,-0.7518398074789773,-0.6593458151000691,-0.04084439154329611,-0.9991655196610109,1,0.6956825506034865,58.876,59.496,65.61,70.494,60.51,69.212,59.238,60.869499999999995,3.173819308023749,58.876,65.61,62.047125,4.2950323533911785,89.02583333333332,27.544,31.914,29.5685,617.0,722.75,31.331999999999997,31.301
2011-07-04 15:30:00,58.886,15.64,503.5,39.5,15,30,62,0,0,7,185,-0.7933533402912349,-0.6087614290087209,-0.04084439154329611,-0.9991655196610109,1,0.6482283953077884,58.876,58.876,59.496,62.266,55.644,72.858,64.116,59.186,0.35795716687536927,58.876,59.496,61.94499999999999,4.3530522012350135,88.91816666666666,27.544,29.408,28.476,560.25,687.5,31.331999999999997,30.71
2011-07-04 15:45:00,58.886,15.64,446.75,39.25,15,45,63,0,0,7,185,-0.8314696123025452,-0.5555702330196022,-0.04084439154329611,-0.9991655196610109,1,0.5981105304912161,58.886,58.876,59.496,62.266,55.644,72.858,64.116,59.0335,0.30836936723797714,58.876,59.496,62.147625000000005,4.108802921777857,88.772625,15.64,29.408,25.034,503.5,652.25,43.246,33.9995
2011-07-04 16:00:00,72.714,5.902,390.0,39.0,16,0,64,0,0,7,185,-0.8660254037844385,-0.5000000000000004,-0.04084439154329611,-0.9991655196610109,1,0.5455349012105487,58.886,58.886,58.876,65.61,61.34,88.06,75.44,58.881,0.005773501311586493,58.876,58.886,62.35025,3.837690894276166,88.62708333333335,15.64,27.544,21.592,446.75,617.0,43.246,37.289
2011-07-04 16:15:00,72.714,5.902,338.75,38.75,16,15,65,0,0,7,185,-0.8968727415326883,-0.44228869021900136,-0.04084439154329611,-0.9991655196610109,1,0.49071755200393774,72.714,58.886,58.876,65.61,61.34,88.06,75.44,62.340500000000006,6.915668273323352,58.876,72.714,63.061125000000004,4.6131644074333575,88.46722916666668,5.902,27.544,16.1815,390.0,560.25,66.812,46.159
2011-07-04 16:30:00,85.67999999999999,0.456,287.5,38.5,16,30,66,0,0,7,185,-0.9238795325112868,-0.3826834323650895,-0.04084439154329611,-0.9991655196610109,1,0.43388373911755823,72.714,72.714,58.886,59.496,61.834,95.812,107.322,65.8,7.983599522353203,58.886,72.714,63.772,5.172681574065467,88.30737500000002,5.902,15.64,10.771,338.75,503.5,66.812,55.028999999999996
2011-07-04 16:45:00,85.67999999999999,0.456,236.25,38.25,16,45,67,0,0,7,185,-0.9469301294951056,-0.3214394653031618,-0.04084439154329611,-0.9991655196610109,1,0.3752670048793745,85.67999999999999,72.714,58.886,59.496,61.834,95.812,107.322,72.4985,10.941434686547545,58.886,85.67999999999999,65.262375,7.4922833980486825,88.20183333333331,0.456,15.64,6.9750000000000005,287.5,446.75,85.22399999999999,65.5235
2011-07-04 17:00:00,110.626,0.0,185.0,38.0,17,0,68,0,0,7,185,-0.9659258262890683,-0.25881904510252063,-0.04084439154329611,-0.9991655196610109,1,0.3151082180236209,85.67999999999999,85.67999999999999,72.714,58.876,70.494,117.142,125.516,79.19699999999999,7.485923590311798,72.714,85.67999999999999,66.75274999999999,8.987401667520045,88.09629166666666,0.456,5.902,3.1790000000000003,236.25,390.0,85.22399999999999,76.01799999999999
2011-07-04 17:15:00,110.626,0.0,153.75,37.5,17,15,69,0,0,7,185,-0.9807852804032303,-0.19509032201612866,-0.04084439154329611,-0.9991655196610109,1,0.25365458390950735,110.626,85.67999999999999,72.714,58.876,70.494,117.142,125.516,88.675,15.859171605099302,72.714,110.626,69.261,14.193437112506425,88.02841666666666,0.0,5.902,1.7035,185.0,338.75,110.626,86.97149999999999
2011-07-04 17:30:00,120.048,0.0,122.5,37.0,17,30,70,0,0,7,185,-0.9914448613738104,-0.13052619222005163,-0.04084439154329611,-0.9991655196610109,1,0.1911586287013721,110.626,110.626,85.67999999999999,58.886,62.266,132.332,132.62,98.15299999999999,14.402579815204025,85.67999999999999,110.626,71.76925,17.570214764386744,87.96054166666666,0.0,0.456,0.228,153.75,287.5,110.626,97.925
2011-07-04 17:45:00,120.048,0.0,91.25,36.5,17,45,71,0,0,7,185,-0.9978589232386035,-0.06540312923014273,-0.04084439154329611,-0.9991655196610109,1,0.12787716168450605,120.048,110.626,85.67999999999999,58.886,62.266,132.332,132.62,106.745,14.72897774230524,85.67999999999999,120.048,75.380625,21.075325499661275,87.83258333333333,0.0,0.456,0.114,122.5,236.25,120.048,106.631
2011-07-04 18:00:00,125.932,0.012,60.0,36.0,18,0,72,0,0,7,185,-1.0,-1.8369701987210297e-16,-0.04084439154329611,-0.9991655196610109,1,0.06407021998071323,120.048,120.048,110.626,72.714,65.61,131.048,131.72,115.337,5.439794236303785,110.626,120.048,78.992,23.490492692434916,87.70462500000001,0.0,0.0,0.0,91.25,185.0,120.048,115.337
2011-07-04 18:15:00,125.932,0.012,45.0,35.75,18,15,73,0,0,7,185,-0.9978589232386036,0.06540312923014237,-0.04084439154329611,-0.9991655196610109,1,1.2246467991473532e-16,125.932,120.048,110.626,72.714,65.61,131.048,131.72,119.1635,6.3315658674078605,110.626,125.932,82.762125,25.915134445274838,87.65133333333334,0.012,0.0,0.003,60.0,153.75,125.92,119.16050000000001
2011-07-04 18:30:00,114.0,0.014,30.0,35.5,18,30,74,0,0,7,185,-0.9914448613738105,0.13052619222005127,-0.04084439154329611,-0.9991655196610109,0,0.0,125.932,125.932,120.048,85.67999999999999,59.496,133.322,132.896,122.99000000000001,3.397128983910476,120.048,125.932,86.53225,27.587357170752494,87.59804166666667,0.012,0.0,0.006,45.0,122.5,125.92,122.984
2011-07-04 18:45:00,114.0,0.014,15.0,35.25,18,45,75,0,0,7,185,-0.9807852804032304,0.1950903220161283,-0.04084439154329611,-0.9991655196610109,0,0.0,114.0,125.932,120.048,85.67999999999999,59.496,133.322,132.896,121.47800000000001,5.705015804826878,114.0,125.932,89.93875,27.390734120623126,87.39677083333333,0.014,0.0,0.0095,30.0,91.25,113.986,121.4685
2011-07-04 19:00:00,110.944,0.012,0.0,35.0,19,0,76,0,0,7,185,-0.9659258262890684,0.2588190451025203,-0.04084439154329611,-0.9991655196610109,0,0.0,114.0,114.0,125.932,110.626,58.876,124.968,137.028,119.96600000000001,6.888943411969962,114.0,125.932,93.34525,26.733623751124103,87.1955,0.014,0.012,0.013000000000000001,15.0,60.0,113.986,119.953
2011-07-04 19:15:00,110.944,0.012,0.0,34.75,19,15,77,0,0,7,185,-0.9469301294951057,0.3214394653031615,-0.04084439154329611,-0.9991655196610109,0,0.0,110.944,114.0,125.932,110.626,58.876,124.968,137.028,116.219,6.633649473202816,110.944,125.932,96.59949999999999,25.39349536134531,87.04941666666667,0.012,0.012,0.013000000000000001,0.0,45.0,110.932,116.20600000000002
2011-07-04 19:30:00,118.038,0.038,0.0,34.5,19,30,78,0,0,7,185,-0.923879532511287,0.38268343236508917,-0.04084439154329611,-0.9991655196610109,0,0.0,110.944,110.944,114.0,120.048,58.886,131.264,133.68,112.472,1.7643824226407414,110.944,114.0,99.85374999999999,23.502771523092004,86.90333333333332,0.012,0.014,0.013000000000000001,0.0,30.0,110.932,112.459
2011-07-04 19:45:00,118.038,0.038,0.0,34.25,19,45,79,0,0,7,185,-0.8968727415326884,0.442288690219001,-0.04084439154329611,-0.9991655196610109,0,0.0,118.038,110.944,114.0,120.048,58.886,131.264,133.68,113.4815,3.3619610844451615,110.944,118.038,103.55075,21.16495452865412,86.7655625,0.038,0.014,0.019,0.0,15.0,118.0,113.4625
2011-07-04 20:00:00,122.684,0.012,0.0,34.0,20,0,80,0,0,7,185,-0.8660254037844386,0.5000000000000001,-0.04084439154329611,-0.9991655196610109,0,0.0,118.038,118.038,110.944,125.932,72.714,140.596,120.892,114.491,4.095722809630036,110.944,118.038,107.24775,17.730548175394784,86.62779166666667,0.038,0.012,0.025,0.0,0.0,118.0,114.466
2011-07-04 20:15:00,122.684,0.012,0.0,33.75,20,15,81,0,0,7,185,-0.8314696123025455,0.5555702330196018,-0.04084439154329611,-0.9991655196610109,0,0.0,122.684,118.038,110.944,125.932,72.714,140.596,120.892,117.42599999999999,4.844652584722392,110.944,122.684,110.370875,15.50316193071575,86.44120833333334,0.012,0.012,0.024999999999999998,0.0,0.0,122.672,117.40100000000001
2011-07-04 20:30:00,115.798,0.012,0.0,33.5,20,30,82,0,0,7,185,-0.7933533402912357,0.6087614290087199,-0.04084439154329611,-0.9991655196610109,0,0.0,122.684,122.684,118.038,114.0,85.67999999999999,126.404,102.5,120.361,2.6823693506533246,118.038,122.684,113.494,12.062975597532297,86.25462499999999,0.012,0.038,0.024999999999999998,0.0,0.0,122.672,120.336
2011-07-04 20:45:00,115.798,0.012,0.0,33.25,20,45,83,0,0,7,185,-0.7518398074789772,0.6593458151000691,-0.04084439154329611,-0.9991655196610109,0,0.0,115.798,122.684,118.038,114.0,85.67999999999999,126.404,102.5,119.801,3.4523207653196994,115.798,122.684,115.37637500000001,9.513944690995721,86.14414583333333,0.012,0.038,0.0185,0.0,0.0,115.786,119.7825
2011-07-04 21:00:00,104.49,0.014,0.0,33.0,21,0,84,0,0,7,185,-0.7071067811865477,0.7071067811865474,-0.04084439154329611,-0.9991655196610109,0,0.0,115.798,115.798,122.684,110.944,110.626,127.632,108.4,119.241,3.9756339536386127,115.798,122.684,117.25875,5.287323601469678,86.03366666666666,0.012,0.012,0.012,0.0,0.0,115.786,119.229
2011-07-04 21:15:00,104.49,0.014,0.0,32.75,21,15,85,0,0,7,185,-0.6593458151000687,0.7518398074789775,-0.04084439154329611,-0.9991655196610109,0,0.0,104.49,115.798,122.684,110.944,110.626,127.632,108.4,114.6925,7.536562854952981,104.49,122.684,116.87525,5.977911067699578,85.79260416666666,0.014,0.012,0.0125,0.0,0.0,104.476,114.67999999999999
2011-07-04 21:30:00,112.034,0.0,0.0,32.5,21,30,86,0,0,7,185,-0.608761429008721,0.7933533402912349,-0.04084439154329611,-0.9991655196610109,0,0.0,104.49,104.49,115.798,118.038,120.048,124.1,111.228,110.14399999999999,6.528676843995511,104.49,115.798,116.49175,6.57276931488232,85.55154166666667,0.014,0.012,0.013000000000000001,0.0,0.0,104.476,110.131
2011-07-04 21:45:00,112.034,0.0,0.0,32.25,21,45,87,0,0,7,185,-0.555570233019603,0.8314696123025447,-0.04084439154329611,-0.9991655196610109,0,0.0,112.034,104.49,115.798,118.038,120.048,124.1,111.228,109.203,5.654889447783784,104.49,115.798,115.990875,6.5890315714824235,85.42585416666667,0.0,0.012,0.010000000000000002,0.0,0.0,112.034,109.19300000000001
2011-07-04 22:00:00,100.47,0.026,0.0,32.0,22,0,88,0,0,7,185,-0.5000000000000004,0.8660254037844384,-0.04084439154329611,-0.9991655196610109,0,0.0,112.034,112.034,104.49,122.684,125.932,117.924,105.782,108.262,4.355530430765342,104.49,112.034,115.49000000000001,6.5646154495135765,85.30016666666667,0.0,0.014,0.007,0.0,0.0,112.034,108.25500000000001
2011-07-04 22:15:00,100.47,0.026,0.0,32.0,22,15,89,0,0,7,185,-0.4422886902190014,0.8968727415326883,-0.04084439154329611,-0.9991655196610109,0,0.0,100.47,112.034,104.49,122.684,125.932,117.924,105.782,107.25699999999999,5.754972226981012,100.47,112.034,113.898625,6.9400196241312075,85.11835416666666,0.026,0.014,0.01,0.0,0.0,100.444,107.24700000000001
2011-07-04 22:30:00,101.902,0.014,0.0,32.0,22,30,90,0,0,7,185,-0.38268343236508956,0.9238795325112868,-0.04084439154329611,-0.9991655196610109,0,0.0,100.47,100.47,112.034,115.798,114.0,103.462,96.922,106.25200000000001,6.676478512908033,100.47,112.034,112.30725,6.915992823400475,84.93654166666667,0.026,0.0,0.013,0.0,0.0,100.444,106.239
2011-07-04 22:45:00,101.902,0.014,0.0,32.0,22,45,91,0,0,7,185,-0.32143946530316186,0.9469301294951056,-0.04084439154329611,-0.9991655196610109,0,0.0,101.902,100.47,112.034,115.798,114.0,103.462,96.922,103.71900000000001,5.58428497362515,100.47,112.034,111.551125,7.365326766907708,84.92029166666667,0.014,0.0,0.0165,0.0,0.0,101.888,103.70250000000001
2011-07-04 23:00:00,111.29,0.0,0.0,32.0,23,0,92,0,0,7,185,-0.25881904510252157,0.9659258262890681,-0.04084439154329611,-0.9991655196610109,0,0.0,101.902,101.902,100.47,104.49,110.944,111.732,109.592,101.18599999999999,0.826765585472642,100.47,101.902,110.795,7.710086899639594,84.90404166666667,0.014,0.026,0.02,0.0,0.0,101.888,101.166
2011-07-04 23:15:00,111.29,0.0,0.0,31.75,23,15,93,0,0,7,185,-0.19509032201612872,0.9807852804032303,-0.04084439154329611,-0.9991655196610109,0,0.0,111.29,101.902,100.47,104.49,110.944,111.732,109.592,103.891,4.97864385818625,100.47,111.29,110.816625,7.711017839212976,84.8994375,0.0,0.026,0.013499999999999998,0.0,0.0,111.29,103.87750000000001
2011-07-04 23:30:00,124.966,0.0,0.0,31.5,23,30,94,0,0,7,185,-0.13052619222005168,0.9914448613738104,-0.04084439154329611,-0.9991655196610109,0,0.0,111.29,111.29,101.902,112.034,118.038,126.728,125.184,106.596,5.4201643271512285,101.902,111.29,110.83825,7.711883985122837,84.89483333333334,0.0,0.014,0.006999999999999999,0.0,0.0,111.29,106.58900000000001
2011-07-04 23:45:00,124.966,0.0,0.0,31.25,23,45,95,0,0,7,185,-0.0654031292301428,0.9978589232386035,-0.04084439154329611,-0.9991655196610109,0,0.0,124.966,111.29,101.902,112.034,118.038,126.728,125.184,112.362,9.496855339180618,101.902,124.966,111.27125000000001,8.314062043710077,84.87647916666667,0.0,0.014,0.003499999999999999,0.0,0.0,124.966,112.35849999999999
2011-07-05 00:00:00,129.082,0.048,0.0,31.0,0,0,0,1,0,7,186,0.0,1.0,-0.05802556932878035,-0.9983150972033183,0,0.0,124.966,124.966,111.29,100.47,122.684,129.506,130.904,118.128,7.895842281436739,111.29,124.966,111.70425,8.852916141023464,84.858125,0.0,0.0,0.0,0.0,0.0,124.966,118.128
2011-07-05 00:15:00,129.082,0.048,0.0,31.0,0,15,1,1,0,7,186,0.06540312923014306,0.9978589232386035,-0.05802556932878035,-0.9983150972033183,0,0.0,129.082,124.966,111.29,100.47,122.684,129.506,130.904,122.576,7.7701572699650905,111.29,129.082,112.10412500000001,9.502577712564467,84.85370833333333,0.048,0.0,0.012,0.0,0.0,129.034,122.564
2011-07-05 00:30:00,104.128,0.0,0.0,31.0,0,30,2,1,0,7,186,0.13052619222005157,0.9914448613738104,-0.05802556932878035,-0.9983150972033183,0,0.0,129.082,129.082,124.966,101.902,115.798,102.856,100.974,127.02399999999999,2.37637370798281,124.966,129.082,112.50399999999999,10.093697148880917,84.84929166666667,0.048,0.0,0.024,0.0,0.0,129.034,126.99999999999999
2011-07-05 00:45:00,104.128,0.0,0.0,31.0,0,45,3,1,0,7,186,0.19509032201612825,0.9807852804032304,-0.05802556932878035,-0.9983150972033183,0,0.0,104.128,129.082,124.966,101.902,115.798,102.856,100.974,121.8145,11.949579448666432,104.128,129.082,111.774625,10.26007136346171,84.86254166666667,0.0,0.0,0.024,0.0,0.0,104.128,121.7905
2011-07-05 01:00:00,90.738,0.014,0.0,31.0,1,0,4,1,0,7,186,0.25881904510252074,0.9659258262890683,-0.05802556932878035,-0.9983150972033183,0,0.0,104.128,104.128,129.082,111.29,104.49,97.376,95.73,116.60499999999999,14.407198617357588,104.128,129.082,111.04525,10.369209185532295,84.87579166666667,0.0,0.048,0.024,0.0,0.0,104.128,116.58099999999999
2011-07-05 01:15:00,90.738,0.014,0.0,30.75,1,15,5,1,0,7,186,0.3214394653031616,0.9469301294951057,-0.05802556932878035,-0.9983150972033183,0,0.0,90.738,104.128,129.082,111.29,104.49,97.376,95.73,107.019,16.005860301776632,90.738,129.082,110.18575,11.461241186421637,84.80664583333333,0.014,0.048,0.0155,0.0,0.0,90.724,107.0035
2011-07-05 01:30:00,81.028,0.012,0.0,30.5,1,30,6,1,0,7,186,0.3826834323650898,0.9238795325112867,-0.05802556932878035,-0.9983150972033183,0,0.0,90.738,90.738,104.128,124.966,112.034,72.608,79.578,97.43299999999999,7.73072010444831,90.738,104.128,109.32625,12.394499616092938,84.7375,0.014,0.0,0.007,0.0,0.0,90.724,97.426
2011-07-05 01:45:00,81.028,0.012,0.0,30.25,1,45,7,1,0,7,186,0.44228869021900125,0.8968727415326884,-0.05802556932878035,-0.9983150972033183,0,0.0,81.028,90.738,104.128,124.966,112.034,72.608,79.578,91.658,9.490180890442527,81.028,104.128,107.388375,14.230782601459254,84.82520833333334,0.012,0.0,0.01,0.0,0.0,81.016,91.64800000000001
2011-07-05 02:00:00,66.208,0.012,0.0,30.0,2,0,8,1,0,7,186,0.49999999999999994,0.8660254037844387,-0.05802556932878035,-0.9983150972033183,0,0.0,81.028,81.028,90.738,129.082,100.47,55.088,64.22,85.88300000000001,5.6060711138300645,81.028,90.738,105.45049999999999,15.60113112993188,84.91291666666667,0.012,0.014,0.013000000000000001,0.0,0.0,81.016,85.87
2011-07-05 02:15:00,66.208,0.012,0.0,30.0,2,15,9,1,0,7,186,0.5555702330196022,0.8314696123025452,-0.05802556932878035,-0.9983150972033183,0,0.0,66.208,81.028,90.738,129.082,100.47,55.088,64.22,79.7505,10.12239225677338,66.208,90.738,103.30912500000001,18.425941900393145,85.02875,0.012,0.014,0.0125,0.0,0.0,66.196,79.738
2011-07-05 02:30:00,53.414,0.0,0.0,30.0,2,30,10,1,0,7,186,0.6087614290087207,0.7933533402912352,-0.05802556932878035,-0.9983150972033183,0,0.0,66.208,66.208,81.028,104.128,101.902,52.37,59.148,73.618,8.556330989389364,66.208,81.028,101.16775000000001,20.636206174262377,85.14458333333333,0.012,0.012,0.012,0.0,0.0,66.196,73.606
2011-07-05 02:45:00,53.414,0.0,0.0,30.0,2,45,11,1,0,7,186,0.6593458151000688,0.7518398074789774,-0.05802556932878035,-0.9983150972033183,0,0.0,53.414,66.208,81.028,104.128,101.902,52.37,59.148,66.7145,11.288529089300496,53.414,81.028,98.13725000000001,23.83377674785651,85.15545833333333,0.0,0.012,0.009000000000000001,0.0,0.0,53.414,66.7055
2011-07-05 03:00:00,60.772,0.012,0.0,30.0,3,0,12,1,0,7,186,0.7071067811865476,0.7071067811865476,-0.05802556932878035,-0.9983150972033183,0,0.0,53.414,53.414,66.208,90.738,111.29,55.382000000000005,55.556,59.811,7.38661934401086,53.414,66.208,95.10675,26.280267090220633,85.16633333333333,0.0,0.012,0.006,0.0,0.0,53.414,59.805
2011-07-05 03:15:00,60.772,0.012,0.0,30.0,3,15,13,1,0,7,186,0.7518398074789774,0.6593458151000688,-0.05802556932878035,-0.9983150972033183,0,0.0,60.772,53.414,66.208,90.738,111.29,55.382000000000005,55.556,58.452,6.226310410934809,53.414,66.208,91.949375,27.224082208894906,85.22247916666667,0.012,0.012,0.006,0.0,0.0,60.76,58.446
2011-07-05 03:30:00,55.574,0.012,0.0,30.0,3,30,14,1,0,7,186,0.7933533402912352,0.6087614290087207,-0.05802556932878035,-0.9983150972033183,0,0.0,60.772,60.772,53.414,81.028,124.966,56.464,49.302,57.093,4.2481432806951,53.414,60.772,88.792,27.755749492072255,85.27862499999999,0.012,0.0,0.006,0.0,0.0,60.76,57.087
2011-07-05 03:45:00,55.574,0.012,0.0,30.0,3,45,15,1,0,7,186,0.8314696123025451,0.5555702330196024,-0.05802556932878035,-0.9983150972033183,0,0.0,55.574,60.772,53.414,81.028,124.966,56.464,49.302,57.633,3.730329922850664,53.414,60.772,84.455,27.14117240405563,85.26935416666667,0.012,0.0,0.009000000000000001,0.0,0.0,55.562,57.624
2011-07-05 04:00:00,51.236,0.0,0.0,30.0,4,0,16,1,0,7,186,0.8660254037844386,0.5000000000000001,-0.05802556932878035,-0.9983150972033183,0,0.0,55.574,55.574,60.772,66.208,129.082,57.888,52.098,58.173,3.0010666992446464,55.574,60.772,80.11800000000001,25.74447063999062,85.26008333333333,0.012,0.012,0.012,0.0,0.0,55.562,58.161
2011-07-05 04:15:00,51.236,0.0,0.0,30.0,4,15,17,1,0,7,186,0.8968727415326884,0.44228869021900125,-0.05802556932878035,-0.9983150972033183,0,0.0,51.236,55.574,60.772,66.208,129.082,57.888,52.098,55.789,3.9009634707314746,51.236,60.772,75.252625,23.093452425236773,85.19079166666667,0.0,0.012,0.009000000000000001,0.0,0.0,51.236,55.78
2011-07-05 04:30:00,60.448,0.014,0.0,30.0,4,30,18,1,0,7,186,0.9238795325112867,0.38268343236508984,-0.05802556932878035,-0.9983150972033183,0,0.0,51.236,51.236,55.574,53.414,104.128,60.428,60.094,53.405,2.5045454677407806,51.236,55.574,70.38725000000001,18.79726904810047,85.1215,0.0,0.012,0.006,0.0,0.0,51.236,53.399
2011-07-05 04:45:00,60.448,0.014,0.0,30.0,4,45,19,1,0,7,186,0.9469301294951056,0.3214394653031617,-0.05802556932878035,-0.9983150972033183,0,0.0,60.448,51.236,55.574,53.414,104.128,60.428,60.094,54.6235,4.388567078213701,51.236,60.448,67.65725,16.615582916848776,85.12170833333333,0.014,0.012,0.006500000000000001,0.0,0.0,60.434,54.617
2011-07-05 05:00:00,67.756,0.026,0.0,30.0,5,0,20,1,0,7,186,0.9659258262890683,0.25881904510252074,-0.05802556932878035,-0.9983150972033183,0,0.0,60.448,60.448,51.236,60.772,90.738,67.162,67.294,55.842,5.318550679773082,51.236,60.448,64.92725,13.524730964669052,85.12191666666668,0.014,0.0,0.007,0.0,0.0,60.434,55.835
2011-07-05 05:15:00,67.756,0.026,16.5,30.25,5,15,21,1,0,7,186,0.9807852804032304,0.19509032201612833,-0.05802556932878035,-0.9983150972033183,0,0.0,67.756,60.448,51.236,60.772,90.738,67.162,67.294,59.971999999999994,6.766621609044069,51.236,67.756,63.490875,11.697781714924059,85.12810416666666,0.026,0.0,0.0135,0.0,0.0,67.73,59.9585
2011-07-05 05:30:00,60.752,0.01,33.0,30.5,5,30,22,1,0,7,186,0.9914448613738104,0.1305261922200517,-0.05802556932878035,-0.9983150972033183,0,0.0,67.756,67.756,60.448,55.574,81.028,60.164,59.556,64.102,4.219275767235757,60.448,67.756,62.0545,9.292814987936227,85.13429166666667,0.026,0.014,0.02,16.5,0.0,67.73,64.082
2011-07-05 05:45:00,60.752,0.01,49.5,30.75,5,45,23,1,0,7,186,0.9978589232386035,0.06540312923014327,-0.05802556932878035,-0.9983150972033183,0,0.0,60.752,67.756,60.448,55.574,81.028,60.164,59.556,64.178,4.133382150247288,60.448,67.756,60.78725,7.794674245920261,85.14041666666667,0.01,0.014,0.019,33.0,0.0,60.742000000000004,64.159
2011-07-05 06:00:00,66.284,0.02,66.0,31.0,6,0,24,1,0,7,186,1.0,6.123233995736766e-17,-0.05802556932878035,-0.9983150972033183,1,0.0,60.752,60.752,67.756,51.236,66.208,70.636,63.372,64.254,4.043761285402026,60.752,67.756,59.519999999999996,5.633073287884656,85.14654166666666,0.01,0.026,0.018000000000000002,49.5,0.0,60.742000000000004,64.236
2011-07-05 06:15:00,66.284,0.02,105.5,31.5,6,15,25,1,0,7,186,0.9978589232386035,-0.06540312923014314,-0.05802556932878035,-0.9983150972033183,1,0.06407021998071291,66.284,60.752,67.756,51.236,66.208,70.636,63.372,63.885999999999996,3.6683882019195915,60.752,67.756,59.52475,5.639117608279951,85.10120833333333,0.02,0.026,0.0165,66.0,16.5,66.26400000000001,63.8695
2011-07-05 06:30:00,88.652,0.02,145.0,32.0,6,30,26,1,0,7,186,0.9914448613738104,-0.1305261922200516,-0.05802556932878035,-0.9983150972033183,1,0.127877161684506,66.284,66.284,60.752,60.448,53.414,79.926,77.096,63.51800000000001,3.193901689154317,60.752,66.284,59.5295,5.645151193724841,85.055875,0.02,0.01,0.015000000000000001,105.5,33.0,66.26400000000001,63.50300000000001
2011-07-05 06:45:00,88.652,0.02,184.5,32.5,6,45,27,1,0,7,186,0.9807852804032304,-0.1950903220161282,-0.05802556932878035,-0.9983150972033183,1,0.1911586287013723,88.652,66.284,60.752,60.448,53.414,79.926,77.096,70.49300000000001,12.38369524818759,60.752,88.652,61.731875,8.985652844953016,85.14677083333333,0.02,0.01,0.0175,145.0,49.5,88.632,70.47550000000001
2011-07-05 07:00:00,93.592,1.09,224.0,33.0,7,0,28,1,0,7,186,0.9659258262890683,-0.25881904510252063,-0.05802556932878035,-0.9983150972033183,1,0.25365458390950735,88.652,88.652,66.284,67.756,60.772,87.002,72.30799999999999,77.468,12.914170821232968,66.284,88.652,63.934250000000006,10.921013844877749,85.23766666666667,0.02,0.02,0.02,184.5,66.0,88.632,77.44800000000001
2011-07-05 07:15:00,93.592,1.09,269.75,33.25,7,15,29,1,0,7,186,0.9469301294951057,-0.3214394653031616,-0.05802556932878035,-0.9983150972033183,1,0.31510821802362066,93.592,88.652,66.284,67.756,60.772,87.002,72.30799999999999,84.295,12.231070108538585,66.284,93.592,65.9855,13.143536906023838,85.3063125,1.09,0.02,0.28750000000000003,224.0,105.5,92.502,84.00750000000001
2011-07-05 07:30:00,107.718,9.02,315.5,33.5,7,30,30,1,0,7,186,0.9238795325112868,-0.3826834323650895,-0.05802556932878035,-0.9983150972033183,1,0.3752670048793741,93.592,93.592,88.652,60.752,55.574,114.57,76.54,91.12199999999999,2.852110329794501,88.652,93.592,68.03675,14.739752759120824,85.37495833333332,1.09,0.02,0.555,269.75,145.0,92.502,90.56700000000001
2011-07-05 07:45:00,107.718,9.02,361.25,33.75,7,45,31,1,0,7,186,0.8968727415326884,-0.44228869021900113,-0.05802556932878035,-0.9983150972033183,1,0.4338837391175581,107.718,93.592,88.652,60.752,55.574,114.57,76.54,95.8885,8.222972434992997,88.652,107.718,71.29575,17.33637570543534,85.30358333333334,9.02,0.02,2.8049999999999997,315.5,184.5,98.69800000000001,93.0835
2011-07-05 08:00:00,109.566,23.466,407.0,34.0,8,0,32,1,0,7,186,0.8660254037844387,-0.4999999999999998,-0.05802556932878035,-0.9983150972033183,1,0.49071755200393785,107.718,107.718,93.592,66.284,51.236,103.084,100.984,100.655,8.155649902571964,93.592,107.718,74.55475,19.004768550726272,85.23220833333333,9.02,1.09,5.055,361.25,224.0,98.69800000000001,95.6
2011-07-05 08:15:00,109.566,23.466,432.5,34.0,8,15,33,1,0,7,186,0.8314696123025451,-0.5555702330196023,-0.05802556932878035,-0.9983150972033183,1,0.5455349012105487,109.566,107.718,93.592,66.284,51.236,103.084,100.984,104.64850000000001,7.422301058296502,93.592,109.566,78.20037500000001,19.81092734452394,85.29972916666667,23.466,1.09,10.649000000000001,407.0,269.75,86.1,93.9995
2011-07-05 08:30:00,94.574,40.506,458.0,34.0,8,30,34,1,0,7,186,0.7933533402912352,-0.6087614290087207,-0.05802556932878035,-0.9983150972033183,1,0.598110530491216,109.566,109.566,107.718,88.652,60.448,87.196,107.164,108.64200000000001,1.0669432974577422,107.718,109.566,81.846,19.88494948447205,85.36725,23.466,9.02,16.243,432.5,315.5,86.1,92.399
2011-07-05 08:45:00,94.574,40.506,483.5,34.0,8,45,35,1,0,7,186,0.7518398074789774,-0.6593458151000688,-0.05802556932878035,-0.9983150972033183,1,0.6482283953077883,94.574,109.566,107.718,88.652,60.448,87.196,107.164,105.35600000000001,7.240597765377488,94.574,109.566,83.978875,19.257049493194376,85.44410416666666,40.506,9.02,24.1145,458.0,361.25,54.068,81.2415
2011-07-05 09:00:00,88.672,57.25,509.0,34.0,9,0,36,1,0,7,186,0.7071067811865476,-0.7071067811865475,-0.05802556932878035,-0.9983150972033183,1,0.6956825506034864,94.574,94.574,109.566,93.592,67.756,80.478,98.06,102.07,8.65563523569023,94.574,109.566,86.11175,18.34534896733603,85.52095833333334,40.506,23.466,31.986,483.5,407.0,54.068,70.084
2011-07-05 09:15:00,88.672,57.25,579.25,34.25,9,15,37,1,0,7,186,0.659345815100069,-0.7518398074789773,-0.05802556932878035,-0.9983150972033183,1,0.7402779970753155,88.672,94.574,109.566,93.592,67.756,80.478,98.06,96.84649999999999,8.924435425653249,88.672,109.566,87.41900000000001,17.68343162775078,85.6063125,57.25,23.466,40.432,509.0,432.5,31.421999999999997,56.4145
2011-07-05 09:30:00,78.898,71.88,649.5,34.5,9,30,38,1,0,7,186,0.6087614290087209,-0.793353340291235,-0.05802556932878035,-0.9983150972033183,1,0.7818314824680298,88.672,88.672,94.574,107.718,60.752,74.784,94.154,91.62299999999999,3.40752128875528,88.672,94.574,88.72625000000001,16.888162147887382,85.69166666666666,57.25,40.506,48.878,579.25,458.0,31.421999999999997,42.745
2011-07-05 09:45:00,78.898,71.88,719.75,34.75,9,45,39,1,0,7,186,0.5555702330196025,-0.831469612302545,-0.05802556932878035,-0.9983150972033183,1,0.8201722545969559,78.898,88.672,94.574,107.718,60.752,74.784,94.154,87.704,6.496578176239119,78.898,94.574,89.860375,15.430718958730854,85.73452083333332,71.88,40.506,56.721500000000006,649.5,483.5,7.018000000000001,30.982499999999998
2011-07-05 10:00:00,78.078,83.886,790.0,35.0,10,0,40,1,0,7,186,0.49999999999999994,-0.8660254037844387,-0.05802556932878035,-0.9983150972033183,1,0.8551427630053461,78.898,78.898,88.672,109.566,66.284,70.018,97.692,83.785,5.643021531058129,78.898,88.672,90.9945,13.720793592208947,85.777375,71.88,57.25,64.565,719.75,509.0,7.018000000000001,19.22
2011-07-05 10:15:00,78.078,83.886,791.25,35.0,10,15,41,1,0,7,186,0.4422886902190017,-0.8968727415326881,-0.05802556932878035,-0.9983150972033183,1,0.886599306373,78.078,78.898,88.672,109.566,66.284,70.018,97.692,81.1365,5.038516547554957,78.078,88.672,91.73162500000001,12.573613009659098,85.86133333333333,83.886,57.25,71.22399999999999,790.0,579.25,-5.807999999999993,9.912500000000001
2011-07-05 10:30:00,65.102,93.066,792.5,35.0,10,30,42,1,0,7,186,0.3826834323650899,-0.9238795325112867,-0.05802556932878035,-0.9983150972033183,1,0.9144126230158125,78.078,78.078,78.898,94.574,88.652,71.632,87.06,78.488,0.4734272207192611,78.078,78.898,92.46875,11.25931426864006,85.94529166666666,83.886,71.88,77.883,791.25,649.5,-5.807999999999993,0.605000000000004
2011-07-05 10:45:00,65.102,93.066,793.75,35.0,10,45,43,1,0,7,186,0.32143946530316175,-0.9469301294951056,-0.05802556932878035,-0.9983150972033183,1,0.9384684220497604,65.102,78.078,78.898,94.574,88.652,71.632,87.06,75.039,6.635934799758858,65.102,78.898,90.996875,13.168880326360403,85.87727083333334,93.066,71.88,83.17949999999999,792.5,719.75,-27.964,-8.140499999999996
2011-07-05 11:00:00,57.69,98.656,795.0,35.0,11,0,44,1,0,7,186,0.258819045102521,-0.9659258262890682,-0.05802556932878035,-0.9983150972033183,1,0.9586678530366606,65.102,65.102,78.078,88.672,93.592,60.51,87.748,71.59,7.491697093003471,65.102,78.078,89.525,14.678043902373455,85.80925,93.066,83.886,88.476,793.75,790.0,-27.964,-16.885999999999996
2011-07-05 11:15:00,57.69,98.656,737.25,34.75,11,15,45,1,0,7,186,0.19509032201612816,-0.9807852804032304,-0.05802556932878035,-0.9983150972033183,1,0.9749279121818236,57.69,65.102,78.078,88.672,93.592,60.51,87.748,66.493,8.476925464654958,57.69,78.078,87.281125,16.62937506893559,85.779875,98.656,83.886,92.16850000000001,795.0,791.25,-40.96600000000001,-25.6755
2011-07-05 11:30:00,52.66,99.554,679.5,34.5,11,30,46,1,0,7,186,0.130526192220052,-0.9914448613738104,-0.05802556932878035,-0.9983150972033183,1,0.9871817834144501,57.69,57.69,65.102,78.898,107.718,55.644,76.744,61.396,4.2793201952313185,57.69,65.102,85.03725,18.07998831673675,85.7505,98.656,93.066,95.861,737.25,792.5,-40.96600000000001,-34.465
2011-07-05 11:45:00,52.66,99.554,621.75,34.25,11,45,47,1,0,7,186,0.06540312923014312,-0.9978589232386035,-0.05802556932878035,-0.9983150972033183,1,0.9953791129491982,52.66,57.69,65.102,78.898,107.718,55.644,76.744,58.2855,5.125757277383246,52.66,65.102,81.596125,18.70418509273629,85.71941666666667,99.554,93.066,97.483,679.5,793.75,-46.894000000000005,-39.197500000000005
2011-07-05 12:00:00,54.34,98.728,564.0,34.0,12,0,48,1,0,7,186,1.2246467991473532e-16,-1.0,-0.05802556932878035,-0.9983150972033183,1,0.9994862162006879,52.66,52.66,57.69,78.078,109.566,61.34,68.62,55.175,2.9040718540203687,52.66,57.69,78.155,18.642574242845487,85.68833333333333,99.554,98.656,99.105,621.75,795.0,-46.894000000000005,-43.93000000000001
2011-07-05 12:15:00,54.34,98.728,466.25,34.0,12,15,49,1,0,7,186,-0.06540312923014287,-0.9978589232386035,-0.05802556932878035,-0.9983150972033183,1,0.9994862162006879,54.34,52.66,57.69,78.078,109.566,61.34,68.62,54.3375,2.37116532531576,52.66,57.69,74.703375,17.517738586454026,85.61541666666666,98.728,98.656,99.12299999999999,564.0,737.25,-44.38799999999999,-44.7855
2011-07-05 12:30:00,55.636,93.514,368.5,34.0,12,30,50,1,0,7,186,-0.13052619222005177,-0.9914448613738104,-0.05802556932878035,-0.9983150972033183,1,0.9953791129491982,54.34,54.34,52.66,65.102,94.574,61.834,71.406,53.5,0.9699484522280671,52.66,54.34,71.25175,15.51711411098537,85.5425,98.728,99.554,99.14099999999999,466.25,679.5,-44.38799999999999,-45.641
2011-07-05 12:45:00,55.636,93.514,270.75,34.0,12,45,51,1,0,7,186,-0.19509032201612792,-0.9807852804032305,-0.05802556932878035,-0.9983150972033183,1,0.9871817834144502,55.636,54.34,52.66,65.102,94.574,61.834,71.406,54.244,1.2199934425970411,52.66,55.636,68.81812500000001,14.6443988558769,85.4779375,93.514,99.554,97.631,368.5,621.75,-37.87799999999999,-43.38699999999999
2011-07-05 13:00:00,53.378,88.008,173.0,34.0,13,0,52,1,0,7,186,-0.2588190451025208,-0.9659258262890683,-0.05802556932878035,-0.9983150972033183,1,0.9749279121818236,55.636,55.636,54.34,57.69,88.672,70.494,66.104,54.988,0.7482459488563422,54.34,55.636,66.3845,13.247689358274624,85.41337500000002,93.514,98.728,96.121,270.75,564.0,-37.87799999999999,-41.132999999999996
2011-07-05 13:15:00,53.378,88.008,166.0,34.0,13,15,53,1,0,7,186,-0.32143946530316153,-0.9469301294951057,-0.05802556932878035,-0.9983150972033183,1,0.9586678530366607,53.378,55.636,54.34,57.69,88.672,70.494,66.104,54.7475,1.0985522290632703,53.378,55.636,64.178625,12.184967059865611,85.23508333333332,88.008,98.728,93.44099999999999,173.0,466.25,-34.629999999999995,-38.69349999999999
2011-07-05 13:30:00,58.314,78.864,159.0,34.0,13,30,54,1,0,7,186,-0.38268343236508967,-0.9238795325112868,-0.05802556932878035,-0.9983150972033183,1,0.9384684220497604,53.378,53.378,55.636,52.66,78.898,62.266,65.976,54.507000000000005,1.3036569078224405,53.378,55.636,61.972750000000005,10.538738896724977,85.05679166666667,88.008,93.514,90.761,166.0,368.5,-34.629999999999995,-36.25399999999999
2011-07-05 13:45:00,58.314,78.864,152.0,34.0,13,45,55,1,0,7,186,-0.44228869021900147,-0.8968727415326883,-0.05802556932878035,-0.9983150972033183,1,0.9144126230158125,58.314,53.378,55.636,52.66,78.898,62.266,65.976,55.176500000000004,2.3469306906354586,53.378,58.314,60.68625,9.544339722230365,85.015625,78.864,93.514,87.0985,159.0,270.75,-20.550000000000004,-31.921999999999997
2011-07-05 14:00:00,52.98,65.51,145.0,34.0,14,0,56,1,0,7,186,-0.4999999999999997,-0.8660254037844388,-0.05802556932878035,-0.9983150972033183,1,0.8865993063730001,58.314,58.314,53.378,54.34,78.078,65.61,62.896,55.846,2.8498009287165003,53.378,58.314,59.39975,8.221495107339752,84.97445833333333,78.864,88.008,83.43599999999999,152.0,173.0,-20.550000000000004,-27.59
2011-07-05 14:15:00,52.98,65.51,167.25,34.0,14,15,57,1,0,7,186,-0.555570233019602,-0.8314696123025455,-0.05802556932878035,-0.9983150972033183,1,0.8551427630053462,52.98,58.314,53.378,54.34,78.078,65.61,62.896,55.7465,2.9691428055888593,52.98,58.314,57.831125,6.667640980887614,84.84289583333334,65.51,88.008,77.8115,145.0,166.0,-12.530000000000008,-22.065000000000005
2011-07-05 14:30:00,58.224,48.64,189.5,34.0,14,30,58,1,0,7,186,-0.6087614290087207,-0.7933533402912352,-0.05802556932878035,-0.9983150972033183,1,0.820172254596956,52.98,52.98,58.314,55.636,65.102,59.496,55.684,55.647000000000006,3.079586335854228,52.98,58.314,56.2625,4.009070216398367,84.71133333333333,65.51,78.864,72.18700000000001,167.25,159.0,-12.530000000000008,-16.540000000000006
2011-07-05 14:45:00,58.224,48.64,211.75,34.0,14,45,59,1,0,7,186,-0.6593458151000688,-0.7518398074789774,-0.05802556932878035,-0.9983150972033183,1,0.7818314824680299,58.224,52.98,58.314,55.636,65.102,59.496,55.684,55.6245,3.053826615900133,52.98,58.314,55.83262499999999,3.304983124013281,84.69808333333334,48.64,78.864,64.631,189.5,152.0,9.583999999999996,-9.006500000000006
2011-07-05 15:00:00,63.428,34.278,234.0,34.0,15,0,60,1,0,7,186,-0.7071067811865471,-0.7071067811865479,-0.05802556932878035,-0.9983150972033183,1,0.7402779970753155,58.224,58.224,52.98,53.378,57.69,58.876,69.212,55.602,3.0276248116271027,52.98,58.224,55.40275,2.3192582578659473,84.68483333333334,48.64,65.51,57.075,211.75,145.0,9.583999999999996,-1.473000000000006
2011-07-05 15:15:00,63.428,34.278,236.0,33.75,15,15,61,1,0,7,186,-0.7518398074789773,-0.6593458151000691,-0.05802556932878035,-0.9983150972033183,1,0.6956825506034865,63.428,58.224,52.98,53.378,57.69,58.876,69.212,58.214,4.26539376845568,52.98,63.428,55.761375,3.0309483416931733,84.73225000000001,34.278,65.51,49.267,234.0,167.25,29.15,8.946999999999996
2011-07-05 15:30:00,66.244,19.394,238.0,33.5,15,30,62,1,0,7,186,-0.7933533402912349,-0.6087614290087209,-0.05802556932878035,-0.9983150972033183,1,0.6482283953077884,63.428,63.428,58.224,58.314,52.66,58.886,72.858,60.82599999999999,3.0045308008596554,58.224,63.428,56.12,3.56650596522878,84.77966666666667,34.278,48.64,41.458999999999996,236.0,189.5,29.15,19.366999999999997
2011-07-05 15:45:00,66.244,19.394,240.0,33.25,15,45,63,1,0,7,186,-0.8314696123025452,-0.5555702330196022,-0.05802556932878035,-0.9983150972033183,1,0.5981105304912161,66.244,63.428,58.224,58.314,52.66,58.886,72.858,62.830999999999996,3.345934647695327,58.224,66.244,56.969,4.240993845788057,84.8563125,19.394,48.64,34.1475,238.0,211.75,46.85,28.683499999999995
2011-07-05 16:00:00,66.962,7.0360000000000005,242.0,33.0,16,0,64,1,0,7,186,-0.8660254037844385,-0.5000000000000004,-0.05802556932878035,-0.9983150972033183,1,0.5455349012105487,66.244,66.244,63.428,52.98,54.34,72.714,88.06,64.836,1.6258183580323713,63.428,66.244,57.818,4.65986952607172,84.93295833333333,19.394,34.278,26.836,240.0,234.0,46.85,38.0
2011-07-05 16:15:00,66.962,7.0360000000000005,214.5,33.0,16,15,65,1,0,7,186,-0.8968727415326883,-0.44228869021900136,-0.05802556932878035,-0.9983150972033183,1,0.49071755200393774,66.962,66.244,63.428,52.98,54.34,72.714,88.06,65.7195,1.5647128597015005,63.428,66.962,58.606875,5.081173301185297,84.87304166666667,7.0360000000000005,34.278,20.0255,242.0,236.0,59.926,45.694
2011-07-05 16:30:00,91.896,0.72,187.0,33.0,16,30,66,1,0,7,186,-0.9238795325112868,-0.3826834323650895,-0.05802556932878035,-0.9983150972033183,1,0.43388373911755823,66.962,66.962,66.244,58.224,55.636,85.67999999999999,95.812,66.60300000000001,0.41453749325654365,66.244,66.962,59.39575,5.3473952724678355,84.813125,7.0360000000000005,19.394,13.215,214.5,238.0,59.926,53.388000000000005
2011-07-05 16:45:00,91.896,0.72,159.5,33.0,16,45,67,1,0,7,186,-0.9469301294951056,-0.3214394653031618,-0.05802556932878035,-0.9983150972033183,1,0.3752670048793745,91.896,66.962,66.244,58.224,55.636,85.67999999999999,95.812,73.016,12.591216727014508,66.244,91.896,61.662,9.62245931142401,84.877875,0.72,19.394,8.5465,187.0,240.0,91.176,64.4695
2011-07-05 17:00:00,117.492,0.004,132.0,33.0,17,0,68,1,0,7,186,-0.9659258262890683,-0.25881904510252063,-0.05802556932878035,-0.9983150972033183,1,0.3151082180236209,91.896,91.896,66.962,63.428,53.378,110.626,117.142,79.429,14.39565161197359,66.962,91.896,63.928250000000006,12.067818645748558,84.942625,0.72,7.0360000000000005,3.878,159.5,242.0,91.176,75.551
2011-07-05 17:15:00,117.492,0.004,105.75,32.75,17,15,69,1,0,7,186,-0.9807852804032303,-0.19509032201612866,-0.05802556932878035,-0.9983150972033183,1,0.25365458390950735,117.492,91.896,66.962,63.428,53.378,110.626,117.142,92.06150000000001,20.62967127707048,66.962,117.492,67.935375,17.67359316371957,85.01414583333333,0.004,7.0360000000000005,2.1199999999999997,132.0,214.5,117.488,89.9415
2011-07-05 17:30:00,140.232,0.014,79.5,32.5,17,30,70,1,0,7,186,-0.9914448613738104,-0.13052619222005163,-0.05802556932878035,-0.9983150972033183,1,0.1911586287013721,117.492,117.492,91.896,66.244,58.314,120.048,132.332,104.69399999999999,14.77785749017729,91.896,117.492,71.94250000000001,21.09086300115148,85.08566666666667,0.004,0.72,0.362,105.75,187.0,117.488,104.33200000000001
2011-07-05 17:45:00,140.232,0.014,53.24999999999999,32.25,17,45,71,1,0,7,186,-0.9978589232386035,-0.06540312923014273,-0.05802556932878035,-0.9983150972033183,1,0.12787716168450605,140.232,117.492,91.896,66.244,58.314,120.048,132.332,116.778,19.750304909038526,91.896,140.232,77.062375,26.74656041406705,85.29591666666667,0.014,0.72,0.1855,79.5,159.5,140.218,116.5925
2011-07-05 18:00:00,146.298,0.028,27.0,32.0,18,0,72,1,0,7,186,-1.0,-1.8369701987210297e-16,-0.05802556932878035,-0.9983150972033183,1,0.06407021998071323,140.232,140.232,117.492,66.962,52.98,125.932,131.048,128.862,13.128945121371833,117.492,140.232,82.18225,30.496084390185846,85.50616666666666,0.014,0.004,0.009000000000000001,53.24999999999999,132.0,140.218,128.853
2011-07-05 18:15:00,146.298,0.028,20.25,31.75,18,15,73,1,0,7,186,-0.9978589232386036,0.06540312923014237,-0.05802556932878035,-0.9983150972033183,1,1.2246467991473532e-16,146.298,140.232,117.492,66.962,52.98,125.932,131.048,136.0635,12.706932320587624,117.492,146.298,88.014625,33.33062642650653,85.71831250000001,0.028,0.004,0.015,27.0,105.75,146.27,136.0485
2011-07-05 18:30:00,158.01,0.004,13.5,31.5,18,30,74,1,0,7,186,-0.9914448613738105,0.13052619222005127,-0.05802556932878035,-0.9983150972033183,0,0.0,146.298,146.298,140.232,91.896,58.224,114.0,133.322,143.26500000000001,3.5022067329036153,140.232,146.298,93.84700000000001,34.91821029396171,85.93045833333333,0.028,0.014,0.021,20.25,79.5,146.27,143.244
2011-07-05 18:45:00,158.01,0.004,6.75,31.25,18,45,75,1,0,7,186,-0.9807852804032304,0.1950903220161283,-0.05802556932878035,-0.9983150972033183,0,0.0,158.01,146.298,140.232,91.896,58.224,114.0,133.322,147.7095,7.438592407169234,140.232,158.01,100.083625,36.981784461858126,86.38889583333334,0.004,0.014,0.018500000000000003,13.5,53.24999999999999,158.006,147.691
2011-07-05 19:00:00,159.774,0.038,0.0,31.0,19,0,76,1,0,7,186,-0.9659258262890684,0.2588190451025203,-0.05802556932878035,-0.9983150972033183,0,0.0,158.01,158.01,146.298,117.492,63.428,110.944,124.968,152.154,6.761926352748621,146.298,158.01,106.32025,37.85559807390882,86.84733333333332,0.004,0.028,0.016,6.75,27.0,158.006,152.138
2011-07-05 19:15:00,159.774,0.038,0.0,31.0,19,15,77,1,0,7,186,-0.9469301294951057,0.3214394653031615,-0.05802556932878035,-0.9983150972033183,0,0.0,159.774,158.01,146.298,117.492,63.428,110.944,124.968,155.523,6.205963905792304,146.298,159.774,112.34187499999999,38.23880522867655,87.35597916666667,0.038,0.028,0.018500000000000003,0.0,20.25,159.736,155.5045
2011-07-05 19:30:00,140.382,0.038,0.0,31.0,19,30,78,1,0,7,186,-0.923879532511287,0.38268343236508917,-0.05802556932878035,-0.9983150972033183,0,0.0,159.774,159.774,158.01,140.232,66.244,118.038,131.264,158.892,1.0184458748492187,158.01,159.774,118.3635,37.603344897318095,87.86462499999999,0.038,0.004,0.021,0.0,13.5,159.736,158.87099999999998
2011-07-05 19:45:00,140.382,0.038,0.0,31.0,19,45,79,1,0,7,186,-0.8968727415326884,0.442288690219001,-0.05802556932878035,-0.9983150972033183,0,0.0,140.382,159.774,158.01,140.232,66.244,118.038,131.264,154.485,9.438701817516895,140.382,159.774,122.99712500000001,35.246765888281494,88.097375,0.038,0.004,0.0295,0.0,6.75,140.344,154.4555
2011-07-05 20:00:00,135.38,0.016,0.0,31.0,20,0,80,1,0,7,186,-0.8660254037844386,0.5000000000000001,-0.05802556932878035,-0.9983150972033183,0,0.0,140.382,140.382,159.774,146.298,66.962,122.684,140.596,150.078,11.195976420125056,140.382,159.774,127.63074999999999,32.01333740281785,88.33012500000001,0.038,0.038,0.038,0.0,0.0,140.344,150.04
2011-07-05 20:15:00,135.38,0.016,0.0,30.75,20,15,81,1,0,7,186,-0.8314696123025455,0.5555702330196018,-0.05802556932878035,-0.9983150972033183,0,0.0,135.38,140.382,159.774,146.298,66.962,122.684,140.596,143.9795,10.790453234224962,135.38,159.774,131.90687499999999,27.640063077291533,88.46237500000001,0.016,0.038,0.0325,0.0,0.0,135.364,143.947
2011-07-05 20:30:00,119.674,0.014,0.0,30.5,20,30,82,1,0,7,186,-0.7933533402912357,0.6087614290087199,-0.05802556932878035,-0.9983150972033183,0,0.0,135.38,135.38,140.382,158.01,91.896,115.798,126.404,137.881,2.8879060464857313,135.38,140.382,136.183,21.542606143794515,88.594625,0.016,0.038,0.027,0.0,0.0,135.364,137.85399999999998
2011-07-05 20:45:00,119.674,0.014,0.0,30.25,20,45,83,1,0,7,186,-0.7518398074789772,0.6593458151000691,-0.05802556932878035,-0.9983150972033183,0,0.0,119.674,135.38,140.382,158.01,91.896,115.798,126.404,132.704,9.001009869268088,119.674,140.382,137.91912499999998,18.66233430156365,88.635,0.014,0.038,0.021,0.0,0.0,119.66000000000001,132.683
2011-07-05 21:00:00,126.332,0.0,0.0,30.0,21,0,84,1,0,7,186,-0.7071067811865477,0.7071067811865474,-0.05802556932878035,-0.9983150972033183,0,0.0,119.674,119.674,135.38,159.774,117.492,104.49,127.632,127.52700000000002,9.067863327891942,119.674,135.38,139.65525,15.03500647378151,88.67537499999999,0.014,0.016,0.015000000000000003,0.0,0.0,119.66000000000001,127.512
2011-07-05 21:15:00,126.332,0.0,0.0,30.0,21,15,85,1,0,7,186,-0.6593458151000687,0.7518398074789775,-0.05802556932878035,-0.9983150972033183,0,0.0,126.332,119.674,135.38,159.774,117.492,104.49,127.632,125.26500000000001,7.437971856180104,119.674,135.38,140.20775,14.311269533715437,88.90289583333333,0.0,0.016,0.011000000000000003,0.0,0.0,126.332,125.25399999999999
2011-07-05 21:30:00,122.61,0.0,0.0,30.0,21,30,86,1,0,7,186,-0.608761429008721,0.7933533402912349,-0.05802556932878035,-0.9983150972033183,0,0.0,126.332,126.332,119.674,140.382,140.232,112.034,124.1,123.00300000000001,3.843998092263713,119.674,126.332,140.76025,13.52487479917349,89.13041666666668,0.0,0.014,0.007000000000000002,0.0,0.0,126.332,122.99600000000001
2011-07-05 21:45:00,122.61,0.0,0.0,30.0,21,45,87,1,0,7,186,-0.555570233019603,0.8314696123025447,-0.05802556932878035,-0.9983150972033183,0,0.0,122.61,126.332,119.674,140.382,140.232,112.034,124.1,123.737,3.2272871992837118,119.674,126.332,139.65887500000002,14.26786055382231,89.24058333333335,0.0,0.014,0.003500000000000002,0.0,0.0,122.61,123.73349999999999
2011-07-05 22:00:00,119.81,0.024,0.0,30.0,22,0,88,1,0,7,186,-0.5000000000000004,0.8660254037844384,-0.05802556932878035,-0.9983150972033183,0,0.0,122.61,122.61,126.332,135.38,146.298,100.47,117.924,124.471,2.1488977019223734,122.61,126.332,138.5575,14.887365802361382,89.35074999999999,0.0,0.0,0.0,0.0,0.0,122.61,124.471
2011-07-05 22:15:00,119.81,0.024,0.0,29.75,22,15,89,1,0,7,186,-0.4422886902190014,0.8968727415326883,-0.05802556932878035,-0.9983150972033183,0,0.0,119.81,122.61,126.332,135.38,146.298,100.47,117.924,122.8405,2.6758651560433853,119.81,126.332,136.902,15.432017452901391,89.55220833333334,0.024,0.0,0.006000000000000002,0.0,0.0,119.786,122.8345
2011-07-05 22:30:00,97.332,0.024,0.0,29.5,22,30,90,1,0,7,186,-0.38268343236508956,0.9238795325112868,-0.05802556932878035,-0.9983150972033183,0,0.0,119.81,119.81,122.61,119.674,158.01,101.902,103.462,121.21,1.616580753728978,119.81,122.61,135.2465,15.773835306185171,89.75366666666667,0.024,0.0,0.012000000000000002,0.0,0.0,119.786,121.198
2011-07-05 22:45:00,97.332,0.024,0.0,29.25,22,45,91,1,0,7,186,-0.32143946530316186,0.9469301294951056,-0.05802556932878035,-0.9983150972033183,0,0.0,97.332,119.81,122.61,119.674,158.01,101.902,103.462,114.8905,11.779849503848782,97.332,122.61,131.454125,17.16862807904742,89.70606250000002,0.024,0.0,0.018000000000000002,0.0,0.0,97.30799999999999,114.8725
2011-07-05 23:00:00,106.838,0.024,0.0,29.0,23,0,92,1,0,7,186,-0.25881904510252157,0.9659258262890681,-0.05802556932878035,-0.9983150972033183,0,0.0,97.332,97.332,119.81,126.332,159.774,111.29,111.732,108.571,12.977679350844115,97.332,119.81,127.66175,17.607608277862646,89.65845833333334,0.024,0.024,0.024,0.0,0.0,97.30799999999999,108.547
2011-07-05 23:15:00,106.838,0.024,0.0,29.0,23,15,93,1,0,7,186,-0.19509032201612872,0.9807852804032303,-0.05802556932878035,-0.9983150972033183,0,0.0,106.838,97.332,119.81,126.332,159.774,111.29,111.732,105.328,10.643941249994068,97.332,119.81,124.35325,16.078373149461523,89.61208333333333,0.024,0.024,0.024,0.0,0.0,106.814,105.304
2011-07-05 23:30:00,114.836,0.014,0.0,29.0,23,30,94,1,0,7,186,-0.13052619222005168,0.9914448613738104,-0.05802556932878035,-0.9983150972033183,0,0.0,106.838,106.838,97.332,122.61,140.382,124.966,126.728,102.085,5.488291658915804,97.332,106.838,121.04475,13.551695940606843,89.56570833333335,0.024,0.024,0.024,0.0,0.0,106.814,102.06099999999999
2011-07-05 23:45:00,114.836,0.014,0.0,29.0,23,45,95,1,0,7,186,-0.0654031292301428,0.9978589232386035,-0.05802556932878035,-0.9983150972033183,0,0.0,114.836,106.838,97.332,122.61,140.382,124.966,126.728,106.461,7.159225377091582,97.332,114.836,119.44812499999999,12.592481618674716,89.4601875,0.014,0.024,0.021500000000000005,0.0,0.0,114.822,106.4395
2011-07-06 00:00:00,132.834,0.0,0.0,29.0,0,0,0,2,0,7,187,0.0,1.0,-0.07518957641475855,-0.9971692572470178,0,0.0,114.836,114.836,106.838,119.81,135.38,129.082,129.506,110.83699999999999,4.6176474529778435,106.838,114.836,117.8515,11.31611267765251,89.35466666666667,0.014,0.024,0.019000000000000003,0.0,0.0,114.822,110.818
2011-07-06 00:15:00,132.834,0.0,0.0,28.75,0,15,1,2,0,7,187,0.06540312923014306,0.9978589232386035,-0.07518957641475855,-0.9971692572470178,0,0.0,132.834,114.836,106.838,119.81,135.38,129.082,129.506,117.33600000000001,10.9984242507731,106.838,132.834,117.692375,11.068387277135784,89.39375,0.0,0.024,0.013000000000000001,0.0,0.0,132.834,117.323
2011-07-06 00:30:00,116.242,0.0,0.0,28.5,0,30,2,2,0,7,187,0.13052619222005157,0.9914448613738104,-0.07518957641475855,-0.9971692572470178,0,0.0,132.834,132.834,114.836,97.332,119.674,104.128,102.856,123.83500000000001,10.391150144874638,114.836,132.834,117.53325000000001,10.812491390362416,89.43283333333333,0.0,0.014,0.007000000000000002,0.0,0.0,132.834,123.828
2011-07-06 00:45:00,116.242,0.0,0.0,28.25,0,45,3,2,0,7,187,0.19509032201612825,0.9807852804032304,-0.07518957641475855,-0.9971692572470178,0,0.0,116.242,132.834,114.836,97.332,119.674,104.128,102.856,124.1865,10.0017572289404,114.836,132.834,117.31875000000001,10.801228025861755,89.55902083333335,0.0,0.014,0.003500000000000002,0.0,0.0,116.242,124.183
2011-07-06 01:00:00,99.288,0.0,0.0,28.0,1,0,4,2,0,7,187,0.25881904510252074,0.9659258262890683,-0.07518957641475855,-0.9971692572470178,0,0.0,116.242,116.242,132.834,106.838,126.332,90.738,97.376,124.538,9.579395666394007,116.242,132.834,117.10425,10.785403491138453,89.68520833333334,0.0,0.0,0.0,0.0,0.0,116.242,124.53800000000001
2011-07-06 01:15:00,99.288,0.0,0.0,28.0,1,15,5,2,0,7,187,0.3214394653031616,0.9469301294951057,-0.07518957641475855,-0.9971692572470178,0,0.0,99.288,116.242,132.834,106.838,126.332,90.738,97.376,116.1515,13.695495841090489,99.288,132.834,115.414,11.347335076277995,89.77427083333333,0.0,0.0,0.0,0.0,0.0,99.288,116.1515
2011-07-06 01:30:00,82.19800000000001,0.028,0.0,28.0,1,30,6,2,0,7,187,0.3826834323650898,0.9238795325112867,-0.07518957641475855,-0.9971692572470178,0,0.0,99.288,99.288,116.242,114.836,122.61,81.028,72.608,107.76500000000001,9.788396463840519,99.288,116.242,113.72375,11.623436757975798,89.86333333333333,0.0,0.0,0.0,0.0,0.0,99.288,107.765
2011-07-06 01:45:00,82.19800000000001,0.028,0.0,28.0,1,45,7,2,0,7,187,0.44228869021900125,0.8968727415326884,-0.07518957641475855,-0.9971692572470178,0,0.0,82.19800000000001,99.288,116.242,114.836,122.61,81.028,72.608,99.254,13.898460250449473,82.19800000000001,116.242,111.19800000000001,13.758394034188628,89.87552083333333,0.028,0.0,0.007000000000000002,0.0,0.0,82.17,99.247
2011-07-06 02:00:00,69.37,0.004,0.0,28.0,2,0,8,2,0,7,187,0.49999999999999994,0.8660254037844387,-0.07518957641475855,-0.9971692572470178,0,0.0,82.19800000000001,82.19800000000001,99.288,132.834,119.81,66.208,55.088,90.743,9.86691610045015,82.19800000000001,99.288,108.67224999999999,15.161567075998382,89.88770833333335,0.028,0.0,0.014000000000000002,0.0,0.0,82.17,90.72899999999998
2011-07-06 02:15:00,69.37,0.004,0.0,28.0,2,15,9,2,0,7,187,0.5555702330196022,0.8314696123025452,-0.07518957641475855,-0.9971692572470178,0,0.0,69.37,82.19800000000001,99.288,132.834,119.81,66.208,55.088,83.2635,12.27578270416953,69.37,99.288,105.51975,17.71948461063882,89.92064583333332,0.004,0.0,0.015000000000000003,0.0,0.0,69.366,83.2485
2011-07-06 02:30:00,56.448,0.034,0.0,28.0,2,30,10,2,0,7,187,0.6087614290087207,0.7933533402912352,-0.07518957641475855,-0.9971692572470178,0,0.0,69.37,69.37,82.19800000000001,116.242,97.332,53.414,52.37,75.784,7.406249253163606,69.37,82.19800000000001,102.36725,19.413540125386724,89.95358333333333,0.004,0.028,0.016,0.0,0.0,69.366,75.768
2011-07-06 02:45:00,56.448,0.034,0.0,28.0,2,45,11,2,0,7,187,0.6593458151000688,0.7518398074789774,-0.07518957641475855,-0.9971692572470178,0,0.0,56.448,69.37,82.19800000000001,116.242,97.332,53.414,52.37,69.3465,10.512428501539752,56.448,82.19800000000001,99.812,22.55665170188167,89.98518750000001,0.034,0.028,0.0175,0.0,0.0,56.414,69.329
2011-07-06 03:00:00,50.34,0.014,0.0,28.0,3,0,12,2,0,7,187,0.7071067811865476,0.7071067811865476,-0.07518957641475855,-0.9971692572470178,0,0.0,56.448,56.448,69.37,99.288,106.838,60.772,55.382000000000005,62.909000000000006,7.460520178467276,56.448,69.37,97.25675,25.035781453751394,90.01679166666668,0.034,0.004,0.019000000000000003,0.0,0.0,56.414,62.89
2011-07-06 03:15:00,50.34,0.014,0.0,27.75,3,15,13,2,0,7,187,0.7518398074789774,0.6593458151000688,-0.07518957641475855,-0.9971692572470178,0,0.0,50.34,56.448,69.37,99.288,106.838,60.772,55.382000000000005,58.1515,8.014114611108521,50.34,69.37,93.72562500000001,27.461166367254023,89.90812499999998,0.014,0.004,0.021500000000000002,0.0,0.0,50.326,58.13
2011-07-06 03:30:00,58.086,0.012,0.0,27.5,3,30,14,2,0,7,187,0.7933533402912352,0.6087614290087207,-0.07518957641475855,-0.9971692572470178,0,0.0,50.34,50.34,56.448,82.19800000000001,114.836,55.574,56.464,53.394000000000005,3.526455444207697,50.34,56.448,90.1945,29.237660020368786,89.79945833333333,0.014,0.034,0.024000000000000004,0.0,0.0,50.326,53.370000000000005
2011-07-06 03:45:00,58.086,0.012,0.0,27.25,3,45,15,2,0,7,187,0.8314696123025451,0.5555702330196024,-0.07518957641475855,-0.9971692572470178,0,0.0,58.086,50.34,56.448,82.19800000000001,114.836,55.574,56.464,53.8035,4.054826383457395,50.34,58.086,86.647625,29.490200118853146,89.825625,0.012,0.034,0.018500000000000003,0.0,0.0,58.074,53.785000000000004
2011-07-06 04:00:00,62.464,0.0,0.0,27.0,4,0,16,2,0,7,187,0.8660254037844386,0.5000000000000001,-0.07518957641475855,-0.9971692572470178,0,0.0,58.086,58.086,50.34,69.37,132.834,51.236,57.888,54.21300000000001,4.472155185140856,50.34,58.086,83.10075,29.285918489950202,89.85179166666666,0.012,0.014,0.013000000000000001,0.0,0.0,58.074,54.2
2011-07-06 04:15:00,62.464,0.0,0.0,27.25,4,15,17,2,0,7,187,0.8968727415326884,0.44228869021900125,-0.07518957641475855,-0.9971692572470178,0,0.0,62.464,58.086,50.34,69.37,132.834,51.236,57.888,57.244,5.0441895285548926,50.34,62.464,78.702625,26.46753806174667,89.96875,0.0,0.014,0.009500000000000001,0.0,0.0,62.464,57.2345
2011-07-06 04:30:00,60.654,0.0,0.0,27.5,4,30,18,2,0,7,187,0.9238795325112867,0.38268343236508984,-0.07518957641475855,-0.9971692572470178,0,0.0,62.464,62.464,58.086,56.448,116.242,60.448,60.428,60.275000000000006,2.527639478508901,58.086,62.464,74.30449999999999,22.408256948425883,90.08570833333333,0.0,0.012,0.006000000000000002,0.0,0.0,62.464,60.26899999999999
2011-07-06 04:45:00,60.654,0.0,0.0,27.75,4,45,19,2,0,7,187,0.9469301294951056,0.3214394653031617,-0.07518957641475855,-0.9971692572470178,0,0.0,60.654,62.464,58.086,56.448,116.242,60.448,60.428,60.917,2.0712434268614754,58.086,62.464,70.83024999999999,19.606810597341205,90.08785416666666,0.0,0.012,0.003000000000000002,0.0,0.0,60.654,60.914
