timestamp,constraint_id,constraint_type,constraint_location,der_id,der_type,der_bus,locational_relevance,available_flexibility_kw,selectable_flexibility_kw,reason
2011-09-16 13:45:00,C_VOLT_RISE_1345,VOLTAGE_RISE,Bus_Residential_3,PV_H002,PV,Bus_Residential_1,INDIRECT,3.91,1.37,Upstream near feeder origin (Bus_Residential_1); relieves voltage drop across only 0.12 km of 0.42 km path (29% shared).
2011-09-16 13:45:00,C_VOLT_RISE_1345,VOLTAGE_RISE,Bus_Residential_3,PV_H003,PV,Bus_Residential_1,INDIRECT,3.15,1.1,Upstream near feeder origin (Bus_Residential_1); relieves voltage drop across only 0.12 km of 0.42 km path (29% shared).
2011-09-16 13:45:00,C_VOLT_RISE_1345,VOLTAGE_RISE,Bus_Residential_3,PV_H005,PV,Bus_Residential_1,INDIRECT,3.17,1.11,Upstream near feeder origin (Bus_Residential_1); relieves voltage drop across only 0.12 km of 0.42 km path (29% shared).
2011-09-16 13:45:00,C_VOLT_RISE_1345,VOLTAGE_RISE,Bus_Residential_3,PV_H006,PV,Bus_Residential_1,INDIRECT,2.0,0.7,Upstream near feeder origin (Bus_Residential_1); relieves voltage drop across only 0.12 km of 0.42 km path (29% shared).
2011-09-16 13:45:00,C_VOLT_RISE_1345,VOLTAGE_RISE,Bus_Residential_3,PV_H007,PV,Bus_Residential_1,INDIRECT,3.93,1.38,Upstream near feeder origin (Bus_Residential_1); relieves voltage drop across only 0.12 km of 0.42 km path (29% shared).
2011-09-16 13:45:00,C_VOLT_RISE_1345,VOLTAGE_RISE,Bus_Residential_3,PV_H010,PV,Bus_Residential_1,INDIRECT,0.0,0.0,Upstream near feeder origin (Bus_Residential_1); relieves voltage drop across only 0.12 km of 0.42 km path (29% shared).
2011-09-16 13:45:00,C_VOLT_RISE_1345,VOLTAGE_RISE,Bus_Residential_3,PV_H016,PV,Bus_Residential_1,INDIRECT,0.0,0.0,Upstream near feeder origin (Bus_Residential_1); relieves voltage drop across only 0.12 km of 0.42 km path (29% shared).
2011-09-16 13:45:00,C_VOLT_RISE_1345,VOLTAGE_RISE,Bus_Residential_3,PV_H017,PV,Bus_Residential_1,INDIRECT,3.62,1.27,Upstream near feeder origin (Bus_Residential_1); relieves voltage drop across only 0.12 km of 0.42 km path (29% shared).
2011-09-16 13:45:00,C_VOLT_RISE_1345,VOLTAGE_RISE,Bus_Residential_3,PV_H018,PV,Bus_Residential_1,INDIRECT,2.33,0.82,Upstream near feeder origin (Bus_Residential_1); relieves voltage drop across only 0.12 km of 0.42 km path (29% shared).
2011-09-16 13:45:00,C_VOLT_RISE_1345,VOLTAGE_RISE,Bus_Residential_3,PV_H021,PV,Bus_Residential_1,INDIRECT,5.39,1.89,Upstream near feeder origin (Bus_Residential_1); relieves voltage drop across only 0.12 km of 0.42 km path (29% shared).
2011-09-16 13:45:00,C_VOLT_RISE_1345,VOLTAGE_RISE,Bus_Residential_3,PV_H024,PV,Bus_Residential_1,INDIRECT,0.0,0.0,Upstream near feeder origin (Bus_Residential_1); relieves voltage drop across only 0.12 km of 0.42 km path (29% shared).
2011-09-16 13:45:00,C_VOLT_RISE_1345,VOLTAGE_RISE,Bus_Residential_3,PV_H025,PV,Bus_Residential_1,INDIRECT,3.81,1.33,Upstream near feeder origin (Bus_Residential_1); relieves voltage drop across only 0.12 km of 0.42 km path (29% shared).
2011-09-16 13:45:00,C_VOLT_RISE_1345,VOLTAGE_RISE,Bus_Residential_3,PV_H026,PV,Bus_Residential_1,INDIRECT,3.67,1.28,Upstream near feeder origin (Bus_Residential_1); relieves voltage drop across only 0.12 km of 0.42 km path (29% shared).
2011-09-16 13:45:00,C_VOLT_RISE_1345,VOLTAGE_RISE,Bus_Residential_3,PV_H027,PV,Bus_Residential_1,INDIRECT,0.0,0.0,Upstream near feeder origin (Bus_Residential_1); relieves voltage drop across only 0.12 km of 0.42 km path (29% shared).
2011-09-16 13:45:00,C_VOLT_RISE_1345,VOLTAGE_RISE,Bus_Residential_3,PV_H032,PV,Bus_Residential_1,INDIRECT,3.2,1.12,Upstream near feeder origin (Bus_Residential_1); relieves voltage drop across only 0.12 km of 0.42 km path (29% shared).
2011-09-16 13:45:00,C_VOLT_RISE_1345,VOLTAGE_RISE,Bus_Residential_3,PV_H033,PV,Bus_Residential_1,INDIRECT,2.42,0.85,Upstream near feeder origin (Bus_Residential_1); relieves voltage drop across only 0.12 km of 0.42 km path (29% shared).
2011-09-16 13:45:00,C_VOLT_RISE_1345,VOLTAGE_RISE,Bus_Residential_3,PV_H034,PV,Bus_Residential_1,INDIRECT,0.0,0.0,Upstream near feeder origin (Bus_Residential_1); relieves voltage drop across only 0.12 km of 0.42 km path (29% shared).
2011-09-16 13:45:00,C_VOLT_RISE_1345,VOLTAGE_RISE,Bus_Residential_3,PV_H035,PV,Bus_Residential_1,INDIRECT,2.98,1.04,Upstream near feeder origin (Bus_Residential_1); relieves voltage drop across only 0.12 km of 0.42 km path (29% shared).
2011-09-16 13:45:00,C_VOLT_RISE_1345,VOLTAGE_RISE,Bus_Residential_3,PV_H036,PV,Bus_Residential_2,INDIRECT,3.49,2.27,Upstream on same radial trunk (Bus_Residential_2); relieves voltage drop across 0.27 km of 0.42 km path (64% shared).
2011-09-16 13:45:00,C_VOLT_RISE_1345,VOLTAGE_RISE,Bus_Residential_3,PV_H037,PV,Bus_Residential_2,INDIRECT,3.36,2.18,Upstream on same radial trunk (Bus_Residential_2); relieves voltage drop across 0.27 km of 0.42 km path (64% shared).
2011-09-16 13:45:00,C_VOLT_RISE_1345,VOLTAGE_RISE,Bus_Residential_3,PV_H040,PV,Bus_Residential_2,INDIRECT,4.1,2.67,Upstream on same radial trunk (Bus_Residential_2); relieves voltage drop across 0.27 km of 0.42 km path (64% shared).
2011-09-16 13:45:00,C_VOLT_RISE_1345,VOLTAGE_RISE,Bus_Residential_3,PV_H042,PV,Bus_Residential_2,INDIRECT,2.55,1.66,Upstream on same radial trunk (Bus_Residential_2); relieves voltage drop across 0.27 km of 0.42 km path (64% shared).
2011-09-16 13:45:00,C_VOLT_RISE_1345,VOLTAGE_RISE,Bus_Residential_3,PV_H044,PV,Bus_Residential_2,INDIRECT,3.34,2.17,Upstream on same radial trunk (Bus_Residential_2); relieves voltage drop across 0.27 km of 0.42 km path (64% shared).
2011-09-16 13:45:00,C_VOLT_RISE_1345,VOLTAGE_RISE,Bus_Residential_3,PV_H046,PV,Bus_Residential_2,INDIRECT,4.27,2.78,Upstream on same radial trunk (Bus_Residential_2); relieves voltage drop across 0.27 km of 0.42 km path (64% shared).
2011-09-16 13:45:00,C_VOLT_RISE_1345,VOLTAGE_RISE,Bus_Residential_3,PV_H048,PV,Bus_Residential_2,INDIRECT,3.11,2.02,Upstream on same radial trunk (Bus_Residential_2); relieves voltage drop across 0.27 km of 0.42 km path (64% shared).
2011-09-16 13:45:00,C_VOLT_RISE_1345,VOLTAGE_RISE,Bus_Residential_3,PV_H049,PV,Bus_Residential_2,INDIRECT,2.77,1.8,Upstream on same radial trunk (Bus_Residential_2); relieves voltage drop across 0.27 km of 0.42 km path (64% shared).
2011-09-16 13:45:00,C_VOLT_RISE_1345,VOLTAGE_RISE,Bus_Residential_3,PV_H050,PV,Bus_Residential_2,INDIRECT,3.9,2.54,Upstream on same radial trunk (Bus_Residential_2); relieves voltage drop across 0.27 km of 0.42 km path (64% shared).
2011-09-16 13:45:00,C_VOLT_RISE_1345,VOLTAGE_RISE,Bus_Residential_3,PV_H053,PV,Bus_Residential_2,INDIRECT,4.54,2.95,Upstream on same radial trunk (Bus_Residential_2); relieves voltage drop across 0.27 km of 0.42 km path (64% shared).
2011-09-16 13:45:00,C_VOLT_RISE_1345,VOLTAGE_RISE,Bus_Residential_3,PV_H055,PV,Bus_Residential_2,INDIRECT,0.0,0.0,Upstream on same radial trunk (Bus_Residential_2); relieves voltage drop across 0.27 km of 0.42 km path (64% shared).
2011-09-16 13:45:00,C_VOLT_RISE_1345,VOLTAGE_RISE,Bus_Residential_3,PV_H057,PV,Bus_Residential_2,INDIRECT,4.34,2.82,Upstream on same radial trunk (Bus_Residential_2); relieves voltage drop across 0.27 km of 0.42 km path (64% shared).
2011-09-16 13:45:00,C_VOLT_RISE_1345,VOLTAGE_RISE,Bus_Residential_3,PV_H058,PV,Bus_Residential_2,INDIRECT,3.0,1.95,Upstream on same radial trunk (Bus_Residential_2); relieves voltage drop across 0.27 km of 0.42 km path (64% shared).
2011-09-16 13:45:00,C_VOLT_RISE_1345,VOLTAGE_RISE,Bus_Residential_3,PV_H060,PV,Bus_Residential_2,INDIRECT,5.57,3.62,Upstream on same radial trunk (Bus_Residential_2); relieves voltage drop across 0.27 km of 0.42 km path (64% shared).
2011-09-16 13:45:00,C_VOLT_RISE_1345,VOLTAGE_RISE,Bus_Residential_3,PV_H061,PV,Bus_Residential_2,INDIRECT,0.0,0.0,Upstream on same radial trunk (Bus_Residential_2); relieves voltage drop across 0.27 km of 0.42 km path (64% shared).
2011-09-16 13:45:00,C_VOLT_RISE_1345,VOLTAGE_RISE,Bus_Residential_3,PV_H062,PV,Bus_Residential_2,INDIRECT,6.0,3.9,Upstream on same radial trunk (Bus_Residential_2); relieves voltage drop across 0.27 km of 0.42 km path (64% shared).
2011-09-16 13:45:00,C_VOLT_RISE_1345,VOLTAGE_RISE,Bus_Residential_3,PV_H063,PV,Bus_Residential_2,INDIRECT,0.0,0.0,Upstream on same radial trunk (Bus_Residential_2); relieves voltage drop across 0.27 km of 0.42 km path (64% shared).
2011-09-16 13:45:00,C_VOLT_RISE_1345,VOLTAGE_RISE,Bus_Residential_3,PV_H066,PV,Bus_Residential_2,INDIRECT,4.43,2.88,Upstream on same radial trunk (Bus_Residential_2); relieves voltage drop across 0.27 km of 0.42 km path (64% shared).
2011-09-16 13:45:00,C_VOLT_RISE_1345,VOLTAGE_RISE,Bus_Residential_3,PV_H067,PV,Bus_Residential_2,INDIRECT,0.0,0.0,Upstream on same radial trunk (Bus_Residential_2); relieves voltage drop across 0.27 km of 0.42 km path (64% shared).
2011-09-16 13:45:00,C_VOLT_RISE_1345,VOLTAGE_RISE,Bus_Residential_3,PV_H069,PV,Bus_Residential_2,INDIRECT,3.58,2.33,Upstream on same radial trunk (Bus_Residential_2); relieves voltage drop across 0.27 km of 0.42 km path (64% shared).
2011-09-16 13:45:00,C_VOLT_RISE_1345,VOLTAGE_RISE,Bus_Residential_3,PV_H071,PV,Bus_Residential_3,DIRECT,4.57,4.57,Colocated at constrained Bus_Residential_3; directly alters power injection at violation point.
2011-09-16 13:45:00,C_VOLT_RISE_1345,VOLTAGE_RISE,Bus_Residential_3,PV_H072,PV,Bus_Residential_3,DIRECT,5.17,5.17,Colocated at constrained Bus_Residential_3; directly alters power injection at violation point.
2011-09-16 13:45:00,C_VOLT_RISE_1345,VOLTAGE_RISE,Bus_Residential_3,PV_H073,PV,Bus_Residential_3,DIRECT,3.71,3.71,Colocated at constrained Bus_Residential_3; directly alters power injection at violation point.
2011-09-16 13:45:00,C_VOLT_RISE_1345,VOLTAGE_RISE,Bus_Residential_3,PV_H074,PV,Bus_Residential_3,DIRECT,4.1,4.1,Colocated at constrained Bus_Residential_3; directly alters power injection at violation point.
2011-09-16 13:45:00,C_VOLT_RISE_1345,VOLTAGE_RISE,Bus_Residential_3,PV_H076,PV,Bus_Residential_3,DIRECT,0.0,0.0,Colocated at constrained Bus_Residential_3; directly alters power injection at violation point.
2011-09-16 13:45:00,C_VOLT_RISE_1345,VOLTAGE_RISE,Bus_Residential_3,PV_H077,PV,Bus_Residential_3,DIRECT,5.0,5.0,Colocated at constrained Bus_Residential_3; directly alters power injection at violation point.
2011-09-16 13:45:00,C_VOLT_RISE_1345,VOLTAGE_RISE,Bus_Residential_3,PV_H078,PV,Bus_Residential_3,DIRECT,2.75,2.75,Colocated at constrained Bus_Residential_3; directly alters power injection at violation point.
2011-09-16 13:45:00,C_VOLT_RISE_1345,VOLTAGE_RISE,Bus_Residential_3,PV_H079,PV,Bus_Residential_3,DIRECT,2.85,2.85,Colocated at constrained Bus_Residential_3; directly alters power injection at violation point.
2011-09-16 13:45:00,C_VOLT_RISE_1345,VOLTAGE_RISE,Bus_Residential_3,PV_H080,PV,Bus_Residential_3,DIRECT,0.0,0.0,Colocated at constrained Bus_Residential_3; directly alters power injection at violation point.
2011-09-16 13:45:00,C_VOLT_RISE_1345,VOLTAGE_RISE,Bus_Residential_3,PV_H081,PV,Bus_Residential_3,DIRECT,4.14,4.14,Colocated at constrained Bus_Residential_3; directly alters power injection at violation point.
2011-09-16 13:45:00,C_VOLT_RISE_1345,VOLTAGE_RISE,Bus_Residential_3,PV_H082,PV,Bus_Residential_3,DIRECT,2.74,2.74,Colocated at constrained Bus_Residential_3; directly alters power injection at violation point.
2011-09-16 13:45:00,C_VOLT_RISE_1345,VOLTAGE_RISE,Bus_Residential_3,PV_H083,PV,Bus_Residential_3,DIRECT,3.06,3.06,Colocated at constrained Bus_Residential_3; directly alters power injection at violation point.
2011-09-16 13:45:00,C_VOLT_RISE_1345,VOLTAGE_RISE,Bus_Residential_3,PV_H085,PV,Bus_Residential_3,DIRECT,0.0,0.0,Colocated at constrained Bus_Residential_3; directly alters power injection at violation point.
2011-09-16 13:45:00,C_VOLT_RISE_1345,VOLTAGE_RISE,Bus_Residential_3,PV_H087,PV,Bus_Residential_3,DIRECT,0.0,0.0,Colocated at constrained Bus_Residential_3; directly alters power injection at violation point.
2011-09-16 13:45:00,C_VOLT_RISE_1345,VOLTAGE_RISE,Bus_Residential_3,PV_H088,PV,Bus_Residential_3,DIRECT,2.24,2.24,Colocated at constrained Bus_Residential_3; directly alters power injection at violation point.
2011-09-16 13:45:00,C_VOLT_RISE_1345,VOLTAGE_RISE,Bus_Residential_3,PV_H090,PV,Bus_Residential_3,DIRECT,0.0,0.0,Colocated at constrained Bus_Residential_3; directly alters power injection at violation point.
2011-09-16 13:45:00,C_VOLT_RISE_1345,VOLTAGE_RISE,Bus_Residential_3,PV_H093,PV,Bus_Residential_3,DIRECT,5.31,5.31,Colocated at constrained Bus_Residential_3; directly alters power injection at violation point.
2011-09-16 13:45:00,C_VOLT_RISE_1345,VOLTAGE_RISE,Bus_Residential_3,PV_H094,PV,Bus_Residential_3,DIRECT,2.76,2.76,Colocated at constrained Bus_Residential_3; directly alters power injection at violation point.
2011-09-16 13:45:00,C_VOLT_RISE_1345,VOLTAGE_RISE,Bus_Residential_3,PV_H095,PV,Bus_Residential_3,DIRECT,2.66,2.66,Colocated at constrained Bus_Residential_3; directly alters power injection at violation point.
2011-09-16 13:45:00,C_VOLT_RISE_1345,VOLTAGE_RISE,Bus_Residential_3,PV_H096,PV,Bus_Residential_3,DIRECT,0.0,0.0,Colocated at constrained Bus_Residential_3; directly alters power injection at violation point.
2011-09-16 13:45:00,C_VOLT_RISE_1345,VOLTAGE_RISE,Bus_Residential_3,PV_H098,PV,Bus_Residential_3,DIRECT,0.0,0.0,Colocated at constrained Bus_Residential_3; directly alters power injection at violation point.
2011-09-16 13:45:00,C_VOLT_RISE_1345,VOLTAGE_RISE,Bus_Residential_3,PV_H099,PV,Bus_Residential_3,DIRECT,3.1,3.1,Colocated at constrained Bus_Residential_3; directly alters power injection at violation point.
2011-09-16 13:45:00,C_VOLT_RISE_1345,VOLTAGE_RISE,Bus_Residential_3,BESS_COMMUNITY_01,BESS,Bus_BESS,LOW_RELEVANCE,25.0,1.25,Upstream at substation bus (Bus_BESS); supports substation voltage but cannot relieve downstream cable drop (0.42 km).
2011-09-16 13:45:00,C_VOLT_RISE_1345,VOLTAGE_RISE,Bus_Residential_3,EV_001,EV,Bus_EV_Hub,INDIRECT,0.0,0.0,Upstream near feeder origin (Bus_EV_Hub); relieves voltage drop across only 0.12 km of 0.42 km path (29% shared).
2011-09-16 13:45:00,C_VOLT_RISE_1345,VOLTAGE_RISE,Bus_Residential_3,EV_002,EV,Bus_EV_Hub,INDIRECT,0.0,0.0,Upstream near feeder origin (Bus_EV_Hub); relieves voltage drop across only 0.12 km of 0.42 km path (29% shared).
2011-09-16 13:45:00,C_VOLT_RISE_1345,VOLTAGE_RISE,Bus_Residential_3,EV_003,EV,Bus_EV_Hub,INDIRECT,0.0,0.0,Upstream near feeder origin (Bus_EV_Hub); relieves voltage drop across only 0.12 km of 0.42 km path (29% shared).
2011-09-16 13:45:00,C_VOLT_RISE_1345,VOLTAGE_RISE,Bus_Residential_3,EV_004,EV,Bus_EV_Hub,INDIRECT,0.0,0.0,Upstream near feeder origin (Bus_EV_Hub); relieves voltage drop across only 0.12 km of 0.42 km path (29% shared).
2011-09-16 13:45:00,C_VOLT_RISE_1345,VOLTAGE_RISE,Bus_Residential_3,EV_005,EV,Bus_EV_Hub,INDIRECT,0.0,0.0,Upstream near feeder origin (Bus_EV_Hub); relieves voltage drop across only 0.12 km of 0.42 km path (29% shared).
2011-09-16 13:45:00,C_VOLT_RISE_1345,VOLTAGE_RISE,Bus_Residential_3,EV_006,EV,Bus_EV_Hub,INDIRECT,0.0,0.0,Upstream near feeder origin (Bus_EV_Hub); relieves voltage drop across only 0.12 km of 0.42 km path (29% shared).
2011-09-16 13:45:00,C_VOLT_RISE_1345,VOLTAGE_RISE,Bus_Residential_3,EV_007,EV,Bus_EV_Hub,INDIRECT,0.0,0.0,Upstream near feeder origin (Bus_EV_Hub); relieves voltage drop across only 0.12 km of 0.42 km path (29% shared).
2011-09-16 13:45:00,C_VOLT_RISE_1345,VOLTAGE_RISE,Bus_Residential_3,EV_008,EV,Bus_EV_Hub,INDIRECT,0.0,0.0,Upstream near feeder origin (Bus_EV_Hub); relieves voltage drop across only 0.12 km of 0.42 km path (29% shared).
2011-09-16 13:45:00,C_VOLT_RISE_1345,VOLTAGE_RISE,Bus_Residential_3,EV_009,EV,Bus_EV_Hub,INDIRECT,0.0,0.0,Upstream near feeder origin (Bus_EV_Hub); relieves voltage drop across only 0.12 km of 0.42 km path (29% shared).
2011-09-16 13:45:00,C_VOLT_RISE_1345,VOLTAGE_RISE,Bus_Residential_3,EV_010,EV,Bus_EV_Hub,INDIRECT,0.0,0.0,Upstream near feeder origin (Bus_EV_Hub); relieves voltage drop across only 0.12 km of 0.42 km path (29% shared).
2011-09-16 13:45:00,C_VOLT_RISE_1345,VOLTAGE_RISE,Bus_Residential_3,EV_011,EV,Bus_EV_Hub,INDIRECT,0.0,0.0,Upstream near feeder origin (Bus_EV_Hub); relieves voltage drop across only 0.12 km of 0.42 km path (29% shared).
2011-09-16 13:45:00,C_VOLT_RISE_1345,VOLTAGE_RISE,Bus_Residential_3,EV_012,EV,Bus_EV_Hub,INDIRECT,0.0,0.0,Upstream near feeder origin (Bus_EV_Hub); relieves voltage drop across only 0.12 km of 0.42 km path (29% shared).
2011-09-16 13:45:00,C_VOLT_RISE_1345,VOLTAGE_RISE,Bus_Residential_3,EV_013,EV,Bus_EV_Hub,INDIRECT,0.0,0.0,Upstream near feeder origin (Bus_EV_Hub); relieves voltage drop across only 0.12 km of 0.42 km path (29% shared).
2011-09-16 13:45:00,C_VOLT_RISE_1345,VOLTAGE_RISE,Bus_Residential_3,EV_014,EV,Bus_EV_Hub,INDIRECT,0.0,0.0,Upstream near feeder origin (Bus_EV_Hub); relieves voltage drop across only 0.12 km of 0.42 km path (29% shared).
2011-09-16 13:45:00,C_VOLT_RISE_1345,VOLTAGE_RISE,Bus_Residential_3,EV_015,EV,Bus_EV_Hub,INDIRECT,0.0,0.0,Upstream near feeder origin (Bus_EV_Hub); relieves voltage drop across only 0.12 km of 0.42 km path (29% shared).
2011-09-16 13:45:00,C_VOLT_RISE_1345,VOLTAGE_RISE,Bus_Residential_3,EV_016,EV,Bus_EV_Hub,INDIRECT,0.0,0.0,Upstream near feeder origin (Bus_EV_Hub); relieves voltage drop across only 0.12 km of 0.42 km path (29% shared).
2011-09-16 13:45:00,C_VOLT_RISE_1345,VOLTAGE_RISE,Bus_Residential_3,EV_017,EV,Bus_EV_Hub,INDIRECT,0.0,0.0,Upstream near feeder origin (Bus_EV_Hub); relieves voltage drop across only 0.12 km of 0.42 km path (29% shared).
2011-09-16 13:45:00,C_VOLT_RISE_1345,VOLTAGE_RISE,Bus_Residential_3,EV_018,EV,Bus_EV_Hub,INDIRECT,0.0,0.0,Upstream near feeder origin (Bus_EV_Hub); relieves voltage drop across only 0.12 km of 0.42 km path (29% shared).
2011-09-16 13:45:00,C_VOLT_RISE_1345,VOLTAGE_RISE,Bus_Residential_3,EV_019,EV,Bus_EV_Hub,INDIRECT,0.0,0.0,Upstream near feeder origin (Bus_EV_Hub); relieves voltage drop across only 0.12 km of 0.42 km path (29% shared).
2011-09-16 13:45:00,C_VOLT_RISE_1345,VOLTAGE_RISE,Bus_Residential_3,EV_020,EV,Bus_EV_Hub,INDIRECT,0.0,0.0,Upstream near feeder origin (Bus_EV_Hub); relieves voltage drop across only 0.12 km of 0.42 km path (29% shared).
2011-09-16 13:45:00,C_VOLT_RISE_1345,VOLTAGE_RISE,Bus_Residential_3,FL001,FLEXIBLE_LOAD,Bus_Residential_1,INDIRECT,0.0,0.0,Upstream near feeder origin (Bus_Residential_1); relieves voltage drop across only 0.12 km of 0.42 km path (29% shared).
2011-09-16 13:45:00,C_VOLT_RISE_1345,VOLTAGE_RISE,Bus_Residential_3,FL002,FLEXIBLE_LOAD,Bus_Commercial,NOT_RELEVANT,0.0,0.0,Located on separate parallel lateral (Bus_Commercial); zero shared line impedance with Bus_Residential_3.
2011-09-16 13:45:00,C_VOLT_RISE_1345,VOLTAGE_RISE,Bus_Residential_3,FL003,FLEXIBLE_LOAD,Bus_Residential_2,INDIRECT,0.0,0.0,Upstream on same radial trunk (Bus_Residential_2); relieves voltage drop across 0.27 km of 0.42 km path (64% shared).
2011-09-16 13:45:00,C_REV_FLOW_1345,REVERSE_POWER_FLOW,Transformer_Substation,PV_H002,PV,Bus_Residential_1,DIRECT,3.91,3.71,"Connected downstream on feeder (Bus_Residential_1); power flows through transformer, balancing total substation load."
2011-09-16 13:45:00,C_REV_FLOW_1345,REVERSE_POWER_FLOW,Transformer_Substation,PV_H003,PV,Bus_Residential_1,DIRECT,3.15,2.99,"Connected downstream on feeder (Bus_Residential_1); power flows through transformer, balancing total substation load."
2011-09-16 13:45:00,C_REV_FLOW_1345,REVERSE_POWER_FLOW,Transformer_Substation,PV_H005,PV,Bus_Residential_1,DIRECT,3.17,3.01,"Connected downstream on feeder (Bus_Residential_1); power flows through transformer, balancing total substation load."
2011-09-16 13:45:00,C_REV_FLOW_1345,REVERSE_POWER_FLOW,Transformer_Substation,PV_H006,PV,Bus_Residential_1,DIRECT,2.0,1.9,"Connected downstream on feeder (Bus_Residential_1); power flows through transformer, balancing total substation load."
2011-09-16 13:45:00,C_REV_FLOW_1345,REVERSE_POWER_FLOW,Transformer_Substation,PV_H007,PV,Bus_Residential_1,DIRECT,3.93,3.73,"Connected downstream on feeder (Bus_Residential_1); power flows through transformer, balancing total substation load."
2011-09-16 13:45:00,C_REV_FLOW_1345,REVERSE_POWER_FLOW,Transformer_Substation,PV_H010,PV,Bus_Residential_1,DIRECT,0.0,0.0,"Connected downstream on feeder (Bus_Residential_1); power flows through transformer, balancing total substation load."
2011-09-16 13:45:00,C_REV_FLOW_1345,REVERSE_POWER_FLOW,Transformer_Substation,PV_H016,PV,Bus_Residential_1,DIRECT,0.0,0.0,"Connected downstream on feeder (Bus_Residential_1); power flows through transformer, balancing total substation load."
2011-09-16 13:45:00,C_REV_FLOW_1345,REVERSE_POWER_FLOW,Transformer_Substation,PV_H017,PV,Bus_Residential_1,DIRECT,3.62,3.44,"Connected downstream on feeder (Bus_Residential_1); power flows through transformer, balancing total substation load."
2011-09-16 13:45:00,C_REV_FLOW_1345,REVERSE_POWER_FLOW,Transformer_Substation,PV_H018,PV,Bus_Residential_1,DIRECT,2.33,2.21,"Connected downstream on feeder (Bus_Residential_1); power flows through transformer, balancing total substation load."
2011-09-16 13:45:00,C_REV_FLOW_1345,REVERSE_POWER_FLOW,Transformer_Substation,PV_H021,PV,Bus_Residential_1,DIRECT,5.39,5.12,"Connected downstream on feeder (Bus_Residential_1); power flows through transformer, balancing total substation load."
2011-09-16 13:45:00,C_REV_FLOW_1345,REVERSE_POWER_FLOW,Transformer_Substation,PV_H024,PV,Bus_Residential_1,DIRECT,0.0,0.0,"Connected downstream on feeder (Bus_Residential_1); power flows through transformer, balancing total substation load."
2011-09-16 13:45:00,C_REV_FLOW_1345,REVERSE_POWER_FLOW,Transformer_Substation,PV_H025,PV,Bus_Residential_1,DIRECT,3.81,3.62,"Connected downstream on feeder (Bus_Residential_1); power flows through transformer, balancing total substation load."
2011-09-16 13:45:00,C_REV_FLOW_1345,REVERSE_POWER_FLOW,Transformer_Substation,PV_H026,PV,Bus_Residential_1,DIRECT,3.67,3.49,"Connected downstream on feeder (Bus_Residential_1); power flows through transformer, balancing total substation load."
2011-09-16 13:45:00,C_REV_FLOW_1345,REVERSE_POWER_FLOW,Transformer_Substation,PV_H027,PV,Bus_Residential_1,DIRECT,0.0,0.0,"Connected downstream on feeder (Bus_Residential_1); power flows through transformer, balancing total substation load."
2011-09-16 13:45:00,C_REV_FLOW_1345,REVERSE_POWER_FLOW,Transformer_Substation,PV_H032,PV,Bus_Residential_1,DIRECT,3.2,3.04,"Connected downstream on feeder (Bus_Residential_1); power flows through transformer, balancing total substation load."
2011-09-16 13:45:00,C_REV_FLOW_1345,REVERSE_POWER_FLOW,Transformer_Substation,PV_H033,PV,Bus_Residential_1,DIRECT,2.42,2.3,"Connected downstream on feeder (Bus_Residential_1); power flows through transformer, balancing total substation load."
2011-09-16 13:45:00,C_REV_FLOW_1345,REVERSE_POWER_FLOW,Transformer_Substation,PV_H034,PV,Bus_Residential_1,DIRECT,0.0,0.0,"Connected downstream on feeder (Bus_Residential_1); power flows through transformer, balancing total substation load."
2011-09-16 13:45:00,C_REV_FLOW_1345,REVERSE_POWER_FLOW,Transformer_Substation,PV_H035,PV,Bus_Residential_1,DIRECT,2.98,2.83,"Connected downstream on feeder (Bus_Residential_1); power flows through transformer, balancing total substation load."
2011-09-16 13:45:00,C_REV_FLOW_1345,REVERSE_POWER_FLOW,Transformer_Substation,PV_H036,PV,Bus_Residential_2,DIRECT,3.49,3.32,"Connected downstream on feeder (Bus_Residential_2); power flows through transformer, balancing total substation load."
2011-09-16 13:45:00,C_REV_FLOW_1345,REVERSE_POWER_FLOW,Transformer_Substation,PV_H037,PV,Bus_Residential_2,DIRECT,3.36,3.19,"Connected downstream on feeder (Bus_Residential_2); power flows through transformer, balancing total substation load."
2011-09-16 13:45:00,C_REV_FLOW_1345,REVERSE_POWER_FLOW,Transformer_Substation,PV_H040,PV,Bus_Residential_2,DIRECT,4.1,3.89,"Connected downstream on feeder (Bus_Residential_2); power flows through transformer, balancing total substation load."
2011-09-16 13:45:00,C_REV_FLOW_1345,REVERSE_POWER_FLOW,Transformer_Substation,PV_H042,PV,Bus_Residential_2,DIRECT,2.55,2.42,"Connected downstream on feeder (Bus_Residential_2); power flows through transformer, balancing total substation load."
2011-09-16 13:45:00,C_REV_FLOW_1345,REVERSE_POWER_FLOW,Transformer_Substation,PV_H044,PV,Bus_Residential_2,DIRECT,3.34,3.17,"Connected downstream on feeder (Bus_Residential_2); power flows through transformer, balancing total substation load."
2011-09-16 13:45:00,C_REV_FLOW_1345,REVERSE_POWER_FLOW,Transformer_Substation,PV_H046,PV,Bus_Residential_2,DIRECT,4.27,4.06,"Connected downstream on feeder (Bus_Residential_2); power flows through transformer, balancing total substation load."
2011-09-16 13:45:00,C_REV_FLOW_1345,REVERSE_POWER_FLOW,Transformer_Substation,PV_H048,PV,Bus_Residential_2,DIRECT,3.11,2.95,"Connected downstream on feeder (Bus_Residential_2); power flows through transformer, balancing total substation load."
2011-09-16 13:45:00,C_REV_FLOW_1345,REVERSE_POWER_FLOW,Transformer_Substation,PV_H049,PV,Bus_Residential_2,DIRECT,2.77,2.63,"Connected downstream on feeder (Bus_Residential_2); power flows through transformer, balancing total substation load."
2011-09-16 13:45:00,C_REV_FLOW_1345,REVERSE_POWER_FLOW,Transformer_Substation,PV_H050,PV,Bus_Residential_2,DIRECT,3.9,3.7,"Connected downstream on feeder (Bus_Residential_2); power flows through transformer, balancing total substation load."
2011-09-16 13:45:00,C_REV_FLOW_1345,REVERSE_POWER_FLOW,Transformer_Substation,PV_H053,PV,Bus_Residential_2,DIRECT,4.54,4.31,"Connected downstream on feeder (Bus_Residential_2); power flows through transformer, balancing total substation load."
2011-09-16 13:45:00,C_REV_FLOW_1345,REVERSE_POWER_FLOW,Transformer_Substation,PV_H055,PV,Bus_Residential_2,DIRECT,0.0,0.0,"Connected downstream on feeder (Bus_Residential_2); power flows through transformer, balancing total substation load."
2011-09-16 13:45:00,C_REV_FLOW_1345,REVERSE_POWER_FLOW,Transformer_Substation,PV_H057,PV,Bus_Residential_2,DIRECT,4.34,4.12,"Connected downstream on feeder (Bus_Residential_2); power flows through transformer, balancing total substation load."
2011-09-16 13:45:00,C_REV_FLOW_1345,REVERSE_POWER_FLOW,Transformer_Substation,PV_H058,PV,Bus_Residential_2,DIRECT,3.0,2.85,"Connected downstream on feeder (Bus_Residential_2); power flows through transformer, balancing total substation load."
2011-09-16 13:45:00,C_REV_FLOW_1345,REVERSE_POWER_FLOW,Transformer_Substation,PV_H060,PV,Bus_Residential_2,DIRECT,5.57,5.29,"Connected downstream on feeder (Bus_Residential_2); power flows through transformer, balancing total substation load."
2011-09-16 13:45:00,C_REV_FLOW_1345,REVERSE_POWER_FLOW,Transformer_Substation,PV_H061,PV,Bus_Residential_2,DIRECT,0.0,0.0,"Connected downstream on feeder (Bus_Residential_2); power flows through transformer, balancing total substation load."
2011-09-16 13:45:00,C_REV_FLOW_1345,REVERSE_POWER_FLOW,Transformer_Substation,PV_H062,PV,Bus_Residential_2,DIRECT,6.0,5.7,"Connected downstream on feeder (Bus_Residential_2); power flows through transformer, balancing total substation load."
2011-09-16 13:45:00,C_REV_FLOW_1345,REVERSE_POWER_FLOW,Transformer_Substation,PV_H063,PV,Bus_Residential_2,DIRECT,0.0,0.0,"Connected downstream on feeder (Bus_Residential_2); power flows through transformer, balancing total substation load."
2011-09-16 13:45:00,C_REV_FLOW_1345,REVERSE_POWER_FLOW,Transformer_Substation,PV_H066,PV,Bus_Residential_2,DIRECT,4.43,4.21,"Connected downstream on feeder (Bus_Residential_2); power flows through transformer, balancing total substation load."
2011-09-16 13:45:00,C_REV_FLOW_1345,REVERSE_POWER_FLOW,Transformer_Substation,PV_H067,PV,Bus_Residential_2,DIRECT,0.0,0.0,"Connected downstream on feeder (Bus_Residential_2); power flows through transformer, balancing total substation load."
2011-09-16 13:45:00,C_REV_FLOW_1345,REVERSE_POWER_FLOW,Transformer_Substation,PV_H069,PV,Bus_Residential_2,DIRECT,3.58,3.4,"Connected downstream on feeder (Bus_Residential_2); power flows through transformer, balancing total substation load."
2011-09-16 13:45:00,C_REV_FLOW_1345,REVERSE_POWER_FLOW,Transformer_Substation,PV_H071,PV,Bus_Residential_3,DIRECT,4.57,4.34,"Connected downstream on feeder (Bus_Residential_3); power flows through transformer, balancing total substation load."
2011-09-16 13:45:00,C_REV_FLOW_1345,REVERSE_POWER_FLOW,Transformer_Substation,PV_H072,PV,Bus_Residential_3,DIRECT,5.17,4.91,"Connected downstream on feeder (Bus_Residential_3); power flows through transformer, balancing total substation load."
2011-09-16 13:45:00,C_REV_FLOW_1345,REVERSE_POWER_FLOW,Transformer_Substation,PV_H073,PV,Bus_Residential_3,DIRECT,3.71,3.52,"Connected downstream on feeder (Bus_Residential_3); power flows through transformer, balancing total substation load."
2011-09-16 13:45:00,C_REV_FLOW_1345,REVERSE_POWER_FLOW,Transformer_Substation,PV_H074,PV,Bus_Residential_3,DIRECT,4.1,3.89,"Connected downstream on feeder (Bus_Residential_3); power flows through transformer, balancing total substation load."
2011-09-16 13:45:00,C_REV_FLOW_1345,REVERSE_POWER_FLOW,Transformer_Substation,PV_H076,PV,Bus_Residential_3,DIRECT,0.0,0.0,"Connected downstream on feeder (Bus_Residential_3); power flows through transformer, balancing total substation load."
2011-09-16 13:45:00,C_REV_FLOW_1345,REVERSE_POWER_FLOW,Transformer_Substation,PV_H077,PV,Bus_Residential_3,DIRECT,5.0,4.75,"Connected downstream on feeder (Bus_Residential_3); power flows through transformer, balancing total substation load."
2011-09-16 13:45:00,C_REV_FLOW_1345,REVERSE_POWER_FLOW,Transformer_Substation,PV_H078,PV,Bus_Residential_3,DIRECT,2.75,2.61,"Connected downstream on feeder (Bus_Residential_3); power flows through transformer, balancing total substation load."
2011-09-16 13:45:00,C_REV_FLOW_1345,REVERSE_POWER_FLOW,Transformer_Substation,PV_H079,PV,Bus_Residential_3,DIRECT,2.85,2.71,"Connected downstream on feeder (Bus_Residential_3); power flows through transformer, balancing total substation load."
2011-09-16 13:45:00,C_REV_FLOW_1345,REVERSE_POWER_FLOW,Transformer_Substation,PV_H080,PV,Bus_Residential_3,DIRECT,0.0,0.0,"Connected downstream on feeder (Bus_Residential_3); power flows through transformer, balancing total substation load."
2011-09-16 13:45:00,C_REV_FLOW_1345,REVERSE_POWER_FLOW,Transformer_Substation,PV_H081,PV,Bus_Residential_3,DIRECT,4.14,3.93,"Connected downstream on feeder (Bus_Residential_3); power flows through transformer, balancing total substation load."
2011-09-16 13:45:00,C_REV_FLOW_1345,REVERSE_POWER_FLOW,Transformer_Substation,PV_H082,PV,Bus_Residential_3,DIRECT,2.74,2.6,"Connected downstream on feeder (Bus_Residential_3); power flows through transformer, balancing total substation load."
2011-09-16 13:45:00,C_REV_FLOW_1345,REVERSE_POWER_FLOW,Transformer_Substation,PV_H083,PV,Bus_Residential_3,DIRECT,3.06,2.91,"Connected downstream on feeder (Bus_Residential_3); power flows through transformer, balancing total substation load."
2011-09-16 13:45:00,C_REV_FLOW_1345,REVERSE_POWER_FLOW,Transformer_Substation,PV_H085,PV,Bus_Residential_3,DIRECT,0.0,0.0,"Connected downstream on feeder (Bus_Residential_3); power flows through transformer, balancing total substation load."
2011-09-16 13:45:00,C_REV_FLOW_1345,REVERSE_POWER_FLOW,Transformer_Substation,PV_H087,PV,Bus_Residential_3,DIRECT,0.0,0.0,"Connected downstream on feeder (Bus_Residential_3); power flows through transformer, balancing total substation load."
2011-09-16 13:45:00,C_REV_FLOW_1345,REVERSE_POWER_FLOW,Transformer_Substation,PV_H088,PV,Bus_Residential_3,DIRECT,2.24,2.13,"Connected downstream on feeder (Bus_Residential_3); power flows through transformer, balancing total substation load."
2011-09-16 13:45:00,C_REV_FLOW_1345,REVERSE_POWER_FLOW,Transformer_Substation,PV_H090,PV,Bus_Residential_3,DIRECT,0.0,0.0,"Connected downstream on feeder (Bus_Residential_3); power flows through transformer, balancing total substation load."
2011-09-16 13:45:00,C_REV_FLOW_1345,REVERSE_POWER_FLOW,Transformer_Substation,PV_H093,PV,Bus_Residential_3,DIRECT,5.31,5.04,"Connected downstream on feeder (Bus_Residential_3); power flows through transformer, balancing total substation load."
2011-09-16 13:45:00,C_REV_FLOW_1345,REVERSE_POWER_FLOW,Transformer_Substation,PV_H094,PV,Bus_Residential_3,DIRECT,2.76,2.62,"Connected downstream on feeder (Bus_Residential_3); power flows through transformer, balancing total substation load."
2011-09-16 13:45:00,C_REV_FLOW_1345,REVERSE_POWER_FLOW,Transformer_Substation,PV_H095,PV,Bus_Residential_3,DIRECT,2.66,2.53,"Connected downstream on feeder (Bus_Residential_3); power flows through transformer, balancing total substation load."
2011-09-16 13:45:00,C_REV_FLOW_1345,REVERSE_POWER_FLOW,Transformer_Substation,PV_H096,PV,Bus_Residential_3,DIRECT,0.0,0.0,"Connected downstream on feeder (Bus_Residential_3); power flows through transformer, balancing total substation load."
2011-09-16 13:45:00,C_REV_FLOW_1345,REVERSE_POWER_FLOW,Transformer_Substation,PV_H098,PV,Bus_Residential_3,DIRECT,0.0,0.0,"Connected downstream on feeder (Bus_Residential_3); power flows through transformer, balancing total substation load."
2011-09-16 13:45:00,C_REV_FLOW_1345,REVERSE_POWER_FLOW,Transformer_Substation,PV_H099,PV,Bus_Residential_3,DIRECT,3.1,2.94,"Connected downstream on feeder (Bus_Residential_3); power flows through transformer, balancing total substation load."
2011-09-16 13:45:00,C_REV_FLOW_1345,REVERSE_POWER_FLOW,Transformer_Substation,BESS_COMMUNITY_01,BESS,Bus_BESS,DIRECT,25.0,25.0,Directly connected to substation LV bus (Bus_BESS); directly balances transformer active power.
2011-09-16 13:45:00,C_REV_FLOW_1345,REVERSE_POWER_FLOW,Transformer_Substation,EV_001,EV,Bus_EV_Hub,DIRECT,0.0,0.0,"Connected downstream on feeder (Bus_EV_Hub); power flows through transformer, balancing total substation load."
2011-09-16 13:45:00,C_REV_FLOW_1345,REVERSE_POWER_FLOW,Transformer_Substation,EV_002,EV,Bus_EV_Hub,DIRECT,0.0,0.0,"Connected downstream on feeder (Bus_EV_Hub); power flows through transformer, balancing total substation load."
2011-09-16 13:45:00,C_REV_FLOW_1345,REVERSE_POWER_FLOW,Transformer_Substation,EV_003,EV,Bus_EV_Hub,DIRECT,0.0,0.0,"Connected downstream on feeder (Bus_EV_Hub); power flows through transformer, balancing total substation load."
2011-09-16 13:45:00,C_REV_FLOW_1345,REVERSE_POWER_FLOW,Transformer_Substation,EV_004,EV,Bus_EV_Hub,DIRECT,0.0,0.0,"Connected downstream on feeder (Bus_EV_Hub); power flows through transformer, balancing total substation load."
2011-09-16 13:45:00,C_REV_FLOW_1345,REVERSE_POWER_FLOW,Transformer_Substation,EV_005,EV,Bus_EV_Hub,DIRECT,0.0,0.0,"Connected downstream on feeder (Bus_EV_Hub); power flows through transformer, balancing total substation load."
2011-09-16 13:45:00,C_REV_FLOW_1345,REVERSE_POWER_FLOW,Transformer_Substation,EV_006,EV,Bus_EV_Hub,DIRECT,0.0,0.0,"Connected downstream on feeder (Bus_EV_Hub); power flows through transformer, balancing total substation load."
2011-09-16 13:45:00,C_REV_FLOW_1345,REVERSE_POWER_FLOW,Transformer_Substation,EV_007,EV,Bus_EV_Hub,DIRECT,0.0,0.0,"Connected downstream on feeder (Bus_EV_Hub); power flows through transformer, balancing total substation load."
2011-09-16 13:45:00,C_REV_FLOW_1345,REVERSE_POWER_FLOW,Transformer_Substation,EV_008,EV,Bus_EV_Hub,DIRECT,0.0,0.0,"Connected downstream on feeder (Bus_EV_Hub); power flows through transformer, balancing total substation load."
2011-09-16 13:45:00,C_REV_FLOW_1345,REVERSE_POWER_FLOW,Transformer_Substation,EV_009,EV,Bus_EV_Hub,DIRECT,0.0,0.0,"Connected downstream on feeder (Bus_EV_Hub); power flows through transformer, balancing total substation load."
2011-09-16 13:45:00,C_REV_FLOW_1345,REVERSE_POWER_FLOW,Transformer_Substation,EV_010,EV,Bus_EV_Hub,DIRECT,0.0,0.0,"Connected downstream on feeder (Bus_EV_Hub); power flows through transformer, balancing total substation load."
2011-09-16 13:45:00,C_REV_FLOW_1345,REVERSE_POWER_FLOW,Transformer_Substation,EV_011,EV,Bus_EV_Hub,DIRECT,0.0,0.0,"Connected downstream on feeder (Bus_EV_Hub); power flows through transformer, balancing total substation load."
2011-09-16 13:45:00,C_REV_FLOW_1345,REVERSE_POWER_FLOW,Transformer_Substation,EV_012,EV,Bus_EV_Hub,DIRECT,0.0,0.0,"Connected downstream on feeder (Bus_EV_Hub); power flows through transformer, balancing total substation load."
2011-09-16 13:45:00,C_REV_FLOW_1345,REVERSE_POWER_FLOW,Transformer_Substation,EV_013,EV,Bus_EV_Hub,DIRECT,0.0,0.0,"Connected downstream on feeder (Bus_EV_Hub); power flows through transformer, balancing total substation load."
2011-09-16 13:45:00,C_REV_FLOW_1345,REVERSE_POWER_FLOW,Transformer_Substation,EV_014,EV,Bus_EV_Hub,DIRECT,0.0,0.0,"Connected downstream on feeder (Bus_EV_Hub); power flows through transformer, balancing total substation load."
2011-09-16 13:45:00,C_REV_FLOW_1345,REVERSE_POWER_FLOW,Transformer_Substation,EV_015,EV,Bus_EV_Hub,DIRECT,0.0,0.0,"Connected downstream on feeder (Bus_EV_Hub); power flows through transformer, balancing total substation load."
2011-09-16 13:45:00,C_REV_FLOW_1345,REVERSE_POWER_FLOW,Transformer_Substation,EV_016,EV,Bus_EV_Hub,DIRECT,0.0,0.0,"Connected downstream on feeder (Bus_EV_Hub); power flows through transformer, balancing total substation load."
2011-09-16 13:45:00,C_REV_FLOW_1345,REVERSE_POWER_FLOW,Transformer_Substation,EV_017,EV,Bus_EV_Hub,DIRECT,0.0,0.0,"Connected downstream on feeder (Bus_EV_Hub); power flows through transformer, balancing total substation load."
2011-09-16 13:45:00,C_REV_FLOW_1345,REVERSE_POWER_FLOW,Transformer_Substation,EV_018,EV,Bus_EV_Hub,DIRECT,0.0,0.0,"Connected downstream on feeder (Bus_EV_Hub); power flows through transformer, balancing total substation load."
2011-09-16 13:45:00,C_REV_FLOW_1345,REVERSE_POWER_FLOW,Transformer_Substation,EV_019,EV,Bus_EV_Hub,DIRECT,0.0,0.0,"Connected downstream on feeder (Bus_EV_Hub); power flows through transformer, balancing total substation load."
2011-09-16 13:45:00,C_REV_FLOW_1345,REVERSE_POWER_FLOW,Transformer_Substation,EV_020,EV,Bus_EV_Hub,DIRECT,0.0,0.0,"Connected downstream on feeder (Bus_EV_Hub); power flows through transformer, balancing total substation load."
2011-09-16 13:45:00,C_REV_FLOW_1345,REVERSE_POWER_FLOW,Transformer_Substation,FL001,FLEXIBLE_LOAD,Bus_Residential_1,DIRECT,0.0,0.0,"Connected downstream on feeder (Bus_Residential_1); power flows through transformer, balancing total substation load."
2011-09-16 13:45:00,C_REV_FLOW_1345,REVERSE_POWER_FLOW,Transformer_Substation,FL002,FLEXIBLE_LOAD,Bus_Commercial,DIRECT,0.0,0.0,"Connected downstream on feeder (Bus_Commercial); power flows through transformer, balancing total substation load."
2011-09-16 13:45:00,C_REV_FLOW_1345,REVERSE_POWER_FLOW,Transformer_Substation,FL003,FLEXIBLE_LOAD,Bus_Residential_2,DIRECT,0.0,0.0,"Connected downstream on feeder (Bus_Residential_2); power flows through transformer, balancing total substation load."
2011-09-16 13:45:00,C_LINE_REV_1345,LINE_OVERLOAD,Line_Trunk_1,PV_H002,PV,Bus_Residential_1,DIRECT,0.0,0.0,Downstream of constrained Line_Trunk_1; DER power directly transits this line segment.
2011-09-16 13:45:00,C_LINE_REV_1345,LINE_OVERLOAD,Line_Trunk_1,PV_H003,PV,Bus_Residential_1,DIRECT,0.0,0.0,Downstream of constrained Line_Trunk_1; DER power directly transits this line segment.
2011-09-16 13:45:00,C_LINE_REV_1345,LINE_OVERLOAD,Line_Trunk_1,PV_H005,PV,Bus_Residential_1,DIRECT,0.0,0.0,Downstream of constrained Line_Trunk_1; DER power directly transits this line segment.
2011-09-16 13:45:00,C_LINE_REV_1345,LINE_OVERLOAD,Line_Trunk_1,PV_H006,PV,Bus_Residential_1,DIRECT,0.0,0.0,Downstream of constrained Line_Trunk_1; DER power directly transits this line segment.
2011-09-16 13:45:00,C_LINE_REV_1345,LINE_OVERLOAD,Line_Trunk_1,PV_H007,PV,Bus_Residential_1,DIRECT,0.0,0.0,Downstream of constrained Line_Trunk_1; DER power directly transits this line segment.
2011-09-16 13:45:00,C_LINE_REV_1345,LINE_OVERLOAD,Line_Trunk_1,PV_H010,PV,Bus_Residential_1,DIRECT,0.0,0.0,Downstream of constrained Line_Trunk_1; DER power directly transits this line segment.
2011-09-16 13:45:00,C_LINE_REV_1345,LINE_OVERLOAD,Line_Trunk_1,PV_H016,PV,Bus_Residential_1,DIRECT,0.0,0.0,Downstream of constrained Line_Trunk_1; DER power directly transits this line segment.
2011-09-16 13:45:00,C_LINE_REV_1345,LINE_OVERLOAD,Line_Trunk_1,PV_H017,PV,Bus_Residential_1,DIRECT,0.0,0.0,Downstream of constrained Line_Trunk_1; DER power directly transits this line segment.
2011-09-16 13:45:00,C_LINE_REV_1345,LINE_OVERLOAD,Line_Trunk_1,PV_H018,PV,Bus_Residential_1,DIRECT,0.0,0.0,Downstream of constrained Line_Trunk_1; DER power directly transits this line segment.
2011-09-16 13:45:00,C_LINE_REV_1345,LINE_OVERLOAD,Line_Trunk_1,PV_H021,PV,Bus_Residential_1,DIRECT,0.0,0.0,Downstream of constrained Line_Trunk_1; DER power directly transits this line segment.
2011-09-16 13:45:00,C_LINE_REV_1345,LINE_OVERLOAD,Line_Trunk_1,PV_H024,PV,Bus_Residential_1,DIRECT,0.0,0.0,Downstream of constrained Line_Trunk_1; DER power directly transits this line segment.
2011-09-16 13:45:00,C_LINE_REV_1345,LINE_OVERLOAD,Line_Trunk_1,PV_H025,PV,Bus_Residential_1,DIRECT,0.0,0.0,Downstream of constrained Line_Trunk_1; DER power directly transits this line segment.
2011-09-16 13:45:00,C_LINE_REV_1345,LINE_OVERLOAD,Line_Trunk_1,PV_H026,PV,Bus_Residential_1,DIRECT,0.0,0.0,Downstream of constrained Line_Trunk_1; DER power directly transits this line segment.
2011-09-16 13:45:00,C_LINE_REV_1345,LINE_OVERLOAD,Line_Trunk_1,PV_H027,PV,Bus_Residential_1,DIRECT,0.0,0.0,Downstream of constrained Line_Trunk_1; DER power directly transits this line segment.
2011-09-16 13:45:00,C_LINE_REV_1345,LINE_OVERLOAD,Line_Trunk_1,PV_H032,PV,Bus_Residential_1,DIRECT,0.0,0.0,Downstream of constrained Line_Trunk_1; DER power directly transits this line segment.
2011-09-16 13:45:00,C_LINE_REV_1345,LINE_OVERLOAD,Line_Trunk_1,PV_H033,PV,Bus_Residential_1,DIRECT,0.0,0.0,Downstream of constrained Line_Trunk_1; DER power directly transits this line segment.
2011-09-16 13:45:00,C_LINE_REV_1345,LINE_OVERLOAD,Line_Trunk_1,PV_H034,PV,Bus_Residential_1,DIRECT,0.0,0.0,Downstream of constrained Line_Trunk_1; DER power directly transits this line segment.
2011-09-16 13:45:00,C_LINE_REV_1345,LINE_OVERLOAD,Line_Trunk_1,PV_H035,PV,Bus_Residential_1,DIRECT,0.0,0.0,Downstream of constrained Line_Trunk_1; DER power directly transits this line segment.
2011-09-16 13:45:00,C_LINE_REV_1345,LINE_OVERLOAD,Line_Trunk_1,PV_H036,PV,Bus_Residential_2,DIRECT,0.0,0.0,Downstream of constrained Line_Trunk_1; DER power directly transits this line segment.
2011-09-16 13:45:00,C_LINE_REV_1345,LINE_OVERLOAD,Line_Trunk_1,PV_H037,PV,Bus_Residential_2,DIRECT,0.0,0.0,Downstream of constrained Line_Trunk_1; DER power directly transits this line segment.
2011-09-16 13:45:00,C_LINE_REV_1345,LINE_OVERLOAD,Line_Trunk_1,PV_H040,PV,Bus_Residential_2,DIRECT,0.0,0.0,Downstream of constrained Line_Trunk_1; DER power directly transits this line segment.
2011-09-16 13:45:00,C_LINE_REV_1345,LINE_OVERLOAD,Line_Trunk_1,PV_H042,PV,Bus_Residential_2,DIRECT,0.0,0.0,Downstream of constrained Line_Trunk_1; DER power directly transits this line segment.
2011-09-16 13:45:00,C_LINE_REV_1345,LINE_OVERLOAD,Line_Trunk_1,PV_H044,PV,Bus_Residential_2,DIRECT,0.0,0.0,Downstream of constrained Line_Trunk_1; DER power directly transits this line segment.
2011-09-16 13:45:00,C_LINE_REV_1345,LINE_OVERLOAD,Line_Trunk_1,PV_H046,PV,Bus_Residential_2,DIRECT,0.0,0.0,Downstream of constrained Line_Trunk_1; DER power directly transits this line segment.
2011-09-16 13:45:00,C_LINE_REV_1345,LINE_OVERLOAD,Line_Trunk_1,PV_H048,PV,Bus_Residential_2,DIRECT,0.0,0.0,Downstream of constrained Line_Trunk_1; DER power directly transits this line segment.
2011-09-16 13:45:00,C_LINE_REV_1345,LINE_OVERLOAD,Line_Trunk_1,PV_H049,PV,Bus_Residential_2,DIRECT,0.0,0.0,Downstream of constrained Line_Trunk_1; DER power directly transits this line segment.
2011-09-16 13:45:00,C_LINE_REV_1345,LINE_OVERLOAD,Line_Trunk_1,PV_H050,PV,Bus_Residential_2,DIRECT,0.0,0.0,Downstream of constrained Line_Trunk_1; DER power directly transits this line segment.
2011-09-16 13:45:00,C_LINE_REV_1345,LINE_OVERLOAD,Line_Trunk_1,PV_H053,PV,Bus_Residential_2,DIRECT,0.0,0.0,Downstream of constrained Line_Trunk_1; DER power directly transits this line segment.
2011-09-16 13:45:00,C_LINE_REV_1345,LINE_OVERLOAD,Line_Trunk_1,PV_H055,PV,Bus_Residential_2,DIRECT,0.0,0.0,Downstream of constrained Line_Trunk_1; DER power directly transits this line segment.
2011-09-16 13:45:00,C_LINE_REV_1345,LINE_OVERLOAD,Line_Trunk_1,PV_H057,PV,Bus_Residential_2,DIRECT,0.0,0.0,Downstream of constrained Line_Trunk_1; DER power directly transits this line segment.
2011-09-16 13:45:00,C_LINE_REV_1345,LINE_OVERLOAD,Line_Trunk_1,PV_H058,PV,Bus_Residential_2,DIRECT,0.0,0.0,Downstream of constrained Line_Trunk_1; DER power directly transits this line segment.
2011-09-16 13:45:00,C_LINE_REV_1345,LINE_OVERLOAD,Line_Trunk_1,PV_H060,PV,Bus_Residential_2,DIRECT,0.0,0.0,Downstream of constrained Line_Trunk_1; DER power directly transits this line segment.
2011-09-16 13:45:00,C_LINE_REV_1345,LINE_OVERLOAD,Line_Trunk_1,PV_H061,PV,Bus_Residential_2,DIRECT,0.0,0.0,Downstream of constrained Line_Trunk_1; DER power directly transits this line segment.
2011-09-16 13:45:00,C_LINE_REV_1345,LINE_OVERLOAD,Line_Trunk_1,PV_H062,PV,Bus_Residential_2,DIRECT,0.0,0.0,Downstream of constrained Line_Trunk_1; DER power directly transits this line segment.
2011-09-16 13:45:00,C_LINE_REV_1345,LINE_OVERLOAD,Line_Trunk_1,PV_H063,PV,Bus_Residential_2,DIRECT,0.0,0.0,Downstream of constrained Line_Trunk_1; DER power directly transits this line segment.
2011-09-16 13:45:00,C_LINE_REV_1345,LINE_OVERLOAD,Line_Trunk_1,PV_H066,PV,Bus_Residential_2,DIRECT,0.0,0.0,Downstream of constrained Line_Trunk_1; DER power directly transits this line segment.
2011-09-16 13:45:00,C_LINE_REV_1345,LINE_OVERLOAD,Line_Trunk_1,PV_H067,PV,Bus_Residential_2,DIRECT,0.0,0.0,Downstream of constrained Line_Trunk_1; DER power directly transits this line segment.
2011-09-16 13:45:00,C_LINE_REV_1345,LINE_OVERLOAD,Line_Trunk_1,PV_H069,PV,Bus_Residential_2,DIRECT,0.0,0.0,Downstream of constrained Line_Trunk_1; DER power directly transits this line segment.
2011-09-16 13:45:00,C_LINE_REV_1345,LINE_OVERLOAD,Line_Trunk_1,PV_H071,PV,Bus_Residential_3,DIRECT,0.0,0.0,Downstream of constrained Line_Trunk_1; DER power directly transits this line segment.
2011-09-16 13:45:00,C_LINE_REV_1345,LINE_OVERLOAD,Line_Trunk_1,PV_H072,PV,Bus_Residential_3,DIRECT,0.0,0.0,Downstream of constrained Line_Trunk_1; DER power directly transits this line segment.
2011-09-16 13:45:00,C_LINE_REV_1345,LINE_OVERLOAD,Line_Trunk_1,PV_H073,PV,Bus_Residential_3,DIRECT,0.0,0.0,Downstream of constrained Line_Trunk_1; DER power directly transits this line segment.
2011-09-16 13:45:00,C_LINE_REV_1345,LINE_OVERLOAD,Line_Trunk_1,PV_H074,PV,Bus_Residential_3,DIRECT,0.0,0.0,Downstream of constrained Line_Trunk_1; DER power directly transits this line segment.
2011-09-16 13:45:00,C_LINE_REV_1345,LINE_OVERLOAD,Line_Trunk_1,PV_H076,PV,Bus_Residential_3,DIRECT,0.0,0.0,Downstream of constrained Line_Trunk_1; DER power directly transits this line segment.
2011-09-16 13:45:00,C_LINE_REV_1345,LINE_OVERLOAD,Line_Trunk_1,PV_H077,PV,Bus_Residential_3,DIRECT,0.0,0.0,Downstream of constrained Line_Trunk_1; DER power directly transits this line segment.
2011-09-16 13:45:00,C_LINE_REV_1345,LINE_OVERLOAD,Line_Trunk_1,PV_H078,PV,Bus_Residential_3,DIRECT,0.0,0.0,Downstream of constrained Line_Trunk_1; DER power directly transits this line segment.
2011-09-16 13:45:00,C_LINE_REV_1345,LINE_OVERLOAD,Line_Trunk_1,PV_H079,PV,Bus_Residential_3,DIRECT,0.0,0.0,Downstream of constrained Line_Trunk_1; DER power directly transits this line segment.
2011-09-16 13:45:00,C_LINE_REV_1345,LINE_OVERLOAD,Line_Trunk_1,PV_H080,PV,Bus_Residential_3,DIRECT,0.0,0.0,Downstream of constrained Line_Trunk_1; DER power directly transits this line segment.
2011-09-16 13:45:00,C_LINE_REV_1345,LINE_OVERLOAD,Line_Trunk_1,PV_H081,PV,Bus_Residential_3,DIRECT,0.0,0.0,Downstream of constrained Line_Trunk_1; DER power directly transits this line segment.
2011-09-16 13:45:00,C_LINE_REV_1345,LINE_OVERLOAD,Line_Trunk_1,PV_H082,PV,Bus_Residential_3,DIRECT,0.0,0.0,Downstream of constrained Line_Trunk_1; DER power directly transits this line segment.
2011-09-16 13:45:00,C_LINE_REV_1345,LINE_OVERLOAD,Line_Trunk_1,PV_H083,PV,Bus_Residential_3,DIRECT,0.0,0.0,Downstream of constrained Line_Trunk_1; DER power directly transits this line segment.
2011-09-16 13:45:00,C_LINE_REV_1345,LINE_OVERLOAD,Line_Trunk_1,PV_H085,PV,Bus_Residential_3,DIRECT,0.0,0.0,Downstream of constrained Line_Trunk_1; DER power directly transits this line segment.
2011-09-16 13:45:00,C_LINE_REV_1345,LINE_OVERLOAD,Line_Trunk_1,PV_H087,PV,Bus_Residential_3,DIRECT,0.0,0.0,Downstream of constrained Line_Trunk_1; DER power directly transits this line segment.
2011-09-16 13:45:00,C_LINE_REV_1345,LINE_OVERLOAD,Line_Trunk_1,PV_H088,PV,Bus_Residential_3,DIRECT,0.0,0.0,Downstream of constrained Line_Trunk_1; DER power directly transits this line segment.
2011-09-16 13:45:00,C_LINE_REV_1345,LINE_OVERLOAD,Line_Trunk_1,PV_H090,PV,Bus_Residential_3,DIRECT,0.0,0.0,Downstream of constrained Line_Trunk_1; DER power directly transits this line segment.
2011-09-16 13:45:00,C_LINE_REV_1345,LINE_OVERLOAD,Line_Trunk_1,PV_H093,PV,Bus_Residential_3,DIRECT,0.0,0.0,Downstream of constrained Line_Trunk_1; DER power directly transits this line segment.
2011-09-16 13:45:00,C_LINE_REV_1345,LINE_OVERLOAD,Line_Trunk_1,PV_H094,PV,Bus_Residential_3,DIRECT,0.0,0.0,Downstream of constrained Line_Trunk_1; DER power directly transits this line segment.
2011-09-16 13:45:00,C_LINE_REV_1345,LINE_OVERLOAD,Line_Trunk_1,PV_H095,PV,Bus_Residential_3,DIRECT,0.0,0.0,Downstream of constrained Line_Trunk_1; DER power directly transits this line segment.
2011-09-16 13:45:00,C_LINE_REV_1345,LINE_OVERLOAD,Line_Trunk_1,PV_H096,PV,Bus_Residential_3,DIRECT,0.0,0.0,Downstream of constrained Line_Trunk_1; DER power directly transits this line segment.
2011-09-16 13:45:00,C_LINE_REV_1345,LINE_OVERLOAD,Line_Trunk_1,PV_H098,PV,Bus_Residential_3,DIRECT,0.0,0.0,Downstream of constrained Line_Trunk_1; DER power directly transits this line segment.
2011-09-16 13:45:00,C_LINE_REV_1345,LINE_OVERLOAD,Line_Trunk_1,PV_H099,PV,Bus_Residential_3,DIRECT,0.0,0.0,Downstream of constrained Line_Trunk_1; DER power directly transits this line segment.
2011-09-16 13:45:00,C_LINE_REV_1345,LINE_OVERLOAD,Line_Trunk_1,BESS_COMMUNITY_01,BESS,Bus_BESS,NOT_RELEVANT,25.0,0.0,Not downstream of Line_Trunk_1 (Bus_BESS); DER power does not transit this segment and cannot relieve its congestion.
2011-09-16 13:45:00,C_LINE_REV_1345,LINE_OVERLOAD,Line_Trunk_1,EV_001,EV,Bus_EV_Hub,DIRECT,0.0,0.0,Downstream of constrained Line_Trunk_1; DER power directly transits this line segment.
2011-09-16 13:45:00,C_LINE_REV_1345,LINE_OVERLOAD,Line_Trunk_1,EV_002,EV,Bus_EV_Hub,DIRECT,0.0,0.0,Downstream of constrained Line_Trunk_1; DER power directly transits this line segment.
2011-09-16 13:45:00,C_LINE_REV_1345,LINE_OVERLOAD,Line_Trunk_1,EV_003,EV,Bus_EV_Hub,DIRECT,0.0,0.0,Downstream of constrained Line_Trunk_1; DER power directly transits this line segment.
2011-09-16 13:45:00,C_LINE_REV_1345,LINE_OVERLOAD,Line_Trunk_1,EV_004,EV,Bus_EV_Hub,DIRECT,0.0,0.0,Downstream of constrained Line_Trunk_1; DER power directly transits this line segment.
2011-09-16 13:45:00,C_LINE_REV_1345,LINE_OVERLOAD,Line_Trunk_1,EV_005,EV,Bus_EV_Hub,DIRECT,0.0,0.0,Downstream of constrained Line_Trunk_1; DER power directly transits this line segment.
2011-09-16 13:45:00,C_LINE_REV_1345,LINE_OVERLOAD,Line_Trunk_1,EV_006,EV,Bus_EV_Hub,DIRECT,0.0,0.0,Downstream of constrained Line_Trunk_1; DER power directly transits this line segment.
2011-09-16 13:45:00,C_LINE_REV_1345,LINE_OVERLOAD,Line_Trunk_1,EV_007,EV,Bus_EV_Hub,DIRECT,0.0,0.0,Downstream of constrained Line_Trunk_1; DER power directly transits this line segment.
2011-09-16 13:45:00,C_LINE_REV_1345,LINE_OVERLOAD,Line_Trunk_1,EV_008,EV,Bus_EV_Hub,DIRECT,0.0,0.0,Downstream of constrained Line_Trunk_1; DER power directly transits this line segment.
2011-09-16 13:45:00,C_LINE_REV_1345,LINE_OVERLOAD,Line_Trunk_1,EV_009,EV,Bus_EV_Hub,DIRECT,0.0,0.0,Downstream of constrained Line_Trunk_1; DER power directly transits this line segment.
2011-09-16 13:45:00,C_LINE_REV_1345,LINE_OVERLOAD,Line_Trunk_1,EV_010,EV,Bus_EV_Hub,DIRECT,0.0,0.0,Downstream of constrained Line_Trunk_1; DER power directly transits this line segment.
2011-09-16 13:45:00,C_LINE_REV_1345,LINE_OVERLOAD,Line_Trunk_1,EV_011,EV,Bus_EV_Hub,DIRECT,0.0,0.0,Downstream of constrained Line_Trunk_1; DER power directly transits this line segment.
2011-09-16 13:45:00,C_LINE_REV_1345,LINE_OVERLOAD,Line_Trunk_1,EV_012,EV,Bus_EV_Hub,DIRECT,0.0,0.0,Downstream of constrained Line_Trunk_1; DER power directly transits this line segment.
2011-09-16 13:45:00,C_LINE_REV_1345,LINE_OVERLOAD,Line_Trunk_1,EV_013,EV,Bus_EV_Hub,DIRECT,0.0,0.0,Downstream of constrained Line_Trunk_1; DER power directly transits this line segment.
2011-09-16 13:45:00,C_LINE_REV_1345,LINE_OVERLOAD,Line_Trunk_1,EV_014,EV,Bus_EV_Hub,DIRECT,0.0,0.0,Downstream of constrained Line_Trunk_1; DER power directly transits this line segment.
2011-09-16 13:45:00,C_LINE_REV_1345,LINE_OVERLOAD,Line_Trunk_1,EV_015,EV,Bus_EV_Hub,DIRECT,0.0,0.0,Downstream of constrained Line_Trunk_1; DER power directly transits this line segment.
2011-09-16 13:45:00,C_LINE_REV_1345,LINE_OVERLOAD,Line_Trunk_1,EV_016,EV,Bus_EV_Hub,DIRECT,0.0,0.0,Downstream of constrained Line_Trunk_1; DER power directly transits this line segment.
2011-09-16 13:45:00,C_LINE_REV_1345,LINE_OVERLOAD,Line_Trunk_1,EV_017,EV,Bus_EV_Hub,DIRECT,0.0,0.0,Downstream of constrained Line_Trunk_1; DER power directly transits this line segment.
2011-09-16 13:45:00,C_LINE_REV_1345,LINE_OVERLOAD,Line_Trunk_1,EV_018,EV,Bus_EV_Hub,DIRECT,0.0,0.0,Downstream of constrained Line_Trunk_1; DER power directly transits this line segment.
2011-09-16 13:45:00,C_LINE_REV_1345,LINE_OVERLOAD,Line_Trunk_1,EV_019,EV,Bus_EV_Hub,DIRECT,0.0,0.0,Downstream of constrained Line_Trunk_1; DER power directly transits this line segment.
2011-09-16 13:45:00,C_LINE_REV_1345,LINE_OVERLOAD,Line_Trunk_1,EV_020,EV,Bus_EV_Hub,DIRECT,0.0,0.0,Downstream of constrained Line_Trunk_1; DER power directly transits this line segment.
2011-09-16 13:45:00,C_LINE_REV_1345,LINE_OVERLOAD,Line_Trunk_1,FL001,FLEXIBLE_LOAD,Bus_Residential_1,DIRECT,0.0,0.0,Downstream of constrained Line_Trunk_1; DER power directly transits this line segment.
2011-09-16 13:45:00,C_LINE_REV_1345,LINE_OVERLOAD,Line_Trunk_1,FL002,FLEXIBLE_LOAD,Bus_Commercial,NOT_RELEVANT,0.0,0.0,Not downstream of Line_Trunk_1 (Bus_Commercial); DER power does not transit this segment and cannot relieve its congestion.
2011-09-16 13:45:00,C_LINE_REV_1345,LINE_OVERLOAD,Line_Trunk_1,FL003,FLEXIBLE_LOAD,Bus_Residential_2,DIRECT,4.0,4.0,Downstream of constrained Line_Trunk_1; DER power directly transits this line segment.
2011-09-16 15:45:00,C_CLOUD_DROP_1545,TRANSFORMER_OVERLOAD,Transformer_Substation,PV_H002,PV,Bus_Residential_1,DIRECT,0.0,0.0,"Connected downstream on feeder (Bus_Residential_1); power flows through transformer, balancing total substation load."
2011-09-16 15:45:00,C_CLOUD_DROP_1545,TRANSFORMER_OVERLOAD,Transformer_Substation,PV_H003,PV,Bus_Residential_1,DIRECT,0.0,0.0,"Connected downstream on feeder (Bus_Residential_1); power flows through transformer, balancing total substation load."
2011-09-16 15:45:00,C_CLOUD_DROP_1545,TRANSFORMER_OVERLOAD,Transformer_Substation,PV_H005,PV,Bus_Residential_1,DIRECT,0.0,0.0,"Connected downstream on feeder (Bus_Residential_1); power flows through transformer, balancing total substation load."
2011-09-16 15:45:00,C_CLOUD_DROP_1545,TRANSFORMER_OVERLOAD,Transformer_Substation,PV_H006,PV,Bus_Residential_1,DIRECT,0.0,0.0,"Connected downstream on feeder (Bus_Residential_1); power flows through transformer, balancing total substation load."
2011-09-16 15:45:00,C_CLOUD_DROP_1545,TRANSFORMER_OVERLOAD,Transformer_Substation,PV_H007,PV,Bus_Residential_1,DIRECT,0.0,0.0,"Connected downstream on feeder (Bus_Residential_1); power flows through transformer, balancing total substation load."
2011-09-16 15:45:00,C_CLOUD_DROP_1545,TRANSFORMER_OVERLOAD,Transformer_Substation,PV_H010,PV,Bus_Residential_1,DIRECT,0.0,0.0,"Connected downstream on feeder (Bus_Residential_1); power flows through transformer, balancing total substation load."
2011-09-16 15:45:00,C_CLOUD_DROP_1545,TRANSFORMER_OVERLOAD,Transformer_Substation,PV_H016,PV,Bus_Residential_1,DIRECT,0.0,0.0,"Connected downstream on feeder (Bus_Residential_1); power flows through transformer, balancing total substation load."
2011-09-16 15:45:00,C_CLOUD_DROP_1545,TRANSFORMER_OVERLOAD,Transformer_Substation,PV_H017,PV,Bus_Residential_1,DIRECT,0.0,0.0,"Connected downstream on feeder (Bus_Residential_1); power flows through transformer, balancing total substation load."
2011-09-16 15:45:00,C_CLOUD_DROP_1545,TRANSFORMER_OVERLOAD,Transformer_Substation,PV_H018,PV,Bus_Residential_1,DIRECT,0.0,0.0,"Connected downstream on feeder (Bus_Residential_1); power flows through transformer, balancing total substation load."
2011-09-16 15:45:00,C_CLOUD_DROP_1545,TRANSFORMER_OVERLOAD,Transformer_Substation,PV_H021,PV,Bus_Residential_1,DIRECT,0.0,0.0,"Connected downstream on feeder (Bus_Residential_1); power flows through transformer, balancing total substation load."
2011-09-16 15:45:00,C_CLOUD_DROP_1545,TRANSFORMER_OVERLOAD,Transformer_Substation,PV_H024,PV,Bus_Residential_1,DIRECT,0.0,0.0,"Connected downstream on feeder (Bus_Residential_1); power flows through transformer, balancing total substation load."
2011-09-16 15:45:00,C_CLOUD_DROP_1545,TRANSFORMER_OVERLOAD,Transformer_Substation,PV_H025,PV,Bus_Residential_1,DIRECT,0.0,0.0,"Connected downstream on feeder (Bus_Residential_1); power flows through transformer, balancing total substation load."
2011-09-16 15:45:00,C_CLOUD_DROP_1545,TRANSFORMER_OVERLOAD,Transformer_Substation,PV_H026,PV,Bus_Residential_1,DIRECT,0.0,0.0,"Connected downstream on feeder (Bus_Residential_1); power flows through transformer, balancing total substation load."
2011-09-16 15:45:00,C_CLOUD_DROP_1545,TRANSFORMER_OVERLOAD,Transformer_Substation,PV_H027,PV,Bus_Residential_1,DIRECT,0.0,0.0,"Connected downstream on feeder (Bus_Residential_1); power flows through transformer, balancing total substation load."
2011-09-16 15:45:00,C_CLOUD_DROP_1545,TRANSFORMER_OVERLOAD,Transformer_Substation,PV_H032,PV,Bus_Residential_1,DIRECT,0.0,0.0,"Connected downstream on feeder (Bus_Residential_1); power flows through transformer, balancing total substation load."
2011-09-16 15:45:00,C_CLOUD_DROP_1545,TRANSFORMER_OVERLOAD,Transformer_Substation,PV_H033,PV,Bus_Residential_1,DIRECT,0.0,0.0,"Connected downstream on feeder (Bus_Residential_1); power flows through transformer, balancing total substation load."
2011-09-16 15:45:00,C_CLOUD_DROP_1545,TRANSFORMER_OVERLOAD,Transformer_Substation,PV_H034,PV,Bus_Residential_1,DIRECT,0.0,0.0,"Connected downstream on feeder (Bus_Residential_1); power flows through transformer, balancing total substation load."
2011-09-16 15:45:00,C_CLOUD_DROP_1545,TRANSFORMER_OVERLOAD,Transformer_Substation,PV_H035,PV,Bus_Residential_1,DIRECT,0.0,0.0,"Connected downstream on feeder (Bus_Residential_1); power flows through transformer, balancing total substation load."
2011-09-16 15:45:00,C_CLOUD_DROP_1545,TRANSFORMER_OVERLOAD,Transformer_Substation,PV_H036,PV,Bus_Residential_2,DIRECT,0.0,0.0,"Connected downstream on feeder (Bus_Residential_2); power flows through transformer, balancing total substation load."
2011-09-16 15:45:00,C_CLOUD_DROP_1545,TRANSFORMER_OVERLOAD,Transformer_Substation,PV_H037,PV,Bus_Residential_2,DIRECT,0.0,0.0,"Connected downstream on feeder (Bus_Residential_2); power flows through transformer, balancing total substation load."
2011-09-16 15:45:00,C_CLOUD_DROP_1545,TRANSFORMER_OVERLOAD,Transformer_Substation,PV_H040,PV,Bus_Residential_2,DIRECT,0.0,0.0,"Connected downstream on feeder (Bus_Residential_2); power flows through transformer, balancing total substation load."
2011-09-16 15:45:00,C_CLOUD_DROP_1545,TRANSFORMER_OVERLOAD,Transformer_Substation,PV_H042,PV,Bus_Residential_2,DIRECT,0.0,0.0,"Connected downstream on feeder (Bus_Residential_2); power flows through transformer, balancing total substation load."
2011-09-16 15:45:00,C_CLOUD_DROP_1545,TRANSFORMER_OVERLOAD,Transformer_Substation,PV_H044,PV,Bus_Residential_2,DIRECT,0.0,0.0,"Connected downstream on feeder (Bus_Residential_2); power flows through transformer, balancing total substation load."
2011-09-16 15:45:00,C_CLOUD_DROP_1545,TRANSFORMER_OVERLOAD,Transformer_Substation,PV_H046,PV,Bus_Residential_2,DIRECT,0.0,0.0,"Connected downstream on feeder (Bus_Residential_2); power flows through transformer, balancing total substation load."
2011-09-16 15:45:00,C_CLOUD_DROP_1545,TRANSFORMER_OVERLOAD,Transformer_Substation,PV_H048,PV,Bus_Residential_2,DIRECT,0.0,0.0,"Connected downstream on feeder (Bus_Residential_2); power flows through transformer, balancing total substation load."
2011-09-16 15:45:00,C_CLOUD_DROP_1545,TRANSFORMER_OVERLOAD,Transformer_Substation,PV_H049,PV,Bus_Residential_2,DIRECT,0.0,0.0,"Connected downstream on feeder (Bus_Residential_2); power flows through transformer, balancing total substation load."
2011-09-16 15:45:00,C_CLOUD_DROP_1545,TRANSFORMER_OVERLOAD,Transformer_Substation,PV_H050,PV,Bus_Residential_2,DIRECT,0.0,0.0,"Connected downstream on feeder (Bus_Residential_2); power flows through transformer, balancing total substation load."
2011-09-16 15:45:00,C_CLOUD_DROP_1545,TRANSFORMER_OVERLOAD,Transformer_Substation,PV_H053,PV,Bus_Residential_2,DIRECT,0.0,0.0,"Connected downstream on feeder (Bus_Residential_2); power flows through transformer, balancing total substation load."
2011-09-16 15:45:00,C_CLOUD_DROP_1545,TRANSFORMER_OVERLOAD,Transformer_Substation,PV_H055,PV,Bus_Residential_2,DIRECT,0.0,0.0,"Connected downstream on feeder (Bus_Residential_2); power flows through transformer, balancing total substation load."
2011-09-16 15:45:00,C_CLOUD_DROP_1545,TRANSFORMER_OVERLOAD,Transformer_Substation,PV_H057,PV,Bus_Residential_2,DIRECT,0.0,0.0,"Connected downstream on feeder (Bus_Residential_2); power flows through transformer, balancing total substation load."
2011-09-16 15:45:00,C_CLOUD_DROP_1545,TRANSFORMER_OVERLOAD,Transformer_Substation,PV_H058,PV,Bus_Residential_2,DIRECT,0.0,0.0,"Connected downstream on feeder (Bus_Residential_2); power flows through transformer, balancing total substation load."
2011-09-16 15:45:00,C_CLOUD_DROP_1545,TRANSFORMER_OVERLOAD,Transformer_Substation,PV_H060,PV,Bus_Residential_2,DIRECT,0.0,0.0,"Connected downstream on feeder (Bus_Residential_2); power flows through transformer, balancing total substation load."
2011-09-16 15:45:00,C_CLOUD_DROP_1545,TRANSFORMER_OVERLOAD,Transformer_Substation,PV_H061,PV,Bus_Residential_2,DIRECT,0.0,0.0,"Connected downstream on feeder (Bus_Residential_2); power flows through transformer, balancing total substation load."
2011-09-16 15:45:00,C_CLOUD_DROP_1545,TRANSFORMER_OVERLOAD,Transformer_Substation,PV_H062,PV,Bus_Residential_2,DIRECT,0.0,0.0,"Connected downstream on feeder (Bus_Residential_2); power flows through transformer, balancing total substation load."
2011-09-16 15:45:00,C_CLOUD_DROP_1545,TRANSFORMER_OVERLOAD,Transformer_Substation,PV_H063,PV,Bus_Residential_2,DIRECT,0.0,0.0,"Connected downstream on feeder (Bus_Residential_2); power flows through transformer, balancing total substation load."
2011-09-16 15:45:00,C_CLOUD_DROP_1545,TRANSFORMER_OVERLOAD,Transformer_Substation,PV_H066,PV,Bus_Residential_2,DIRECT,0.0,0.0,"Connected downstream on feeder (Bus_Residential_2); power flows through transformer, balancing total substation load."
2011-09-16 15:45:00,C_CLOUD_DROP_1545,TRANSFORMER_OVERLOAD,Transformer_Substation,PV_H067,PV,Bus_Residential_2,DIRECT,0.0,0.0,"Connected downstream on feeder (Bus_Residential_2); power flows through transformer, balancing total substation load."
2011-09-16 15:45:00,C_CLOUD_DROP_1545,TRANSFORMER_OVERLOAD,Transformer_Substation,PV_H069,PV,Bus_Residential_2,DIRECT,0.0,0.0,"Connected downstream on feeder (Bus_Residential_2); power flows through transformer, balancing total substation load."
2011-09-16 15:45:00,C_CLOUD_DROP_1545,TRANSFORMER_OVERLOAD,Transformer_Substation,PV_H071,PV,Bus_Residential_3,DIRECT,0.0,0.0,"Connected downstream on feeder (Bus_Residential_3); power flows through transformer, balancing total substation load."
2011-09-16 15:45:00,C_CLOUD_DROP_1545,TRANSFORMER_OVERLOAD,Transformer_Substation,PV_H072,PV,Bus_Residential_3,DIRECT,0.0,0.0,"Connected downstream on feeder (Bus_Residential_3); power flows through transformer, balancing total substation load."
2011-09-16 15:45:00,C_CLOUD_DROP_1545,TRANSFORMER_OVERLOAD,Transformer_Substation,PV_H073,PV,Bus_Residential_3,DIRECT,0.0,0.0,"Connected downstream on feeder (Bus_Residential_3); power flows through transformer, balancing total substation load."
2011-09-16 15:45:00,C_CLOUD_DROP_1545,TRANSFORMER_OVERLOAD,Transformer_Substation,PV_H074,PV,Bus_Residential_3,DIRECT,0.0,0.0,"Connected downstream on feeder (Bus_Residential_3); power flows through transformer, balancing total substation load."
2011-09-16 15:45:00,C_CLOUD_DROP_1545,TRANSFORMER_OVERLOAD,Transformer_Substation,PV_H076,PV,Bus_Residential_3,DIRECT,0.0,0.0,"Connected downstream on feeder (Bus_Residential_3); power flows through transformer, balancing total substation load."
2011-09-16 15:45:00,C_CLOUD_DROP_1545,TRANSFORMER_OVERLOAD,Transformer_Substation,PV_H077,PV,Bus_Residential_3,DIRECT,0.0,0.0,"Connected downstream on feeder (Bus_Residential_3); power flows through transformer, balancing total substation load."
2011-09-16 15:45:00,C_CLOUD_DROP_1545,TRANSFORMER_OVERLOAD,Transformer_Substation,PV_H078,PV,Bus_Residential_3,DIRECT,0.0,0.0,"Connected downstream on feeder (Bus_Residential_3); power flows through transformer, balancing total substation load."
2011-09-16 15:45:00,C_CLOUD_DROP_1545,TRANSFORMER_OVERLOAD,Transformer_Substation,PV_H079,PV,Bus_Residential_3,DIRECT,0.0,0.0,"Connected downstream on feeder (Bus_Residential_3); power flows through transformer, balancing total substation load."
2011-09-16 15:45:00,C_CLOUD_DROP_1545,TRANSFORMER_OVERLOAD,Transformer_Substation,PV_H080,PV,Bus_Residential_3,DIRECT,0.0,0.0,"Connected downstream on feeder (Bus_Residential_3); power flows through transformer, balancing total substation load."
2011-09-16 15:45:00,C_CLOUD_DROP_1545,TRANSFORMER_OVERLOAD,Transformer_Substation,PV_H081,PV,Bus_Residential_3,DIRECT,0.0,0.0,"Connected downstream on feeder (Bus_Residential_3); power flows through transformer, balancing total substation load."
2011-09-16 15:45:00,C_CLOUD_DROP_1545,TRANSFORMER_OVERLOAD,Transformer_Substation,PV_H082,PV,Bus_Residential_3,DIRECT,0.0,0.0,"Connected downstream on feeder (Bus_Residential_3); power flows through transformer, balancing total substation load."
2011-09-16 15:45:00,C_CLOUD_DROP_1545,TRANSFORMER_OVERLOAD,Transformer_Substation,PV_H083,PV,Bus_Residential_3,DIRECT,0.0,0.0,"Connected downstream on feeder (Bus_Residential_3); power flows through transformer, balancing total substation load."
2011-09-16 15:45:00,C_CLOUD_DROP_1545,TRANSFORMER_OVERLOAD,Transformer_Substation,PV_H085,PV,Bus_Residential_3,DIRECT,0.0,0.0,"Connected downstream on feeder (Bus_Residential_3); power flows through transformer, balancing total substation load."
2011-09-16 15:45:00,C_CLOUD_DROP_1545,TRANSFORMER_OVERLOAD,Transformer_Substation,PV_H087,PV,Bus_Residential_3,DIRECT,0.0,0.0,"Connected downstream on feeder (Bus_Residential_3); power flows through transformer, balancing total substation load."
2011-09-16 15:45:00,C_CLOUD_DROP_1545,TRANSFORMER_OVERLOAD,Transformer_Substation,PV_H088,PV,Bus_Residential_3,DIRECT,0.0,0.0,"Connected downstream on feeder (Bus_Residential_3); power flows through transformer, balancing total substation load."
2011-09-16 15:45:00,C_CLOUD_DROP_1545,TRANSFORMER_OVERLOAD,Transformer_Substation,PV_H090,PV,Bus_Residential_3,DIRECT,0.0,0.0,"Connected downstream on feeder (Bus_Residential_3); power flows through transformer, balancing total substation load."
2011-09-16 15:45:00,C_CLOUD_DROP_1545,TRANSFORMER_OVERLOAD,Transformer_Substation,PV_H093,PV,Bus_Residential_3,DIRECT,0.0,0.0,"Connected downstream on feeder (Bus_Residential_3); power flows through transformer, balancing total substation load."
2011-09-16 15:45:00,C_CLOUD_DROP_1545,TRANSFORMER_OVERLOAD,Transformer_Substation,PV_H094,PV,Bus_Residential_3,DIRECT,0.0,0.0,"Connected downstream on feeder (Bus_Residential_3); power flows through transformer, balancing total substation load."
2011-09-16 15:45:00,C_CLOUD_DROP_1545,TRANSFORMER_OVERLOAD,Transformer_Substation,PV_H095,PV,Bus_Residential_3,DIRECT,0.0,0.0,"Connected downstream on feeder (Bus_Residential_3); power flows through transformer, balancing total substation load."
2011-09-16 15:45:00,C_CLOUD_DROP_1545,TRANSFORMER_OVERLOAD,Transformer_Substation,PV_H096,PV,Bus_Residential_3,DIRECT,0.0,0.0,"Connected downstream on feeder (Bus_Residential_3); power flows through transformer, balancing total substation load."
2011-09-16 15:45:00,C_CLOUD_DROP_1545,TRANSFORMER_OVERLOAD,Transformer_Substation,PV_H098,PV,Bus_Residential_3,DIRECT,0.0,0.0,"Connected downstream on feeder (Bus_Residential_3); power flows through transformer, balancing total substation load."
2011-09-16 15:45:00,C_CLOUD_DROP_1545,TRANSFORMER_OVERLOAD,Transformer_Substation,PV_H099,PV,Bus_Residential_3,DIRECT,0.0,0.0,"Connected downstream on feeder (Bus_Residential_3); power flows through transformer, balancing total substation load."
2011-09-16 15:45:00,C_CLOUD_DROP_1545,TRANSFORMER_OVERLOAD,Transformer_Substation,BESS_COMMUNITY_01,BESS,Bus_BESS,DIRECT,25.0,25.0,Directly connected to substation LV bus (Bus_BESS); directly balances transformer active power.
2011-09-16 15:45:00,C_CLOUD_DROP_1545,TRANSFORMER_OVERLOAD,Transformer_Substation,EV_001,EV,Bus_EV_Hub,DIRECT,0.0,0.0,"Connected downstream on feeder (Bus_EV_Hub); power flows through transformer, balancing total substation load."
2011-09-16 15:45:00,C_CLOUD_DROP_1545,TRANSFORMER_OVERLOAD,Transformer_Substation,EV_002,EV,Bus_EV_Hub,DIRECT,0.0,0.0,"Connected downstream on feeder (Bus_EV_Hub); power flows through transformer, balancing total substation load."
2011-09-16 15:45:00,C_CLOUD_DROP_1545,TRANSFORMER_OVERLOAD,Transformer_Substation,EV_003,EV,Bus_EV_Hub,DIRECT,0.0,0.0,"Connected downstream on feeder (Bus_EV_Hub); power flows through transformer, balancing total substation load."
2011-09-16 15:45:00,C_CLOUD_DROP_1545,TRANSFORMER_OVERLOAD,Transformer_Substation,EV_004,EV,Bus_EV_Hub,DIRECT,0.0,0.0,"Connected downstream on feeder (Bus_EV_Hub); power flows through transformer, balancing total substation load."
2011-09-16 15:45:00,C_CLOUD_DROP_1545,TRANSFORMER_OVERLOAD,Transformer_Substation,EV_005,EV,Bus_EV_Hub,DIRECT,0.0,0.0,"Connected downstream on feeder (Bus_EV_Hub); power flows through transformer, balancing total substation load."
2011-09-16 15:45:00,C_CLOUD_DROP_1545,TRANSFORMER_OVERLOAD,Transformer_Substation,EV_006,EV,Bus_EV_Hub,DIRECT,0.0,0.0,"Connected downstream on feeder (Bus_EV_Hub); power flows through transformer, balancing total substation load."
2011-09-16 15:45:00,C_CLOUD_DROP_1545,TRANSFORMER_OVERLOAD,Transformer_Substation,EV_007,EV,Bus_EV_Hub,DIRECT,0.0,0.0,"Connected downstream on feeder (Bus_EV_Hub); power flows through transformer, balancing total substation load."
2011-09-16 15:45:00,C_CLOUD_DROP_1545,TRANSFORMER_OVERLOAD,Transformer_Substation,EV_008,EV,Bus_EV_Hub,DIRECT,0.0,0.0,"Connected downstream on feeder (Bus_EV_Hub); power flows through transformer, balancing total substation load."
2011-09-16 15:45:00,C_CLOUD_DROP_1545,TRANSFORMER_OVERLOAD,Transformer_Substation,EV_009,EV,Bus_EV_Hub,DIRECT,0.0,0.0,"Connected downstream on feeder (Bus_EV_Hub); power flows through transformer, balancing total substation load."
2011-09-16 15:45:00,C_CLOUD_DROP_1545,TRANSFORMER_OVERLOAD,Transformer_Substation,EV_010,EV,Bus_EV_Hub,DIRECT,0.0,0.0,"Connected downstream on feeder (Bus_EV_Hub); power flows through transformer, balancing total substation load."
2011-09-16 15:45:00,C_CLOUD_DROP_1545,TRANSFORMER_OVERLOAD,Transformer_Substation,EV_011,EV,Bus_EV_Hub,DIRECT,0.0,0.0,"Connected downstream on feeder (Bus_EV_Hub); power flows through transformer, balancing total substation load."
2011-09-16 15:45:00,C_CLOUD_DROP_1545,TRANSFORMER_OVERLOAD,Transformer_Substation,EV_012,EV,Bus_EV_Hub,DIRECT,0.0,0.0,"Connected downstream on feeder (Bus_EV_Hub); power flows through transformer, balancing total substation load."
2011-09-16 15:45:00,C_CLOUD_DROP_1545,TRANSFORMER_OVERLOAD,Transformer_Substation,EV_013,EV,Bus_EV_Hub,DIRECT,0.0,0.0,"Connected downstream on feeder (Bus_EV_Hub); power flows through transformer, balancing total substation load."
2011-09-16 15:45:00,C_CLOUD_DROP_1545,TRANSFORMER_OVERLOAD,Transformer_Substation,EV_014,EV,Bus_EV_Hub,DIRECT,0.0,0.0,"Connected downstream on feeder (Bus_EV_Hub); power flows through transformer, balancing total substation load."
2011-09-16 15:45:00,C_CLOUD_DROP_1545,TRANSFORMER_OVERLOAD,Transformer_Substation,EV_015,EV,Bus_EV_Hub,DIRECT,0.0,0.0,"Connected downstream on feeder (Bus_EV_Hub); power flows through transformer, balancing total substation load."
2011-09-16 15:45:00,C_CLOUD_DROP_1545,TRANSFORMER_OVERLOAD,Transformer_Substation,EV_016,EV,Bus_EV_Hub,DIRECT,0.0,0.0,"Connected downstream on feeder (Bus_EV_Hub); power flows through transformer, balancing total substation load."
2011-09-16 15:45:00,C_CLOUD_DROP_1545,TRANSFORMER_OVERLOAD,Transformer_Substation,EV_017,EV,Bus_EV_Hub,DIRECT,0.0,0.0,"Connected downstream on feeder (Bus_EV_Hub); power flows through transformer, balancing total substation load."
2011-09-16 15:45:00,C_CLOUD_DROP_1545,TRANSFORMER_OVERLOAD,Transformer_Substation,EV_018,EV,Bus_EV_Hub,DIRECT,0.0,0.0,"Connected downstream on feeder (Bus_EV_Hub); power flows through transformer, balancing total substation load."
2011-09-16 15:45:00,C_CLOUD_DROP_1545,TRANSFORMER_OVERLOAD,Transformer_Substation,EV_019,EV,Bus_EV_Hub,DIRECT,0.0,0.0,"Connected downstream on feeder (Bus_EV_Hub); power flows through transformer, balancing total substation load."
2011-09-16 15:45:00,C_CLOUD_DROP_1545,TRANSFORMER_OVERLOAD,Transformer_Substation,EV_020,EV,Bus_EV_Hub,DIRECT,0.0,0.0,"Connected downstream on feeder (Bus_EV_Hub); power flows through transformer, balancing total substation load."
2011-09-16 15:45:00,C_CLOUD_DROP_1545,TRANSFORMER_OVERLOAD,Transformer_Substation,FL001,FLEXIBLE_LOAD,Bus_Residential_1,DIRECT,0.0,0.0,"Connected downstream on feeder (Bus_Residential_1); power flows through transformer, balancing total substation load."
2011-09-16 15:45:00,C_CLOUD_DROP_1545,TRANSFORMER_OVERLOAD,Transformer_Substation,FL002,FLEXIBLE_LOAD,Bus_Commercial,DIRECT,0.0,0.0,"Connected downstream on feeder (Bus_Commercial); power flows through transformer, balancing total substation load."
2011-09-16 15:45:00,C_CLOUD_DROP_1545,TRANSFORMER_OVERLOAD,Transformer_Substation,FL003,FLEXIBLE_LOAD,Bus_Residential_2,DIRECT,0.0,0.0,"Connected downstream on feeder (Bus_Residential_2); power flows through transformer, balancing total substation load."
2011-09-16 17:00:00,C_VOLT_DROP_1700,VOLTAGE_DROP,Bus_Residential_3,PV_H002,PV,Bus_Residential_1,INDIRECT,0.0,0.0,Upstream near feeder origin (Bus_Residential_1); relieves voltage drop across only 0.12 km of 0.42 km path (29% shared).
2011-09-16 17:00:00,C_VOLT_DROP_1700,VOLTAGE_DROP,Bus_Residential_3,PV_H003,PV,Bus_Residential_1,INDIRECT,0.0,0.0,Upstream near feeder origin (Bus_Residential_1); relieves voltage drop across only 0.12 km of 0.42 km path (29% shared).
2011-09-16 17:00:00,C_VOLT_DROP_1700,VOLTAGE_DROP,Bus_Residential_3,PV_H005,PV,Bus_Residential_1,INDIRECT,0.0,0.0,Upstream near feeder origin (Bus_Residential_1); relieves voltage drop across only 0.12 km of 0.42 km path (29% shared).
2011-09-16 17:00:00,C_VOLT_DROP_1700,VOLTAGE_DROP,Bus_Residential_3,PV_H006,PV,Bus_Residential_1,INDIRECT,0.0,0.0,Upstream near feeder origin (Bus_Residential_1); relieves voltage drop across only 0.12 km of 0.42 km path (29% shared).
2011-09-16 17:00:00,C_VOLT_DROP_1700,VOLTAGE_DROP,Bus_Residential_3,PV_H007,PV,Bus_Residential_1,INDIRECT,0.0,0.0,Upstream near feeder origin (Bus_Residential_1); relieves voltage drop across only 0.12 km of 0.42 km path (29% shared).
2011-09-16 17:00:00,C_VOLT_DROP_1700,VOLTAGE_DROP,Bus_Residential_3,PV_H010,PV,Bus_Residential_1,INDIRECT,0.0,0.0,Upstream near feeder origin (Bus_Residential_1); relieves voltage drop across only 0.12 km of 0.42 km path (29% shared).
2011-09-16 17:00:00,C_VOLT_DROP_1700,VOLTAGE_DROP,Bus_Residential_3,PV_H016,PV,Bus_Residential_1,INDIRECT,0.0,0.0,Upstream near feeder origin (Bus_Residential_1); relieves voltage drop across only 0.12 km of 0.42 km path (29% shared).
2011-09-16 17:00:00,C_VOLT_DROP_1700,VOLTAGE_DROP,Bus_Residential_3,PV_H017,PV,Bus_Residential_1,INDIRECT,0.0,0.0,Upstream near feeder origin (Bus_Residential_1); relieves voltage drop across only 0.12 km of 0.42 km path (29% shared).
2011-09-16 17:00:00,C_VOLT_DROP_1700,VOLTAGE_DROP,Bus_Residential_3,PV_H018,PV,Bus_Residential_1,INDIRECT,0.0,0.0,Upstream near feeder origin (Bus_Residential_1); relieves voltage drop across only 0.12 km of 0.42 km path (29% shared).
2011-09-16 17:00:00,C_VOLT_DROP_1700,VOLTAGE_DROP,Bus_Residential_3,PV_H021,PV,Bus_Residential_1,INDIRECT,0.0,0.0,Upstream near feeder origin (Bus_Residential_1); relieves voltage drop across only 0.12 km of 0.42 km path (29% shared).
2011-09-16 17:00:00,C_VOLT_DROP_1700,VOLTAGE_DROP,Bus_Residential_3,PV_H024,PV,Bus_Residential_1,INDIRECT,0.0,0.0,Upstream near feeder origin (Bus_Residential_1); relieves voltage drop across only 0.12 km of 0.42 km path (29% shared).
2011-09-16 17:00:00,C_VOLT_DROP_1700,VOLTAGE_DROP,Bus_Residential_3,PV_H025,PV,Bus_Residential_1,INDIRECT,0.0,0.0,Upstream near feeder origin (Bus_Residential_1); relieves voltage drop across only 0.12 km of 0.42 km path (29% shared).
2011-09-16 17:00:00,C_VOLT_DROP_1700,VOLTAGE_DROP,Bus_Residential_3,PV_H026,PV,Bus_Residential_1,INDIRECT,0.0,0.0,Upstream near feeder origin (Bus_Residential_1); relieves voltage drop across only 0.12 km of 0.42 km path (29% shared).
2011-09-16 17:00:00,C_VOLT_DROP_1700,VOLTAGE_DROP,Bus_Residential_3,PV_H027,PV,Bus_Residential_1,INDIRECT,0.0,0.0,Upstream near feeder origin (Bus_Residential_1); relieves voltage drop across only 0.12 km of 0.42 km path (29% shared).
2011-09-16 17:00:00,C_VOLT_DROP_1700,VOLTAGE_DROP,Bus_Residential_3,PV_H032,PV,Bus_Residential_1,INDIRECT,0.0,0.0,Upstream near feeder origin (Bus_Residential_1); relieves voltage drop across only 0.12 km of 0.42 km path (29% shared).
2011-09-16 17:00:00,C_VOLT_DROP_1700,VOLTAGE_DROP,Bus_Residential_3,PV_H033,PV,Bus_Residential_1,INDIRECT,0.0,0.0,Upstream near feeder origin (Bus_Residential_1); relieves voltage drop across only 0.12 km of 0.42 km path (29% shared).
2011-09-16 17:00:00,C_VOLT_DROP_1700,VOLTAGE_DROP,Bus_Residential_3,PV_H034,PV,Bus_Residential_1,INDIRECT,0.0,0.0,Upstream near feeder origin (Bus_Residential_1); relieves voltage drop across only 0.12 km of 0.42 km path (29% shared).
2011-09-16 17:00:00,C_VOLT_DROP_1700,VOLTAGE_DROP,Bus_Residential_3,PV_H035,PV,Bus_Residential_1,INDIRECT,0.0,0.0,Upstream near feeder origin (Bus_Residential_1); relieves voltage drop across only 0.12 km of 0.42 km path (29% shared).
2011-09-16 17:00:00,C_VOLT_DROP_1700,VOLTAGE_DROP,Bus_Residential_3,PV_H036,PV,Bus_Residential_2,INDIRECT,0.0,0.0,Upstream on same radial trunk (Bus_Residential_2); relieves voltage drop across 0.27 km of 0.42 km path (64% shared).
2011-09-16 17:00:00,C_VOLT_DROP_1700,VOLTAGE_DROP,Bus_Residential_3,PV_H037,PV,Bus_Residential_2,INDIRECT,0.0,0.0,Upstream on same radial trunk (Bus_Residential_2); relieves voltage drop across 0.27 km of 0.42 km path (64% shared).
2011-09-16 17:00:00,C_VOLT_DROP_1700,VOLTAGE_DROP,Bus_Residential_3,PV_H040,PV,Bus_Residential_2,INDIRECT,0.0,0.0,Upstream on same radial trunk (Bus_Residential_2); relieves voltage drop across 0.27 km of 0.42 km path (64% shared).
2011-09-16 17:00:00,C_VOLT_DROP_1700,VOLTAGE_DROP,Bus_Residential_3,PV_H042,PV,Bus_Residential_2,INDIRECT,0.0,0.0,Upstream on same radial trunk (Bus_Residential_2); relieves voltage drop across 0.27 km of 0.42 km path (64% shared).
2011-09-16 17:00:00,C_VOLT_DROP_1700,VOLTAGE_DROP,Bus_Residential_3,PV_H044,PV,Bus_Residential_2,INDIRECT,0.0,0.0,Upstream on same radial trunk (Bus_Residential_2); relieves voltage drop across 0.27 km of 0.42 km path (64% shared).
2011-09-16 17:00:00,C_VOLT_DROP_1700,VOLTAGE_DROP,Bus_Residential_3,PV_H046,PV,Bus_Residential_2,INDIRECT,0.0,0.0,Upstream on same radial trunk (Bus_Residential_2); relieves voltage drop across 0.27 km of 0.42 km path (64% shared).
2011-09-16 17:00:00,C_VOLT_DROP_1700,VOLTAGE_DROP,Bus_Residential_3,PV_H048,PV,Bus_Residential_2,INDIRECT,0.0,0.0,Upstream on same radial trunk (Bus_Residential_2); relieves voltage drop across 0.27 km of 0.42 km path (64% shared).
2011-09-16 17:00:00,C_VOLT_DROP_1700,VOLTAGE_DROP,Bus_Residential_3,PV_H049,PV,Bus_Residential_2,INDIRECT,0.0,0.0,Upstream on same radial trunk (Bus_Residential_2); relieves voltage drop across 0.27 km of 0.42 km path (64% shared).
2011-09-16 17:00:00,C_VOLT_DROP_1700,VOLTAGE_DROP,Bus_Residential_3,PV_H050,PV,Bus_Residential_2,INDIRECT,0.0,0.0,Upstream on same radial trunk (Bus_Residential_2); relieves voltage drop across 0.27 km of 0.42 km path (64% shared).
2011-09-16 17:00:00,C_VOLT_DROP_1700,VOLTAGE_DROP,Bus_Residential_3,PV_H053,PV,Bus_Residential_2,INDIRECT,0.0,0.0,Upstream on same radial trunk (Bus_Residential_2); relieves voltage drop across 0.27 km of 0.42 km path (64% shared).
2011-09-16 17:00:00,C_VOLT_DROP_1700,VOLTAGE_DROP,Bus_Residential_3,PV_H055,PV,Bus_Residential_2,INDIRECT,0.0,0.0,Upstream on same radial trunk (Bus_Residential_2); relieves voltage drop across 0.27 km of 0.42 km path (64% shared).
2011-09-16 17:00:00,C_VOLT_DROP_1700,VOLTAGE_DROP,Bus_Residential_3,PV_H057,PV,Bus_Residential_2,INDIRECT,0.0,0.0,Upstream on same radial trunk (Bus_Residential_2); relieves voltage drop across 0.27 km of 0.42 km path (64% shared).
2011-09-16 17:00:00,C_VOLT_DROP_1700,VOLTAGE_DROP,Bus_Residential_3,PV_H058,PV,Bus_Residential_2,INDIRECT,0.0,0.0,Upstream on same radial trunk (Bus_Residential_2); relieves voltage drop across 0.27 km of 0.42 km path (64% shared).
2011-09-16 17:00:00,C_VOLT_DROP_1700,VOLTAGE_DROP,Bus_Residential_3,PV_H060,PV,Bus_Residential_2,INDIRECT,0.0,0.0,Upstream on same radial trunk (Bus_Residential_2); relieves voltage drop across 0.27 km of 0.42 km path (64% shared).
2011-09-16 17:00:00,C_VOLT_DROP_1700,VOLTAGE_DROP,Bus_Residential_3,PV_H061,PV,Bus_Residential_2,INDIRECT,0.0,0.0,Upstream on same radial trunk (Bus_Residential_2); relieves voltage drop across 0.27 km of 0.42 km path (64% shared).
2011-09-16 17:00:00,C_VOLT_DROP_1700,VOLTAGE_DROP,Bus_Residential_3,PV_H062,PV,Bus_Residential_2,INDIRECT,0.0,0.0,Upstream on same radial trunk (Bus_Residential_2); relieves voltage drop across 0.27 km of 0.42 km path (64% shared).
2011-09-16 17:00:00,C_VOLT_DROP_1700,VOLTAGE_DROP,Bus_Residential_3,PV_H063,PV,Bus_Residential_2,INDIRECT,0.0,0.0,Upstream on same radial trunk (Bus_Residential_2); relieves voltage drop across 0.27 km of 0.42 km path (64% shared).
2011-09-16 17:00:00,C_VOLT_DROP_1700,VOLTAGE_DROP,Bus_Residential_3,PV_H066,PV,Bus_Residential_2,INDIRECT,0.0,0.0,Upstream on same radial trunk (Bus_Residential_2); relieves voltage drop across 0.27 km of 0.42 km path (64% shared).
2011-09-16 17:00:00,C_VOLT_DROP_1700,VOLTAGE_DROP,Bus_Residential_3,PV_H067,PV,Bus_Residential_2,INDIRECT,0.0,0.0,Upstream on same radial trunk (Bus_Residential_2); relieves voltage drop across 0.27 km of 0.42 km path (64% shared).
2011-09-16 17:00:00,C_VOLT_DROP_1700,VOLTAGE_DROP,Bus_Residential_3,PV_H069,PV,Bus_Residential_2,INDIRECT,0.0,0.0,Upstream on same radial trunk (Bus_Residential_2); relieves voltage drop across 0.27 km of 0.42 km path (64% shared).
2011-09-16 17:00:00,C_VOLT_DROP_1700,VOLTAGE_DROP,Bus_Residential_3,PV_H071,PV,Bus_Residential_3,DIRECT,0.0,0.0,Colocated at constrained Bus_Residential_3; directly alters power injection at violation point.
2011-09-16 17:00:00,C_VOLT_DROP_1700,VOLTAGE_DROP,Bus_Residential_3,PV_H072,PV,Bus_Residential_3,DIRECT,0.0,0.0,Colocated at constrained Bus_Residential_3; directly alters power injection at violation point.
2011-09-16 17:00:00,C_VOLT_DROP_1700,VOLTAGE_DROP,Bus_Residential_3,PV_H073,PV,Bus_Residential_3,DIRECT,0.0,0.0,Colocated at constrained Bus_Residential_3; directly alters power injection at violation point.
2011-09-16 17:00:00,C_VOLT_DROP_1700,VOLTAGE_DROP,Bus_Residential_3,PV_H074,PV,Bus_Residential_3,DIRECT,0.0,0.0,Colocated at constrained Bus_Residential_3; directly alters power injection at violation point.
2011-09-16 17:00:00,C_VOLT_DROP_1700,VOLTAGE_DROP,Bus_Residential_3,PV_H076,PV,Bus_Residential_3,DIRECT,0.0,0.0,Colocated at constrained Bus_Residential_3; directly alters power injection at violation point.
2011-09-16 17:00:00,C_VOLT_DROP_1700,VOLTAGE_DROP,Bus_Residential_3,PV_H077,PV,Bus_Residential_3,DIRECT,0.0,0.0,Colocated at constrained Bus_Residential_3; directly alters power injection at violation point.
2011-09-16 17:00:00,C_VOLT_DROP_1700,VOLTAGE_DROP,Bus_Residential_3,PV_H078,PV,Bus_Residential_3,DIRECT,0.0,0.0,Colocated at constrained Bus_Residential_3; directly alters power injection at violation point.
2011-09-16 17:00:00,C_VOLT_DROP_1700,VOLTAGE_DROP,Bus_Residential_3,PV_H079,PV,Bus_Residential_3,DIRECT,0.0,0.0,Colocated at constrained Bus_Residential_3; directly alters power injection at violation point.
2011-09-16 17:00:00,C_VOLT_DROP_1700,VOLTAGE_DROP,Bus_Residential_3,PV_H080,PV,Bus_Residential_3,DIRECT,0.0,0.0,Colocated at constrained Bus_Residential_3; directly alters power injection at violation point.
2011-09-16 17:00:00,C_VOLT_DROP_1700,VOLTAGE_DROP,Bus_Residential_3,PV_H081,PV,Bus_Residential_3,DIRECT,0.0,0.0,Colocated at constrained Bus_Residential_3; directly alters power injection at violation point.
2011-09-16 17:00:00,C_VOLT_DROP_1700,VOLTAGE_DROP,Bus_Residential_3,PV_H082,PV,Bus_Residential_3,DIRECT,0.0,0.0,Colocated at constrained Bus_Residential_3; directly alters power injection at violation point.
2011-09-16 17:00:00,C_VOLT_DROP_1700,VOLTAGE_DROP,Bus_Residential_3,PV_H083,PV,Bus_Residential_3,DIRECT,0.0,0.0,Colocated at constrained Bus_Residential_3; directly alters power injection at violation point.
2011-09-16 17:00:00,C_VOLT_DROP_1700,VOLTAGE_DROP,Bus_Residential_3,PV_H085,PV,Bus_Residential_3,DIRECT,0.0,0.0,Colocated at constrained Bus_Residential_3; directly alters power injection at violation point.
2011-09-16 17:00:00,C_VOLT_DROP_1700,VOLTAGE_DROP,Bus_Residential_3,PV_H087,PV,Bus_Residential_3,DIRECT,0.0,0.0,Colocated at constrained Bus_Residential_3; directly alters power injection at violation point.
2011-09-16 17:00:00,C_VOLT_DROP_1700,VOLTAGE_DROP,Bus_Residential_3,PV_H088,PV,Bus_Residential_3,DIRECT,0.0,0.0,Colocated at constrained Bus_Residential_3; directly alters power injection at violation point.
2011-09-16 17:00:00,C_VOLT_DROP_1700,VOLTAGE_DROP,Bus_Residential_3,PV_H090,PV,Bus_Residential_3,DIRECT,0.0,0.0,Colocated at constrained Bus_Residential_3; directly alters power injection at violation point.
2011-09-16 17:00:00,C_VOLT_DROP_1700,VOLTAGE_DROP,Bus_Residential_3,PV_H093,PV,Bus_Residential_3,DIRECT,0.0,0.0,Colocated at constrained Bus_Residential_3; directly alters power injection at violation point.
2011-09-16 17:00:00,C_VOLT_DROP_1700,VOLTAGE_DROP,Bus_Residential_3,PV_H094,PV,Bus_Residential_3,DIRECT,0.0,0.0,Colocated at constrained Bus_Residential_3; directly alters power injection at violation point.
2011-09-16 17:00:00,C_VOLT_DROP_1700,VOLTAGE_DROP,Bus_Residential_3,PV_H095,PV,Bus_Residential_3,DIRECT,0.0,0.0,Colocated at constrained Bus_Residential_3; directly alters power injection at violation point.
2011-09-16 17:00:00,C_VOLT_DROP_1700,VOLTAGE_DROP,Bus_Residential_3,PV_H096,PV,Bus_Residential_3,DIRECT,0.0,0.0,Colocated at constrained Bus_Residential_3; directly alters power injection at violation point.
2011-09-16 17:00:00,C_VOLT_DROP_1700,VOLTAGE_DROP,Bus_Residential_3,PV_H098,PV,Bus_Residential_3,DIRECT,0.0,0.0,Colocated at constrained Bus_Residential_3; directly alters power injection at violation point.
2011-09-16 17:00:00,C_VOLT_DROP_1700,VOLTAGE_DROP,Bus_Residential_3,PV_H099,PV,Bus_Residential_3,DIRECT,0.0,0.0,Colocated at constrained Bus_Residential_3; directly alters power injection at violation point.
2011-09-16 17:00:00,C_VOLT_DROP_1700,VOLTAGE_DROP,Bus_Residential_3,BESS_COMMUNITY_01,BESS,Bus_BESS,LOW_RELEVANCE,25.0,1.25,Upstream at substation bus (Bus_BESS); supports substation voltage but cannot relieve downstream cable drop (0.42 km).
2011-09-16 17:00:00,C_VOLT_DROP_1700,VOLTAGE_DROP,Bus_Residential_3,EV_001,EV,Bus_EV_Hub,INDIRECT,7.4,2.59,Upstream near feeder origin (Bus_EV_Hub); relieves voltage drop across only 0.12 km of 0.42 km path (29% shared).
2011-09-16 17:00:00,C_VOLT_DROP_1700,VOLTAGE_DROP,Bus_Residential_3,EV_002,EV,Bus_EV_Hub,INDIRECT,7.4,2.59,Upstream near feeder origin (Bus_EV_Hub); relieves voltage drop across only 0.12 km of 0.42 km path (29% shared).
2011-09-16 17:00:00,C_VOLT_DROP_1700,VOLTAGE_DROP,Bus_Residential_3,EV_003,EV,Bus_EV_Hub,INDIRECT,0.0,0.0,Upstream near feeder origin (Bus_EV_Hub); relieves voltage drop across only 0.12 km of 0.42 km path (29% shared).
2011-09-16 17:00:00,C_VOLT_DROP_1700,VOLTAGE_DROP,Bus_Residential_3,EV_004,EV,Bus_EV_Hub,INDIRECT,0.0,0.0,Upstream near feeder origin (Bus_EV_Hub); relieves voltage drop across only 0.12 km of 0.42 km path (29% shared).
2011-09-16 17:00:00,C_VOLT_DROP_1700,VOLTAGE_DROP,Bus_Residential_3,EV_005,EV,Bus_EV_Hub,INDIRECT,7.4,2.59,Upstream near feeder origin (Bus_EV_Hub); relieves voltage drop across only 0.12 km of 0.42 km path (29% shared).
2011-09-16 17:00:00,C_VOLT_DROP_1700,VOLTAGE_DROP,Bus_Residential_3,EV_006,EV,Bus_EV_Hub,INDIRECT,7.4,2.59,Upstream near feeder origin (Bus_EV_Hub); relieves voltage drop across only 0.12 km of 0.42 km path (29% shared).
2011-09-16 17:00:00,C_VOLT_DROP_1700,VOLTAGE_DROP,Bus_Residential_3,EV_007,EV,Bus_EV_Hub,INDIRECT,0.0,0.0,Upstream near feeder origin (Bus_EV_Hub); relieves voltage drop across only 0.12 km of 0.42 km path (29% shared).
2011-09-16 17:00:00,C_VOLT_DROP_1700,VOLTAGE_DROP,Bus_Residential_3,EV_008,EV,Bus_EV_Hub,INDIRECT,7.4,2.59,Upstream near feeder origin (Bus_EV_Hub); relieves voltage drop across only 0.12 km of 0.42 km path (29% shared).
2011-09-16 17:00:00,C_VOLT_DROP_1700,VOLTAGE_DROP,Bus_Residential_3,EV_009,EV,Bus_EV_Hub,INDIRECT,7.4,2.59,Upstream near feeder origin (Bus_EV_Hub); relieves voltage drop across only 0.12 km of 0.42 km path (29% shared).
2011-09-16 17:00:00,C_VOLT_DROP_1700,VOLTAGE_DROP,Bus_Residential_3,EV_010,EV,Bus_EV_Hub,INDIRECT,7.4,2.59,Upstream near feeder origin (Bus_EV_Hub); relieves voltage drop across only 0.12 km of 0.42 km path (29% shared).
2011-09-16 17:00:00,C_VOLT_DROP_1700,VOLTAGE_DROP,Bus_Residential_3,EV_011,EV,Bus_EV_Hub,INDIRECT,0.0,0.0,Upstream near feeder origin (Bus_EV_Hub); relieves voltage drop across only 0.12 km of 0.42 km path (29% shared).
2011-09-16 17:00:00,C_VOLT_DROP_1700,VOLTAGE_DROP,Bus_Residential_3,EV_012,EV,Bus_EV_Hub,INDIRECT,7.4,2.59,Upstream near feeder origin (Bus_EV_Hub); relieves voltage drop across only 0.12 km of 0.42 km path (29% shared).
2011-09-16 17:00:00,C_VOLT_DROP_1700,VOLTAGE_DROP,Bus_Residential_3,EV_013,EV,Bus_EV_Hub,INDIRECT,0.0,0.0,Upstream near feeder origin (Bus_EV_Hub); relieves voltage drop across only 0.12 km of 0.42 km path (29% shared).
2011-09-16 17:00:00,C_VOLT_DROP_1700,VOLTAGE_DROP,Bus_Residential_3,EV_014,EV,Bus_EV_Hub,INDIRECT,7.4,2.59,Upstream near feeder origin (Bus_EV_Hub); relieves voltage drop across only 0.12 km of 0.42 km path (29% shared).
2011-09-16 17:00:00,C_VOLT_DROP_1700,VOLTAGE_DROP,Bus_Residential_3,EV_015,EV,Bus_EV_Hub,INDIRECT,0.0,0.0,Upstream near feeder origin (Bus_EV_Hub); relieves voltage drop across only 0.12 km of 0.42 km path (29% shared).
2011-09-16 17:00:00,C_VOLT_DROP_1700,VOLTAGE_DROP,Bus_Residential_3,EV_016,EV,Bus_EV_Hub,INDIRECT,7.4,2.59,Upstream near feeder origin (Bus_EV_Hub); relieves voltage drop across only 0.12 km of 0.42 km path (29% shared).
2011-09-16 17:00:00,C_VOLT_DROP_1700,VOLTAGE_DROP,Bus_Residential_3,EV_017,EV,Bus_EV_Hub,INDIRECT,7.4,2.59,Upstream near feeder origin (Bus_EV_Hub); relieves voltage drop across only 0.12 km of 0.42 km path (29% shared).
2011-09-16 17:00:00,C_VOLT_DROP_1700,VOLTAGE_DROP,Bus_Residential_3,EV_018,EV,Bus_EV_Hub,INDIRECT,7.4,2.59,Upstream near feeder origin (Bus_EV_Hub); relieves voltage drop across only 0.12 km of 0.42 km path (29% shared).
2011-09-16 17:00:00,C_VOLT_DROP_1700,VOLTAGE_DROP,Bus_Residential_3,EV_019,EV,Bus_EV_Hub,INDIRECT,0.0,0.0,Upstream near feeder origin (Bus_EV_Hub); relieves voltage drop across only 0.12 km of 0.42 km path (29% shared).
2011-09-16 17:00:00,C_VOLT_DROP_1700,VOLTAGE_DROP,Bus_Residential_3,EV_020,EV,Bus_EV_Hub,INDIRECT,7.4,2.59,Upstream near feeder origin (Bus_EV_Hub); relieves voltage drop across only 0.12 km of 0.42 km path (29% shared).
2011-09-16 17:00:00,C_VOLT_DROP_1700,VOLTAGE_DROP,Bus_Residential_3,FL001,FLEXIBLE_LOAD,Bus_Residential_1,INDIRECT,0.0,0.0,Upstream near feeder origin (Bus_Residential_1); relieves voltage drop across only 0.12 km of 0.42 km path (29% shared).
2011-09-16 17:00:00,C_VOLT_DROP_1700,VOLTAGE_DROP,Bus_Residential_3,FL002,FLEXIBLE_LOAD,Bus_Commercial,NOT_RELEVANT,0.0,0.0,Located on separate parallel lateral (Bus_Commercial); zero shared line impedance with Bus_Residential_3.
2011-09-16 17:00:00,C_VOLT_DROP_1700,VOLTAGE_DROP,Bus_Residential_3,FL003,FLEXIBLE_LOAD,Bus_Residential_2,INDIRECT,0.0,0.0,Upstream on same radial trunk (Bus_Residential_2); relieves voltage drop across 0.27 km of 0.42 km path (64% shared).
2011-09-16 17:15:00,C_VOLT_DROP_1715,VOLTAGE_DROP,Bus_Residential_3,PV_H002,PV,Bus_Residential_1,INDIRECT,0.0,0.0,Upstream near feeder origin (Bus_Residential_1); relieves voltage drop across only 0.12 km of 0.42 km path (29% shared).
2011-09-16 17:15:00,C_VOLT_DROP_1715,VOLTAGE_DROP,Bus_Residential_3,PV_H003,PV,Bus_Residential_1,INDIRECT,0.0,0.0,Upstream near feeder origin (Bus_Residential_1); relieves voltage drop across only 0.12 km of 0.42 km path (29% shared).
2011-09-16 17:15:00,C_VOLT_DROP_1715,VOLTAGE_DROP,Bus_Residential_3,PV_H005,PV,Bus_Residential_1,INDIRECT,0.0,0.0,Upstream near feeder origin (Bus_Residential_1); relieves voltage drop across only 0.12 km of 0.42 km path (29% shared).
2011-09-16 17:15:00,C_VOLT_DROP_1715,VOLTAGE_DROP,Bus_Residential_3,PV_H006,PV,Bus_Residential_1,INDIRECT,0.0,0.0,Upstream near feeder origin (Bus_Residential_1); relieves voltage drop across only 0.12 km of 0.42 km path (29% shared).
2011-09-16 17:15:00,C_VOLT_DROP_1715,VOLTAGE_DROP,Bus_Residential_3,PV_H007,PV,Bus_Residential_1,INDIRECT,0.0,0.0,Upstream near feeder origin (Bus_Residential_1); relieves voltage drop across only 0.12 km of 0.42 km path (29% shared).
2011-09-16 17:15:00,C_VOLT_DROP_1715,VOLTAGE_DROP,Bus_Residential_3,PV_H010,PV,Bus_Residential_1,INDIRECT,0.0,0.0,Upstream near feeder origin (Bus_Residential_1); relieves voltage drop across only 0.12 km of 0.42 km path (29% shared).
2011-09-16 17:15:00,C_VOLT_DROP_1715,VOLTAGE_DROP,Bus_Residential_3,PV_H016,PV,Bus_Residential_1,INDIRECT,0.0,0.0,Upstream near feeder origin (Bus_Residential_1); relieves voltage drop across only 0.12 km of 0.42 km path (29% shared).
2011-09-16 17:15:00,C_VOLT_DROP_1715,VOLTAGE_DROP,Bus_Residential_3,PV_H017,PV,Bus_Residential_1,INDIRECT,0.0,0.0,Upstream near feeder origin (Bus_Residential_1); relieves voltage drop across only 0.12 km of 0.42 km path (29% shared).
2011-09-16 17:15:00,C_VOLT_DROP_1715,VOLTAGE_DROP,Bus_Residential_3,PV_H018,PV,Bus_Residential_1,INDIRECT,0.0,0.0,Upstream near feeder origin (Bus_Residential_1); relieves voltage drop across only 0.12 km of 0.42 km path (29% shared).
2011-09-16 17:15:00,C_VOLT_DROP_1715,VOLTAGE_DROP,Bus_Residential_3,PV_H021,PV,Bus_Residential_1,INDIRECT,0.0,0.0,Upstream near feeder origin (Bus_Residential_1); relieves voltage drop across only 0.12 km of 0.42 km path (29% shared).
2011-09-16 17:15:00,C_VOLT_DROP_1715,VOLTAGE_DROP,Bus_Residential_3,PV_H024,PV,Bus_Residential_1,INDIRECT,0.0,0.0,Upstream near feeder origin (Bus_Residential_1); relieves voltage drop across only 0.12 km of 0.42 km path (29% shared).
2011-09-16 17:15:00,C_VOLT_DROP_1715,VOLTAGE_DROP,Bus_Residential_3,PV_H025,PV,Bus_Residential_1,INDIRECT,0.0,0.0,Upstream near feeder origin (Bus_Residential_1); relieves voltage drop across only 0.12 km of 0.42 km path (29% shared).
2011-09-16 17:15:00,C_VOLT_DROP_1715,VOLTAGE_DROP,Bus_Residential_3,PV_H026,PV,Bus_Residential_1,INDIRECT,0.0,0.0,Upstream near feeder origin (Bus_Residential_1); relieves voltage drop across only 0.12 km of 0.42 km path (29% shared).
2011-09-16 17:15:00,C_VOLT_DROP_1715,VOLTAGE_DROP,Bus_Residential_3,PV_H027,PV,Bus_Residential_1,INDIRECT,0.0,0.0,Upstream near feeder origin (Bus_Residential_1); relieves voltage drop across only 0.12 km of 0.42 km path (29% shared).
2011-09-16 17:15:00,C_VOLT_DROP_1715,VOLTAGE_DROP,Bus_Residential_3,PV_H032,PV,Bus_Residential_1,INDIRECT,0.0,0.0,Upstream near feeder origin (Bus_Residential_1); relieves voltage drop across only 0.12 km of 0.42 km path (29% shared).
2011-09-16 17:15:00,C_VOLT_DROP_1715,VOLTAGE_DROP,Bus_Residential_3,PV_H033,PV,Bus_Residential_1,INDIRECT,0.0,0.0,Upstream near feeder origin (Bus_Residential_1); relieves voltage drop across only 0.12 km of 0.42 km path (29% shared).
2011-09-16 17:15:00,C_VOLT_DROP_1715,VOLTAGE_DROP,Bus_Residential_3,PV_H034,PV,Bus_Residential_1,INDIRECT,0.0,0.0,Upstream near feeder origin (Bus_Residential_1); relieves voltage drop across only 0.12 km of 0.42 km path (29% shared).
2011-09-16 17:15:00,C_VOLT_DROP_1715,VOLTAGE_DROP,Bus_Residential_3,PV_H035,PV,Bus_Residential_1,INDIRECT,0.0,0.0,Upstream near feeder origin (Bus_Residential_1); relieves voltage drop across only 0.12 km of 0.42 km path (29% shared).
2011-09-16 17:15:00,C_VOLT_DROP_1715,VOLTAGE_DROP,Bus_Residential_3,PV_H036,PV,Bus_Residential_2,INDIRECT,0.0,0.0,Upstream on same radial trunk (Bus_Residential_2); relieves voltage drop across 0.27 km of 0.42 km path (64% shared).
2011-09-16 17:15:00,C_VOLT_DROP_1715,VOLTAGE_DROP,Bus_Residential_3,PV_H037,PV,Bus_Residential_2,INDIRECT,0.0,0.0,Upstream on same radial trunk (Bus_Residential_2); relieves voltage drop across 0.27 km of 0.42 km path (64% shared).
2011-09-16 17:15:00,C_VOLT_DROP_1715,VOLTAGE_DROP,Bus_Residential_3,PV_H040,PV,Bus_Residential_2,INDIRECT,0.0,0.0,Upstream on same radial trunk (Bus_Residential_2); relieves voltage drop across 0.27 km of 0.42 km path (64% shared).
2011-09-16 17:15:00,C_VOLT_DROP_1715,VOLTAGE_DROP,Bus_Residential_3,PV_H042,PV,Bus_Residential_2,INDIRECT,0.0,0.0,Upstream on same radial trunk (Bus_Residential_2); relieves voltage drop across 0.27 km of 0.42 km path (64% shared).
2011-09-16 17:15:00,C_VOLT_DROP_1715,VOLTAGE_DROP,Bus_Residential_3,PV_H044,PV,Bus_Residential_2,INDIRECT,0.0,0.0,Upstream on same radial trunk (Bus_Residential_2); relieves voltage drop across 0.27 km of 0.42 km path (64% shared).
2011-09-16 17:15:00,C_VOLT_DROP_1715,VOLTAGE_DROP,Bus_Residential_3,PV_H046,PV,Bus_Residential_2,INDIRECT,0.0,0.0,Upstream on same radial trunk (Bus_Residential_2); relieves voltage drop across 0.27 km of 0.42 km path (64% shared).
2011-09-16 17:15:00,C_VOLT_DROP_1715,VOLTAGE_DROP,Bus_Residential_3,PV_H048,PV,Bus_Residential_2,INDIRECT,0.0,0.0,Upstream on same radial trunk (Bus_Residential_2); relieves voltage drop across 0.27 km of 0.42 km path (64% shared).
2011-09-16 17:15:00,C_VOLT_DROP_1715,VOLTAGE_DROP,Bus_Residential_3,PV_H049,PV,Bus_Residential_2,INDIRECT,0.0,0.0,Upstream on same radial trunk (Bus_Residential_2); relieves voltage drop across 0.27 km of 0.42 km path (64% shared).
2011-09-16 17:15:00,C_VOLT_DROP_1715,VOLTAGE_DROP,Bus_Residential_3,PV_H050,PV,Bus_Residential_2,INDIRECT,0.0,0.0,Upstream on same radial trunk (Bus_Residential_2); relieves voltage drop across 0.27 km of 0.42 km path (64% shared).
2011-09-16 17:15:00,C_VOLT_DROP_1715,VOLTAGE_DROP,Bus_Residential_3,PV_H053,PV,Bus_Residential_2,INDIRECT,0.0,0.0,Upstream on same radial trunk (Bus_Residential_2); relieves voltage drop across 0.27 km of 0.42 km path (64% shared).
2011-09-16 17:15:00,C_VOLT_DROP_1715,VOLTAGE_DROP,Bus_Residential_3,PV_H055,PV,Bus_Residential_2,INDIRECT,0.0,0.0,Upstream on same radial trunk (Bus_Residential_2); relieves voltage drop across 0.27 km of 0.42 km path (64% shared).
2011-09-16 17:15:00,C_VOLT_DROP_1715,VOLTAGE_DROP,Bus_Residential_3,PV_H057,PV,Bus_Residential_2,INDIRECT,0.0,0.0,Upstream on same radial trunk (Bus_Residential_2); relieves voltage drop across 0.27 km of 0.42 km path (64% shared).
2011-09-16 17:15:00,C_VOLT_DROP_1715,VOLTAGE_DROP,Bus_Residential_3,PV_H058,PV,Bus_Residential_2,INDIRECT,0.0,0.0,Upstream on same radial trunk (Bus_Residential_2); relieves voltage drop across 0.27 km of 0.42 km path (64% shared).
2011-09-16 17:15:00,C_VOLT_DROP_1715,VOLTAGE_DROP,Bus_Residential_3,PV_H060,PV,Bus_Residential_2,INDIRECT,0.0,0.0,Upstream on same radial trunk (Bus_Residential_2); relieves voltage drop across 0.27 km of 0.42 km path (64% shared).
2011-09-16 17:15:00,C_VOLT_DROP_1715,VOLTAGE_DROP,Bus_Residential_3,PV_H061,PV,Bus_Residential_2,INDIRECT,0.0,0.0,Upstream on same radial trunk (Bus_Residential_2); relieves voltage drop across 0.27 km of 0.42 km path (64% shared).
2011-09-16 17:15:00,C_VOLT_DROP_1715,VOLTAGE_DROP,Bus_Residential_3,PV_H062,PV,Bus_Residential_2,INDIRECT,0.0,0.0,Upstream on same radial trunk (Bus_Residential_2); relieves voltage drop across 0.27 km of 0.42 km path (64% shared).
2011-09-16 17:15:00,C_VOLT_DROP_1715,VOLTAGE_DROP,Bus_Residential_3,PV_H063,PV,Bus_Residential_2,INDIRECT,0.0,0.0,Upstream on same radial trunk (Bus_Residential_2); relieves voltage drop across 0.27 km of 0.42 km path (64% shared).
2011-09-16 17:15:00,C_VOLT_DROP_1715,VOLTAGE_DROP,Bus_Residential_3,PV_H066,PV,Bus_Residential_2,INDIRECT,0.0,0.0,Upstream on same radial trunk (Bus_Residential_2); relieves voltage drop across 0.27 km of 0.42 km path (64% shared).
2011-09-16 17:15:00,C_VOLT_DROP_1715,VOLTAGE_DROP,Bus_Residential_3,PV_H067,PV,Bus_Residential_2,INDIRECT,0.0,0.0,Upstream on same radial trunk (Bus_Residential_2); relieves voltage drop across 0.27 km of 0.42 km path (64% shared).
2011-09-16 17:15:00,C_VOLT_DROP_1715,VOLTAGE_DROP,Bus_Residential_3,PV_H069,PV,Bus_Residential_2,INDIRECT,0.0,0.0,Upstream on same radial trunk (Bus_Residential_2); relieves voltage drop across 0.27 km of 0.42 km path (64% shared).
2011-09-16 17:15:00,C_VOLT_DROP_1715,VOLTAGE_DROP,Bus_Residential_3,PV_H071,PV,Bus_Residential_3,DIRECT,0.0,0.0,Colocated at constrained Bus_Residential_3; directly alters power injection at violation point.
2011-09-16 17:15:00,C_VOLT_DROP_1715,VOLTAGE_DROP,Bus_Residential_3,PV_H072,PV,Bus_Residential_3,DIRECT,0.0,0.0,Colocated at constrained Bus_Residential_3; directly alters power injection at violation point.
2011-09-16 17:15:00,C_VOLT_DROP_1715,VOLTAGE_DROP,Bus_Residential_3,PV_H073,PV,Bus_Residential_3,DIRECT,0.0,0.0,Colocated at constrained Bus_Residential_3; directly alters power injection at violation point.
2011-09-16 17:15:00,C_VOLT_DROP_1715,VOLTAGE_DROP,Bus_Residential_3,PV_H074,PV,Bus_Residential_3,DIRECT,0.0,0.0,Colocated at constrained Bus_Residential_3; directly alters power injection at violation point.
2011-09-16 17:15:00,C_VOLT_DROP_1715,VOLTAGE_DROP,Bus_Residential_3,PV_H076,PV,Bus_Residential_3,DIRECT,0.0,0.0,Colocated at constrained Bus_Residential_3; directly alters power injection at violation point.
2011-09-16 17:15:00,C_VOLT_DROP_1715,VOLTAGE_DROP,Bus_Residential_3,PV_H077,PV,Bus_Residential_3,DIRECT,0.0,0.0,Colocated at constrained Bus_Residential_3; directly alters power injection at violation point.
2011-09-16 17:15:00,C_VOLT_DROP_1715,VOLTAGE_DROP,Bus_Residential_3,PV_H078,PV,Bus_Residential_3,DIRECT,0.0,0.0,Colocated at constrained Bus_Residential_3; directly alters power injection at violation point.
2011-09-16 17:15:00,C_VOLT_DROP_1715,VOLTAGE_DROP,Bus_Residential_3,PV_H079,PV,Bus_Residential_3,DIRECT,0.0,0.0,Colocated at constrained Bus_Residential_3; directly alters power injection at violation point.
2011-09-16 17:15:00,C_VOLT_DROP_1715,VOLTAGE_DROP,Bus_Residential_3,PV_H080,PV,Bus_Residential_3,DIRECT,0.0,0.0,Colocated at constrained Bus_Residential_3; directly alters power injection at violation point.
2011-09-16 17:15:00,C_VOLT_DROP_1715,VOLTAGE_DROP,Bus_Residential_3,PV_H081,PV,Bus_Residential_3,DIRECT,0.0,0.0,Colocated at constrained Bus_Residential_3; directly alters power injection at violation point.
2011-09-16 17:15:00,C_VOLT_DROP_1715,VOLTAGE_DROP,Bus_Residential_3,PV_H082,PV,Bus_Residential_3,DIRECT,0.0,0.0,Colocated at constrained Bus_Residential_3; directly alters power injection at violation point.
2011-09-16 17:15:00,C_VOLT_DROP_1715,VOLTAGE_DROP,Bus_Residential_3,PV_H083,PV,Bus_Residential_3,DIRECT,0.0,0.0,Colocated at constrained Bus_Residential_3; directly alters power injection at violation point.
2011-09-16 17:15:00,C_VOLT_DROP_1715,VOLTAGE_DROP,Bus_Residential_3,PV_H085,PV,Bus_Residential_3,DIRECT,0.0,0.0,Colocated at constrained Bus_Residential_3; directly alters power injection at violation point.
2011-09-16 17:15:00,C_VOLT_DROP_1715,VOLTAGE_DROP,Bus_Residential_3,PV_H087,PV,Bus_Residential_3,DIRECT,0.0,0.0,Colocated at constrained Bus_Residential_3; directly alters power injection at violation point.
2011-09-16 17:15:00,C_VOLT_DROP_1715,VOLTAGE_DROP,Bus_Residential_3,PV_H088,PV,Bus_Residential_3,DIRECT,0.0,0.0,Colocated at constrained Bus_Residential_3; directly alters power injection at violation point.
2011-09-16 17:15:00,C_VOLT_DROP_1715,VOLTAGE_DROP,Bus_Residential_3,PV_H090,PV,Bus_Residential_3,DIRECT,0.0,0.0,Colocated at constrained Bus_Residential_3; directly alters power injection at violation point.
2011-09-16 17:15:00,C_VOLT_DROP_1715,VOLTAGE_DROP,Bus_Residential_3,PV_H093,PV,Bus_Residential_3,DIRECT,0.0,0.0,Colocated at constrained Bus_Residential_3; directly alters power injection at violation point.
2011-09-16 17:15:00,C_VOLT_DROP_1715,VOLTAGE_DROP,Bus_Residential_3,PV_H094,PV,Bus_Residential_3,DIRECT,0.0,0.0,Colocated at constrained Bus_Residential_3; directly alters power injection at violation point.
2011-09-16 17:15:00,C_VOLT_DROP_1715,VOLTAGE_DROP,Bus_Residential_3,PV_H095,PV,Bus_Residential_3,DIRECT,0.0,0.0,Colocated at constrained Bus_Residential_3; directly alters power injection at violation point.
2011-09-16 17:15:00,C_VOLT_DROP_1715,VOLTAGE_DROP,Bus_Residential_3,PV_H096,PV,Bus_Residential_3,DIRECT,0.0,0.0,Colocated at constrained Bus_Residential_3; directly alters power injection at violation point.
2011-09-16 17:15:00,C_VOLT_DROP_1715,VOLTAGE_DROP,Bus_Residential_3,PV_H098,PV,Bus_Residential_3,DIRECT,0.0,0.0,Colocated at constrained Bus_Residential_3; directly alters power injection at violation point.
2011-09-16 17:15:00,C_VOLT_DROP_1715,VOLTAGE_DROP,Bus_Residential_3,PV_H099,PV,Bus_Residential_3,DIRECT,0.0,0.0,Colocated at constrained Bus_Residential_3; directly alters power injection at violation point.
2011-09-16 17:15:00,C_VOLT_DROP_1715,VOLTAGE_DROP,Bus_Residential_3,BESS_COMMUNITY_01,BESS,Bus_BESS,LOW_RELEVANCE,25.0,1.25,Upstream at substation bus (Bus_BESS); supports substation voltage but cannot relieve downstream cable drop (0.42 km).
2011-09-16 17:15:00,C_VOLT_DROP_1715,VOLTAGE_DROP,Bus_Residential_3,EV_001,EV,Bus_EV_Hub,INDIRECT,7.4,2.59,Upstream near feeder origin (Bus_EV_Hub); relieves voltage drop across only 0.12 km of 0.42 km path (29% shared).
2011-09-16 17:15:00,C_VOLT_DROP_1715,VOLTAGE_DROP,Bus_Residential_3,EV_002,EV,Bus_EV_Hub,INDIRECT,7.4,2.59,Upstream near feeder origin (Bus_EV_Hub); relieves voltage drop across only 0.12 km of 0.42 km path (29% shared).
2011-09-16 17:15:00,C_VOLT_DROP_1715,VOLTAGE_DROP,Bus_Residential_3,EV_003,EV,Bus_EV_Hub,INDIRECT,7.4,2.59,Upstream near feeder origin (Bus_EV_Hub); relieves voltage drop across only 0.12 km of 0.42 km path (29% shared).
2011-09-16 17:15:00,C_VOLT_DROP_1715,VOLTAGE_DROP,Bus_Residential_3,EV_004,EV,Bus_EV_Hub,INDIRECT,0.0,0.0,Upstream near feeder origin (Bus_EV_Hub); relieves voltage drop across only 0.12 km of 0.42 km path (29% shared).
2011-09-16 17:15:00,C_VOLT_DROP_1715,VOLTAGE_DROP,Bus_Residential_3,EV_005,EV,Bus_EV_Hub,INDIRECT,7.4,2.59,Upstream near feeder origin (Bus_EV_Hub); relieves voltage drop across only 0.12 km of 0.42 km path (29% shared).
2011-09-16 17:15:00,C_VOLT_DROP_1715,VOLTAGE_DROP,Bus_Residential_3,EV_006,EV,Bus_EV_Hub,INDIRECT,7.4,2.59,Upstream near feeder origin (Bus_EV_Hub); relieves voltage drop across only 0.12 km of 0.42 km path (29% shared).
2011-09-16 17:15:00,C_VOLT_DROP_1715,VOLTAGE_DROP,Bus_Residential_3,EV_007,EV,Bus_EV_Hub,INDIRECT,0.0,0.0,Upstream near feeder origin (Bus_EV_Hub); relieves voltage drop across only 0.12 km of 0.42 km path (29% shared).
2011-09-16 17:15:00,C_VOLT_DROP_1715,VOLTAGE_DROP,Bus_Residential_3,EV_008,EV,Bus_EV_Hub,INDIRECT,7.4,2.59,Upstream near feeder origin (Bus_EV_Hub); relieves voltage drop across only 0.12 km of 0.42 km path (29% shared).
2011-09-16 17:15:00,C_VOLT_DROP_1715,VOLTAGE_DROP,Bus_Residential_3,EV_009,EV,Bus_EV_Hub,INDIRECT,7.4,2.59,Upstream near feeder origin (Bus_EV_Hub); relieves voltage drop across only 0.12 km of 0.42 km path (29% shared).
2011-09-16 17:15:00,C_VOLT_DROP_1715,VOLTAGE_DROP,Bus_Residential_3,EV_010,EV,Bus_EV_Hub,INDIRECT,7.4,2.59,Upstream near feeder origin (Bus_EV_Hub); relieves voltage drop across only 0.12 km of 0.42 km path (29% shared).
2011-09-16 17:15:00,C_VOLT_DROP_1715,VOLTAGE_DROP,Bus_Residential_3,EV_011,EV,Bus_EV_Hub,INDIRECT,0.0,0.0,Upstream near feeder origin (Bus_EV_Hub); relieves voltage drop across only 0.12 km of 0.42 km path (29% shared).
2011-09-16 17:15:00,C_VOLT_DROP_1715,VOLTAGE_DROP,Bus_Residential_3,EV_012,EV,Bus_EV_Hub,INDIRECT,7.4,2.59,Upstream near feeder origin (Bus_EV_Hub); relieves voltage drop across only 0.12 km of 0.42 km path (29% shared).
2011-09-16 17:15:00,C_VOLT_DROP_1715,VOLTAGE_DROP,Bus_Residential_3,EV_013,EV,Bus_EV_Hub,INDIRECT,0.0,0.0,Upstream near feeder origin (Bus_EV_Hub); relieves voltage drop across only 0.12 km of 0.42 km path (29% shared).
2011-09-16 17:15:00,C_VOLT_DROP_1715,VOLTAGE_DROP,Bus_Residential_3,EV_014,EV,Bus_EV_Hub,INDIRECT,7.4,2.59,Upstream near feeder origin (Bus_EV_Hub); relieves voltage drop across only 0.12 km of 0.42 km path (29% shared).
2011-09-16 17:15:00,C_VOLT_DROP_1715,VOLTAGE_DROP,Bus_Residential_3,EV_015,EV,Bus_EV_Hub,INDIRECT,7.4,2.59,Upstream near feeder origin (Bus_EV_Hub); relieves voltage drop across only 0.12 km of 0.42 km path (29% shared).
2011-09-16 17:15:00,C_VOLT_DROP_1715,VOLTAGE_DROP,Bus_Residential_3,EV_016,EV,Bus_EV_Hub,INDIRECT,7.4,2.59,Upstream near feeder origin (Bus_EV_Hub); relieves voltage drop across only 0.12 km of 0.42 km path (29% shared).
2011-09-16 17:15:00,C_VOLT_DROP_1715,VOLTAGE_DROP,Bus_Residential_3,EV_017,EV,Bus_EV_Hub,INDIRECT,7.4,2.59,Upstream near feeder origin (Bus_EV_Hub); relieves voltage drop across only 0.12 km of 0.42 km path (29% shared).
2011-09-16 17:15:00,C_VOLT_DROP_1715,VOLTAGE_DROP,Bus_Residential_3,EV_018,EV,Bus_EV_Hub,INDIRECT,7.4,2.59,Upstream near feeder origin (Bus_EV_Hub); relieves voltage drop across only 0.12 km of 0.42 km path (29% shared).
2011-09-16 17:15:00,C_VOLT_DROP_1715,VOLTAGE_DROP,Bus_Residential_3,EV_019,EV,Bus_EV_Hub,INDIRECT,0.0,0.0,Upstream near feeder origin (Bus_EV_Hub); relieves voltage drop across only 0.12 km of 0.42 km path (29% shared).
2011-09-16 17:15:00,C_VOLT_DROP_1715,VOLTAGE_DROP,Bus_Residential_3,EV_020,EV,Bus_EV_Hub,INDIRECT,7.4,2.59,Upstream near feeder origin (Bus_EV_Hub); relieves voltage drop across only 0.12 km of 0.42 km path (29% shared).
2011-09-16 17:15:00,C_VOLT_DROP_1715,VOLTAGE_DROP,Bus_Residential_3,FL001,FLEXIBLE_LOAD,Bus_Residential_1,INDIRECT,0.0,0.0,Upstream near feeder origin (Bus_Residential_1); relieves voltage drop across only 0.12 km of 0.42 km path (29% shared).
2011-09-16 17:15:00,C_VOLT_DROP_1715,VOLTAGE_DROP,Bus_Residential_3,FL002,FLEXIBLE_LOAD,Bus_Commercial,NOT_RELEVANT,0.0,0.0,Located on separate parallel lateral (Bus_Commercial); zero shared line impedance with Bus_Residential_3.
2011-09-16 17:15:00,C_VOLT_DROP_1715,VOLTAGE_DROP,Bus_Residential_3,FL003,FLEXIBLE_LOAD,Bus_Residential_2,INDIRECT,0.0,0.0,Upstream on same radial trunk (Bus_Residential_2); relieves voltage drop across 0.27 km of 0.42 km path (64% shared).
2011-09-16 17:00:00,C_LINE_CONG_1700,LINE_OVERLOAD,Line_Trunk_1,PV_H002,PV,Bus_Residential_1,DIRECT,0.0,0.0,Downstream of constrained Line_Trunk_1; DER power directly transits this line segment.
2011-09-16 17:00:00,C_LINE_CONG_1700,LINE_OVERLOAD,Line_Trunk_1,PV_H003,PV,Bus_Residential_1,DIRECT,0.0,0.0,Downstream of constrained Line_Trunk_1; DER power directly transits this line segment.
2011-09-16 17:00:00,C_LINE_CONG_1700,LINE_OVERLOAD,Line_Trunk_1,PV_H005,PV,Bus_Residential_1,DIRECT,0.0,0.0,Downstream of constrained Line_Trunk_1; DER power directly transits this line segment.
2011-09-16 17:00:00,C_LINE_CONG_1700,LINE_OVERLOAD,Line_Trunk_1,PV_H006,PV,Bus_Residential_1,DIRECT,0.0,0.0,Downstream of constrained Line_Trunk_1; DER power directly transits this line segment.
2011-09-16 17:00:00,C_LINE_CONG_1700,LINE_OVERLOAD,Line_Trunk_1,PV_H007,PV,Bus_Residential_1,DIRECT,0.0,0.0,Downstream of constrained Line_Trunk_1; DER power directly transits this line segment.
2011-09-16 17:00:00,C_LINE_CONG_1700,LINE_OVERLOAD,Line_Trunk_1,PV_H010,PV,Bus_Residential_1,DIRECT,0.0,0.0,Downstream of constrained Line_Trunk_1; DER power directly transits this line segment.
2011-09-16 17:00:00,C_LINE_CONG_1700,LINE_OVERLOAD,Line_Trunk_1,PV_H016,PV,Bus_Residential_1,DIRECT,0.0,0.0,Downstream of constrained Line_Trunk_1; DER power directly transits this line segment.
2011-09-16 17:00:00,C_LINE_CONG_1700,LINE_OVERLOAD,Line_Trunk_1,PV_H017,PV,Bus_Residential_1,DIRECT,0.0,0.0,Downstream of constrained Line_Trunk_1; DER power directly transits this line segment.
2011-09-16 17:00:00,C_LINE_CONG_1700,LINE_OVERLOAD,Line_Trunk_1,PV_H018,PV,Bus_Residential_1,DIRECT,0.0,0.0,Downstream of constrained Line_Trunk_1; DER power directly transits this line segment.
2011-09-16 17:00:00,C_LINE_CONG_1700,LINE_OVERLOAD,Line_Trunk_1,PV_H021,PV,Bus_Residential_1,DIRECT,0.0,0.0,Downstream of constrained Line_Trunk_1; DER power directly transits this line segment.
2011-09-16 17:00:00,C_LINE_CONG_1700,LINE_OVERLOAD,Line_Trunk_1,PV_H024,PV,Bus_Residential_1,DIRECT,0.0,0.0,Downstream of constrained Line_Trunk_1; DER power directly transits this line segment.
2011-09-16 17:00:00,C_LINE_CONG_1700,LINE_OVERLOAD,Line_Trunk_1,PV_H025,PV,Bus_Residential_1,DIRECT,0.0,0.0,Downstream of constrained Line_Trunk_1; DER power directly transits this line segment.
2011-09-16 17:00:00,C_LINE_CONG_1700,LINE_OVERLOAD,Line_Trunk_1,PV_H026,PV,Bus_Residential_1,DIRECT,0.0,0.0,Downstream of constrained Line_Trunk_1; DER power directly transits this line segment.
2011-09-16 17:00:00,C_LINE_CONG_1700,LINE_OVERLOAD,Line_Trunk_1,PV_H027,PV,Bus_Residential_1,DIRECT,0.0,0.0,Downstream of constrained Line_Trunk_1; DER power directly transits this line segment.
2011-09-16 17:00:00,C_LINE_CONG_1700,LINE_OVERLOAD,Line_Trunk_1,PV_H032,PV,Bus_Residential_1,DIRECT,0.0,0.0,Downstream of constrained Line_Trunk_1; DER power directly transits this line segment.
2011-09-16 17:00:00,C_LINE_CONG_1700,LINE_OVERLOAD,Line_Trunk_1,PV_H033,PV,Bus_Residential_1,DIRECT,0.0,0.0,Downstream of constrained Line_Trunk_1; DER power directly transits this line segment.
2011-09-16 17:00:00,C_LINE_CONG_1700,LINE_OVERLOAD,Line_Trunk_1,PV_H034,PV,Bus_Residential_1,DIRECT,0.0,0.0,Downstream of constrained Line_Trunk_1; DER power directly transits this line segment.
2011-09-16 17:00:00,C_LINE_CONG_1700,LINE_OVERLOAD,Line_Trunk_1,PV_H035,PV,Bus_Residential_1,DIRECT,0.0,0.0,Downstream of constrained Line_Trunk_1; DER power directly transits this line segment.
2011-09-16 17:00:00,C_LINE_CONG_1700,LINE_OVERLOAD,Line_Trunk_1,PV_H036,PV,Bus_Residential_2,DIRECT,0.0,0.0,Downstream of constrained Line_Trunk_1; DER power directly transits this line segment.
2011-09-16 17:00:00,C_LINE_CONG_1700,LINE_OVERLOAD,Line_Trunk_1,PV_H037,PV,Bus_Residential_2,DIRECT,0.0,0.0,Downstream of constrained Line_Trunk_1; DER power directly transits this line segment.
2011-09-16 17:00:00,C_LINE_CONG_1700,LINE_OVERLOAD,Line_Trunk_1,PV_H040,PV,Bus_Residential_2,DIRECT,0.0,0.0,Downstream of constrained Line_Trunk_1; DER power directly transits this line segment.
2011-09-16 17:00:00,C_LINE_CONG_1700,LINE_OVERLOAD,Line_Trunk_1,PV_H042,PV,Bus_Residential_2,DIRECT,0.0,0.0,Downstream of constrained Line_Trunk_1; DER power directly transits this line segment.
2011-09-16 17:00:00,C_LINE_CONG_1700,LINE_OVERLOAD,Line_Trunk_1,PV_H044,PV,Bus_Residential_2,DIRECT,0.0,0.0,Downstream of constrained Line_Trunk_1; DER power directly transits this line segment.
2011-09-16 17:00:00,C_LINE_CONG_1700,LINE_OVERLOAD,Line_Trunk_1,PV_H046,PV,Bus_Residential_2,DIRECT,0.0,0.0,Downstream of constrained Line_Trunk_1; DER power directly transits this line segment.
2011-09-16 17:00:00,C_LINE_CONG_1700,LINE_OVERLOAD,Line_Trunk_1,PV_H048,PV,Bus_Residential_2,DIRECT,0.0,0.0,Downstream of constrained Line_Trunk_1; DER power directly transits this line segment.
2011-09-16 17:00:00,C_LINE_CONG_1700,LINE_OVERLOAD,Line_Trunk_1,PV_H049,PV,Bus_Residential_2,DIRECT,0.0,0.0,Downstream of constrained Line_Trunk_1; DER power directly transits this line segment.
2011-09-16 17:00:00,C_LINE_CONG_1700,LINE_OVERLOAD,Line_Trunk_1,PV_H050,PV,Bus_Residential_2,DIRECT,0.0,0.0,Downstream of constrained Line_Trunk_1; DER power directly transits this line segment.
2011-09-16 17:00:00,C_LINE_CONG_1700,LINE_OVERLOAD,Line_Trunk_1,PV_H053,PV,Bus_Residential_2,DIRECT,0.0,0.0,Downstream of constrained Line_Trunk_1; DER power directly transits this line segment.
2011-09-16 17:00:00,C_LINE_CONG_1700,LINE_OVERLOAD,Line_Trunk_1,PV_H055,PV,Bus_Residential_2,DIRECT,0.0,0.0,Downstream of constrained Line_Trunk_1; DER power directly transits this line segment.
2011-09-16 17:00:00,C_LINE_CONG_1700,LINE_OVERLOAD,Line_Trunk_1,PV_H057,PV,Bus_Residential_2,DIRECT,0.0,0.0,Downstream of constrained Line_Trunk_1; DER power directly transits this line segment.
2011-09-16 17:00:00,C_LINE_CONG_1700,LINE_OVERLOAD,Line_Trunk_1,PV_H058,PV,Bus_Residential_2,DIRECT,0.0,0.0,Downstream of constrained Line_Trunk_1; DER power directly transits this line segment.
2011-09-16 17:00:00,C_LINE_CONG_1700,LINE_OVERLOAD,Line_Trunk_1,PV_H060,PV,Bus_Residential_2,DIRECT,0.0,0.0,Downstream of constrained Line_Trunk_1; DER power directly transits this line segment.
2011-09-16 17:00:00,C_LINE_CONG_1700,LINE_OVERLOAD,Line_Trunk_1,PV_H061,PV,Bus_Residential_2,DIRECT,0.0,0.0,Downstream of constrained Line_Trunk_1; DER power directly transits this line segment.
2011-09-16 17:00:00,C_LINE_CONG_1700,LINE_OVERLOAD,Line_Trunk_1,PV_H062,PV,Bus_Residential_2,DIRECT,0.0,0.0,Downstream of constrained Line_Trunk_1; DER power directly transits this line segment.
2011-09-16 17:00:00,C_LINE_CONG_1700,LINE_OVERLOAD,Line_Trunk_1,PV_H063,PV,Bus_Residential_2,DIRECT,0.0,0.0,Downstream of constrained Line_Trunk_1; DER power directly transits this line segment.
2011-09-16 17:00:00,C_LINE_CONG_1700,LINE_OVERLOAD,Line_Trunk_1,PV_H066,PV,Bus_Residential_2,DIRECT,0.0,0.0,Downstream of constrained Line_Trunk_1; DER power directly transits this line segment.
2011-09-16 17:00:00,C_LINE_CONG_1700,LINE_OVERLOAD,Line_Trunk_1,PV_H067,PV,Bus_Residential_2,DIRECT,0.0,0.0,Downstream of constrained Line_Trunk_1; DER power directly transits this line segment.
2011-09-16 17:00:00,C_LINE_CONG_1700,LINE_OVERLOAD,Line_Trunk_1,PV_H069,PV,Bus_Residential_2,DIRECT,0.0,0.0,Downstream of constrained Line_Trunk_1; DER power directly transits this line segment.
2011-09-16 17:00:00,C_LINE_CONG_1700,LINE_OVERLOAD,Line_Trunk_1,PV_H071,PV,Bus_Residential_3,DIRECT,0.0,0.0,Downstream of constrained Line_Trunk_1; DER power directly transits this line segment.
2011-09-16 17:00:00,C_LINE_CONG_1700,LINE_OVERLOAD,Line_Trunk_1,PV_H072,PV,Bus_Residential_3,DIRECT,0.0,0.0,Downstream of constrained Line_Trunk_1; DER power directly transits this line segment.
2011-09-16 17:00:00,C_LINE_CONG_1700,LINE_OVERLOAD,Line_Trunk_1,PV_H073,PV,Bus_Residential_3,DIRECT,0.0,0.0,Downstream of constrained Line_Trunk_1; DER power directly transits this line segment.
2011-09-16 17:00:00,C_LINE_CONG_1700,LINE_OVERLOAD,Line_Trunk_1,PV_H074,PV,Bus_Residential_3,DIRECT,0.0,0.0,Downstream of constrained Line_Trunk_1; DER power directly transits this line segment.
2011-09-16 17:00:00,C_LINE_CONG_1700,LINE_OVERLOAD,Line_Trunk_1,PV_H076,PV,Bus_Residential_3,DIRECT,0.0,0.0,Downstream of constrained Line_Trunk_1; DER power directly transits this line segment.
2011-09-16 17:00:00,C_LINE_CONG_1700,LINE_OVERLOAD,Line_Trunk_1,PV_H077,PV,Bus_Residential_3,DIRECT,0.0,0.0,Downstream of constrained Line_Trunk_1; DER power directly transits this line segment.
2011-09-16 17:00:00,C_LINE_CONG_1700,LINE_OVERLOAD,Line_Trunk_1,PV_H078,PV,Bus_Residential_3,DIRECT,0.0,0.0,Downstream of constrained Line_Trunk_1; DER power directly transits this line segment.
2011-09-16 17:00:00,C_LINE_CONG_1700,LINE_OVERLOAD,Line_Trunk_1,PV_H079,PV,Bus_Residential_3,DIRECT,0.0,0.0,Downstream of constrained Line_Trunk_1; DER power directly transits this line segment.
2011-09-16 17:00:00,C_LINE_CONG_1700,LINE_OVERLOAD,Line_Trunk_1,PV_H080,PV,Bus_Residential_3,DIRECT,0.0,0.0,Downstream of constrained Line_Trunk_1; DER power directly transits this line segment.
2011-09-16 17:00:00,C_LINE_CONG_1700,LINE_OVERLOAD,Line_Trunk_1,PV_H081,PV,Bus_Residential_3,DIRECT,0.0,0.0,Downstream of constrained Line_Trunk_1; DER power directly transits this line segment.
2011-09-16 17:00:00,C_LINE_CONG_1700,LINE_OVERLOAD,Line_Trunk_1,PV_H082,PV,Bus_Residential_3,DIRECT,0.0,0.0,Downstream of constrained Line_Trunk_1; DER power directly transits this line segment.
2011-09-16 17:00:00,C_LINE_CONG_1700,LINE_OVERLOAD,Line_Trunk_1,PV_H083,PV,Bus_Residential_3,DIRECT,0.0,0.0,Downstream of constrained Line_Trunk_1; DER power directly transits this line segment.
2011-09-16 17:00:00,C_LINE_CONG_1700,LINE_OVERLOAD,Line_Trunk_1,PV_H085,PV,Bus_Residential_3,DIRECT,0.0,0.0,Downstream of constrained Line_Trunk_1; DER power directly transits this line segment.
2011-09-16 17:00:00,C_LINE_CONG_1700,LINE_OVERLOAD,Line_Trunk_1,PV_H087,PV,Bus_Residential_3,DIRECT,0.0,0.0,Downstream of constrained Line_Trunk_1; DER power directly transits this line segment.
2011-09-16 17:00:00,C_LINE_CONG_1700,LINE_OVERLOAD,Line_Trunk_1,PV_H088,PV,Bus_Residential_3,DIRECT,0.0,0.0,Downstream of constrained Line_Trunk_1; DER power directly transits this line segment.
2011-09-16 17:00:00,C_LINE_CONG_1700,LINE_OVERLOAD,Line_Trunk_1,PV_H090,PV,Bus_Residential_3,DIRECT,0.0,0.0,Downstream of constrained Line_Trunk_1; DER power directly transits this line segment.
2011-09-16 17:00:00,C_LINE_CONG_1700,LINE_OVERLOAD,Line_Trunk_1,PV_H093,PV,Bus_Residential_3,DIRECT,0.0,0.0,Downstream of constrained Line_Trunk_1; DER power directly transits this line segment.
2011-09-16 17:00:00,C_LINE_CONG_1700,LINE_OVERLOAD,Line_Trunk_1,PV_H094,PV,Bus_Residential_3,DIRECT,0.0,0.0,Downstream of constrained Line_Trunk_1; DER power directly transits this line segment.
2011-09-16 17:00:00,C_LINE_CONG_1700,LINE_OVERLOAD,Line_Trunk_1,PV_H095,PV,Bus_Residential_3,DIRECT,0.0,0.0,Downstream of constrained Line_Trunk_1; DER power directly transits this line segment.
2011-09-16 17:00:00,C_LINE_CONG_1700,LINE_OVERLOAD,Line_Trunk_1,PV_H096,PV,Bus_Residential_3,DIRECT,0.0,0.0,Downstream of constrained Line_Trunk_1; DER power directly transits this line segment.
2011-09-16 17:00:00,C_LINE_CONG_1700,LINE_OVERLOAD,Line_Trunk_1,PV_H098,PV,Bus_Residential_3,DIRECT,0.0,0.0,Downstream of constrained Line_Trunk_1; DER power directly transits this line segment.
2011-09-16 17:00:00,C_LINE_CONG_1700,LINE_OVERLOAD,Line_Trunk_1,PV_H099,PV,Bus_Residential_3,DIRECT,0.0,0.0,Downstream of constrained Line_Trunk_1; DER power directly transits this line segment.
2011-09-16 17:00:00,C_LINE_CONG_1700,LINE_OVERLOAD,Line_Trunk_1,BESS_COMMUNITY_01,BESS,Bus_BESS,NOT_RELEVANT,25.0,0.0,Not downstream of Line_Trunk_1 (Bus_BESS); DER power does not transit this segment and cannot relieve its congestion.
2011-09-16 17:00:00,C_LINE_CONG_1700,LINE_OVERLOAD,Line_Trunk_1,EV_001,EV,Bus_EV_Hub,DIRECT,7.4,7.4,Downstream of constrained Line_Trunk_1; DER power directly transits this line segment.
2011-09-16 17:00:00,C_LINE_CONG_1700,LINE_OVERLOAD,Line_Trunk_1,EV_002,EV,Bus_EV_Hub,DIRECT,7.4,7.4,Downstream of constrained Line_Trunk_1; DER power directly transits this line segment.
2011-09-16 17:00:00,C_LINE_CONG_1700,LINE_OVERLOAD,Line_Trunk_1,EV_003,EV,Bus_EV_Hub,DIRECT,0.0,0.0,Downstream of constrained Line_Trunk_1; DER power directly transits this line segment.
2011-09-16 17:00:00,C_LINE_CONG_1700,LINE_OVERLOAD,Line_Trunk_1,EV_004,EV,Bus_EV_Hub,DIRECT,0.0,0.0,Downstream of constrained Line_Trunk_1; DER power directly transits this line segment.
2011-09-16 17:00:00,C_LINE_CONG_1700,LINE_OVERLOAD,Line_Trunk_1,EV_005,EV,Bus_EV_Hub,DIRECT,7.4,7.4,Downstream of constrained Line_Trunk_1; DER power directly transits this line segment.
2011-09-16 17:00:00,C_LINE_CONG_1700,LINE_OVERLOAD,Line_Trunk_1,EV_006,EV,Bus_EV_Hub,DIRECT,7.4,7.4,Downstream of constrained Line_Trunk_1; DER power directly transits this line segment.
2011-09-16 17:00:00,C_LINE_CONG_1700,LINE_OVERLOAD,Line_Trunk_1,EV_007,EV,Bus_EV_Hub,DIRECT,0.0,0.0,Downstream of constrained Line_Trunk_1; DER power directly transits this line segment.
2011-09-16 17:00:00,C_LINE_CONG_1700,LINE_OVERLOAD,Line_Trunk_1,EV_008,EV,Bus_EV_Hub,DIRECT,7.4,7.4,Downstream of constrained Line_Trunk_1; DER power directly transits this line segment.
2011-09-16 17:00:00,C_LINE_CONG_1700,LINE_OVERLOAD,Line_Trunk_1,EV_009,EV,Bus_EV_Hub,DIRECT,7.4,7.4,Downstream of constrained Line_Trunk_1; DER power directly transits this line segment.
2011-09-16 17:00:00,C_LINE_CONG_1700,LINE_OVERLOAD,Line_Trunk_1,EV_010,EV,Bus_EV_Hub,DIRECT,7.4,7.4,Downstream of constrained Line_Trunk_1; DER power directly transits this line segment.
2011-09-16 17:00:00,C_LINE_CONG_1700,LINE_OVERLOAD,Line_Trunk_1,EV_011,EV,Bus_EV_Hub,DIRECT,0.0,0.0,Downstream of constrained Line_Trunk_1; DER power directly transits this line segment.
2011-09-16 17:00:00,C_LINE_CONG_1700,LINE_OVERLOAD,Line_Trunk_1,EV_012,EV,Bus_EV_Hub,DIRECT,7.4,7.4,Downstream of constrained Line_Trunk_1; DER power directly transits this line segment.
2011-09-16 17:00:00,C_LINE_CONG_1700,LINE_OVERLOAD,Line_Trunk_1,EV_013,EV,Bus_EV_Hub,DIRECT,0.0,0.0,Downstream of constrained Line_Trunk_1; DER power directly transits this line segment.
2011-09-16 17:00:00,C_LINE_CONG_1700,LINE_OVERLOAD,Line_Trunk_1,EV_014,EV,Bus_EV_Hub,DIRECT,7.4,7.4,Downstream of constrained Line_Trunk_1; DER power directly transits this line segment.
2011-09-16 17:00:00,C_LINE_CONG_1700,LINE_OVERLOAD,Line_Trunk_1,EV_015,EV,Bus_EV_Hub,DIRECT,0.0,0.0,Downstream of constrained Line_Trunk_1; DER power directly transits this line segment.
2011-09-16 17:00:00,C_LINE_CONG_1700,LINE_OVERLOAD,Line_Trunk_1,EV_016,EV,Bus_EV_Hub,DIRECT,7.4,7.4,Downstream of constrained Line_Trunk_1; DER power directly transits this line segment.
2011-09-16 17:00:00,C_LINE_CONG_1700,LINE_OVERLOAD,Line_Trunk_1,EV_017,EV,Bus_EV_Hub,DIRECT,7.4,7.4,Downstream of constrained Line_Trunk_1; DER power directly transits this line segment.
2011-09-16 17:00:00,C_LINE_CONG_1700,LINE_OVERLOAD,Line_Trunk_1,EV_018,EV,Bus_EV_Hub,DIRECT,7.4,7.4,Downstream of constrained Line_Trunk_1; DER power directly transits this line segment.
2011-09-16 17:00:00,C_LINE_CONG_1700,LINE_OVERLOAD,Line_Trunk_1,EV_019,EV,Bus_EV_Hub,DIRECT,0.0,0.0,Downstream of constrained Line_Trunk_1; DER power directly transits this line segment.
2011-09-16 17:00:00,C_LINE_CONG_1700,LINE_OVERLOAD,Line_Trunk_1,EV_020,EV,Bus_EV_Hub,DIRECT,7.4,7.4,Downstream of constrained Line_Trunk_1; DER power directly transits this line segment.
2011-09-16 17:00:00,C_LINE_CONG_1700,LINE_OVERLOAD,Line_Trunk_1,FL001,FLEXIBLE_LOAD,Bus_Residential_1,DIRECT,0.0,0.0,Downstream of constrained Line_Trunk_1; DER power directly transits this line segment.
2011-09-16 17:00:00,C_LINE_CONG_1700,LINE_OVERLOAD,Line_Trunk_1,FL002,FLEXIBLE_LOAD,Bus_Commercial,NOT_RELEVANT,0.0,0.0,Not downstream of Line_Trunk_1 (Bus_Commercial); DER power does not transit this segment and cannot relieve its congestion.
2011-09-16 17:00:00,C_LINE_CONG_1700,LINE_OVERLOAD,Line_Trunk_1,FL003,FLEXIBLE_LOAD,Bus_Residential_2,DIRECT,0.0,0.0,Downstream of constrained Line_Trunk_1; DER power directly transits this line segment.
2011-09-16 17:15:00,C_LINE_CONG_1715,LINE_OVERLOAD,Line_Trunk_1,PV_H002,PV,Bus_Residential_1,DIRECT,0.0,0.0,Downstream of constrained Line_Trunk_1; DER power directly transits this line segment.
2011-09-16 17:15:00,C_LINE_CONG_1715,LINE_OVERLOAD,Line_Trunk_1,PV_H003,PV,Bus_Residential_1,DIRECT,0.0,0.0,Downstream of constrained Line_Trunk_1; DER power directly transits this line segment.
2011-09-16 17:15:00,C_LINE_CONG_1715,LINE_OVERLOAD,Line_Trunk_1,PV_H005,PV,Bus_Residential_1,DIRECT,0.0,0.0,Downstream of constrained Line_Trunk_1; DER power directly transits this line segment.
2011-09-16 17:15:00,C_LINE_CONG_1715,LINE_OVERLOAD,Line_Trunk_1,PV_H006,PV,Bus_Residential_1,DIRECT,0.0,0.0,Downstream of constrained Line_Trunk_1; DER power directly transits this line segment.
2011-09-16 17:15:00,C_LINE_CONG_1715,LINE_OVERLOAD,Line_Trunk_1,PV_H007,PV,Bus_Residential_1,DIRECT,0.0,0.0,Downstream of constrained Line_Trunk_1; DER power directly transits this line segment.
2011-09-16 17:15:00,C_LINE_CONG_1715,LINE_OVERLOAD,Line_Trunk_1,PV_H010,PV,Bus_Residential_1,DIRECT,0.0,0.0,Downstream of constrained Line_Trunk_1; DER power directly transits this line segment.
2011-09-16 17:15:00,C_LINE_CONG_1715,LINE_OVERLOAD,Line_Trunk_1,PV_H016,PV,Bus_Residential_1,DIRECT,0.0,0.0,Downstream of constrained Line_Trunk_1; DER power directly transits this line segment.
2011-09-16 17:15:00,C_LINE_CONG_1715,LINE_OVERLOAD,Line_Trunk_1,PV_H017,PV,Bus_Residential_1,DIRECT,0.0,0.0,Downstream of constrained Line_Trunk_1; DER power directly transits this line segment.
2011-09-16 17:15:00,C_LINE_CONG_1715,LINE_OVERLOAD,Line_Trunk_1,PV_H018,PV,Bus_Residential_1,DIRECT,0.0,0.0,Downstream of constrained Line_Trunk_1; DER power directly transits this line segment.
2011-09-16 17:15:00,C_LINE_CONG_1715,LINE_OVERLOAD,Line_Trunk_1,PV_H021,PV,Bus_Residential_1,DIRECT,0.0,0.0,Downstream of constrained Line_Trunk_1; DER power directly transits this line segment.
2011-09-16 17:15:00,C_LINE_CONG_1715,LINE_OVERLOAD,Line_Trunk_1,PV_H024,PV,Bus_Residential_1,DIRECT,0.0,0.0,Downstream of constrained Line_Trunk_1; DER power directly transits this line segment.
2011-09-16 17:15:00,C_LINE_CONG_1715,LINE_OVERLOAD,Line_Trunk_1,PV_H025,PV,Bus_Residential_1,DIRECT,0.0,0.0,Downstream of constrained Line_Trunk_1; DER power directly transits this line segment.
2011-09-16 17:15:00,C_LINE_CONG_1715,LINE_OVERLOAD,Line_Trunk_1,PV_H026,PV,Bus_Residential_1,DIRECT,0.0,0.0,Downstream of constrained Line_Trunk_1; DER power directly transits this line segment.
2011-09-16 17:15:00,C_LINE_CONG_1715,LINE_OVERLOAD,Line_Trunk_1,PV_H027,PV,Bus_Residential_1,DIRECT,0.0,0.0,Downstream of constrained Line_Trunk_1; DER power directly transits this line segment.
2011-09-16 17:15:00,C_LINE_CONG_1715,LINE_OVERLOAD,Line_Trunk_1,PV_H032,PV,Bus_Residential_1,DIRECT,0.0,0.0,Downstream of constrained Line_Trunk_1; DER power directly transits this line segment.
2011-09-16 17:15:00,C_LINE_CONG_1715,LINE_OVERLOAD,Line_Trunk_1,PV_H033,PV,Bus_Residential_1,DIRECT,0.0,0.0,Downstream of constrained Line_Trunk_1; DER power directly transits this line segment.
2011-09-16 17:15:00,C_LINE_CONG_1715,LINE_OVERLOAD,Line_Trunk_1,PV_H034,PV,Bus_Residential_1,DIRECT,0.0,0.0,Downstream of constrained Line_Trunk_1; DER power directly transits this line segment.
2011-09-16 17:15:00,C_LINE_CONG_1715,LINE_OVERLOAD,Line_Trunk_1,PV_H035,PV,Bus_Residential_1,DIRECT,0.0,0.0,Downstream of constrained Line_Trunk_1; DER power directly transits this line segment.
2011-09-16 17:15:00,C_LINE_CONG_1715,LINE_OVERLOAD,Line_Trunk_1,PV_H036,PV,Bus_Residential_2,DIRECT,0.0,0.0,Downstream of constrained Line_Trunk_1; DER power directly transits this line segment.
2011-09-16 17:15:00,C_LINE_CONG_1715,LINE_OVERLOAD,Line_Trunk_1,PV_H037,PV,Bus_Residential_2,DIRECT,0.0,0.0,Downstream of constrained Line_Trunk_1; DER power directly transits this line segment.
2011-09-16 17:15:00,C_LINE_CONG_1715,LINE_OVERLOAD,Line_Trunk_1,PV_H040,PV,Bus_Residential_2,DIRECT,0.0,0.0,Downstream of constrained Line_Trunk_1; DER power directly transits this line segment.
2011-09-16 17:15:00,C_LINE_CONG_1715,LINE_OVERLOAD,Line_Trunk_1,PV_H042,PV,Bus_Residential_2,DIRECT,0.0,0.0,Downstream of constrained Line_Trunk_1; DER power directly transits this line segment.
2011-09-16 17:15:00,C_LINE_CONG_1715,LINE_OVERLOAD,Line_Trunk_1,PV_H044,PV,Bus_Residential_2,DIRECT,0.0,0.0,Downstream of constrained Line_Trunk_1; DER power directly transits this line segment.
2011-09-16 17:15:00,C_LINE_CONG_1715,LINE_OVERLOAD,Line_Trunk_1,PV_H046,PV,Bus_Residential_2,DIRECT,0.0,0.0,Downstream of constrained Line_Trunk_1; DER power directly transits this line segment.
2011-09-16 17:15:00,C_LINE_CONG_1715,LINE_OVERLOAD,Line_Trunk_1,PV_H048,PV,Bus_Residential_2,DIRECT,0.0,0.0,Downstream of constrained Line_Trunk_1; DER power directly transits this line segment.
2011-09-16 17:15:00,C_LINE_CONG_1715,LINE_OVERLOAD,Line_Trunk_1,PV_H049,PV,Bus_Residential_2,DIRECT,0.0,0.0,Downstream of constrained Line_Trunk_1; DER power directly transits this line segment.
2011-09-16 17:15:00,C_LINE_CONG_1715,LINE_OVERLOAD,Line_Trunk_1,PV_H050,PV,Bus_Residential_2,DIRECT,0.0,0.0,Downstream of constrained Line_Trunk_1; DER power directly transits this line segment.
2011-09-16 17:15:00,C_LINE_CONG_1715,LINE_OVERLOAD,Line_Trunk_1,PV_H053,PV,Bus_Residential_2,DIRECT,0.0,0.0,Downstream of constrained Line_Trunk_1; DER power directly transits this line segment.
2011-09-16 17:15:00,C_LINE_CONG_1715,LINE_OVERLOAD,Line_Trunk_1,PV_H055,PV,Bus_Residential_2,DIRECT,0.0,0.0,Downstream of constrained Line_Trunk_1; DER power directly transits this line segment.
2011-09-16 17:15:00,C_LINE_CONG_1715,LINE_OVERLOAD,Line_Trunk_1,PV_H057,PV,Bus_Residential_2,DIRECT,0.0,0.0,Downstream of constrained Line_Trunk_1; DER power directly transits this line segment.
2011-09-16 17:15:00,C_LINE_CONG_1715,LINE_OVERLOAD,Line_Trunk_1,PV_H058,PV,Bus_Residential_2,DIRECT,0.0,0.0,Downstream of constrained Line_Trunk_1; DER power directly transits this line segment.
2011-09-16 17:15:00,C_LINE_CONG_1715,LINE_OVERLOAD,Line_Trunk_1,PV_H060,PV,Bus_Residential_2,DIRECT,0.0,0.0,Downstream of constrained Line_Trunk_1; DER power directly transits this line segment.
2011-09-16 17:15:00,C_LINE_CONG_1715,LINE_OVERLOAD,Line_Trunk_1,PV_H061,PV,Bus_Residential_2,DIRECT,0.0,0.0,Downstream of constrained Line_Trunk_1; DER power directly transits this line segment.
2011-09-16 17:15:00,C_LINE_CONG_1715,LINE_OVERLOAD,Line_Trunk_1,PV_H062,PV,Bus_Residential_2,DIRECT,0.0,0.0,Downstream of constrained Line_Trunk_1; DER power directly transits this line segment.
2011-09-16 17:15:00,C_LINE_CONG_1715,LINE_OVERLOAD,Line_Trunk_1,PV_H063,PV,Bus_Residential_2,DIRECT,0.0,0.0,Downstream of constrained Line_Trunk_1; DER power directly transits this line segment.
2011-09-16 17:15:00,C_LINE_CONG_1715,LINE_OVERLOAD,Line_Trunk_1,PV_H066,PV,Bus_Residential_2,DIRECT,0.0,0.0,Downstream of constrained Line_Trunk_1; DER power directly transits this line segment.
2011-09-16 17:15:00,C_LINE_CONG_1715,LINE_OVERLOAD,Line_Trunk_1,PV_H067,PV,Bus_Residential_2,DIRECT,0.0,0.0,Downstream of constrained Line_Trunk_1; DER power directly transits this line segment.
2011-09-16 17:15:00,C_LINE_CONG_1715,LINE_OVERLOAD,Line_Trunk_1,PV_H069,PV,Bus_Residential_2,DIRECT,0.0,0.0,Downstream of constrained Line_Trunk_1; DER power directly transits this line segment.
2011-09-16 17:15:00,C_LINE_CONG_1715,LINE_OVERLOAD,Line_Trunk_1,PV_H071,PV,Bus_Residential_3,DIRECT,0.0,0.0,Downstream of constrained Line_Trunk_1; DER power directly transits this line segment.
2011-09-16 17:15:00,C_LINE_CONG_1715,LINE_OVERLOAD,Line_Trunk_1,PV_H072,PV,Bus_Residential_3,DIRECT,0.0,0.0,Downstream of constrained Line_Trunk_1; DER power directly transits this line segment.
2011-09-16 17:15:00,C_LINE_CONG_1715,LINE_OVERLOAD,Line_Trunk_1,PV_H073,PV,Bus_Residential_3,DIRECT,0.0,0.0,Downstream of constrained Line_Trunk_1; DER power directly transits this line segment.
2011-09-16 17:15:00,C_LINE_CONG_1715,LINE_OVERLOAD,Line_Trunk_1,PV_H074,PV,Bus_Residential_3,DIRECT,0.0,0.0,Downstream of constrained Line_Trunk_1; DER power directly transits this line segment.
2011-09-16 17:15:00,C_LINE_CONG_1715,LINE_OVERLOAD,Line_Trunk_1,PV_H076,PV,Bus_Residential_3,DIRECT,0.0,0.0,Downstream of constrained Line_Trunk_1; DER power directly transits this line segment.
2011-09-16 17:15:00,C_LINE_CONG_1715,LINE_OVERLOAD,Line_Trunk_1,PV_H077,PV,Bus_Residential_3,DIRECT,0.0,0.0,Downstream of constrained Line_Trunk_1; DER power directly transits this line segment.
2011-09-16 17:15:00,C_LINE_CONG_1715,LINE_OVERLOAD,Line_Trunk_1,PV_H078,PV,Bus_Residential_3,DIRECT,0.0,0.0,Downstream of constrained Line_Trunk_1; DER power directly transits this line segment.
2011-09-16 17:15:00,C_LINE_CONG_1715,LINE_OVERLOAD,Line_Trunk_1,PV_H079,PV,Bus_Residential_3,DIRECT,0.0,0.0,Downstream of constrained Line_Trunk_1; DER power directly transits this line segment.
2011-09-16 17:15:00,C_LINE_CONG_1715,LINE_OVERLOAD,Line_Trunk_1,PV_H080,PV,Bus_Residential_3,DIRECT,0.0,0.0,Downstream of constrained Line_Trunk_1; DER power directly transits this line segment.
2011-09-16 17:15:00,C_LINE_CONG_1715,LINE_OVERLOAD,Line_Trunk_1,PV_H081,PV,Bus_Residential_3,DIRECT,0.0,0.0,Downstream of constrained Line_Trunk_1; DER power directly transits this line segment.
2011-09-16 17:15:00,C_LINE_CONG_1715,LINE_OVERLOAD,Line_Trunk_1,PV_H082,PV,Bus_Residential_3,DIRECT,0.0,0.0,Downstream of constrained Line_Trunk_1; DER power directly transits this line segment.
2011-09-16 17:15:00,C_LINE_CONG_1715,LINE_OVERLOAD,Line_Trunk_1,PV_H083,PV,Bus_Residential_3,DIRECT,0.0,0.0,Downstream of constrained Line_Trunk_1; DER power directly transits this line segment.
2011-09-16 17:15:00,C_LINE_CONG_1715,LINE_OVERLOAD,Line_Trunk_1,PV_H085,PV,Bus_Residential_3,DIRECT,0.0,0.0,Downstream of constrained Line_Trunk_1; DER power directly transits this line segment.
2011-09-16 17:15:00,C_LINE_CONG_1715,LINE_OVERLOAD,Line_Trunk_1,PV_H087,PV,Bus_Residential_3,DIRECT,0.0,0.0,Downstream of constrained Line_Trunk_1; DER power directly transits this line segment.
2011-09-16 17:15:00,C_LINE_CONG_1715,LINE_OVERLOAD,Line_Trunk_1,PV_H088,PV,Bus_Residential_3,DIRECT,0.0,0.0,Downstream of constrained Line_Trunk_1; DER power directly transits this line segment.
2011-09-16 17:15:00,C_LINE_CONG_1715,LINE_OVERLOAD,Line_Trunk_1,PV_H090,PV,Bus_Residential_3,DIRECT,0.0,0.0,Downstream of constrained Line_Trunk_1; DER power directly transits this line segment.
2011-09-16 17:15:00,C_LINE_CONG_1715,LINE_OVERLOAD,Line_Trunk_1,PV_H093,PV,Bus_Residential_3,DIRECT,0.0,0.0,Downstream of constrained Line_Trunk_1; DER power directly transits this line segment.
2011-09-16 17:15:00,C_LINE_CONG_1715,LINE_OVERLOAD,Line_Trunk_1,PV_H094,PV,Bus_Residential_3,DIRECT,0.0,0.0,Downstream of constrained Line_Trunk_1; DER power directly transits this line segment.
2011-09-16 17:15:00,C_LINE_CONG_1715,LINE_OVERLOAD,Line_Trunk_1,PV_H095,PV,Bus_Residential_3,DIRECT,0.0,0.0,Downstream of constrained Line_Trunk_1; DER power directly transits this line segment.
2011-09-16 17:15:00,C_LINE_CONG_1715,LINE_OVERLOAD,Line_Trunk_1,PV_H096,PV,Bus_Residential_3,DIRECT,0.0,0.0,Downstream of constrained Line_Trunk_1; DER power directly transits this line segment.
2011-09-16 17:15:00,C_LINE_CONG_1715,LINE_OVERLOAD,Line_Trunk_1,PV_H098,PV,Bus_Residential_3,DIRECT,0.0,0.0,Downstream of constrained Line_Trunk_1; DER power directly transits this line segment.
2011-09-16 17:15:00,C_LINE_CONG_1715,LINE_OVERLOAD,Line_Trunk_1,PV_H099,PV,Bus_Residential_3,DIRECT,0.0,0.0,Downstream of constrained Line_Trunk_1; DER power directly transits this line segment.
2011-09-16 17:15:00,C_LINE_CONG_1715,LINE_OVERLOAD,Line_Trunk_1,BESS_COMMUNITY_01,BESS,Bus_BESS,NOT_RELEVANT,25.0,0.0,Not downstream of Line_Trunk_1 (Bus_BESS); DER power does not transit this segment and cannot relieve its congestion.
2011-09-16 17:15:00,C_LINE_CONG_1715,LINE_OVERLOAD,Line_Trunk_1,EV_001,EV,Bus_EV_Hub,DIRECT,7.4,7.4,Downstream of constrained Line_Trunk_1; DER power directly transits this line segment.
2011-09-16 17:15:00,C_LINE_CONG_1715,LINE_OVERLOAD,Line_Trunk_1,EV_002,EV,Bus_EV_Hub,DIRECT,7.4,7.4,Downstream of constrained Line_Trunk_1; DER power directly transits this line segment.
2011-09-16 17:15:00,C_LINE_CONG_1715,LINE_OVERLOAD,Line_Trunk_1,EV_003,EV,Bus_EV_Hub,DIRECT,7.4,7.4,Downstream of constrained Line_Trunk_1; DER power directly transits this line segment.
2011-09-16 17:15:00,C_LINE_CONG_1715,LINE_OVERLOAD,Line_Trunk_1,EV_004,EV,Bus_EV_Hub,DIRECT,0.0,0.0,Downstream of constrained Line_Trunk_1; DER power directly transits this line segment.
2011-09-16 17:15:00,C_LINE_CONG_1715,LINE_OVERLOAD,Line_Trunk_1,EV_005,EV,Bus_EV_Hub,DIRECT,7.4,7.4,Downstream of constrained Line_Trunk_1; DER power directly transits this line segment.
2011-09-16 17:15:00,C_LINE_CONG_1715,LINE_OVERLOAD,Line_Trunk_1,EV_006,EV,Bus_EV_Hub,DIRECT,7.4,7.4,Downstream of constrained Line_Trunk_1; DER power directly transits this line segment.
2011-09-16 17:15:00,C_LINE_CONG_1715,LINE_OVERLOAD,Line_Trunk_1,EV_007,EV,Bus_EV_Hub,DIRECT,0.0,0.0,Downstream of constrained Line_Trunk_1; DER power directly transits this line segment.
2011-09-16 17:15:00,C_LINE_CONG_1715,LINE_OVERLOAD,Line_Trunk_1,EV_008,EV,Bus_EV_Hub,DIRECT,7.4,7.4,Downstream of constrained Line_Trunk_1; DER power directly transits this line segment.
2011-09-16 17:15:00,C_LINE_CONG_1715,LINE_OVERLOAD,Line_Trunk_1,EV_009,EV,Bus_EV_Hub,DIRECT,7.4,7.4,Downstream of constrained Line_Trunk_1; DER power directly transits this line segment.
2011-09-16 17:15:00,C_LINE_CONG_1715,LINE_OVERLOAD,Line_Trunk_1,EV_010,EV,Bus_EV_Hub,DIRECT,7.4,7.4,Downstream of constrained Line_Trunk_1; DER power directly transits this line segment.
2011-09-16 17:15:00,C_LINE_CONG_1715,LINE_OVERLOAD,Line_Trunk_1,EV_011,EV,Bus_EV_Hub,DIRECT,0.0,0.0,Downstream of constrained Line_Trunk_1; DER power directly transits this line segment.
2011-09-16 17:15:00,C_LINE_CONG_1715,LINE_OVERLOAD,Line_Trunk_1,EV_012,EV,Bus_EV_Hub,DIRECT,7.4,7.4,Downstream of constrained Line_Trunk_1; DER power directly transits this line segment.
2011-09-16 17:15:00,C_LINE_CONG_1715,LINE_OVERLOAD,Line_Trunk_1,EV_013,EV,Bus_EV_Hub,DIRECT,0.0,0.0,Downstream of constrained Line_Trunk_1; DER power directly transits this line segment.
2011-09-16 17:15:00,C_LINE_CONG_1715,LINE_OVERLOAD,Line_Trunk_1,EV_014,EV,Bus_EV_Hub,DIRECT,7.4,7.4,Downstream of constrained Line_Trunk_1; DER power directly transits this line segment.
2011-09-16 17:15:00,C_LINE_CONG_1715,LINE_OVERLOAD,Line_Trunk_1,EV_015,EV,Bus_EV_Hub,DIRECT,7.4,7.4,Downstream of constrained Line_Trunk_1; DER power directly transits this line segment.
2011-09-16 17:15:00,C_LINE_CONG_1715,LINE_OVERLOAD,Line_Trunk_1,EV_016,EV,Bus_EV_Hub,DIRECT,7.4,7.4,Downstream of constrained Line_Trunk_1; DER power directly transits this line segment.
2011-09-16 17:15:00,C_LINE_CONG_1715,LINE_OVERLOAD,Line_Trunk_1,EV_017,EV,Bus_EV_Hub,DIRECT,7.4,7.4,Downstream of constrained Line_Trunk_1; DER power directly transits this line segment.
2011-09-16 17:15:00,C_LINE_CONG_1715,LINE_OVERLOAD,Line_Trunk_1,EV_018,EV,Bus_EV_Hub,DIRECT,7.4,7.4,Downstream of constrained Line_Trunk_1; DER power directly transits this line segment.
2011-09-16 17:15:00,C_LINE_CONG_1715,LINE_OVERLOAD,Line_Trunk_1,EV_019,EV,Bus_EV_Hub,DIRECT,0.0,0.0,Downstream of constrained Line_Trunk_1; DER power directly transits this line segment.
2011-09-16 17:15:00,C_LINE_CONG_1715,LINE_OVERLOAD,Line_Trunk_1,EV_020,EV,Bus_EV_Hub,DIRECT,7.4,7.4,Downstream of constrained Line_Trunk_1; DER power directly transits this line segment.
2011-09-16 17:15:00,C_LINE_CONG_1715,LINE_OVERLOAD,Line_Trunk_1,FL001,FLEXIBLE_LOAD,Bus_Residential_1,DIRECT,0.0,0.0,Downstream of constrained Line_Trunk_1; DER power directly transits this line segment.
2011-09-16 17:15:00,C_LINE_CONG_1715,LINE_OVERLOAD,Line_Trunk_1,FL002,FLEXIBLE_LOAD,Bus_Commercial,NOT_RELEVANT,0.0,0.0,Not downstream of Line_Trunk_1 (Bus_Commercial); DER power does not transit this segment and cannot relieve its congestion.
2011-09-16 17:15:00,C_LINE_CONG_1715,LINE_OVERLOAD,Line_Trunk_1,FL003,FLEXIBLE_LOAD,Bus_Residential_2,DIRECT,0.0,0.0,Downstream of constrained Line_Trunk_1; DER power directly transits this line segment.
