Source,Location ID,City,State,Country,Latitude,Longitude,Time Zone,Elevation,Local Time Zone,Clearsky DHI Units,Clearsky DNI Units,Clearsky GHI Units,Dew Point Units,DHI Units,DHI Perez Units,DNI Units,DNI Perez Units,GHI Units,GHI Perez Units,Solar Zenith Angle Units,Temperature Units,Pressure Units,Relative Humidity Units,Precipitable Water Units,Wind Direction Units,Wind Speed Units,Snow Depth Units,Fill Flag 0,Fill Flag 1,Fill Flag 2,Fill Flag 3,Fill Flag 4,Fill Flag 5,Version
NSRDB,33896,-,-,-,28.65,77.25,5.5,0,5.5,w/m2,w/m2,w/m2,c,w/m2,w/m2,w/m2,w/m2,w/m2,w/m2,Degree,c,mbar,%,cm,Degrees,m/s,m,N/A,Missing Image,Low Irradiance,Exceeds Clearsky,Missing CLoud Properties,Rayleigh Violation,unknown
Year,Month,Day,Hour,Minute,GHI,DNI,DHI,Temperature
2011,1,1,0,0,0,0,0,16
2011,1,1,1,0,0,0,0,15
2011,1,1,2,0,0,0,0,15
2011,1,1,3,0,0,0,0,15
2011,1,1,4,0,0,0,0,15
2011,1,1,5,0,0,0,0,7
2011,1,1,6,0,0,0,0,6
2011,1,1,7,0,6,0,6,8
2011,1,1,8,0,101,20,96,11
2011,1,1,9,0,211,63,185,15
2011,1,1,10,0,381,216,268,18
2011,1,1,11,0,573,530,256,20
2011,1,1,12,0,619,676,199,21
2011,1,1,13,0,580,657,194,21
2011,1,1,14,0,477,593,179,20
2011,1,1,15,0,323,453,155,19
2011,1,1,16,0,127,153,96,16
2011,1,1,17,0,0,0,0,14
2011,1,1,18,0,0,0,0,13
2011,1,1,19,0,0,0,0,12
2011,1,1,20,0,0,0,0,12
2011,1,1,21,0,0,0,0,11
2011,1,1,22,0,0,0,0,10
2011,1,1,23,0,0,0,0,10
2011,1,2,0,0,0,0,0,9
2011,1,2,1,0,0,0,0,9
2011,1,2,2,0,0,0,0,8
2011,1,2,3,0,0,0,0,8
2011,1,2,4,0,0,0,0,7
2011,1,2,5,0,0,0,0,7
2011,1,2,6,0,0,0,0,6
2011,1,2,7,0,6,0,6,8
2011,1,2,8,0,106,27,99,11
2011,1,2,9,0,185,20,177,15
2011,1,2,10,0,271,40,250,19
2011,1,2,11,0,291,34,270,21
2011,1,2,12,0,409,147,317,21
2011,1,2,13,0,420,203,300,22
2011,1,2,14,0,259,55,231,21
2011,1,2,15,0,97,0,97,19
2011,1,2,16,0,30,0,30,16
2011,1,2,17,0,0,0,0,14
2011,1,2,18,0,0,0,0,13
2011,1,2,19,0,0,0,0,13
2011,1,2,20,0,0,0,0,12
2011,1,2,21,0,0,0,0,11
2011,1,2,22,0,0,0,0,10
2011,1,2,23,0,0,0,0,9
2011,1,3,0,0,0,0,0,9
2011,1,3,1,0,0,0,0,8
2011,1,3,2,0,0,0,0,7
2011,1,3,3,0,0,0,0,6
2011,1,3,4,0,0,0,0,6
2011,1,3,5,0,0,0,0,5
2011,1,3,6,0,0,0,0,4
2011,1,3,7,0,6,0,6,7
2011,1,3,8,0,130,89,109,9
2011,1,3,9,0,290,258,187,13
2011,1,3,10,0,366,144,290,15
2011,1,3,11,0,489,318,298,17
2011,1,3,12,0,569,506,254,17
2011,1,3,13,0,552,549,227,18
2011,1,3,14,0,452,501,198,17
2011,1,3,15,0,296,339,169,16
2011,1,3,16,0,126,155,94,13
2011,1,3,17,0,0,0,0,11
2011,1,3,18,0,0,0,0,11
2011,1,3,19,0,0,0,0,10
2011,1,3,20,0,0,0,0,9
2011,1,3,21,0,0,0,0,8
2011,1,3,22,0,0,0,0,7
2011,1,3,23,0,0,0,0,7
2011,1,4,0,0,0,0,0,6
2011,1,4,1,0,0,0,0,5
2011,1,4,2,0,0,0,0,5
2011,1,4,3,0,0,0,0,4
2011,1,4,4,0,0,0,0,3
2011,1,4,5,0,0,0,0,3
2011,1,4,6,0,0,0,0,2
2011,1,4,7,0,3,0,3,5
2011,1,4,8,0,123,71,106,8
2011,1,4,9,0,173,18,165,12
2011,1,4,10,0,215,9,210,15
2011,1,4,11,0,327,69,285,17
2011,1,4,12,0,470,234,324,19
2011,1,4,13,0,529,449,263,19
2011,1,4,14,0,367,209,260,19
2011,1,4,15,0,300,294,189,17
2011,1,4,16,0,89,27,83,14
2011,1,4,17,0,0,0,0,12
2011,1,4,18,0,0,0,0,11
2011,1,4,19,0,0,0,0,10
2011,1,4,20,0,0,0,0,9
2011,1,4,21,0,0,0,0,9
2011,1,4,22,0,0,0,0,8
2011,1,4,23,0,0,0,0,7
2011,1,5,0,0,0,0,0,7
2011,1,5,1,0,0,0,0,6
2011,1,5,2,0,0,0,0,5
2011,1,5,3,0,0,0,0,4
2011,1,5,4,0,0,0,0,3
2011,1,5,5,0,0,0,0,3
2011,1,5,6,0,0,0,0,2
2011,1,5,7,0,5,0,5,4
2011,1,5,8,0,105,22,99,7
2011,1,5,9,0,198,37,183,11
2011,1,5,10,0,294,56,264,15
2011,1,5,11,0,336,77,289,17
2011,1,5,12,0,472,222,333,19
2011,1,5,13,0,566,519,257,20
2011,1,5,14,0,485,588,185,19
2011,1,5,15,0,329,443,161,18
2011,1,5,16,0,133,155,100,15
2011,1,5,17,0,1,0,1,12
2011,1,5,18,0,0,0,0,12
2011,1,5,19,0,0,0,0,11
2011,1,5,20,0,0,0,0,10
2011,1,5,21,0,0,0,0,9
2011,1,5,22,0,0,0,0,8
2011,1,5,23,0,0,0,0,8
2011,1,6,0,0,0,0,0,7
2011,1,6,1,0,0,0,0,6
2011,1,6,2,0,0,0,0,6
2011,1,6,3,0,0,0,0,5
2011,1,6,4,0,0,0,0,5
2011,1,6,5,0,0,0,0,4
2011,1,6,6,0,0,0,0,4
2011,1,6,7,0,5,0,5,6
2011,1,6,8,0,105,26,98,10
2011,1,6,9,0,185,19,177,13
2011,1,6,10,0,287,71,249,17
2011,1,6,11,0,542,433,281,20
2011,1,6,12,0,608,605,228,22
2011,1,6,13,0,578,622,207,22
2011,1,6,14,0,489,601,181,21
2011,1,6,15,0,333,360,195,20
2011,1,6,16,0,95,35,87,16
2011,1,6,17,0,1,0,1,13
2011,1,6,18,0,0,0,0,13
2011,1,6,19,0,0,0,0,12
2011,1,6,20,0,0,0,0,11
2011,1,6,21,0,0,0,0,10
2011,1,6,22,0,0,0,0,9
2011,1,6,23,0,0,0,0,9
2011,1,7,0,0,0,0,0,8
2011,1,7,1,0,0,0,0,7
2011,1,7,2,0,0,0,0,7
2011,1,7,3,0,0,0,0,6
2011,1,7,4,0,0,0,0,6
2011,1,7,5,0,0,0,0,5
2011,1,7,6,0,0,0,0,5
2011,1,7,7,0,5,0,5,7
2011,1,7,8,0,110,35,101,11
2011,1,7,9,0,192,32,179,14
2011,1,7,10,0,377,208,267,18
2011,1,7,11,0,574,517,261,21
2011,1,7,12,0,610,621,219,23
2011,1,7,13,0,581,626,206,23
2011,1,7,14,0,492,595,185,22
2011,1,7,15,0,329,372,186,20
2011,1,7,16,0,133,144,102,16
2011,1,7,17,0,1,0,1,14
2011,1,7,18,0,0,0,0,13
2011,1,7,19,0,0,0,0,12
2011,1,7,20,0,0,0,0,12
2011,1,7,21,0,0,0,0,11
2011,1,7,22,0,0,0,0,10
2011,1,7,23,0,0,0,0,9
2011,1,8,0,0,0,0,0,9
2011,1,8,1,0,0,0,0,8
2011,1,8,2,0,0,0,0,7
2011,1,8,3,0,0,0,0,6
2011,1,8,4,0,0,0,0,6
2011,1,8,5,0,0,0,0,5
2011,1,8,6,0,0,0,0,4
2011,1,8,7,0,4,0,4,7
2011,1,8,8,0,105,26,98,10
2011,1,8,9,0,186,20,178,14
2011,1,8,10,0,219,10,213,18
2011,1,8,11,0,306,41,281,20
2011,1,8,12,0,497,259,333,21
2011,1,8,13,0,568,509,262,21
2011,1,8,14,0,495,597,186,21
2011,1,8,15,0,341,494,150,19
2011,1,8,16,0,137,153,103,16
2011,1,8,17,0,1,0,1,14
2011,1,8,18,0,0,0,0,13
2011,1,8,19,0,0,0,0,13
2011,1,8,20,0,0,0,0,12
2011,1,8,21,0,0,0,0,11
2011,1,8,22,0,0,0,0,10
2011,1,8,23,0,0,0,0,9
2011,1,9,0,0,0,0,0,9
2011,1,9,1,0,0,0,0,8
2011,1,9,2,0,0,0,0,7
2011,1,9,3,0,0,0,0,6
2011,1,9,4,0,0,0,0,5
2011,1,9,5,0,0,0,0,4
2011,1,9,6,0,0,0,0,3
2011,1,9,7,0,4,0,4,6
2011,1,9,8,0,88,4,87,9
2011,1,9,9,0,145,3,143,13
2011,1,9,10,0,168,1,167,16
2011,1,9,11,0,185,2,183,19
2011,1,9,12,0,219,5,215,20
2011,1,9,13,0,236,12,228,20
2011,1,9,14,0,297,85,252,20
2011,1,9,15,0,286,225,198,18
2011,1,9,16,0,106,51,94,15
2011,1,9,17,0,1,0,1,12
2011,1,9,18,0,0,0,0,12
2011,1,9,19,0,0,0,0,11
2011,1,9,20,0,0,0,0,10
2011,1,9,21,0,0,0,0,10
2011,1,9,22,0,0,0,0,9
2011,1,9,23,0,0,0,0,8
2011,1,10,0,0,0,0,0,8
2011,1,10,1,0,0,0,0,7
2011,1,10,2,0,0,0,0,6
2011,1,10,3,0,0,0,0,6
2011,1,10,4,0,0,0,0,5
2011,1,10,5,0,0,0,0,5
2011,1,10,6,0,0,0,0,4
2011,1,10,7,0,4,0,4,6
2011,1,10,8,0,117,40,107,10
2011,1,10,9,0,235,81,202,14
2011,1,10,10,0,414,275,268,18
2011,1,10,11,0,581,555,243,21
2011,1,10,12,0,619,631,218,22
2011,1,10,13,0,592,640,204,22
2011,1,10,14,0,501,609,182,21
2011,1,10,15,0,348,472,163,20
2011,1,10,16,0,153,200,108,16
2011,1,10,17,0,2,0,2,14
2011,1,10,18,0,0,0,0,13
2011,1,10,19,0,0,0,0,12
2011,1,10,20,0,0,0,0,11
2011,1,10,21,0,0,0,0,11
2011,1,10,22,0,0,0,0,10
2011,1,10,23,0,0,0,0,9
2011,1,11,0,0,0,0,0,8
2011,1,11,1,0,0,0,0,8
2011,1,11,2,0,0,0,0,7
2011,1,11,3,0,0,0,0,6
2011,1,11,4,0,0,0,0,6
2011,1,11,5,0,0,0,0,5
2011,1,11,6,0,0,0,0,5
2011,1,11,7,0,7,0,7,6
2011,1,11,8,0,169,269,106,9
2011,1,11,9,0,353,481,160,14
2011,1,11,10,0,503,587,192,17
2011,1,11,11,0,609,669,201,20
2011,1,11,12,0,641,684,206,21
2011,1,11,13,0,604,665,200,22
2011,1,11,14,0,503,609,183,21
2011,1,11,15,0,349,500,152,20
2011,1,11,16,0,157,210,109,16
2011,1,11,17,0,2,0,2,14
2011,1,11,18,0,0,0,0,13
2011,1,11,19,0,0,0,0,13
2011,1,11,20,0,0,0,0,12
2011,1,11,21,0,0,0,0,11
2011,1,11,22,0,0,0,0,11
2011,1,11,23,0,0,0,0,10
2011,1,12,0,0,0,0,0,10
2011,1,12,1,0,0,0,0,9
2011,1,12,2,0,0,0,0,8
2011,1,12,3,0,0,0,0,8
2011,1,12,4,0,0,0,0,7
2011,1,12,5,0,0,0,0,6
2011,1,12,6,0,0,0,0,6
2011,1,12,7,0,4,0,4,8
2011,1,12,8,0,170,270,107,11
2011,1,12,9,0,357,506,153,15
2011,1,12,10,0,505,597,188,19
2011,1,12,11,0,605,662,200,21
2011,1,12,12,0,637,676,205,22
2011,1,12,13,0,600,658,199,23
2011,1,12,14,0,501,603,182,22
2011,1,12,15,0,349,496,151,21
2011,1,12,16,0,161,219,111,17
2011,1,12,17,0,2,0,2,15
2011,1,12,18,0,0,0,0,14
2011,1,12,19,0,0,0,0,14
2011,1,12,20,0,0,0,0,13
2011,1,12,21,0,0,0,0,12
2011,1,12,22,0,0,0,0,11
2011,1,12,23,0,0,0,0,11
2011,1,13,0,0,0,0,0,10
2011,1,13,1,0,0,0,0,10
2011,1,13,2,0,0,0,0,9
2011,1,13,3,0,0,0,0,9
2011,1,13,4,0,0,0,0,8
2011,1,13,5,0,0,0,0,8
2011,1,13,6,0,0,0,0,8
2011,1,13,7,0,7,0,7,10
2011,1,13,8,0,171,268,108,13
2011,1,13,9,0,349,455,165,17
2011,1,13,10,0,501,570,197,21
2011,1,13,11,0,605,661,200,24
2011,1,13,12,0,636,664,210,24
2011,1,13,13,0,603,659,199,24
2011,1,13,14,0,474,483,217,24
2011,1,13,15,0,352,499,152,23
2011,1,13,16,0,157,197,111,19
2011,1,13,17,0,2,0,2,17
2011,1,13,18,0,0,0,0,16
2011,1,13,19,0,0,0,0,15
2011,1,13,20,0,0,0,0,15
2011,1,13,21,0,0,0,0,14
2011,1,13,22,0,0,0,0,13
2011,1,13,23,0,0,0,0,13
2011,1,14,0,0,0,0,0,12
2011,1,14,1,0,0,0,0,12
2011,1,14,2,0,0,0,0,11
2011,1,14,3,0,0,0,0,11
2011,1,14,4,0,0,0,0,10
2011,1,14,5,0,0,0,0,10
2011,1,14,6,0,0,0,0,9
2011,1,14,7,0,5,0,5,12
2011,1,14,8,0,159,169,119,15
2011,1,14,9,0,174,24,164,18
2011,1,14,10,0,429,280,279,22
2011,1,14,11,0,577,522,255,24
2011,1,14,12,0,631,665,203,26
2011,1,14,13,0,597,649,198,25
2011,1,14,14,0,500,596,182,25
2011,1,14,15,0,259,151,198,23
2011,1,14,16,0,169,239,113,21
2011,1,14,17,0,2,0,2,18
2011,1,14,18,0,0,0,0,18
2011,1,14,19,0,0,0,0,17
2011,1,14,20,0,0,0,0,16
2011,1,14,21,0,0,0,0,16
2011,1,14,22,0,0,0,0,15
2011,1,14,23,0,0,0,0,15
2011,1,15,0,0,0,0,0,15
2011,1,15,1,0,0,0,0,15
2011,1,15,2,0,0,0,0,14
2011,1,15,3,0,0,0,0,14
2011,1,15,4,0,0,0,0,13
2011,1,15,5,0,0,0,0,12
2011,1,15,6,0,0,0,0,12
2011,1,15,7,0,7,0,7,13
2011,1,15,8,0,146,147,111,15
2011,1,15,9,0,345,384,189,18
2011,1,15,10,0,505,574,197,22
2011,1,15,11,0,594,597,225,23
2011,1,15,12,0,650,675,214,23
2011,1,15,13,0,617,676,199,23
2011,1,15,14,0,517,619,185,22
2011,1,15,15,0,365,509,158,20
2011,1,15,16,0,174,276,108,17
2011,1,15,17,0,3,0,3,14
2011,1,15,18,0,0,0,0,13
2011,1,15,19,0,0,0,0,12
2011,1,15,20,0,0,0,0,11
2011,1,15,21,0,0,0,0,10
2011,1,15,22,0,0,0,0,9
2011,1,15,23,0,0,0,0,9
2011,1,16,0,0,0,0,0,8
2011,1,16,1,0,0,0,0,7
2011,1,16,2,0,0,0,0,6
2011,1,16,3,0,0,0,0,6
2011,1,16,4,0,0,0,0,5
2011,1,16,5,0,0,0,0,4
2011,1,16,6,0,0,0,0,4
2011,1,16,7,0,5,0,5,5
2011,1,16,8,0,147,149,111,9
2011,1,16,9,0,353,390,194,13
2011,1,16,10,0,513,596,193,17
2011,1,16,11,0,617,674,199,19
2011,1,16,12,0,654,695,203,20
2011,1,16,13,0,617,668,202,20
2011,1,16,14,0,521,621,186,19
2011,1,16,15,0,368,512,158,18
2011,1,16,16,0,178,288,108,15
2011,1,16,17,0,3,0,3,12
2011,1,16,18,0,0,0,0,12
2011,1,16,19,0,0,0,0,11
2011,1,16,20,0,0,0,0,10
2011,1,16,21,0,0,0,0,9
2011,1,16,22,0,0,0,0,8
2011,1,16,23,0,0,0,0,8
2011,1,17,0,0,0,0,0,7
2011,1,17,1,0,0,0,0,7
2011,1,17,2,0,0,0,0,7
2011,1,17,3,0,0,0,0,6
2011,1,17,4,0,0,0,0,6
2011,1,17,5,0,0,0,0,5
2011,1,17,6,0,0,0,0,5
2011,1,17,7,0,8,0,8,7
2011,1,17,8,0,178,321,101,10
2011,1,17,9,0,364,513,155,15
2011,1,17,10,0,519,618,186,19
2011,1,17,11,0,620,672,202,21
2011,1,17,12,0,656,689,208,22
2011,1,17,13,0,623,674,203,22
2011,1,17,14,0,524,622,187,22
2011,1,17,15,0,371,515,158,20
2011,1,17,16,0,183,301,109,17
2011,1,17,17,0,3,0,3,14
2011,1,17,18,0,0,0,0,13
2011,1,17,19,0,0,0,0,13
2011,1,17,20,0,0,0,0,12
2011,1,17,21,0,0,0,0,11
2011,1,17,22,0,0,0,0,10
2011,1,17,23,0,0,0,0,10
2011,1,18,0,0,0,0,0,9
2011,1,18,1,0,0,0,0,9
2011,1,18,2,0,0,0,0,8
2011,1,18,3,0,0,0,0,8
2011,1,18,4,0,0,0,0,7
2011,1,18,5,0,0,0,0,7
2011,1,18,6,0,0,0,0,7
2011,1,18,7,0,8,0,8,9
2011,1,18,8,0,182,300,110,13
2011,1,18,9,0,367,511,158,16
2011,1,18,10,0,522,622,185,21
2011,1,18,11,0,624,680,199,22
2011,1,18,12,0,660,698,204,23
2011,1,18,13,0,627,681,200,23
2011,1,18,14,0,528,626,186,23
2011,1,18,15,0,375,490,171,21
2011,1,18,16,0,180,276,111,18
2011,1,18,17,0,4,0,4,15
2011,1,18,18,0,0,0,0,14
2011,1,18,19,0,0,0,0,13
2011,1,18,20,0,0,0,0,13
2011,1,18,21,0,0,0,0,12
2011,1,18,22,0,0,0,0,11
2011,1,18,23,0,0,0,0,9
2011,1,19,0,0,0,0,0,9
2011,1,19,1,0,0,0,0,8
2011,1,19,2,0,0,0,0,7
2011,1,19,3,0,0,0,0,6
2011,1,19,4,0,0,0,0,5
2011,1,19,5,0,0,0,0,5
2011,1,19,6,0,0,0,0,5
2011,1,19,7,0,6,0,6,7
2011,1,19,8,0,183,302,110,10
2011,1,19,9,0,369,512,158,14
2011,1,19,10,0,524,623,186,19
2011,1,19,11,0,626,681,199,21
2011,1,19,12,0,663,577,284,22
2011,1,19,13,0,207,13,198,22
2011,1,19,14,0,532,504,255,21
2011,1,19,15,0,379,520,161,20
2011,1,19,16,0,193,318,113,17
2011,1,19,17,0,5,0,5,14
2011,1,19,18,0,0,0,0,13
2011,1,19,19,0,0,0,0,12
2011,1,19,20,0,0,0,0,11
2011,1,19,21,0,0,0,0,10
2011,1,19,22,0,0,0,0,9
2011,1,19,23,0,0,0,0,9
2011,1,20,0,0,0,0,0,8
2011,1,20,1,0,0,0,0,7
2011,1,20,2,0,0,0,0,7
2011,1,20,3,0,0,0,0,6
2011,1,20,4,0,0,0,0,6
2011,1,20,5,0,0,0,0,5
2011,1,20,6,0,0,0,0,5
2011,1,20,7,0,9,0,9,8
2011,1,20,8,0,133,95,110,11
2011,1,20,9,0,341,351,196,15
2011,1,20,10,0,437,326,259,20
2011,1,20,11,0,534,389,289,22
2011,1,20,12,0,575,425,295,23
2011,1,20,13,0,620,597,242,23
2011,1,20,14,0,520,541,221,22
2011,1,20,15,0,339,348,192,21
2011,1,20,16,0,174,226,116,17
2011,1,20,17,0,6,0,6,15
2011,1,20,18,0,0,0,0,14
2011,1,20,19,0,0,0,0,13
2011,1,20,20,0,0,0,0,12
2011,1,20,21,0,0,0,0,12
2011,1,20,22,0,0,0,0,11
2011,1,20,23,0,0,0,0,11
2011,1,21,0,0,0,0,0,10
2011,1,21,1,0,0,0,0,9
2011,1,21,2,0,0,0,0,9
2011,1,21,3,0,0,0,0,8
2011,1,21,4,0,0,0,0,8
2011,1,21,5,0,0,0,0,8
2011,1,21,6,0,0,0,0,7
2011,1,21,7,0,10,0,10,10
2011,1,21,8,0,155,161,116,13
2011,1,21,9,0,298,222,206,17
2011,1,21,10,0,526,619,187,21
2011,1,21,11,0,628,672,203,24
2011,1,21,12,0,664,689,209,24
2011,1,21,13,0,632,674,204,24
2011,1,21,14,0,534,622,188,24
2011,1,21,15,0,381,522,159,22
2011,1,21,16,0,148,114,118,19
2011,1,21,17,0,4,0,4,16
2011,1,21,18,0,0,0,0,16
2011,1,21,19,0,0,0,0,15
2011,1,21,20,0,0,0,0,14
2011,1,21,21,0,0,0,0,13
2011,1,21,22,0,0,0,0,13
2011,1,21,23,0,0,0,0,12
2011,1,22,0,0,0,0,0,12
2011,1,22,1,0,0,0,0,11
2011,1,22,2,0,0,0,0,11
2011,1,22,3,0,0,0,0,10
2011,1,22,4,0,0,0,0,10
2011,1,22,5,0,0,0,0,9
2011,1,22,6,0,0,0,0,10
2011,1,22,7,0,7,0,7,12
2011,1,22,8,0,181,321,102,14
2011,1,22,9,0,368,509,156,18
2011,1,22,10,0,523,613,186,22
2011,1,22,11,0,624,665,203,24
2011,1,22,12,0,652,623,238,24
2011,1,22,13,0,627,665,203,24
2011,1,22,14,0,495,466,234,24
2011,1,22,15,0,379,515,158,23
2011,1,22,16,0,131,65,114,19
2011,1,22,17,0,5,0,5,17
2011,1,22,18,0,0,0,0,16
2011,1,22,19,0,0,0,0,15
2011,1,22,20,0,0,0,0,14
2011,1,22,21,0,0,0,0,13
2011,1,22,22,0,0,0,0,13
2011,1,22,23,0,0,0,0,12
2011,1,23,0,0,0,0,0,11
2011,1,23,1,0,0,0,0,10
2011,1,23,2,0,0,0,0,10
2011,1,23,3,0,0,0,0,9
2011,1,23,4,0,0,0,0,9
2011,1,23,5,0,0,0,0,8
2011,1,23,6,0,0,0,0,8
2011,1,23,7,0,11,0,11,11
2011,1,23,8,0,186,332,104,14
2011,1,23,9,0,259,131,204,18
2011,1,23,10,0,516,496,242,22
2011,1,23,11,0,587,520,256,25
2011,1,23,12,0,672,672,223,26
2011,1,23,13,0,646,685,206,26
2011,1,23,14,0,547,634,191,25
2011,1,23,15,0,392,534,161,23
2011,1,23,16,0,203,353,110,20
2011,1,23,17,0,8,0,8,17
2011,1,23,18,0,0,0,0,16
2011,1,23,19,0,0,0,0,15
2011,1,23,20,0,0,0,0,14
2011,1,23,21,0,0,0,0,13
2011,1,23,22,0,0,0,0,13
2011,1,23,23,0,0,0,0,12
2011,1,24,0,0,0,0,0,11
2011,1,24,1,0,0,0,0,10
2011,1,24,2,0,0,0,0,10
2011,1,24,3,0,0,0,0,10
2011,1,24,4,0,0,0,0,9
2011,1,24,5,0,0,0,0,8
2011,1,24,6,0,0,0,0,8
2011,1,24,7,0,6,0,6,11
2011,1,24,8,0,181,280,112,14
2011,1,24,9,0,322,275,206,17
2011,1,24,10,0,537,550,232,21
2011,1,24,11,0,621,612,229,23
2011,1,24,12,0,681,708,206,23
2011,1,24,13,0,649,692,202,23
2011,1,24,14,0,551,639,190,22
2011,1,24,15,0,397,532,165,21
2011,1,24,16,0,209,342,118,18
2011,1,24,17,0,13,0,13,15
2011,1,24,18,0,0,0,0,14
2011,1,24,19,0,0,0,0,13
2011,1,24,20,0,0,0,0,12
2011,1,24,21,0,0,0,0,12
2011,1,24,22,0,0,0,0,11
2011,1,24,23,0,0,0,0,10
2011,1,25,0,0,0,0,0,9
2011,1,25,1,0,0,0,0,9
2011,1,25,2,0,0,0,0,8
2011,1,25,3,0,0,0,0,8
2011,1,25,4,0,0,0,0,7
2011,1,25,5,0,0,0,0,7
2011,1,25,6,0,0,0,0,7
2011,1,25,7,0,13,0,13,10
2011,1,25,8,0,192,316,113,13
2011,1,25,9,0,381,521,161,17
2011,1,25,10,0,540,633,187,22
2011,1,25,11,0,645,690,202,24
2011,1,25,12,0,685,709,207,24
2011,1,25,13,0,653,694,203,24
2011,1,25,14,0,555,641,190,24
2011,1,25,15,0,401,507,178,22
2011,1,25,16,0,190,229,128,19
2011,1,25,17,0,12,0,12,16
2011,1,25,18,0,0,0,0,15
2011,1,25,19,0,0,0,0,14
2011,1,25,20,0,0,0,0,13
2011,1,25,21,0,0,0,0,12
2011,1,25,22,0,0,0,0,12
2011,1,25,23,0,0,0,0,11
2011,1,26,0,0,0,0,0,10
2011,1,26,1,0,0,0,0,10
2011,1,26,2,0,0,0,0,9
2011,1,26,3,0,0,0,0,9
2011,1,26,4,0,0,0,0,8
2011,1,26,5,0,0,0,0,8
2011,1,26,6,0,0,0,0,7
2011,1,26,7,0,14,0,14,11
2011,1,26,8,0,185,289,112,15
2011,1,26,9,0,384,496,173,18
2011,1,26,10,0,543,634,188,23
2011,1,26,11,0,649,692,202,24
2011,1,26,12,0,688,711,207,25
2011,1,26,13,0,657,696,203,25
2011,1,26,14,0,559,644,190,24
2011,1,26,15,0,405,537,167,22
2011,1,26,16,0,212,340,119,18
2011,1,26,17,0,14,0,14,15
2011,1,26,18,0,0,0,0,14
2011,1,26,19,0,0,0,0,14
2011,1,26,20,0,0,0,0,13
2011,1,26,21,0,0,0,0,12
2011,1,26,22,0,0,0,0,11
2011,1,26,23,0,0,0,0,10
2011,1,27,0,0,0,0,0,10
2011,1,27,1,0,0,0,0,9
2011,1,27,2,0,0,0,0,8
2011,1,27,3,0,0,0,0,7
2011,1,27,4,0,0,0,0,7
2011,1,27,5,0,0,0,0,6
2011,1,27,6,0,0,0,0,6
2011,1,27,7,0,11,0,11,9
2011,1,27,8,0,188,296,113,12
2011,1,27,9,0,386,525,162,16
2011,1,27,10,0,546,555,234,20
2011,1,27,11,0,506,266,333,22
2011,1,27,12,0,524,263,345,22
2011,1,27,13,0,490,238,334,22
2011,1,27,14,0,365,134,287,22
2011,1,27,15,0,388,413,203,20
2011,1,27,16,0,217,342,122,17
2011,1,27,17,0,16,0,16,14
2011,1,27,18,0,0,0,0,13
2011,1,27,19,0,0,0,0,12
2011,1,27,20,0,0,0,0,12
2011,1,27,21,0,0,0,0,11
2011,1,27,22,0,0,0,0,10
2011,1,27,23,0,0,0,0,9
2011,1,28,0,0,0,0,0,8
2011,1,28,1,0,0,0,0,8
2011,1,28,2,0,0,0,0,7
2011,1,28,3,0,0,0,0,6
2011,1,28,4,0,0,0,0,6
2011,1,28,5,0,0,0,0,5
2011,1,28,6,0,0,0,0,5
2011,1,28,7,0,12,0,12,8
2011,1,28,8,0,198,324,115,12
2011,1,28,9,0,389,526,163,16
2011,1,28,10,0,549,638,189,21
2011,1,28,11,0,656,695,203,22
2011,1,28,12,0,696,714,208,23
2011,1,28,13,0,665,700,204,23
2011,1,28,14,0,567,604,217,23
2011,1,28,15,0,358,307,220,21
2011,1,28,16,0,214,329,122,18
2011,1,28,17,0,7,0,7,15
2011,1,28,18,0,0,0,0,14
2011,1,28,19,0,0,0,0,13
2011,1,28,20,0,0,0,0,12
2011,1,28,21,0,0,0,0,11
2011,1,28,22,0,0,0,0,11
2011,1,28,23,0,0,0,0,10
2011,1,29,0,0,0,0,0,9
2011,1,29,1,0,0,0,0,9
2011,1,29,2,0,0,0,0,8
2011,1,29,3,0,0,0,0,8
2011,1,29,4,0,0,0,0,7
2011,1,29,5,0,0,0,0,7
2011,1,29,6,0,0,0,0,7
2011,1,29,7,0,14,0,14,10
2011,1,29,8,0,180,226,122,13
2011,1,29,9,0,392,501,175,17
2011,1,29,10,0,533,576,206,21
2011,1,29,11,0,616,551,255,23
2011,1,29,12,0,673,617,249,23
2011,1,29,13,0,663,666,222,24
2011,1,29,14,0,546,463,276,23
2011,1,29,15,0,192,22,182,21
2011,1,29,16,0,91,0,91,19
2011,1,29,17,0,7,0,7,17
2011,1,29,18,0,0,0,0,16
2011,1,29,19,0,0,0,0,16
2011,1,29,20,0,0,0,0,15
2011,1,29,21,0,0,0,0,14
2011,1,29,22,0,0,0,0,13
2011,1,29,23,0,0,0,0,13
2011,1,30,0,0,0,0,0,12
2011,1,30,1,0,0,0,0,12
2011,1,30,2,0,0,0,0,12
2011,1,30,3,0,0,0,0,12
2011,1,30,4,0,0,0,0,12
2011,1,30,5,0,0,0,0,12
2011,1,30,6,0,0,0,0,12
2011,1,30,7,0,15,0,15,14
2011,1,30,8,0,149,114,119,16
2011,1,30,9,0,380,403,205,20
2011,1,30,10,0,537,572,211,24
2011,1,30,11,0,651,644,227,25
2011,1,30,12,0,693,697,212,26
2011,1,30,13,0,664,685,208,26
2011,1,30,14,0,568,639,194,25
2011,1,30,15,0,416,547,166,23
2011,1,30,16,0,224,279,144,20
2011,1,30,17,0,19,0,19,17
2011,1,30,18,0,0,0,0,16
2011,1,30,19,0,0,0,0,15
2011,1,30,20,0,0,0,0,14
2011,1,30,21,0,0,0,0,14
2011,1,30,22,0,0,0,0,13
2011,1,30,23,0,0,0,0,12
2011,1,31,0,0,0,0,0,11
2011,1,31,1,0,0,0,0,11
2011,1,31,2,0,0,0,0,10
2011,1,31,3,0,0,0,0,10
2011,1,31,4,0,0,0,0,9
2011,1,31,5,0,0,0,0,8
2011,1,31,6,0,0,0,0,8
2011,1,31,7,0,16,0,16,12
2011,1,31,8,0,199,322,115,15
2011,1,31,9,0,397,531,165,19
2011,1,31,10,0,561,643,193,23
2011,1,31,11,0,669,696,209,24
2011,1,31,12,0,710,714,215,25
2011,1,31,13,0,680,701,211,25
2011,1,31,14,0,582,654,196,24
2011,1,31,15,0,425,549,172,23
2011,1,31,16,0,233,390,120,20
2011,1,31,17,0,26,0,26,17
2011,1,31,18,0,0,0,0,16
2011,1,31,19,0,0,0,0,15
2011,1,31,20,0,0,0,0,14
2011,1,31,21,0,0,0,0,13
2011,1,31,22,0,0,0,0,13
2011,1,31,23,0,0,0,0,12
2011,2,1,0,0,0,0,0,12
2011,2,1,1,0,0,0,0,11
2011,2,1,2,0,0,0,0,10
2011,2,1,3,0,0,0,0,9
2011,2,1,4,0,0,0,0,8
2011,2,1,5,0,0,0,0,8
2011,2,1,6,0,0,0,0,7
2011,2,1,7,0,18,0,18,10
2011,2,1,8,0,204,319,120,13
2011,2,1,9,0,393,504,171,18
2011,2,1,10,0,557,613,203,22
2011,2,1,11,0,666,685,211,24
2011,2,1,12,0,707,705,215,25
2011,2,1,13,0,677,690,212,25
2011,2,1,14,0,579,640,199,25
2011,2,1,15,0,424,534,176,23
2011,2,1,16,0,230,278,148,20
2011,2,1,17,0,27,0,27,17
2011,2,1,18,0,0,0,0,16
2011,2,1,19,0,0,0,0,15
2011,2,1,20,0,0,0,0,15
2011,2,1,21,0,0,0,0,14
2011,2,1,22,0,0,0,0,13
2011,2,1,23,0,0,0,0,12
2011,2,2,0,0,0,0,0,11
2011,2,2,1,0,0,0,0,11
2011,2,2,2,0,0,0,0,10
2011,2,2,3,0,0,0,0,9
2011,2,2,4,0,0,0,0,9
2011,2,2,5,0,0,0,0,8
2011,2,2,6,0,0,0,0,8
2011,2,2,7,0,20,0,20,11
2011,2,2,8,0,206,322,120,14
2011,2,2,9,0,399,518,170,19
2011,2,2,10,0,562,630,197,23
2011,2,2,11,0,670,687,211,25
2011,2,2,12,0,714,706,219,27
2011,2,2,13,0,682,691,215,27
2011,2,2,14,0,583,642,200,26
2011,2,2,15,0,427,546,172,25
2011,2,2,16,0,235,286,150,22
2011,2,2,17,0,29,0,29,18
2011,2,2,18,0,0,0,0,17
2011,2,2,19,0,0,0,0,17
2011,2,2,20,0,0,0,0,16
2011,2,2,21,0,0,0,0,15
2011,2,2,22,0,0,0,0,14
2011,2,2,23,0,0,0,0,14
2011,2,3,0,0,0,0,0,13
2011,2,3,1,0,0,0,0,12
2011,2,3,2,0,0,0,0,12
2011,2,3,3,0,0,0,0,11
2011,2,3,4,0,0,0,0,10
2011,2,3,5,0,0,0,0,10
2011,2,3,6,0,0,0,0,9
2011,2,3,7,0,21,0,21,12
2011,2,3,8,0,203,314,118,16
2011,2,3,9,0,400,511,172,20
2011,2,3,10,0,559,613,202,24
2011,2,3,11,0,670,676,216,27
2011,2,3,12,0,714,703,219,28
2011,2,3,13,0,683,689,215,28
2011,2,3,14,0,584,640,200,28
2011,2,3,15,0,429,545,173,26
2011,2,3,16,0,237,373,125,23
2011,2,3,17,0,32,0,32,20
2011,2,3,18,0,0,0,0,19
2011,2,3,19,0,0,0,0,18
2011,2,3,20,0,0,0,0,17
2011,2,3,21,0,0,0,0,16
2011,2,3,22,0,0,0,0,16
2011,2,3,23,0,0,0,0,15
2011,2,4,0,0,0,0,0,14
2011,2,4,1,0,0,0,0,13
2011,2,4,2,0,0,0,0,13
2011,2,4,3,0,0,0,0,12
2011,2,4,4,0,0,0,0,11
2011,2,4,5,0,0,0,0,11
2011,2,4,6,0,0,0,0,11
2011,2,4,7,0,23,0,23,14
2011,2,4,8,0,200,293,120,17
2011,2,4,9,0,393,471,182,21
2011,2,4,10,0,558,588,213,26
2011,2,4,11,0,669,662,222,29
2011,2,4,12,0,712,698,218,30
2011,2,4,13,0,682,684,214,31
2011,2,4,14,0,584,637,200,30
2011,2,4,15,0,430,543,172,29
2011,2,4,16,0,238,373,125,25
2011,2,4,17,0,35,1,34,22
2011,2,4,18,0,0,0,0,21
2011,2,4,19,0,0,0,0,20
2011,2,4,20,0,0,0,0,19
2011,2,4,21,0,0,0,0,19
2011,2,4,22,0,0,0,0,18
2011,2,4,23,0,0,0,0,18
2011,2,5,0,0,0,0,0,17
2011,2,5,1,0,0,0,0,16
2011,2,5,2,0,0,0,0,15
2011,2,5,3,0,0,0,0,14
2011,2,5,4,0,0,0,0,14
2011,2,5,5,0,0,0,0,13
2011,2,5,6,0,0,0,0,13
2011,2,5,7,0,25,0,25,16
2011,2,5,8,0,209,341,116,20
2011,2,5,9,0,407,529,168,24
2011,2,5,10,0,571,633,198,28
2011,2,5,11,0,680,687,214,31
2011,2,5,12,0,721,705,220,32
2011,2,5,13,0,690,691,215,32
2011,2,5,14,0,591,642,201,32
2011,2,5,15,0,435,548,174,30
2011,2,5,16,0,242,378,127,27
2011,2,5,17,0,33,0,33,23
2011,2,5,18,0,0,0,0,22
2011,2,5,19,0,0,0,0,21
2011,2,5,20,0,0,0,0,21
2011,2,5,21,0,0,0,0,20
2011,2,5,22,0,0,0,0,19
2011,2,5,23,0,0,0,0,18
2011,2,6,0,0,0,0,0,18
2011,2,6,1,0,0,0,0,18
2011,2,6,2,0,0,0,0,18
2011,2,6,3,0,0,0,0,17
2011,2,6,4,0,0,0,0,16
2011,2,6,5,0,0,0,0,16
2011,2,6,6,0,0,0,0,15
2011,2,6,7,0,23,0,23,18
2011,2,6,8,0,129,43,117,21
2011,2,6,9,0,393,504,164,25
2011,2,6,10,0,553,606,194,26
2011,2,6,11,0,508,229,352,28
2011,2,6,12,0,599,311,376,29
2011,2,6,13,0,298,32,275,30
2011,2,6,14,0,498,298,315,30
2011,2,6,15,0,429,535,172,29
2011,2,6,16,0,240,370,126,26
2011,2,6,17,0,41,9,40,23
2011,2,6,18,0,0,0,0,23
2011,2,6,19,0,0,0,0,22
2011,2,6,20,0,0,0,0,22
2011,2,6,21,0,0,0,0,21
2011,2,6,22,0,0,0,0,20
2011,2,6,23,0,0,0,0,19
2011,2,7,0,0,0,0,0,18
2011,2,7,1,0,0,0,0,18
2011,2,7,2,0,0,0,0,17
2011,2,7,3,0,0,0,0,16
2011,2,7,4,0,0,0,0,16
2011,2,7,5,0,0,0,0,15
2011,2,7,6,0,0,0,0,15
2011,2,7,7,0,25,0,25,17
2011,2,7,8,0,139,53,124,21
2011,2,7,9,0,193,15,186,25
2011,2,7,10,0,312,55,279,28
2011,2,7,11,0,355,36,330,30
2011,2,7,12,0,382,39,353,30
2011,2,7,13,0,357,30,336,30
2011,2,7,14,0,332,62,293,29
2011,2,7,15,0,244,27,230,28
2011,2,7,16,0,175,72,152,26
2011,2,7,17,0,44,10,42,23
2011,2,7,18,0,0,0,0,22
2011,2,7,19,0,0,0,0,21
2011,2,7,20,0,0,0,0,20
2011,2,7,21,0,0,0,0,19
2011,2,7,22,0,0,0,0,18
2011,2,7,23,0,0,0,0,17
2011,2,8,0,0,0,0,0,16
2011,2,8,1,0,0,0,0,15
2011,2,8,2,0,0,0,0,14
2011,2,8,3,0,0,0,0,13
2011,2,8,4,0,0,0,0,12
2011,2,8,5,0,0,0,0,11
2011,2,8,6,0,0,0,0,11
2011,2,8,7,0,27,0,27,13
2011,2,8,8,0,214,321,123,17
2011,2,8,9,0,415,512,179,22
2011,2,8,10,0,582,621,209,24
2011,2,8,11,0,696,698,215,26
2011,2,8,12,0,738,718,219,27
2011,2,8,13,0,708,704,216,27
2011,2,8,14,0,609,655,203,26
2011,2,8,15,0,452,553,182,25
2011,2,8,16,0,256,312,157,22
2011,2,8,17,0,47,18,44,18
2011,2,8,18,0,0,0,0,17
2011,2,8,19,0,0,0,0,16
2011,2,8,20,0,0,0,0,15
2011,2,8,21,0,0,0,0,14
2011,2,8,22,0,0,0,0,14
2011,2,8,23,0,0,0,0,13
2011,2,9,0,0,0,0,0,12
2011,2,9,1,0,0,0,0,12
2011,2,9,2,0,0,0,0,11
2011,2,9,3,0,0,0,0,10
2011,2,9,4,0,0,0,0,9
2011,2,9,5,0,0,0,0,9
2011,2,9,6,0,0,0,0,8
2011,2,9,7,0,29,3,28,11
2011,2,9,8,0,226,349,126,15
2011,2,9,9,0,424,533,176,20
2011,2,9,10,0,589,645,200,23
2011,2,9,11,0,700,700,215,25
2011,2,9,12,0,743,720,220,27
2011,2,9,13,0,705,667,236,27
2011,2,9,14,0,597,608,218,26
2011,2,9,15,0,456,556,182,25
2011,2,9,16,0,260,288,168,22
2011,2,9,17,0,45,10,43,18
2011,2,9,18,0,0,0,0,17
2011,2,9,19,0,0,0,0,16
2011,2,9,20,0,0,0,0,15
2011,2,9,21,0,0,0,0,14
2011,2,9,22,0,0,0,0,13
2011,2,9,23,0,0,0,0,12
2011,2,10,0,0,0,0,0,12
2011,2,10,1,0,0,0,0,11
2011,2,10,2,0,0,0,0,10
2011,2,10,3,0,0,0,0,10
2011,2,10,4,0,0,0,0,9
2011,2,10,5,0,0,0,0,9
2011,2,10,6,0,0,0,0,9
2011,2,10,7,0,31,7,30,12
2011,2,10,8,0,228,353,126,15
2011,2,10,9,0,428,535,178,20
2011,2,10,10,0,594,647,201,24
2011,2,10,11,0,704,702,215,25
2011,2,10,12,0,747,722,219,27
2011,2,10,13,0,720,708,220,27
2011,2,10,14,0,613,644,209,26
2011,2,10,15,0,461,528,199,25
2011,2,10,16,0,241,281,150,22
2011,2,10,17,0,48,15,46,18
2011,2,10,18,0,0,0,0,17
2011,2,10,19,0,0,0,0,17
2011,2,10,20,0,0,0,0,16
2011,2,10,21,0,0,0,0,15
2011,2,10,22,0,0,0,0,14
2011,2,10,23,0,0,0,0,13
2011,2,11,0,0,0,0,0,12
2011,2,11,1,0,0,0,0,11
2011,2,11,2,0,0,0,0,11
2011,2,11,3,0,0,0,0,10
2011,2,11,4,0,0,0,0,9
2011,2,11,5,0,0,0,0,9
2011,2,11,6,0,0,0,0,9
2011,2,11,7,0,25,0,25,12
2011,2,11,8,0,220,314,128,16
2011,2,11,9,0,431,509,191,21
2011,2,11,10,0,590,625,208,25
2011,2,11,11,0,704,690,221,27
2011,2,11,12,0,750,717,223,28
2011,2,11,13,0,719,704,219,29
2011,2,11,14,0,573,504,255,28
2011,2,11,15,0,461,566,179,27
2011,2,11,16,0,264,403,133,23
2011,2,11,17,0,51,20,48,20
2011,2,11,18,0,0,0,0,19
2011,2,11,19,0,0,0,0,18
2011,2,11,20,0,0,0,0,17
2011,2,11,21,0,0,0,0,17
2011,2,11,22,0,0,0,0,16
2011,2,11,23,0,0,0,0,15
2011,2,12,0,0,0,0,0,14
2011,2,12,1,0,0,0,0,14
2011,2,12,2,0,0,0,0,13
2011,2,12,3,0,0,0,0,13
2011,2,12,4,0,0,0,0,13
2011,2,12,5,0,0,0,0,12
2011,2,12,6,0,0,0,0,12
2011,2,12,7,0,23,0,23,14
2011,2,12,8,0,224,253,149,17
2011,2,12,9,0,373,292,234,21
2011,2,12,10,0,584,523,263,25
2011,2,12,11,0,540,228,379,29
2011,2,12,12,0,717,545,314,30
2011,2,12,13,0,664,538,279,31
2011,2,12,14,0,570,503,251,30
2011,2,12,15,0,403,337,233,29
2011,2,12,16,0,264,399,133,26
2011,2,12,17,0,18,0,18,23
2011,2,12,18,0,0,0,0,22
2011,2,12,19,0,0,0,0,21
2011,2,12,20,0,0,0,0,20
2011,2,12,21,0,0,0,0,19
2011,2,12,22,0,0,0,0,19
2011,2,12,23,0,0,0,0,18
2011,2,13,0,0,0,0,0,18
2011,2,13,1,0,0,0,0,17
2011,2,13,2,0,0,0,0,17
2011,2,13,3,0,0,0,0,16
2011,2,13,4,0,0,0,0,16
2011,2,13,5,0,0,0,0,15
2011,2,13,6,0,0,0,0,15
2011,2,13,7,0,39,20,37,18
2011,2,13,8,0,228,356,122,22
2011,2,13,9,0,426,534,171,26
2011,2,13,10,0,592,634,200,29
2011,2,13,11,0,689,606,260,31
2011,2,13,12,0,715,576,287,31
2011,2,13,13,0,713,690,217,31
2011,2,13,14,0,341,67,298,30
2011,2,13,15,0,119,0,119,28
2011,2,13,16,0,128,7,125,26
2011,2,13,17,0,37,0,37,23
2011,2,13,18,0,0,0,0,22
2011,2,13,19,0,0,0,0,21
2011,2,13,20,0,0,0,0,20
2011,2,13,21,0,0,0,0,19
2011,2,13,22,0,0,0,0,18
2011,2,13,23,0,0,0,0,18
2011,2,14,0,0,0,0,0,17
2011,2,14,1,0,0,0,0,16
2011,2,14,2,0,0,0,0,16
2011,2,14,3,0,0,0,0,15
2011,2,14,4,0,0,0,0,15
2011,2,14,5,0,0,0,0,14
2011,2,14,6,0,0,0,0,14
2011,2,14,7,0,21,0,21,16
2011,2,14,8,0,146,52,130,20
2011,2,14,9,0,169,3,167,25
2011,2,14,10,0,255,16,245,28
2011,2,14,11,0,170,1,169,30
2011,2,14,12,0,232,3,229,31
2011,2,14,13,0,273,12,264,31
2011,2,14,14,0,120,0,120,30
2011,2,14,15,0,172,3,170,28
2011,2,14,16,0,138,14,133,26
2011,2,14,17,0,27,0,27,23
2011,2,14,18,0,0,0,0,22
2011,2,14,19,0,0,0,0,22
2011,2,14,20,0,0,0,0,21
2011,2,14,21,0,0,0,0,20
2011,2,14,22,0,0,0,0,19
2011,2,14,23,0,0,0,0,19
2011,2,15,0,0,0,0,0,18
2011,2,15,1,0,0,0,0,18
2011,2,15,2,0,0,0,0,18
2011,2,15,3,0,0,0,0,17
2011,2,15,4,0,0,0,0,17
2011,2,15,5,0,0,0,0,16
2011,2,15,6,0,0,0,0,16
2011,2,15,7,0,23,0,23,17
2011,2,15,8,0,66,0,66,18
2011,2,15,9,0,141,0,141,21
2011,2,15,10,0,169,0,169,23
2011,2,15,11,0,243,8,237,24
2011,2,15,12,0,143,0,143,24
2011,2,15,13,0,128,0,128,23
2011,2,15,14,0,118,0,118,23
2011,2,15,15,0,112,0,112,22
2011,2,15,16,0,136,17,130,21
2011,2,15,17,0,64,42,58,19
2011,2,15,18,0,0,0,0,19
2011,2,15,19,0,0,0,0,18
2011,2,15,20,0,0,0,0,17
2011,2,15,21,0,0,0,0,16
2011,2,15,22,0,0,0,0,16
2011,2,15,23,0,0,0,0,15
2011,2,16,0,0,0,0,0,15
2011,2,16,1,0,0,0,0,14
2011,2,16,2,0,0,0,0,15
2011,2,16,3,0,0,0,0,15
2011,2,16,4,0,0,0,0,15
2011,2,16,5,0,0,0,0,14
2011,2,16,6,0,0,0,0,14
2011,2,16,7,0,46,77,38,15
2011,2,16,8,0,187,123,149,17
2011,2,16,9,0,434,534,172,20
2011,2,16,10,0,598,631,201,21
2011,2,16,11,0,670,520,295,22
2011,2,16,12,0,750,701,222,22
2011,2,16,13,0,698,540,304,21
2011,2,16,14,0,567,417,296,21
2011,2,16,15,0,350,171,261,21
2011,2,16,16,0,99,0,99,20
2011,2,16,17,0,20,0,20,17
2011,2,16,18,0,0,0,0,16
2011,2,16,19,0,0,0,0,16
2011,2,16,20,0,0,0,0,15
2011,2,16,21,0,0,0,0,15
2011,2,16,22,0,0,0,0,14
2011,2,16,23,0,0,0,0,14
2011,2,17,0,0,0,0,0,13
2011,2,17,1,0,0,0,0,13
2011,2,17,2,0,0,0,0,13
2011,2,17,3,0,0,0,0,12
2011,2,17,4,0,0,0,0,12
2011,2,17,5,0,0,0,0,11
2011,2,17,6,0,0,0,0,11
2011,2,17,7,0,46,27,43,14
2011,2,17,8,0,233,280,145,18
2011,2,17,9,0,420,432,207,22
2011,2,17,10,0,591,547,244,24
2011,2,17,11,0,719,648,250,25
2011,2,17,12,0,775,724,226,26
2011,2,17,13,0,747,714,223,25
2011,2,17,14,0,648,672,209,25
2011,2,17,15,0,488,575,189,23
2011,2,17,16,0,288,429,140,21
2011,2,17,17,0,71,55,63,18
2011,2,17,18,0,0,0,0,17
2011,2,17,19,0,0,0,0,16
2011,2,17,20,0,0,0,0,15
2011,2,17,21,0,0,0,0,14
2011,2,17,22,0,0,0,0,14
2011,2,17,23,0,0,0,0,13
2011,2,18,0,0,0,0,0,12
2011,2,18,1,0,0,0,0,11
2011,2,18,2,0,0,0,0,11
2011,2,18,3,0,0,0,0,10
2011,2,18,4,0,0,0,0,10
2011,2,18,5,0,0,0,0,9
2011,2,18,6,0,0,0,0,9
2011,2,18,7,0,49,33,45,12
2011,2,18,8,0,257,318,156,16
2011,2,18,9,0,460,557,183,20
2011,2,18,10,0,629,664,206,23
2011,2,18,11,0,742,718,219,24
2011,2,18,12,0,785,737,223,25
2011,2,18,13,0,754,724,220,25
2011,2,18,14,0,653,676,209,24
2011,2,18,15,0,492,578,189,23
2011,2,18,16,0,293,355,169,21
2011,2,18,17,0,74,61,65,18
2011,2,18,18,0,0,0,0,17
2011,2,18,19,0,0,0,0,16
2011,2,18,20,0,0,0,0,16
2011,2,18,21,0,0,0,0,15
2011,2,18,22,0,0,0,0,15
2011,2,18,23,0,0,0,0,14
2011,2,19,0,0,0,0,0,14
2011,2,19,1,0,0,0,0,13
2011,2,19,2,0,0,0,0,12
2011,2,19,3,0,0,0,0,11
2011,2,19,4,0,0,0,0,11
2011,2,19,5,0,0,0,0,10
2011,2,19,6,0,0,0,0,11
2011,2,19,7,0,38,5,37,14
2011,2,19,8,0,249,278,160,18
2011,2,19,9,0,450,482,208,22
2011,2,19,10,0,634,618,237,25
2011,2,19,11,0,702,549,300,27
2011,2,19,12,0,789,717,240,28
2011,2,19,13,0,759,721,224,28
2011,2,19,14,0,658,677,211,27
2011,2,19,15,0,496,580,190,26
2011,2,19,16,0,295,435,141,23
2011,2,19,17,0,71,49,63,20
2011,2,19,18,0,0,0,0,18
2011,2,19,19,0,0,0,0,18
2011,2,19,20,0,0,0,0,17
2011,2,19,21,0,0,0,0,16
2011,2,19,22,0,0,0,0,15
2011,2,19,23,0,0,0,0,14
2011,2,20,0,0,0,0,0,14
2011,2,20,1,0,0,0,0,13
2011,2,20,2,0,0,0,0,13
2011,2,20,3,0,0,0,0,12
2011,2,20,4,0,0,0,0,12
2011,2,20,5,0,0,0,0,11
2011,2,20,6,0,0,0,0,12
2011,2,20,7,0,41,5,40,15
2011,2,20,8,0,213,185,153,19
2011,2,20,9,0,384,283,241,24
2011,2,20,10,0,601,491,284,27
2011,2,20,11,0,743,708,222,28
2011,2,20,12,0,784,724,227,29
2011,2,20,13,0,713,540,310,28
2011,2,20,14,0,554,320,341,28
2011,2,20,15,0,120,0,120,26
2011,2,20,16,0,57,0,57,24
2011,2,20,17,0,17,0,17,21
2011,2,20,18,0,0,0,0,20
2011,2,20,19,0,0,0,0,19
2011,2,20,20,0,0,0,0,18
2011,2,20,21,0,0,0,0,17
2011,2,20,22,0,0,0,0,16
2011,2,20,23,0,0,0,0,15
2011,2,21,0,0,0,0,0,14
2011,2,21,1,0,0,0,0,13
2011,2,21,2,0,0,0,0,12
2011,2,21,3,0,0,0,0,11
2011,2,21,4,0,0,0,0,11
2011,2,21,5,0,0,0,0,10
2011,2,21,6,0,0,0,0,10
2011,2,21,7,0,60,57,53,13
2011,2,21,8,0,264,401,133,17
2011,2,21,9,0,470,570,180,21
2011,2,21,10,0,639,658,211,24
2011,2,21,11,0,742,684,236,25
2011,2,21,12,0,792,729,228,26
2011,2,21,13,0,761,717,224,26
2011,2,21,14,0,661,674,211,26
2011,2,21,15,0,500,590,185,25
2011,2,21,16,0,299,437,142,22
2011,2,21,17,0,78,61,68,19
2011,2,21,18,0,0,0,0,18
2011,2,21,19,0,0,0,0,17
2011,2,21,20,0,0,0,0,16
2011,2,21,21,0,0,0,0,15
2011,2,21,22,0,0,0,0,15
2011,2,21,23,0,0,0,0,14
2011,2,22,0,0,0,0,0,13
2011,2,22,1,0,0,0,0,13
2011,2,22,2,0,0,0,0,12
2011,2,22,3,0,0,0,0,11
2011,2,22,4,0,0,0,0,10
2011,2,22,5,0,0,0,0,10
2011,2,22,6,0,0,0,0,10
2011,2,22,7,0,43,4,42,13
2011,2,22,8,0,182,83,154,16
2011,2,22,9,0,425,345,248,20
2011,2,22,10,0,582,472,273,23
2011,2,22,11,0,573,244,391,25
2011,2,22,12,0,777,600,310,26
2011,2,22,13,0,768,668,265,27
2011,2,22,14,0,594,457,287,26
2011,2,22,15,0,432,334,252,25
2011,2,22,16,0,303,441,143,23
2011,2,22,17,0,75,49,67,20
2011,2,22,18,0,0,0,0,19
2011,2,22,19,0,0,0,0,18
2011,2,22,20,0,0,0,0,17
2011,2,22,21,0,0,0,0,16
2011,2,22,22,0,0,0,0,16
2011,2,22,23,0,0,0,0,15
2011,2,23,0,0,0,0,0,14
2011,2,23,1,0,0,0,0,14
2011,2,23,2,0,0,0,0,13
2011,2,23,3,0,0,0,0,13
2011,2,23,4,0,0,0,0,13
2011,2,23,5,0,0,0,0,13
2011,2,23,6,0,0,0,0,13
2011,2,23,7,0,62,50,55,16
2011,2,23,8,0,269,353,150,20
2011,2,23,9,0,445,436,219,24
2011,2,23,10,0,644,635,226,27
2011,2,23,11,0,747,675,242,28
2011,2,23,12,0,797,728,228,29
2011,2,23,13,0,765,714,224,29
2011,2,23,14,0,663,671,210,29
2011,2,23,15,0,502,586,185,28
2011,2,23,16,0,287,294,179,25
2011,2,23,17,0,51,0,51,22
2011,2,23,18,0,0,0,0,21
2011,2,23,19,0,0,0,0,20
2011,2,23,20,0,0,0,0,19
2011,2,23,21,0,0,0,0,18
2011,2,23,22,0,0,0,0,17
2011,2,23,23,0,0,0,0,17
2011,2,24,0,0,0,0,0,16
2011,2,24,1,0,0,0,0,15
2011,2,24,2,0,0,0,0,15
2011,2,24,3,0,0,0,0,14
2011,2,24,4,0,0,0,0,13
2011,2,24,5,0,0,0,0,13
2011,2,24,6,0,0,0,0,13
2011,2,24,7,0,45,12,43,17
2011,2,24,8,0,226,168,169,21
2011,2,24,9,0,219,22,207,26
2011,2,24,10,0,466,192,339,28
2011,2,24,11,0,512,145,402,29
2011,2,24,12,0,585,241,395,30
2011,2,24,13,0,666,404,358,30
2011,2,24,14,0,506,238,344,29
2011,2,24,15,0,391,206,278,28
2011,2,24,16,0,179,46,162,25
2011,2,24,17,0,82,62,72,22
2011,2,24,18,0,0,0,0,21
2011,2,24,19,0,0,0,0,20
2011,2,24,20,0,0,0,0,19
2011,2,24,21,0,0,0,0,19
2011,2,24,22,0,0,0,0,18
2011,2,24,23,0,0,0,0,17
2011,2,25,0,0,0,0,0,16
2011,2,25,1,0,0,0,0,15
2011,2,25,2,0,0,0,0,14
2011,2,25,3,0,0,0,0,13
2011,2,25,4,0,0,0,0,13
2011,2,25,5,0,0,0,0,12
2011,2,25,6,0,0,0,0,12
2011,2,25,7,0,69,70,59,15
2011,2,25,8,0,279,381,148,19
2011,2,25,9,0,476,525,200,24
2011,2,25,10,0,656,645,226,27
2011,2,25,11,0,772,724,224,28
2011,2,25,12,0,819,744,231,28
2011,2,25,13,0,788,733,227,28
2011,2,25,14,0,682,689,212,28
2011,2,25,15,0,518,590,195,26
2011,2,25,16,0,316,341,189,24
2011,2,25,17,0,29,0,29,20
2011,2,25,18,0,0,0,0,19
2011,2,25,19,0,0,0,0,18
2011,2,25,20,0,0,0,0,17
2011,2,25,21,0,0,0,0,17
2011,2,25,22,0,0,0,0,17
2011,2,25,23,0,0,0,0,16
2011,2,26,0,0,0,0,0,16
2011,2,26,1,0,0,0,0,15
2011,2,26,2,0,0,0,0,14
2011,2,26,3,0,0,0,0,13
2011,2,26,4,0,0,0,0,12
2011,2,26,5,0,0,0,0,11
2011,2,26,6,0,0,0,0,12
2011,2,26,7,0,68,54,60,15
2011,2,26,8,0,284,334,168,18
2011,2,26,9,0,494,587,184,22
2011,2,26,10,0,666,678,211,25
2011,2,26,11,0,779,727,226,26
2011,2,26,12,0,492,128,390,27
2011,2,26,13,0,614,295,387,27
2011,2,26,14,0,617,482,286,27
2011,2,26,15,0,461,380,251,25
2011,2,26,16,0,268,232,181,23
2011,2,26,17,0,76,38,69,20
2011,2,26,18,0,0,0,0,18
2011,2,26,19,0,0,0,0,17
2011,2,26,20,0,0,0,0,17
2011,2,26,21,0,0,0,0,16
2011,2,26,22,0,0,0,0,15
2011,2,26,23,0,0,0,0,14
2011,2,27,0,0,0,0,0,14
2011,2,27,1,0,0,0,0,13
2011,2,27,2,0,0,0,0,12
2011,2,27,3,0,0,0,0,12
2011,2,27,4,0,0,0,0,11
2011,2,27,5,0,0,0,0,10
2011,2,27,6,0,0,0,0,11
2011,2,27,7,0,77,87,64,14
2011,2,27,8,0,294,355,169,18
2011,2,27,9,0,501,582,191,23
2011,2,27,10,0,672,684,211,25
2011,2,27,11,0,785,735,223,27
2011,2,27,12,0,827,750,228,27
2011,2,27,13,0,795,739,224,27
2011,2,27,14,0,690,693,212,27
2011,2,27,15,0,526,597,195,25
2011,2,27,16,0,322,381,178,23
2011,2,27,17,0,97,111,78,20
2011,2,27,18,0,0,0,0,19
2011,2,27,19,0,0,0,0,18
2011,2,27,20,0,0,0,0,17
2011,2,27,21,0,0,0,0,16
2011,2,27,22,0,0,0,0,15
2011,2,27,23,0,0,0,0,14
2011,2,28,0,0,0,0,0,13
2011,2,28,1,0,0,0,0,12
2011,2,28,2,0,0,0,0,12
2011,2,28,3,0,0,0,0,11
2011,2,28,4,0,0,0,0,10
2011,2,28,5,0,0,0,0,9
2011,2,28,6,0,0,0,0,10
2011,2,28,7,0,81,96,67,13
2011,2,28,8,0,298,414,151,18
2011,2,28,9,0,506,585,191,23
2011,2,28,10,0,677,686,211,26
2011,2,28,11,0,790,737,223,27
2011,2,28,12,0,832,731,246,28
2011,2,28,13,0,767,633,276,29
2011,2,28,14,0,695,617,267,28
2011,2,28,15,0,376,167,282,27
2011,2,28,16,0,317,354,182,24
2011,2,28,17,0,100,118,79,20
2011,2,28,18,0,0,0,0,20
2011,2,28,19,0,0,0,0,19
2011,2,28,20,0,0,0,0,18
2011,2,28,21,0,0,0,0,17
2011,2,28,22,0,0,0,0,16
2011,2,28,23,0,0,0,0,15
2011,3,1,0,0,0,0,0,14
2011,3,1,1,0,0,0,0,13
2011,3,1,2,0,0,0,0,12
2011,3,1,3,0,0,0,0,12
2011,3,1,4,0,0,0,0,12
2011,3,1,5,0,0,0,0,11
2011,3,1,6,0,0,0,0,11
2011,3,1,7,0,47,0,47,14
2011,3,1,8,0,100,0,100,17
2011,3,1,9,0,140,0,140,21
2011,3,1,10,0,326,52,290,24
2011,3,1,11,0,689,444,346,26
2011,3,1,12,0,594,256,387,27
2011,3,1,13,0,267,16,254,26
2011,3,1,14,0,252,10,245,24
2011,3,1,15,0,94,0,94,23
2011,3,1,16,0,150,14,144,21
2011,3,1,17,0,28,0,28,19
2011,3,1,18,0,0,0,0,18
2011,3,1,19,0,0,0,0,17
2011,3,1,20,0,0,0,0,16
2011,3,1,21,0,0,0,0,15
2011,3,1,22,0,0,0,0,15
2011,3,1,23,0,0,0,0,14
2011,3,2,0,0,0,0,0,13
2011,3,2,1,0,0,0,0,13
2011,3,2,2,0,0,0,0,12
2011,3,2,3,0,0,0,0,12
2011,3,2,4,0,0,0,0,12
2011,3,2,5,0,0,0,0,12
2011,3,2,6,0,0,0,0,13
2011,3,2,7,0,27,0,27,15
2011,3,2,8,0,125,1,124,17
2011,3,2,9,0,140,0,140,20
2011,3,2,10,0,313,26,295,24
2011,3,2,11,0,229,4,225,25
2011,3,2,12,0,259,3,256,25
2011,3,2,13,0,190,1,189,25
2011,3,2,14,0,215,13,205,25
2011,3,2,15,0,452,285,291,26
2011,3,2,16,0,267,195,191,24
2011,3,2,17,0,51,0,51,20
2011,3,2,18,0,0,0,0,19
2011,3,2,19,0,0,0,0,19
2011,3,2,20,0,0,0,0,18
2011,3,2,21,0,0,0,0,17
2011,3,2,22,0,0,0,0,17
2011,3,2,23,0,0,0,0,16
2011,3,3,0,0,0,0,0,16
2011,3,3,1,0,0,0,0,16
2011,3,3,2,0,0,0,0,16
2011,3,3,3,0,0,0,0,16
2011,3,3,4,0,0,0,0,15
2011,3,3,5,0,0,0,0,15
2011,3,3,6,0,0,0,0,16
2011,3,3,7,0,46,0,46,18
2011,3,3,8,0,69,0,69,23
2011,3,3,9,0,117,0,117,27
2011,3,3,10,0,183,2,181,29
2011,3,3,11,0,350,40,318,30
2011,3,3,12,0,162,2,160,31
2011,3,3,13,0,294,12,284,31
2011,3,3,14,0,365,45,333,29
2011,3,3,15,0,244,18,233,28
2011,3,3,16,0,61,0,61,26
2011,3,3,17,0,21,0,21,24
2011,3,3,18,0,0,0,0,22
2011,3,3,19,0,0,0,0,21
2011,3,3,20,0,0,0,0,20
2011,3,3,21,0,0,0,0,19
2011,3,3,22,0,0,0,0,19
2011,3,3,23,0,0,0,0,18
2011,3,4,0,0,0,0,0,18
2011,3,4,1,0,0,0,0,18
2011,3,4,2,0,0,0,0,17
2011,3,4,3,0,0,0,0,17
2011,3,4,4,0,0,0,0,16
2011,3,4,5,0,0,0,0,16
2011,3,4,6,0,0,0,0,16
2011,3,4,7,0,83,51,74,17
2011,3,4,8,0,250,217,169,17
2011,3,4,9,0,418,250,279,19
2011,3,4,10,0,323,46,291,21
2011,3,4,11,0,294,12,284,23
2011,3,4,12,0,517,139,403,24
2011,3,4,13,0,349,38,318,25
2011,3,4,14,0,670,408,381,26
2011,3,4,15,0,170,21,158,25
2011,3,4,16,0,166,25,156,24
2011,3,4,17,0,27,0,27,21
2011,3,4,18,0,0,0,0,20
2011,3,4,19,0,0,0,0,19
2011,3,4,20,0,0,0,0,19
2011,3,4,21,0,0,0,0,18
2011,3,4,22,0,0,0,0,17
2011,3,4,23,0,0,0,0,17
2011,3,5,0,0,0,0,0,16
2011,3,5,1,0,0,0,0,16
2011,3,5,2,0,0,0,0,15
2011,3,5,3,0,0,0,0,14
2011,3,5,4,0,0,0,0,14
2011,3,5,5,0,0,0,0,14
2011,3,5,6,0,0,0,0,14
2011,3,5,7,0,72,31,66,15
2011,3,5,8,0,296,321,175,18
2011,3,5,9,0,511,576,189,21
2011,3,5,10,0,680,665,215,26
2011,3,5,11,0,791,712,230,30
2011,3,5,12,0,834,729,235,32
2011,3,5,13,0,802,719,231,32
2011,3,5,14,0,700,678,218,31
2011,3,5,15,0,537,597,194,30
2011,3,5,16,0,331,451,154,28
2011,3,5,17,0,101,88,84,24
2011,3,5,18,0,0,0,0,22
2011,3,5,19,0,0,0,0,21
2011,3,5,20,0,0,0,0,20
2011,3,5,21,0,0,0,0,19
2011,3,5,22,0,0,0,0,18
2011,3,5,23,0,0,0,0,17
2011,3,6,0,0,0,0,0,16
2011,3,6,1,0,0,0,0,16
2011,3,6,2,0,0,0,0,15
2011,3,6,3,0,0,0,0,14
2011,3,6,4,0,0,0,0,13
2011,3,6,5,0,0,0,0,13
2011,3,6,6,0,0,0,0,13
2011,3,6,7,0,66,9,64,16
2011,3,6,8,0,214,74,185,21
2011,3,6,9,0,370,139,291,25
2011,3,6,10,0,634,469,304,27
2011,3,6,11,0,703,469,331,30
2011,3,6,12,0,848,740,237,31
2011,3,6,13,0,814,727,233,31
2011,3,6,14,0,705,674,224,31
2011,3,6,15,0,544,593,202,29
2011,3,6,16,0,337,457,155,27
2011,3,6,17,0,109,114,87,24
2011,3,6,18,0,0,0,0,22
2011,3,6,19,0,0,0,0,21
2011,3,6,20,0,0,0,0,20
2011,3,6,21,0,0,0,0,19
2011,3,6,22,0,0,0,0,18
2011,3,6,23,0,0,0,0,17
2011,3,7,0,0,0,0,0,16
2011,3,7,1,0,0,0,0,15
2011,3,7,2,0,0,0,0,15
2011,3,7,3,0,0,0,0,14
2011,3,7,4,0,0,0,0,13
2011,3,7,5,0,0,0,0,13
2011,3,7,6,0,0,0,0,13
2011,3,7,7,0,102,113,82,16
2011,3,7,8,0,324,423,161,21
2011,3,7,9,0,532,587,199,26
2011,3,7,10,0,702,683,219,29
2011,3,7,11,0,810,724,233,31
2011,3,7,12,0,847,736,237,32
2011,3,7,13,0,811,722,232,33
2011,3,7,14,0,706,679,219,32
2011,3,7,15,0,542,599,195,31
2011,3,7,16,0,336,453,154,29
2011,3,7,17,0,106,98,87,25
2011,3,7,18,0,0,0,0,23
2011,3,7,19,0,0,0,0,22
2011,3,7,20,0,0,0,0,22
2011,3,7,21,0,0,0,0,21
2011,3,7,22,0,0,0,0,20
2011,3,7,23,0,0,0,0,20
2011,3,8,0,0,0,0,0,19
2011,3,8,1,0,0,0,0,19
2011,3,8,2,0,0,0,0,18
2011,3,8,3,0,0,0,0,17
2011,3,8,4,0,0,0,0,16
2011,3,8,5,0,0,0,0,16
2011,3,8,6,0,0,0,0,16
2011,3,8,7,0,101,102,82,18
2011,3,8,8,0,323,381,175,23
2011,3,8,9,0,534,596,194,27
2011,3,8,10,0,703,676,222,29
2011,3,8,11,0,812,723,232,30
2011,3,8,12,0,791,524,354,31
2011,3,8,13,0,810,682,261,31
2011,3,8,14,0,705,654,234,31
2011,3,8,15,0,550,565,221,30
2011,3,8,16,0,321,332,187,28
2011,3,8,17,0,109,103,89,24
2011,3,8,18,0,0,0,0,22
2011,3,8,19,0,0,0,0,21
2011,3,8,20,0,0,0,0,21
2011,3,8,21,0,0,0,0,20
2011,3,8,22,0,0,0,0,19
2011,3,8,23,0,0,0,0,18
2011,3,9,0,0,0,0,0,17
2011,3,9,1,0,0,0,0,16
2011,3,9,2,0,0,0,0,16
2011,3,9,3,0,0,0,0,15
2011,3,9,4,0,0,0,0,15
2011,3,9,5,0,0,0,0,14
2011,3,9,6,0,0,0,0,15
2011,3,9,7,0,89,57,78,19
2011,3,9,8,0,333,380,183,23
2011,3,9,9,0,542,592,201,27
2011,3,9,10,0,713,688,220,30
2011,3,9,11,0,822,731,234,31
2011,3,9,12,0,861,744,238,32
2011,3,9,13,0,822,723,237,32
2011,3,9,14,0,719,689,221,31
2011,3,9,15,0,548,580,208,30
2011,3,9,16,0,344,463,157,28
2011,3,9,17,0,105,88,87,24
2011,3,9,18,0,0,0,0,23
2011,3,9,19,0,0,0,0,22
2011,3,9,20,0,0,0,0,21
2011,3,9,21,0,0,0,0,20
2011,3,9,22,0,0,0,0,19
2011,3,9,23,0,0,0,0,18
2011,3,10,0,0,0,0,0,17
2011,3,10,1,0,0,0,0,16
2011,3,10,2,0,0,0,0,16
2011,3,10,3,0,0,0,0,15
2011,3,10,4,0,0,0,0,14
2011,3,10,5,0,0,0,0,14
2011,3,10,6,0,0,0,0,15
2011,3,10,7,0,109,119,86,19
2011,3,10,8,0,334,417,168,23
2011,3,10,9,0,546,592,203,27
2011,3,10,10,0,708,665,229,29
2011,3,10,11,0,818,712,242,31
2011,3,10,12,0,840,609,328,31
2011,3,10,13,0,589,242,392,31
2011,3,10,14,0,180,9,173,30
2011,3,10,15,0,389,173,287,28
2011,3,10,16,0,274,191,196,26
2011,3,10,17,0,51,0,51,23
2011,3,10,18,0,0,0,0,21
2011,3,10,19,0,0,0,0,20
2011,3,10,20,0,0,0,0,19
2011,3,10,21,0,0,0,0,19
2011,3,10,22,0,0,0,0,18
2011,3,10,23,0,0,0,0,17
2011,3,11,0,0,0,0,0,17
2011,3,11,1,0,0,0,0,16
2011,3,11,2,0,0,0,0,15
2011,3,11,3,0,0,0,0,15
2011,3,11,4,0,0,0,0,14
2011,3,11,5,0,0,0,0,14
2011,3,11,6,0,0,0,0,15
2011,3,11,7,0,114,127,89,18
2011,3,11,8,0,342,437,166,23
2011,3,11,9,0,551,596,203,27
2011,3,11,10,0,719,686,222,30
2011,3,11,11,0,830,733,234,31
2011,3,11,12,0,872,750,239,32
2011,3,11,13,0,835,738,233,33
2011,3,11,14,0,728,696,220,32
2011,3,11,15,0,560,601,205,31
2011,3,11,16,0,352,396,189,29
2011,3,11,17,0,117,118,93,25
2011,3,11,18,0,0,0,0,23
2011,3,11,19,0,0,0,0,22
2011,3,11,20,0,0,0,0,21
2011,3,11,21,0,0,0,0,20
2011,3,11,22,0,0,0,0,19
2011,3,11,23,0,0,0,0,18
2011,3,12,0,0,0,0,0,17
2011,3,12,1,0,0,0,0,16
2011,3,12,2,0,0,0,0,15
2011,3,12,3,0,0,0,0,14
2011,3,12,4,0,0,0,0,13
2011,3,12,5,0,0,0,0,13
2011,3,12,6,0,0,0,0,14
2011,3,12,7,0,119,136,92,18
2011,3,12,8,0,347,440,168,23
2011,3,12,9,0,556,599,203,28
2011,3,12,10,0,726,695,220,31
2011,3,12,11,0,835,736,234,33
2011,3,12,12,0,876,751,239,34
2011,3,12,13,0,839,739,234,34
2011,3,12,14,0,730,694,222,33
2011,3,12,15,0,563,602,205,32
2011,3,12,16,0,354,398,189,30
2011,3,12,17,0,119,123,94,26
2011,3,12,18,0,0,0,0,23
2011,3,12,19,0,0,0,0,22
2011,3,12,20,0,0,0,0,21
2011,3,12,21,0,0,0,0,20
2011,3,12,22,0,0,0,0,19
2011,3,12,23,0,0,0,0,18
2011,3,13,0,0,0,0,0,18
2011,3,13,1,0,0,0,0,17
2011,3,13,2,0,0,0,0,16
2011,3,13,3,0,0,0,0,16
2011,3,13,4,0,0,0,0,15
2011,3,13,5,0,0,0,0,14
2011,3,13,6,0,0,0,0,15
2011,3,13,7,0,123,145,94,19
2011,3,13,8,0,351,443,169,24
2011,3,13,9,0,561,601,205,29
2011,3,13,10,0,731,697,220,32
2011,3,13,11,0,841,740,233,34
2011,3,13,12,0,880,753,239,35
2011,3,13,13,0,843,741,234,35
2011,3,13,14,0,735,699,221,35
2011,3,13,15,0,566,604,205,34
2011,3,13,16,0,357,400,190,32
2011,3,13,17,0,122,128,95,27
2011,3,13,18,0,0,0,0,25
2011,3,13,19,0,0,0,0,24
2011,3,13,20,0,0,0,0,23
2011,3,13,21,0,0,0,0,22
2011,3,13,22,0,0,0,0,22
2011,3,13,23,0,0,0,0,21
2011,3,14,0,0,0,0,0,20
2011,3,14,1,0,0,0,0,19
2011,3,14,2,0,0,0,0,18
2011,3,14,3,0,0,0,0,18
2011,3,14,4,0,0,0,0,17
2011,3,14,5,0,0,0,0,16
2011,3,14,6,0,0,0,0,17
2011,3,14,7,0,128,153,96,21
2011,3,14,8,0,355,442,171,26
2011,3,14,9,0,566,603,206,30
2011,3,14,10,0,735,699,220,33
2011,3,14,11,0,846,741,235,35
2011,3,14,12,0,884,754,239,36
2011,3,14,13,0,847,742,234,36
2011,3,14,14,0,738,700,221,36
2011,3,14,15,0,569,605,206,35
2011,3,14,16,0,360,402,192,33
2011,3,14,17,0,125,133,97,28
2011,3,14,18,0,0,0,0,26
2011,3,14,19,0,0,0,0,25
2011,3,14,20,0,0,0,0,24
2011,3,14,21,0,0,0,0,23
2011,3,14,22,0,0,0,0,22
2011,3,14,23,0,0,0,0,21
2011,3,15,0,0,0,0,0,20
2011,3,15,1,0,0,0,0,19
2011,3,15,2,0,0,0,0,19
2011,3,15,3,0,0,0,0,18
2011,3,15,4,0,0,0,0,17
2011,3,15,5,0,0,0,0,17
2011,3,15,6,0,0,0,0,18
2011,3,15,7,0,132,162,98,22
2011,3,15,8,0,360,447,172,26
2011,3,15,9,0,570,606,206,31
2011,3,15,10,0,734,682,229,34
2011,3,15,11,0,849,742,234,36
2011,3,15,12,0,888,755,240,38
2011,3,15,13,0,851,742,236,38
2011,3,15,14,0,741,702,220,38
2011,3,15,15,0,572,606,207,36
2011,3,15,16,0,362,404,192,34
2011,3,15,17,0,121,116,96,30
2011,3,15,18,0,0,0,0,28
2011,3,15,19,0,0,0,0,27
2011,3,15,20,0,0,0,0,26
2011,3,15,21,0,0,0,0,24
2011,3,15,22,0,0,0,0,23
2011,3,15,23,0,0,0,0,22
2011,3,16,0,0,0,0,0,21
2011,3,16,1,0,0,0,0,21
2011,3,16,2,0,0,0,0,20
2011,3,16,3,0,0,0,0,19
2011,3,16,4,0,0,0,0,19
2011,3,16,5,0,0,0,0,18
2011,3,16,6,0,0,0,0,20
2011,3,16,7,0,137,171,100,24
2011,3,16,8,0,363,479,161,28
2011,3,16,9,0,572,600,209,33
2011,3,16,10,0,739,687,227,35
2011,3,16,11,0,853,741,237,37
2011,3,16,12,0,891,754,241,38
2011,3,16,13,0,854,741,237,38
2011,3,16,14,0,745,700,224,37
2011,3,16,15,0,575,608,207,36
2011,3,16,16,0,363,479,161,34
2011,3,16,17,0,130,143,99,31
2011,3,16,18,0,0,0,0,28
2011,3,16,19,0,0,0,0,27
2011,3,16,20,0,0,0,0,26
2011,3,16,21,0,0,0,0,25
2011,3,16,22,0,0,0,0,24
2011,3,16,23,0,0,0,0,23
2011,3,17,0,0,0,0,0,22
2011,3,17,1,0,0,0,0,21
2011,3,17,2,0,0,0,0,20
2011,3,17,3,0,0,0,0,19
2011,3,17,4,0,0,0,0,19
2011,3,17,5,0,0,0,0,18
2011,3,17,6,0,0,0,0,20
2011,3,17,7,0,137,176,99,23
2011,3,17,8,0,347,382,183,28
2011,3,17,9,0,482,304,296,33
2011,3,17,10,0,714,536,312,37
2011,3,17,11,0,759,496,344,39
2011,3,17,12,0,873,655,306,40
2011,3,17,13,0,784,545,329,40
2011,3,17,14,0,742,671,240,39
2011,3,17,15,0,576,619,200,38
2011,3,17,16,0,328,296,202,36
2011,3,17,17,0,120,95,99,32
2011,3,17,18,0,0,0,0,30
2011,3,17,19,0,0,0,0,29
2011,3,17,20,0,0,0,0,28
2011,3,17,21,0,0,0,0,27
2011,3,17,22,0,0,0,0,26
2011,3,17,23,0,0,0,0,25
2011,3,18,0,0,0,0,0,24
2011,3,18,1,0,0,0,0,23
2011,3,18,2,0,0,0,0,22
2011,3,18,3,0,0,0,0,22
2011,3,18,4,0,0,0,0,21
2011,3,18,5,0,0,0,0,20
2011,3,18,6,0,0,0,0,21
2011,3,18,7,0,119,81,101,25
2011,3,18,8,0,231,69,201,30
2011,3,18,9,0,428,199,305,35
2011,3,18,10,0,446,101,370,38
2011,3,18,11,0,833,559,363,40
2011,3,18,12,0,706,311,435,41
2011,3,18,13,0,711,392,382,41
2011,3,18,14,0,643,392,349,40
2011,3,18,15,0,358,108,292,39
2011,3,18,16,0,355,347,206,37
2011,3,18,17,0,89,24,83,33
2011,3,18,18,0,0,0,0,30
2011,3,18,19,0,0,0,0,29
2011,3,18,20,0,0,0,0,28
2011,3,18,21,0,0,0,0,27
2011,3,18,22,0,0,0,0,26
2011,3,18,23,0,0,0,0,25
2011,3,19,0,0,0,0,0,24
2011,3,19,1,0,0,0,0,23
2011,3,19,2,0,0,0,0,22
2011,3,19,3,0,0,0,0,21
2011,3,19,4,0,0,0,0,21
2011,3,19,5,0,0,0,0,20
2011,3,19,6,0,0,0,0,21
2011,3,19,7,0,82,6,80,25
2011,3,19,8,0,276,135,217,29
2011,3,19,9,0,494,315,299,35
2011,3,19,10,0,738,603,282,37
2011,3,19,11,0,809,570,328,39
2011,3,19,12,0,805,489,378,40
2011,3,19,13,0,639,244,433,40
2011,3,19,14,0,648,398,348,40
2011,3,19,15,0,562,455,283,38
2011,3,19,16,0,226,71,195,37
2011,3,19,17,0,138,138,107,33
2011,3,19,18,0,0,0,0,31
2011,3,19,19,0,0,0,0,30
2011,3,19,20,0,0,0,0,29
2011,3,19,21,0,0,0,0,28
2011,3,19,22,0,0,0,0,27
2011,3,19,23,0,0,0,0,26
2011,3,20,0,0,0,0,0,25
2011,3,20,1,0,0,0,0,24
2011,3,20,2,0,0,0,0,23
2011,3,20,3,0,0,0,0,22
2011,3,20,4,0,0,0,0,21
2011,3,20,5,0,0,0,0,20
2011,3,20,6,0,0,0,0,21
2011,3,20,7,0,146,167,107,25
2011,3,20,8,0,364,402,186,29
2011,3,20,9,0,571,548,230,34
2011,3,20,10,0,744,637,259,37
2011,3,20,11,0,863,732,243,38
2011,3,20,12,0,903,753,243,38
2011,3,20,13,0,865,744,236,38
2011,3,20,14,0,755,703,224,37
2011,3,20,15,0,586,613,209,35
2011,3,20,16,0,375,413,196,33
2011,3,20,17,0,128,104,105,29
2011,3,20,18,0,0,0,0,26
2011,3,20,19,0,0,0,0,25
2011,3,20,20,0,0,0,0,24
2011,3,20,21,0,0,0,0,23
2011,3,20,22,0,0,0,0,21
2011,3,20,23,0,0,0,0,20
2011,3,21,0,0,0,0,0,19
2011,3,21,1,0,0,0,0,18
2011,3,21,2,0,0,0,0,17
2011,3,21,3,0,0,0,0,16
2011,3,21,4,0,0,0,0,16
2011,3,21,5,0,0,0,0,16
2011,3,21,6,0,0,0,0,17
2011,3,21,7,0,140,135,108,20
2011,3,21,8,0,370,376,202,25
2011,3,21,9,0,595,608,214,30
2011,3,21,10,0,761,694,230,33
2011,3,21,11,0,855,656,297,35
2011,3,21,12,0,773,432,393,36
2011,3,21,13,0,558,165,418,36
2011,3,21,14,0,734,529,333,35
2011,3,21,15,0,422,194,302,34
2011,3,21,16,0,349,314,212,32
2011,3,21,17,0,91,22,86,28
2011,3,21,18,0,0,0,0,26
2011,3,21,19,0,0,0,0,25
2011,3,21,20,0,0,0,0,24
2011,3,21,21,0,0,0,0,22
2011,3,21,22,0,0,0,0,21
2011,3,21,23,0,0,0,0,20
2011,3,22,0,0,0,0,0,19
2011,3,22,1,0,0,0,0,19
2011,3,22,2,0,0,0,0,18
2011,3,22,3,0,0,0,0,17
2011,3,22,4,0,0,0,0,16
2011,3,22,5,0,0,0,0,16
2011,3,22,6,0,0,0,0,17
2011,3,22,7,0,171,260,109,21
2011,3,22,8,0,393,495,170,27
2011,3,22,9,0,603,620,212,32
2011,3,22,10,0,771,713,223,35
2011,3,22,11,0,879,750,238,37
2011,3,22,12,0,915,761,243,38
2011,3,22,13,0,875,749,238,38
2011,3,22,14,0,763,710,222,38
2011,3,22,15,0,591,615,209,36
2011,3,22,16,0,379,416,197,34
2011,3,22,17,0,139,151,105,29
2011,3,22,18,0,0,0,0,27
2011,3,22,19,0,0,0,0,26
2011,3,22,20,0,0,0,0,25
2011,3,22,21,0,0,0,0,24
2011,3,22,22,0,0,0,0,23
2011,3,22,23,0,0,0,0,22
2011,3,23,0,0,0,0,0,21
2011,3,23,1,0,0,0,0,20
2011,3,23,2,0,0,0,0,20
2011,3,23,3,0,0,0,0,19
2011,3,23,4,0,0,0,0,18
2011,3,23,5,0,0,0,0,18
2011,3,23,6,0,2,0,2,19
2011,3,23,7,0,166,214,114,24
2011,3,23,8,0,397,471,183,28
2011,3,23,9,0,607,622,212,34
2011,3,23,10,0,776,714,225,37
2011,3,23,11,0,883,751,239,38
2011,3,23,12,0,918,762,243,39
2011,3,23,13,0,878,749,239,39
2011,3,23,14,0,766,636,280,38
2011,3,23,15,0,459,236,312,37
2011,3,23,16,0,323,288,196,34
2011,3,23,17,0,135,145,102,30
2011,3,23,18,0,0,0,0,28
2011,3,23,19,0,0,0,0,26
2011,3,23,20,0,0,0,0,25
2011,3,23,21,0,0,0,0,24
2011,3,23,22,0,0,0,0,23
2011,3,23,23,0,0,0,0,23
2011,3,24,0,0,0,0,0,22
2011,3,24,1,0,0,0,0,21
2011,3,24,2,0,0,0,0,20
2011,3,24,3,0,0,0,0,20
2011,3,24,4,0,0,0,0,19
2011,3,24,5,0,0,0,0,19
2011,3,24,6,0,3,0,3,20
2011,3,24,7,0,176,268,109,25
2011,3,24,8,0,402,474,185,30
2011,3,24,9,0,612,624,214,35
2011,3,24,10,0,778,710,227,37
2011,3,24,11,0,883,747,239,38
2011,3,24,12,0,916,757,243,39
2011,3,24,13,0,875,744,238,39
2011,3,24,14,0,764,703,225,38
2011,3,24,15,0,594,627,202,36
2011,3,24,16,0,382,492,164,34
2011,3,24,17,0,144,160,107,31
2011,3,24,18,0,0,0,0,28
2011,3,24,19,0,0,0,0,27
2011,3,24,20,0,0,0,0,26
2011,3,24,21,0,0,0,0,25
2011,3,24,22,0,0,0,0,24
2011,3,24,23,0,0,0,0,24
2011,3,25,0,0,0,0,0,23
2011,3,25,1,0,0,0,0,22
2011,3,25,2,0,0,0,0,21
2011,3,25,3,0,0,0,0,20
2011,3,25,4,0,0,0,0,19
2011,3,25,5,0,0,0,0,19
2011,3,25,6,0,3,0,3,20
2011,3,25,7,0,170,209,117,24
2011,3,25,8,0,403,465,188,29
2011,3,25,9,0,615,622,215,33
2011,3,25,10,0,784,717,225,36
2011,3,25,11,0,891,753,240,37
2011,3,25,12,0,925,763,244,38
2011,3,25,13,0,884,751,239,38
2011,3,25,14,0,771,712,223,38
2011,3,25,15,0,599,618,211,36
2011,3,25,16,0,386,465,179,34
2011,3,25,17,0,146,165,107,31
2011,3,25,18,0,0,0,0,28
2011,3,25,19,0,0,0,0,27
2011,3,25,20,0,0,0,0,26
2011,3,25,21,0,0,0,0,25
2011,3,25,22,0,0,0,0,24
2011,3,25,23,0,0,0,0,23
2011,3,26,0,0,0,0,0,22
2011,3,26,1,0,0,0,0,21
2011,3,26,2,0,0,0,0,21
2011,3,26,3,0,0,0,0,20
2011,3,26,4,0,0,0,0,19
2011,3,26,5,0,0,0,0,19
2011,3,26,6,0,4,0,4,21
2011,3,26,7,0,175,218,119,24
2011,3,26,8,0,411,479,187,30
2011,3,26,9,0,621,628,215,34
2011,3,26,10,0,788,718,226,37
2011,3,26,11,0,895,754,240,38
2011,3,26,12,0,929,764,245,39
2011,3,26,13,0,887,751,240,39
2011,3,26,14,0,776,711,227,38
2011,3,26,15,0,601,619,211,37
2011,3,26,16,0,388,466,180,35
2011,3,26,17,0,149,169,109,32
2011,3,26,18,0,0,0,0,30
2011,3,26,19,0,0,0,0,28
2011,3,26,20,0,0,0,0,27
2011,3,26,21,0,0,0,0,26
2011,3,26,22,0,0,0,0,25
2011,3,26,23,0,0,0,0,24
2011,3,27,0,0,0,0,0,23
2011,3,27,1,0,0,0,0,22
2011,3,27,2,0,0,0,0,22
2011,3,27,3,0,0,0,0,21
2011,3,27,4,0,0,0,0,20
2011,3,27,5,0,0,0,0,20
2011,3,27,6,0,6,0,6,22
2011,3,27,7,0,174,205,120,26
2011,3,27,8,0,412,514,170,31
2011,3,27,9,0,621,639,206,36
2011,3,27,10,0,785,709,227,39
2011,3,27,11,0,889,745,239,40
2011,3,27,12,0,921,755,242,41
2011,3,27,13,0,879,741,238,41
2011,3,27,14,0,767,700,225,40
2011,3,27,15,0,596,624,202,39
2011,3,27,16,0,384,491,164,37
2011,3,27,17,0,151,174,110,34
2011,3,27,18,0,0,0,0,31
2011,3,27,19,0,0,0,0,30
2011,3,27,20,0,0,0,0,29
2011,3,27,21,0,0,0,0,28
2011,3,27,22,0,0,0,0,27
2011,3,27,23,0,0,0,0,26
2011,3,28,0,0,0,0,0,25
2011,3,28,1,0,0,0,0,25
2011,3,28,2,0,0,0,0,24
2011,3,28,3,0,0,0,0,23
2011,3,28,4,0,0,0,0,22
2011,3,28,5,0,0,0,0,22
2011,3,28,6,0,6,0,6,24
2011,3,28,7,0,168,172,122,28
2011,3,28,8,0,410,507,169,33
2011,3,28,9,0,616,630,204,37
2011,3,28,10,0,779,700,226,40
2011,3,28,11,0,881,736,237,42
2011,3,28,12,0,913,746,241,42
2011,3,28,13,0,872,733,236,42
2011,3,28,14,0,762,693,223,42
2011,3,28,15,0,593,619,201,40
2011,3,28,16,0,383,488,163,38
2011,3,28,17,0,154,179,111,35
2011,3,28,18,0,0,0,0,32
2011,3,28,19,0,0,0,0,31
2011,3,28,20,0,0,0,0,30
2011,3,28,21,0,0,0,0,29
2011,3,28,22,0,0,0,0,28
2011,3,28,23,0,0,0,0,27
2011,3,29,0,0,0,0,0,27
2011,3,29,1,0,0,0,0,26
2011,3,29,2,0,0,0,0,25
2011,3,29,3,0,0,0,0,24
2011,3,29,4,0,0,0,0,23
2011,3,29,5,0,0,0,0,22
2011,3,29,6,0,8,0,8,23
2011,3,29,7,0,132,55,117,26
2011,3,29,8,0,322,168,241,30
2011,3,29,9,0,555,387,300,34
2011,3,29,10,0,774,603,295,36
2011,3,29,11,0,870,658,292,38
2011,3,29,12,0,871,568,357,39
2011,3,29,13,0,807,521,353,39
2011,3,29,14,0,764,694,224,39
2011,3,29,15,0,585,552,233,38
2011,3,29,16,0,387,401,205,36
2011,3,29,17,0,144,138,110,32
2011,3,29,18,0,0,0,0,30
2011,3,29,19,0,0,0,0,29
2011,3,29,20,0,0,0,0,28
2011,3,29,21,0,0,0,0,27
2011,3,29,22,0,0,0,0,27
2011,3,29,23,0,0,0,0,26
2011,3,30,0,0,0,0,0,25
2011,3,30,1,0,0,0,0,24
2011,3,30,2,0,0,0,0,24
2011,3,30,3,0,0,0,0,23
2011,3,30,4,0,0,0,0,22
2011,3,30,5,0,0,0,0,22
2011,3,30,6,0,10,0,10,23
2011,3,30,7,0,184,210,126,27
2011,3,30,8,0,424,522,172,32
2011,3,30,9,0,633,644,207,35
2011,3,30,10,0,797,713,229,37
2011,3,30,11,0,900,749,240,39
2011,3,30,12,0,933,760,244,39
2011,3,30,13,0,892,747,239,39
2011,3,30,14,0,781,709,227,38
2011,3,30,15,0,610,622,213,37
2011,3,30,16,0,397,470,183,35
2011,3,30,17,0,159,188,113,32
2011,3,30,18,0,1,0,1,29
2011,3,30,19,0,0,0,0,28
2011,3,30,20,0,0,0,0,27
2011,3,30,21,0,0,0,0,26
2011,3,30,22,0,0,0,0,25
2011,3,30,23,0,0,0,0,24
2011,3,31,0,0,0,0,0,23
2011,3,31,1,0,0,0,0,22
2011,3,31,2,0,0,0,0,21
2011,3,31,3,0,0,0,0,20
2011,3,31,4,0,0,0,0,19
2011,3,31,5,0,0,0,0,19
2011,3,31,6,0,9,0,9,21
2011,3,31,7,0,194,239,127,24
2011,3,31,8,0,433,494,192,30
2011,3,31,9,0,642,636,219,33
2011,3,31,10,0,808,724,228,35
2011,3,31,11,0,912,758,242,37
2011,3,31,12,0,942,767,245,38
2011,3,31,13,0,899,752,240,38
2011,3,31,14,0,785,711,227,37
2011,3,31,15,0,613,623,214,36
2011,3,31,16,0,399,471,184,34
2011,3,31,17,0,161,193,113,31
2011,3,31,18,0,1,0,1,29
2011,3,31,19,0,0,0,0,28
2011,3,31,20,0,0,0,0,27
2011,3,31,21,0,0,0,0,26
2011,3,31,22,0,0,0,0,25
2011,3,31,23,0,0,0,0,24
2011,4,1,0,0,0,0,0,23
2011,4,1,1,0,0,0,0,22
2011,4,1,2,0,0,0,0,21
2011,4,1,3,0,0,0,0,20
2011,4,1,4,0,0,0,0,20
2011,4,1,5,0,0,0,0,19
2011,4,1,6,0,13,0,13,21
2011,4,1,7,0,178,155,134,25
2011,4,1,8,0,395,365,216,30
2011,4,1,9,0,606,533,249,35
2011,4,1,10,0,757,568,300,37
2011,4,1,11,0,837,546,352,38
2011,4,1,12,0,864,544,367,39
2011,4,1,13,0,856,586,341,39
2011,4,1,14,0,695,480,318,38
2011,4,1,15,0,577,522,241,37
2011,4,1,16,0,368,335,214,35
2011,4,1,17,0,118,50,105,32
2011,4,1,18,0,1,0,1,29
2011,4,1,19,0,0,0,0,28
2011,4,1,20,0,0,0,0,27
2011,4,1,21,0,0,0,0,26
2011,4,1,22,0,0,0,0,25
2011,4,1,23,0,0,0,0,24
2011,4,2,0,0,0,0,0,24
2011,4,2,1,0,0,0,0,23
2011,4,2,2,0,0,0,0,22
2011,4,2,3,0,0,0,0,21
2011,4,2,4,0,0,0,0,20
2011,4,2,5,0,0,0,0,20
2011,4,2,6,0,10,0,10,22
2011,4,2,7,0,183,163,136,26
2011,4,2,8,0,412,408,210,31
2011,4,2,9,0,620,542,255,35
2011,4,2,10,0,784,632,273,37
2011,4,2,11,0,885,669,289,39
2011,4,2,12,0,919,680,297,39
2011,4,2,13,0,875,665,290,39
2011,4,2,14,0,760,610,279,38
2011,4,2,15,0,573,486,259,37
2011,4,2,16,0,343,243,231,35
2011,4,2,17,0,28,0,28,32
2011,4,2,18,0,1,0,1,29
2011,4,2,19,0,0,0,0,29
2011,4,2,20,0,0,0,0,28
2011,4,2,21,0,0,0,0,27
2011,4,2,22,0,0,0,0,26
2011,4,2,23,0,0,0,0,25
2011,4,3,0,0,0,0,0,24
2011,4,3,1,0,0,0,0,23
2011,4,3,2,0,0,0,0,22
2011,4,3,3,0,0,0,0,21
2011,4,3,4,0,0,0,0,20
2011,4,3,5,0,0,0,0,19
2011,4,3,6,0,15,0,15,21
2011,4,3,7,0,193,187,138,24
2011,4,3,8,0,419,423,208,29
2011,4,3,9,0,624,544,256,32
2011,4,3,10,0,783,621,279,35
2011,4,3,11,0,871,619,318,36
2011,4,3,12,0,906,641,318,38
2011,4,3,13,0,869,649,296,38
2011,4,3,14,0,763,624,270,37
2011,4,3,15,0,589,527,248,36
2011,4,3,16,0,379,360,212,34
2011,4,3,17,0,150,125,118,31
2011,4,3,18,0,1,0,1,28
2011,4,3,19,0,0,0,0,27
2011,4,3,20,0,0,0,0,26
2011,4,3,21,0,0,0,0,25
2011,4,3,22,0,0,0,0,24
2011,4,3,23,0,0,0,0,23
2011,4,4,0,0,0,0,0,22
2011,4,4,1,0,0,0,0,21
2011,4,4,2,0,0,0,0,21
2011,4,4,3,0,0,0,0,20
2011,4,4,4,0,0,0,0,19
2011,4,4,5,0,0,0,0,18
2011,4,4,6,0,15,0,15,21
2011,4,4,7,0,203,232,134,24
2011,4,4,8,0,423,425,209,30
2011,4,4,9,0,626,540,259,33
2011,4,4,10,0,787,625,278,35
2011,4,4,11,0,887,658,297,36
2011,4,4,12,0,916,664,305,37
2011,4,4,13,0,879,666,290,37
2011,4,4,14,0,765,612,280,36
2011,4,4,15,0,591,528,248,35
2011,4,4,16,0,381,395,197,33
2011,4,4,17,0,152,129,119,30
2011,4,4,18,0,1,0,1,27
2011,4,4,19,0,0,0,0,26
2011,4,4,20,0,0,0,0,25
2011,4,4,21,0,0,0,0,24
2011,4,4,22,0,0,0,0,23
2011,4,4,23,0,0,0,0,22
2011,4,5,0,0,0,0,0,21
2011,4,5,1,0,0,0,0,21
2011,4,5,2,0,0,0,0,20
2011,4,5,3,0,0,0,0,19
2011,4,5,4,0,0,0,0,19
2011,4,5,5,0,0,0,0,18
2011,4,5,6,0,17,0,17,21
2011,4,5,7,0,197,184,142,24
2011,4,5,8,0,426,426,210,30
2011,4,5,9,0,630,544,258,34
2011,4,5,10,0,791,628,278,37
2011,4,5,11,0,897,672,293,38
2011,4,5,12,0,919,666,304,39
2011,4,5,13,0,882,667,290,39
2011,4,5,14,0,767,613,280,39
2011,4,5,15,0,593,502,266,37
2011,4,5,16,0,364,308,220,35
2011,4,5,17,0,143,90,120,32
2011,4,5,18,0,1,0,1,29
2011,4,5,19,0,0,0,0,28
2011,4,5,20,0,0,0,0,27
2011,4,5,21,0,0,0,0,26
2011,4,5,22,0,0,0,0,25
2011,4,5,23,0,0,0,0,24
2011,4,6,0,0,0,0,0,23
2011,4,6,1,0,0,0,0,22
2011,4,6,2,0,0,0,0,21
2011,4,6,3,0,0,0,0,21
2011,4,6,4,0,0,0,0,20
2011,4,6,5,0,0,0,0,20
2011,4,6,6,0,20,0,20,22
2011,4,6,7,0,196,173,143,26
2011,4,6,8,0,426,410,217,31
2011,4,6,9,0,629,533,263,36
2011,4,6,10,0,790,601,297,38
2011,4,6,11,0,895,664,296,40
2011,4,6,12,0,923,670,303,40
2011,4,6,13,0,864,601,329,40
2011,4,6,14,0,741,538,312,39
2011,4,6,15,0,576,495,253,38
2011,4,6,16,0,374,331,219,36
2011,4,6,17,0,145,93,121,32
2011,4,6,18,0,1,0,1,29
2011,4,6,19,0,0,0,0,28
2011,4,6,20,0,0,0,0,27
2011,4,6,21,0,0,0,0,26
2011,4,6,22,0,0,0,0,25
2011,4,6,23,0,0,0,0,25
2011,4,7,0,0,0,0,0,24
2011,4,7,1,0,0,0,0,24
2011,4,7,2,0,0,0,0,23
2011,4,7,3,0,0,0,0,22
2011,4,7,4,0,0,0,0,21
2011,4,7,5,0,0,0,0,21
2011,4,7,6,0,19,0,19,23
2011,4,7,7,0,189,131,148,27
2011,4,7,8,0,425,361,239,31
2011,4,7,9,0,634,510,282,35
2011,4,7,10,0,679,345,395,37
2011,4,7,11,0,874,562,365,38
2011,4,7,12,0,885,545,379,38
2011,4,7,13,0,886,670,288,37
2011,4,7,14,0,771,614,281,36
2011,4,7,15,0,597,531,249,35
2011,4,7,16,0,383,386,201,34
2011,4,7,17,0,159,139,123,31
2011,4,7,18,0,1,0,1,29
2011,4,7,19,0,0,0,0,28
2011,4,7,20,0,0,0,0,27
2011,4,7,21,0,0,0,0,26
2011,4,7,22,0,0,0,0,25
2011,4,7,23,0,0,0,0,24
2011,4,8,0,0,0,0,0,23
2011,4,8,1,0,0,0,0,22
2011,4,8,2,0,0,0,0,21
2011,4,8,3,0,0,0,0,20
2011,4,8,4,0,0,0,0,20
2011,4,8,5,0,0,0,0,19
2011,4,8,6,0,25,0,25,21
2011,4,8,7,0,211,178,155,25
2011,4,8,8,0,435,423,216,30
2011,4,8,9,0,643,553,259,34
2011,4,8,10,0,798,623,283,36
2011,4,8,11,0,902,671,293,37
2011,4,8,12,0,929,676,300,38
2011,4,8,13,0,885,663,292,38
2011,4,8,14,0,769,578,306,37
2011,4,8,15,0,543,370,300,36
2011,4,8,16,0,379,367,205,34
2011,4,8,17,0,155,126,122,31
2011,4,8,18,0,1,0,1,28
2011,4,8,19,0,0,0,0,27
2011,4,8,20,0,0,0,0,26
2011,4,8,21,0,0,0,0,26
2011,4,8,22,0,0,0,0,25
2011,4,8,23,0,0,0,0,24
2011,4,9,0,0,0,0,0,24
2011,4,9,1,0,0,0,0,23
2011,4,9,2,0,0,0,0,23
2011,4,9,3,0,0,0,0,22
2011,4,9,4,0,0,0,0,21
2011,4,9,5,0,0,0,0,21
2011,4,9,6,0,28,0,28,23
2011,4,9,7,0,221,199,158,27
2011,4,9,8,0,442,439,213,32
2011,4,9,9,0,647,555,260,35
2011,4,9,10,0,808,640,277,37
2011,4,9,11,0,907,677,291,39
2011,4,9,12,0,934,686,295,39
2011,4,9,13,0,889,670,288,39
2011,4,9,14,0,775,616,281,38
2011,4,9,15,0,601,532,250,37
2011,4,9,16,0,390,367,216,35
2011,4,9,17,0,157,129,123,32
2011,4,9,18,0,2,0,2,30
2011,4,9,19,0,0,0,0,28
2011,4,9,20,0,0,0,0,27
2011,4,9,21,0,0,0,0,27
2011,4,9,22,0,0,0,0,26
2011,4,9,23,0,0,0,0,25
2011,4,10,0,0,0,0,0,24
2011,4,10,1,0,0,0,0,23
2011,4,10,2,0,0,0,0,23
2011,4,10,3,0,0,0,0,22
2011,4,10,4,0,0,0,0,21
2011,4,10,5,0,0,0,0,21
2011,4,10,6,0,16,0,16,24
2011,4,10,7,0,91,0,91,27
2011,4,10,8,0,147,0,147,33
2011,4,10,9,0,139,0,139,37
2011,4,10,10,0,173,2,171,39
2011,4,10,11,0,460,86,381,39
2011,4,10,12,0,314,31,285,40
2011,4,10,13,0,882,663,287,39
2011,4,10,14,0,759,523,338,38
2011,4,10,15,0,455,188,330,37
2011,4,10,16,0,241,54,215,35
2011,4,10,17,0,86,0,86,33
2011,4,10,18,0,2,0,2,30
2011,4,10,19,0,0,0,0,29
2011,4,10,20,0,0,0,0,28
2011,4,10,21,0,0,0,0,26
2011,4,10,22,0,0,0,0,25
2011,4,10,23,0,0,0,0,25
2011,4,11,0,0,0,0,0,24
2011,4,11,1,0,0,0,0,23
2011,4,11,2,0,0,0,0,23
2011,4,11,3,0,0,0,0,23
2011,4,11,4,0,0,0,0,22
2011,4,11,5,0,0,0,0,22
2011,4,11,6,0,30,0,30,25
2011,4,11,7,0,172,75,147,28
2011,4,11,8,0,385,217,270,32
2011,4,11,9,0,358,44,327,35
2011,4,11,10,0,346,31,320,36
2011,4,11,11,0,817,444,410,39
2011,4,11,12,0,837,486,381,40
2011,4,11,13,0,461,67,400,42
2011,4,11,14,0,587,259,378,42
2011,4,11,15,0,222,11,214,41
2011,4,11,16,0,124,0,124,39
2011,4,11,17,0,84,0,84,36
2011,4,11,18,0,2,0,2,34
2011,4,11,19,0,0,0,0,32
2011,4,11,20,0,0,0,0,31
2011,4,11,21,0,0,0,0,30
2011,4,11,22,0,0,0,0,29
2011,4,11,23,0,0,0,0,28
2011,4,12,0,0,0,0,0,27
2011,4,12,1,0,0,0,0,27
2011,4,12,2,0,0,0,0,26
2011,4,12,3,0,0,0,0,26
2011,4,12,4,0,0,0,0,25
2011,4,12,5,0,0,0,0,24
2011,4,12,6,0,33,0,33,26
2011,4,12,7,0,170,77,144,29
2011,4,12,8,0,450,453,209,34
2011,4,12,9,0,264,33,240,37
2011,4,12,10,0,623,253,411,40
2011,4,12,11,0,671,254,438,41
2011,4,12,12,0,915,558,391,42
2011,4,12,13,0,772,405,406,42
2011,4,12,14,0,463,101,381,41
2011,4,12,15,0,275,18,263,40
2011,4,12,16,0,166,3,164,37
2011,4,12,17,0,90,0,90,35
2011,4,12,18,0,2,0,2,32
2011,4,12,19,0,0,0,0,31
2011,4,12,20,0,0,0,0,30
2011,4,12,21,0,0,0,0,28
2011,4,12,22,0,0,0,0,27
2011,4,12,23,0,0,0,0,26
2011,4,13,0,0,0,0,0,25
2011,4,13,1,0,0,0,0,24
2011,4,13,2,0,0,0,0,24
2011,4,13,3,0,0,0,0,23
2011,4,13,4,0,0,0,0,22
2011,4,13,5,0,0,0,0,22
2011,4,13,6,0,32,0,32,23
2011,4,13,7,0,222,176,164,27
2011,4,13,8,0,452,430,222,32
2011,4,13,9,0,657,571,252,35
2011,4,13,10,0,813,638,277,38
2011,4,13,11,0,909,672,290,39
2011,4,13,12,0,935,681,293,39
2011,4,13,13,0,890,666,287,39
2011,4,13,14,0,777,624,271,39
2011,4,13,15,0,425,141,331,38
2011,4,13,16,0,306,109,253,36
2011,4,13,17,0,160,95,134,33
2011,4,13,18,0,2,0,2,31
2011,4,13,19,0,0,0,0,30
2011,4,13,20,0,0,0,0,29
2011,4,13,21,0,0,0,0,28
2011,4,13,22,0,0,0,0,27
2011,4,13,23,0,0,0,0,26
2011,4,14,0,0,0,0,0,25
2011,4,14,1,0,0,0,0,25
2011,4,14,2,0,0,0,0,24
2011,4,14,3,0,0,0,0,23
2011,4,14,4,0,0,0,0,23
2011,4,14,5,0,0,0,0,22
2011,4,14,6,0,35,0,35,25
2011,4,14,7,0,237,213,166,28
2011,4,14,8,0,461,450,219,34
2011,4,14,9,0,664,563,263,37
2011,4,14,10,0,820,642,278,39
2011,4,14,11,0,915,676,291,41
2011,4,14,12,0,940,684,294,41
2011,4,14,13,0,878,612,324,41
2011,4,14,14,0,781,627,272,41
2011,4,14,15,0,610,536,252,39
2011,4,14,16,0,399,373,219,37
2011,4,14,17,0,162,115,130,35
2011,4,14,18,0,2,0,2,32
2011,4,14,19,0,0,0,0,31
2011,4,14,20,0,0,0,0,30
2011,4,14,21,0,0,0,0,29
2011,4,14,22,0,0,0,0,28
2011,4,14,23,0,0,0,0,27
2011,4,15,0,0,0,0,0,26
2011,4,15,1,0,0,0,0,26
2011,4,15,2,0,0,0,0,25
2011,4,15,3,0,0,0,0,24
2011,4,15,4,0,0,0,0,24
2011,4,15,5,0,0,0,0,23
2011,4,15,6,0,38,1,37,26
2011,4,15,7,0,177,71,153,30
2011,4,15,8,0,464,414,240,35
2011,4,15,9,0,667,564,263,38
2011,4,15,10,0,823,644,278,40
2011,4,15,11,0,900,614,332,41
2011,4,15,12,0,915,544,400,42
2011,4,15,13,0,566,156,424,41
2011,4,15,14,0,700,429,351,40
2011,4,15,15,0,606,544,242,39
2011,4,15,16,0,380,342,214,37
2011,4,15,17,0,170,164,125,35
2011,4,15,18,0,2,0,2,32
2011,4,15,19,0,0,0,0,31
2011,4,15,20,0,0,0,0,30
2011,4,15,21,0,0,0,0,29
2011,4,15,22,0,0,0,0,29
2011,4,15,23,0,0,0,0,28
2011,4,16,0,0,0,0,0,28
2011,4,16,1,0,0,0,0,27
2011,4,16,2,0,0,0,0,26
2011,4,16,3,0,0,0,0,26
2011,4,16,4,0,0,0,0,25
2011,4,16,5,0,0,0,0,25
2011,4,16,6,0,34,0,34,27
2011,4,16,7,0,103,0,103,30
2011,4,16,8,0,313,95,261,33
2011,4,16,9,0,234,12,225,36
2011,4,16,10,0,689,291,442,38
2011,4,16,11,0,452,76,381,41
2011,4,16,12,0,910,517,420,42
2011,4,16,13,0,691,272,443,42
2011,4,16,14,0,465,99,384,42
2011,4,16,15,0,598,535,239,40
2011,4,16,16,0,394,410,194,39
2011,4,16,17,0,160,106,130,36
2011,4,16,18,0,4,0,4,33
2011,4,16,19,0,0,0,0,33
2011,4,16,20,0,0,0,0,32
2011,4,16,21,0,0,0,0,31
2011,4,16,22,0,0,0,0,30
2011,4,16,23,0,0,0,0,28
2011,4,17,0,0,0,0,0,27
2011,4,17,1,0,0,0,0,26
2011,4,17,2,0,0,0,0,26
2011,4,17,3,0,0,0,0,25
2011,4,17,4,0,0,0,0,25
2011,4,17,5,0,0,0,0,26
2011,4,17,6,0,21,0,21,28
2011,4,17,7,0,57,0,57,32
2011,4,17,8,0,98,0,98,37
2011,4,17,9,0,243,8,237,39
2011,4,17,10,0,393,47,353,41
2011,4,17,11,0,872,507,401,43
2011,4,17,12,0,899,541,385,43
2011,4,17,13,0,875,650,283,43
2011,4,17,14,0,680,390,361,43
2011,4,17,15,0,571,378,317,42
2011,4,17,16,0,73,0,73,39
2011,4,17,17,0,33,0,33,37
2011,4,17,18,0,3,0,3,34
2011,4,17,19,0,0,0,0,31
2011,4,17,20,0,0,0,0,29
2011,4,17,21,0,0,0,0,28
2011,4,17,22,0,0,0,0,27
2011,4,17,23,0,0,0,0,27
2011,4,18,0,0,0,0,0,26
2011,4,18,1,0,0,0,0,25
2011,4,18,2,0,0,0,0,24
2011,4,18,3,0,0,0,0,24
2011,4,18,4,0,0,0,0,23
2011,4,18,5,0,0,0,0,23
2011,4,18,6,0,47,8,46,23
2011,4,18,7,0,248,284,149,25
2011,4,18,8,0,463,457,211,27
2011,4,18,9,0,658,563,250,31
2011,4,18,10,0,809,627,274,34
2011,4,18,11,0,901,659,287,36
2011,4,18,12,0,925,667,290,37
2011,4,18,13,0,880,653,284,38
2011,4,18,14,0,769,612,268,39
2011,4,18,15,0,603,539,240,38
2011,4,18,16,0,309,133,243,36
2011,4,18,17,0,175,173,126,33
2011,4,18,18,0,6,0,6,31
2011,4,18,19,0,0,0,0,30
2011,4,18,20,0,0,0,0,29
2011,4,18,21,0,0,0,0,28
2011,4,18,22,0,0,0,0,27
2011,4,18,23,0,0,0,0,26
2011,4,19,0,0,0,0,0,25
2011,4,19,1,0,0,0,0,24
2011,4,19,2,0,0,0,0,23
2011,4,19,3,0,0,0,0,23
2011,4,19,4,0,0,0,0,22
2011,4,19,5,0,0,0,0,22
2011,4,19,6,0,45,4,44,25
2011,4,19,7,0,258,258,167,29
2011,4,19,8,0,477,460,222,34
2011,4,19,9,0,679,570,265,37
2011,4,19,10,0,837,648,282,39
2011,4,19,11,0,933,685,294,40
2011,4,19,12,0,955,691,296,40
2011,4,19,13,0,905,673,289,40
2011,4,19,14,0,738,504,325,39
2011,4,19,15,0,610,493,277,38
2011,4,19,16,0,366,245,245,36
2011,4,19,17,0,88,0,88,34
2011,4,19,18,0,3,0,3,31
2011,4,19,19,0,0,0,0,30
2011,4,19,20,0,0,0,0,29
2011,4,19,21,0,0,0,0,28
2011,4,19,22,0,0,0,0,27
2011,4,19,23,0,0,0,0,26
2011,4,20,0,0,0,0,0,25
2011,4,20,1,0,0,0,0,24
2011,4,20,2,0,0,0,0,24
2011,4,20,3,0,0,0,0,23
2011,4,20,4,0,0,0,0,22
2011,4,20,5,0,0,0,0,22
2011,4,20,6,0,52,13,50,25
2011,4,20,7,0,261,262,168,28
2011,4,20,8,0,480,479,213,33
2011,4,20,9,0,681,571,264,36
2011,4,20,10,0,839,649,282,38
2011,4,20,11,0,936,681,299,39
2011,4,20,12,0,960,688,303,40
2011,4,20,13,0,911,673,294,40
2011,4,20,14,0,793,622,282,39
2011,4,20,15,0,619,539,254,38
2011,4,20,16,0,409,414,205,36
2011,4,20,17,0,179,161,133,33
2011,4,20,18,0,5,0,5,31
2011,4,20,19,0,0,0,0,29
2011,4,20,20,0,0,0,0,28
2011,4,20,21,0,0,0,0,28
2011,4,20,22,0,0,0,0,27
2011,4,20,23,0,0,0,0,26
2011,4,21,0,0,0,0,0,25
2011,4,21,1,0,0,0,0,25
2011,4,21,2,0,0,0,0,24
2011,4,21,3,0,0,0,0,23
2011,4,21,4,0,0,0,0,23
2011,4,21,5,0,0,0,0,23
2011,4,21,6,0,51,9,49,25
2011,4,21,7,0,264,265,169,29
2011,4,21,8,0,483,480,214,34
2011,4,21,9,0,684,572,265,37
2011,4,21,10,0,841,650,282,39
2011,4,21,11,0,937,681,299,40
2011,4,21,12,0,962,688,304,41
2011,4,21,13,0,913,673,295,41
2011,4,21,14,0,795,623,282,40
2011,4,21,15,0,620,540,253,39
2011,4,21,16,0,410,415,204,37
2011,4,21,17,0,186,181,134,35
2011,4,21,18,0,8,0,8,32
2011,4,21,19,0,0,0,0,31
2011,4,21,20,0,0,0,0,30
2011,4,21,21,0,0,0,0,29
2011,4,21,22,0,0,0,0,27
2011,4,21,23,0,0,0,0,26
2011,4,22,0,0,0,0,0,25
2011,4,22,1,0,0,0,0,25
2011,4,22,2,0,0,0,0,24
2011,4,22,3,0,0,0,0,23
2011,4,22,4,0,0,0,0,23
2011,4,22,5,0,0,0,0,22
2011,4,22,6,0,54,12,52,25
2011,4,22,7,0,267,268,170,29
2011,4,22,8,0,486,482,214,35
2011,4,22,9,0,687,573,266,38
2011,4,22,10,0,844,650,283,40
2011,4,22,11,0,939,681,299,41
2011,4,22,12,0,964,689,304,42
2011,4,22,13,0,914,674,294,42
2011,4,22,14,0,794,616,286,41
2011,4,22,15,0,599,499,259,39
2011,4,22,16,0,412,416,205,37
2011,4,22,17,0,182,166,134,35
2011,4,22,18,0,7,0,7,32
2011,4,22,19,0,0,0,0,31
2011,4,22,20,0,0,0,0,30
2011,4,22,21,0,0,0,0,29
2011,4,22,22,0,0,0,0,28
2011,4,22,23,0,0,0,0,27
2011,4,23,0,0,0,0,0,26
2011,4,23,1,0,0,0,0,26
2011,4,23,2,0,0,0,0,25
2011,4,23,3,0,0,0,0,24
2011,4,23,4,0,0,0,0,24
2011,4,23,5,0,0,0,0,24
2011,4,23,6,0,56,14,54,27
2011,4,23,7,0,266,257,172,30
2011,4,23,8,0,489,467,225,36
2011,4,23,9,0,689,574,266,39
2011,4,23,10,0,846,651,283,41
2011,4,23,11,0,941,682,299,42
2011,4,23,12,0,965,689,304,43
2011,4,23,13,0,916,674,295,43
2011,4,23,14,0,797,623,283,42
2011,4,23,15,0,623,541,254,41
2011,4,23,16,0,413,417,205,39
2011,4,23,17,0,178,151,134,36
2011,4,23,18,0,8,0,8,33
2011,4,23,19,0,0,0,0,32
2011,4,23,20,0,0,0,0,31
2011,4,23,21,0,0,0,0,30
2011,4,23,22,0,0,0,0,29
2011,4,23,23,0,0,0,0,29
2011,4,24,0,0,0,0,0,28
2011,4,24,1,0,0,0,0,27
2011,4,24,2,0,0,0,0,26
2011,4,24,3,0,0,0,0,26
2011,4,24,4,0,0,0,0,25
2011,4,24,5,0,0,0,0,25
2011,4,24,6,0,55,10,53,28
2011,4,24,7,0,258,227,175,32
2011,4,24,8,0,485,447,231,37
2011,4,24,9,0,692,575,267,41
2011,4,24,10,0,839,631,292,43
2011,4,24,11,0,940,685,294,44
2011,4,24,12,0,962,687,301,45
2011,4,24,13,0,915,677,291,44
2011,4,24,14,0,799,624,283,44
2011,4,24,15,0,625,542,255,42
2011,4,24,16,0,415,418,206,40
2011,4,24,17,0,181,154,136,38
2011,4,24,18,0,9,0,9,35
2011,4,24,19,0,0,0,0,34
2011,4,24,20,0,0,0,0,33
2011,4,24,21,0,0,0,0,32
2011,4,24,22,0,0,0,0,31
2011,4,24,23,0,0,0,0,30
2011,4,25,0,0,0,0,0,29
2011,4,25,1,0,0,0,0,28
2011,4,25,2,0,0,0,0,28
2011,4,25,3,0,0,0,0,27
2011,4,25,4,0,0,0,0,26
2011,4,25,5,0,0,0,0,26
2011,4,25,6,0,54,24,50,29
2011,4,25,7,0,256,214,177,33
2011,4,25,8,0,488,451,230,39
2011,4,25,9,0,690,565,271,43
2011,4,25,10,0,847,635,295,45
2011,4,25,11,0,939,683,294,46
2011,4,25,12,0,961,690,296,47
2011,4,25,13,0,913,675,290,47
2011,4,25,14,0,799,634,274,46
2011,4,25,15,0,626,542,255,44
2011,4,25,16,0,416,419,206,42
2011,4,25,17,0,182,157,136,40
2011,4,25,18,0,10,0,10,36
2011,4,25,19,0,0,0,0,35
2011,4,25,20,0,0,0,0,34
2011,4,25,21,0,0,0,0,33
2011,4,25,22,0,0,0,0,32
2011,4,25,23,0,0,0,0,31
2011,4,26,0,0,0,0,0,30
2011,4,26,1,0,0,0,0,29
2011,4,26,2,0,0,0,0,28
2011,4,26,3,0,0,0,0,27
2011,4,26,4,0,0,0,0,27
2011,4,26,5,0,0,0,0,26
2011,4,26,6,0,61,15,58,28
2011,4,26,7,0,265,236,177,31
2011,4,26,8,0,492,454,231,35
2011,4,26,9,0,692,586,257,37
2011,4,26,10,0,838,618,300,40
2011,4,26,11,0,926,671,291,42
2011,4,26,12,0,946,677,293,43
2011,4,26,13,0,898,661,287,43
2011,4,26,14,0,785,620,271,43
2011,4,26,15,0,618,547,243,42
2011,4,26,16,0,414,426,200,40
2011,4,26,17,0,190,178,137,38
2011,4,26,18,0,11,0,11,35
2011,4,26,19,0,0,0,0,34
2011,4,26,20,0,0,0,0,33
2011,4,26,21,0,0,0,0,32
2011,4,26,22,0,0,0,0,31
2011,4,26,23,0,0,0,0,30
2011,4,27,0,0,0,0,0,30
2011,4,27,1,0,0,0,0,30
2011,4,27,2,0,0,0,0,29
2011,4,27,3,0,0,0,0,28
2011,4,27,4,0,0,0,0,27
2011,4,27,5,0,0,0,0,27
2011,4,27,6,0,59,11,57,28
2011,4,27,7,0,269,241,178,31
2011,4,27,8,0,493,478,218,35
2011,4,27,9,0,685,577,255,38
2011,4,27,10,0,832,636,277,40
2011,4,27,11,0,921,666,289,42
2011,4,27,12,0,942,673,292,43
2011,4,27,13,0,895,657,286,44
2011,4,27,14,0,782,617,270,43
2011,4,27,15,0,616,544,242,42
2011,4,27,16,0,413,424,199,40
2011,4,27,17,0,186,163,138,38
2011,4,27,18,0,12,0,12,35
2011,4,27,19,0,0,0,0,34
2011,4,27,20,0,0,0,0,33
2011,4,27,21,0,0,0,0,32
2011,4,27,22,0,0,0,0,31
2011,4,27,23,0,0,0,0,31
2011,4,28,0,0,0,0,0,30
2011,4,28,1,0,0,0,0,29
2011,4,28,2,0,0,0,0,28
2011,4,28,3,0,0,0,0,28
2011,4,28,4,0,0,0,0,27
2011,4,28,5,0,0,0,0,27
2011,4,28,6,0,62,13,59,30
2011,4,28,7,0,272,245,179,34
2011,4,28,8,0,496,479,219,38
2011,4,28,9,0,687,578,255,41
2011,4,28,10,0,834,637,277,43
2011,4,28,11,0,922,667,289,45
2011,4,28,12,0,944,674,292,46
2011,4,28,13,0,896,658,286,46
2011,4,28,14,0,784,618,270,45
2011,4,28,15,0,618,545,243,44
2011,4,28,16,0,415,426,200,42
2011,4,28,17,0,188,166,138,40
2011,4,28,18,0,13,0,13,37
2011,4,28,19,0,0,0,0,36
2011,4,28,20,0,0,0,0,35
2011,4,28,21,0,0,0,0,34
2011,4,28,22,0,0,0,0,33
2011,4,28,23,0,0,0,0,33
2011,4,29,0,0,0,0,0,32
2011,4,29,1,0,0,0,0,31
2011,4,29,2,0,0,0,0,30
2011,4,29,3,0,0,0,0,29
2011,4,29,4,0,0,0,0,28
2011,4,29,5,0,0,0,0,28
2011,4,29,6,0,60,35,54,30
2011,4,29,7,0,263,215,181,34
2011,4,29,8,0,489,426,241,39
2011,4,29,9,0,695,557,277,43
2011,4,29,10,0,845,645,280,45
2011,4,29,11,0,926,621,335,46
2011,4,29,12,0,954,681,294,46
2011,4,29,13,0,905,665,288,46
2011,4,29,14,0,792,624,272,45
2011,4,29,15,0,624,550,244,44
2011,4,29,16,0,419,431,201,42
2011,4,29,17,0,196,187,140,40
2011,4,29,18,0,11,0,11,37
2011,4,29,19,0,0,0,0,36
2011,4,29,20,0,0,0,0,35
2011,4,29,21,0,0,0,0,34
2011,4,29,22,0,0,0,0,33
2011,4,29,23,0,0,0,0,32
2011,4,30,0,0,0,0,0,31
2011,4,30,1,0,0,0,0,30
2011,4,30,2,0,0,0,0,30
2011,4,30,3,0,0,0,0,29
2011,4,30,4,0,0,0,0,28
2011,4,30,5,0,0,0,0,28
2011,4,30,6,0,59,20,55,31
2011,4,30,7,0,248,170,183,35
2011,4,30,8,0,473,344,272,40
2011,4,30,9,0,691,519,301,42
2011,4,30,10,0,852,626,302,44
2011,4,30,11,0,947,685,295,45
2011,4,30,12,0,968,692,297,46
2011,4,30,13,0,919,676,291,45
2011,4,30,14,0,806,626,283,45
2011,4,30,15,0,632,545,255,44
2011,4,30,16,0,424,424,208,42
2011,4,30,17,0,198,190,141,40
2011,4,30,18,0,12,0,12,37
2011,4,30,19,0,0,0,0,35
2011,4,30,20,0,0,0,0,34
2011,4,30,21,0,0,0,0,34
2011,4,30,22,0,0,0,0,33
2011,4,30,23,0,0,0,0,32
2011,5,1,0,0,0,0,0,31
2011,5,1,1,0,0,0,0,31
2011,5,1,2,0,0,0,0,30
2011,5,1,3,0,0,0,0,29
2011,5,1,4,0,0,0,0,28
2011,5,1,5,0,0,0,0,28
2011,5,1,6,0,58,8,56,31
2011,5,1,7,0,256,179,187,35
2011,5,1,8,0,466,359,256,40
2011,5,1,9,0,656,473,299,43
2011,5,1,10,0,806,535,335,45
2011,5,1,11,0,898,570,354,46
2011,5,1,12,0,914,568,362,46
2011,5,1,13,0,865,560,343,46
2011,5,1,14,0,755,517,323,45
2011,5,1,15,0,564,356,317,44
2011,5,1,16,0,383,299,230,42
2011,5,1,17,0,168,86,142,40
2011,5,1,18,0,11,0,11,38
2011,5,1,19,0,0,0,0,36
2011,5,1,20,0,0,0,0,35
2011,5,1,21,0,0,0,0,34
2011,5,1,22,0,0,0,0,33
2011,5,1,23,0,0,0,0,32
2011,5,2,0,0,0,0,0,31
2011,5,2,1,0,0,0,0,30
2011,5,2,2,0,0,0,0,30
2011,5,2,3,0,0,0,0,29
2011,5,2,4,0,0,0,0,28
2011,5,2,5,0,0,0,0,28
2011,5,2,6,0,64,32,58,31
2011,5,2,7,0,259,182,188,35
2011,5,2,8,0,468,361,256,40
2011,5,2,9,0,660,476,300,43
2011,5,2,10,0,810,538,336,45
2011,5,2,11,0,902,570,358,46
2011,5,2,12,0,922,580,358,47
2011,5,2,13,0,873,561,350,47
2011,5,2,14,0,750,508,324,46
2011,5,2,15,0,585,433,284,44
2011,5,2,16,0,387,280,243,42
2011,5,2,17,0,170,88,143,40
2011,5,2,18,0,12,0,12,38
2011,5,2,19,0,0,0,0,37
2011,5,2,20,0,0,0,0,36
2011,5,2,21,0,0,0,0,35
2011,5,2,22,0,0,0,0,34
2011,5,2,23,0,0,0,0,33
2011,5,3,0,0,0,0,0,33
2011,5,3,1,0,0,0,0,32
2011,5,3,2,0,0,0,0,31
2011,5,3,3,0,0,0,0,31
2011,5,3,4,0,0,0,0,30
2011,5,3,5,0,0,0,0,30
2011,5,3,6,0,62,6,60,32
2011,5,3,7,0,261,186,188,36
2011,5,3,8,0,470,362,256,41
2011,5,3,9,0,662,476,301,43
2011,5,3,10,0,812,538,337,46
2011,5,3,11,0,903,570,358,47
2011,5,3,12,0,922,578,359,48
2011,5,3,13,0,868,561,344,47
2011,5,3,14,0,704,424,348,47
2011,5,3,15,0,547,299,339,45
2011,5,3,16,0,231,26,217,42
2011,5,3,17,0,123,13,119,40
2011,5,3,18,0,15,0,15,39
2011,5,3,19,0,0,0,0,38
2011,5,3,20,0,0,0,0,37
2011,5,3,21,0,0,0,0,36
2011,5,3,22,0,0,0,0,35
2011,5,3,23,0,0,0,0,34
2011,5,4,0,0,0,0,0,33
2011,5,4,1,0,0,0,0,33
2011,5,4,2,0,0,0,0,32
2011,5,4,3,0,0,0,0,31
2011,5,4,4,0,0,0,0,30
2011,5,4,5,0,0,0,0,30
2011,5,4,6,0,53,0,53,32
2011,5,4,7,0,242,141,186,35
2011,5,4,8,0,230,24,215,39
2011,5,4,9,0,181,3,178,42
2011,5,4,10,0,372,21,353,45
2011,5,4,11,0,494,102,396,46
2011,5,4,12,0,867,461,417,47
2011,5,4,13,0,865,555,346,47
2011,5,4,14,0,756,512,326,46
2011,5,4,15,0,595,438,290,45
2011,5,4,16,0,388,279,244,43
2011,5,4,17,0,169,91,141,41
2011,5,4,18,0,14,0,14,39
2011,5,4,19,0,0,0,0,38
2011,5,4,20,0,0,0,0,37
2011,5,4,21,0,0,0,0,36
2011,5,4,22,0,0,0,0,35
2011,5,4,23,0,0,0,0,35
2011,5,5,0,0,0,0,0,34
2011,5,5,1,0,0,0,0,33
2011,5,5,2,0,0,0,0,32
2011,5,5,3,0,0,0,0,31
2011,5,5,4,0,0,0,0,30
2011,5,5,5,0,0,0,0,30
2011,5,5,6,0,16,0,16,32
2011,5,5,7,0,58,0,58,34
2011,5,5,8,0,170,1,169,37
2011,5,5,9,0,209,4,205,40
2011,5,5,10,0,275,13,263,41
2011,5,5,11,0,843,454,408,41
2011,5,5,12,0,895,551,357,41
2011,5,5,13,0,858,549,344,40
2011,5,5,14,0,605,238,405,39
2011,5,5,15,0,570,365,315,39
2011,5,5,16,0,391,309,231,39
2011,5,5,17,0,176,105,143,38
2011,5,5,18,0,15,0,15,35
2011,5,5,19,0,0,0,0,34
2011,5,5,20,0,0,0,0,34
2011,5,5,21,0,0,0,0,33
2011,5,5,22,0,0,0,0,33
2011,5,5,23,0,0,0,0,32
2011,5,6,0,0,0,0,0,32
2011,5,6,1,0,0,0,0,32
2011,5,6,2,0,0,0,0,31
2011,5,6,3,0,0,0,0,31
2011,5,6,4,0,0,0,0,30
2011,5,6,5,0,0,0,0,29
2011,5,6,6,0,69,11,67,29
2011,5,6,7,0,269,195,191,30
2011,5,6,8,0,476,365,258,33
2011,5,6,9,0,664,470,306,37
2011,5,6,10,0,804,530,335,40
2011,5,6,11,0,888,561,350,42
2011,5,6,12,0,908,568,353,43
2011,5,6,13,0,862,551,345,44
2011,5,6,14,0,754,510,325,43
2011,5,6,15,0,390,87,329,42
2011,5,6,16,0,343,180,249,40
2011,5,6,17,0,33,0,33,38
2011,5,6,18,0,18,0,18,36
2011,5,6,19,0,0,0,0,35
2011,5,6,20,0,0,0,0,34
2011,5,6,21,0,0,0,0,33
2011,5,6,22,0,0,0,0,33
2011,5,6,23,0,0,0,0,32
2011,5,7,0,0,0,0,0,32
2011,5,7,1,0,0,0,0,31
2011,5,7,2,0,0,0,0,30
2011,5,7,3,0,0,0,0,29
2011,5,7,4,0,0,0,0,28
2011,5,7,5,0,0,0,0,28
2011,5,7,6,0,78,21,74,30
2011,5,7,7,0,272,199,192,34
2011,5,7,8,0,478,366,259,38
2011,5,7,9,0,668,479,302,40
2011,5,7,10,0,793,499,350,42
2011,5,7,11,0,906,567,361,43
2011,5,7,12,0,909,578,344,43
2011,5,7,13,0,878,562,351,43
2011,5,7,14,0,762,519,324,42
2011,5,7,15,0,593,443,283,41
2011,5,7,16,0,394,311,232,39
2011,5,7,17,0,179,109,145,37
2011,5,7,18,0,17,0,17,35
2011,5,7,19,0,0,0,0,34
2011,5,7,20,0,0,0,0,33
2011,5,7,21,0,0,0,0,32
2011,5,7,22,0,0,0,0,32
2011,5,7,23,0,0,0,0,31
2011,5,8,0,0,0,0,0,30
2011,5,8,1,0,0,0,0,29
2011,5,8,2,0,0,0,0,28
2011,5,8,3,0,0,0,0,28
2011,5,8,4,0,0,0,0,27
2011,5,8,5,0,0,0,0,27
2011,5,8,6,0,69,8,67,30
2011,5,8,7,0,263,174,193,34
2011,5,8,8,0,480,367,260,39
2011,5,8,9,0,665,472,303,41
2011,5,8,10,0,818,540,338,43
2011,5,8,11,0,907,571,358,44
2011,5,8,12,0,928,578,362,45
2011,5,8,13,0,878,562,350,45
2011,5,8,14,0,763,519,325,44
2011,5,8,15,0,595,443,284,43
2011,5,8,16,0,395,312,232,41
2011,5,8,17,0,181,111,146,39
2011,5,8,18,0,18,0,18,37
2011,5,8,19,0,0,0,0,36
2011,5,8,20,0,0,0,0,35
2011,5,8,21,0,0,0,0,34
2011,5,8,22,0,0,0,0,33
2011,5,8,23,0,0,0,0,32
2011,5,9,0,0,0,0,0,31
2011,5,9,1,0,0,0,0,30
2011,5,9,2,0,0,0,0,30
2011,5,9,3,0,0,0,0,29
2011,5,9,4,0,0,0,0,28
2011,5,9,5,0,0,0,0,28
2011,5,9,6,0,71,10,69,31
2011,5,9,7,0,271,190,194,35
2011,5,9,8,0,481,368,260,40
2011,5,9,9,0,671,480,303,43
2011,5,9,10,0,819,540,338,45
2011,5,9,11,0,909,572,358,47
2011,5,9,12,0,929,578,363,48
2011,5,9,13,0,879,562,351,48
2011,5,9,14,0,764,519,325,47
2011,5,9,15,0,596,444,284,45
2011,5,9,16,0,396,313,232,43
2011,5,9,17,0,183,113,147,41
2011,5,9,18,0,19,0,19,38
2011,5,9,19,0,0,0,0,37
2011,5,9,20,0,0,0,0,36
2011,5,9,21,0,0,0,0,35
2011,5,9,22,0,0,0,0,34
2011,5,9,23,0,0,0,0,33
2011,5,10,0,0,0,0,0,32
2011,5,10,1,0,0,0,0,32
2011,5,10,2,0,0,0,0,31
2011,5,10,3,0,0,0,0,30
2011,5,10,4,0,0,0,0,29
2011,5,10,5,0,0,0,0,29
2011,5,10,6,0,72,11,69,31
2011,5,10,7,0,273,192,195,35
2011,5,10,8,0,483,369,260,39
2011,5,10,9,0,672,480,303,42
2011,5,10,10,0,819,541,337,45
2011,5,10,11,0,842,491,368,46
2011,5,10,12,0,930,577,364,47
2011,5,10,13,0,880,562,351,47
2011,5,10,14,0,764,519,325,47
2011,5,10,15,0,597,444,284,45
2011,5,10,16,0,398,267,258,44
2011,5,10,17,0,55,0,55,42
2011,5,10,18,0,15,0,15,39
2011,5,10,19,0,0,0,0,38
2011,5,10,20,0,0,0,0,36
2011,5,10,21,0,0,0,0,35
2011,5,10,22,0,0,0,0,34
2011,5,10,23,0,0,0,0,34
2011,5,11,0,0,0,0,0,33
2011,5,11,1,0,0,0,0,32
2011,5,11,2,0,0,0,0,31
2011,5,11,3,0,0,0,0,30
2011,5,11,4,0,0,0,0,30
2011,5,11,5,0,0,0,0,30
2011,5,11,6,0,70,7,68,33
2011,5,11,7,0,270,181,196,37
2011,5,11,8,0,484,370,260,42
2011,5,11,9,0,669,477,302,45
2011,5,11,10,0,820,541,337,47
2011,5,11,11,0,905,569,356,48
2011,5,11,12,0,925,574,361,48
2011,5,11,13,0,881,562,352,48
2011,5,11,14,0,765,520,324,48
2011,5,11,15,0,598,445,284,46
2011,5,11,16,0,399,315,233,44
2011,5,11,17,0,186,117,148,42
2011,5,11,18,0,21,0,21,39
2011,5,11,19,0,0,0,0,38
2011,5,11,20,0,0,0,0,37
2011,5,11,21,0,0,0,0,36
2011,5,11,22,0,0,0,0,35
2011,5,11,23,0,0,0,0,34
2011,5,12,0,0,0,0,0,33
2011,5,12,1,0,0,0,0,33
2011,5,12,2,0,0,0,0,32
2011,5,12,3,0,0,0,0,31
2011,5,12,4,0,0,0,0,30
2011,5,12,5,0,0,0,0,30
2011,5,12,6,0,41,0,41,32
2011,5,12,7,0,272,171,202,36
2011,5,12,8,0,482,360,264,41
2011,5,12,9,0,666,467,306,44
2011,5,12,10,0,811,523,343,46
2011,5,12,11,0,900,572,347,48
2011,5,12,12,0,926,575,361,49
2011,5,12,13,0,877,550,359,49
2011,5,12,14,0,749,493,331,48
2011,5,12,15,0,587,399,305,47
2011,5,12,16,0,366,230,245,45
2011,5,12,17,0,183,108,148,42
2011,5,12,18,0,20,0,20,40
2011,5,12,19,0,0,0,0,38
2011,5,12,20,0,0,0,0,37
2011,5,12,21,0,0,0,0,36
2011,5,12,22,0,0,0,0,35
2011,5,12,23,0,0,0,0,34
2011,5,13,0,0,0,0,0,34
2011,5,13,1,0,0,0,0,33
2011,5,13,2,0,0,0,0,32
2011,5,13,3,0,0,0,0,31
2011,5,13,4,0,0,0,0,30
2011,5,13,5,0,0,0,0,30
2011,5,13,6,0,59,0,59,32
2011,5,13,7,0,217,78,185,36
2011,5,13,8,0,472,320,278,41
2011,5,13,9,0,667,471,303,44
2011,5,13,10,0,818,534,340,46
2011,5,13,11,0,907,571,355,48
2011,5,13,12,0,927,576,361,49
2011,5,13,13,0,882,562,352,48
2011,5,13,14,0,767,520,325,48
2011,5,13,15,0,600,446,284,46
2011,5,13,16,0,402,290,249,44
2011,5,13,17,0,185,110,149,42
2011,5,13,18,0,21,0,21,39
2011,5,13,19,0,0,0,0,38
2011,5,13,20,0,0,0,0,37
2011,5,13,21,0,0,0,0,36
2011,5,13,22,0,0,0,0,35
2011,5,13,23,0,0,0,0,34
2011,5,14,0,0,0,0,0,33
2011,5,14,1,0,0,0,0,32
2011,5,14,2,0,0,0,0,31
2011,5,14,3,0,0,0,0,31
2011,5,14,4,0,0,0,0,30
2011,5,14,5,0,0,0,0,30
2011,5,14,6,0,97,36,89,33
2011,5,14,7,0,230,88,193,37
2011,5,14,8,0,488,354,272,42
2011,5,14,9,0,676,482,303,45
2011,5,14,10,0,819,535,340,47
2011,5,14,11,0,912,572,358,48
2011,5,14,12,0,933,579,363,48
2011,5,14,13,0,883,562,352,48
2011,5,14,14,0,768,520,326,47
2011,5,14,15,0,583,365,324,46
2011,5,14,16,0,271,65,236,44
2011,5,14,17,0,187,112,150,42
2011,5,14,18,0,22,0,22,39
2011,5,14,19,0,0,0,0,38
2011,5,14,20,0,0,0,0,37
2011,5,14,21,0,0,0,0,36
2011,5,14,22,0,0,0,0,35
2011,5,14,23,0,0,0,0,35
2011,5,15,0,0,0,0,0,34
2011,5,15,1,0,0,0,0,33
2011,5,15,2,0,0,0,0,33
2011,5,15,3,0,0,0,0,32
2011,5,15,4,0,0,0,0,31
2011,5,15,5,0,0,0,0,31
2011,5,15,6,0,81,17,77,33
2011,5,15,7,0,283,204,198,37
2011,5,15,8,0,489,373,261,41
2011,5,15,9,0,677,482,304,44
2011,5,15,10,0,824,542,338,47
2011,5,15,11,0,913,572,359,48
2011,5,15,12,0,933,579,363,49
2011,5,15,13,0,883,562,352,49
2011,5,15,14,0,768,521,325,49
2011,5,15,15,0,602,447,285,47
2011,5,15,16,0,404,318,235,45
2011,5,15,17,0,193,126,152,43
2011,5,15,18,0,25,0,25,40
2011,5,15,19,0,0,0,0,39
2011,5,15,20,0,0,0,0,38
2011,5,15,21,0,0,0,0,38
2011,5,15,22,0,0,0,0,37
2011,5,15,23,0,0,0,0,36
2011,5,16,0,0,0,0,0,35
2011,5,16,1,0,0,0,0,35
2011,5,16,2,0,0,0,0,34
2011,5,16,3,0,0,0,0,33
2011,5,16,4,0,0,0,0,32
2011,5,16,5,0,0,0,0,32
2011,5,16,6,0,78,14,75,35
2011,5,16,7,0,279,192,199,38
2011,5,16,8,0,491,373,263,43
2011,5,16,9,0,678,483,304,46
2011,5,16,10,0,825,542,339,49
2011,5,16,11,0,911,574,356,50
2011,5,16,12,0,930,580,359,51
2011,5,16,13,0,883,564,350,51
2011,5,16,14,0,769,521,325,50
2011,5,16,15,0,603,447,285,48
2011,5,16,16,0,405,319,235,46
2011,5,16,17,0,190,116,152,44
2011,5,16,18,0,24,0,24,41
2011,5,16,19,0,0,0,0,40
2011,5,16,20,0,0,0,0,39
2011,5,16,21,0,0,0,0,39
2011,5,16,22,0,0,0,0,38
2011,5,16,23,0,0,0,0,37
2011,5,17,0,0,0,0,0,36
2011,5,17,1,0,0,0,0,36
2011,5,17,2,0,0,0,0,35
2011,5,17,3,0,0,0,0,34
2011,5,17,4,0,0,0,0,34
2011,5,17,5,0,0,0,0,34
2011,5,17,6,0,76,9,74,37
2011,5,17,7,0,264,143,204,41
2011,5,17,8,0,483,355,266,45
2011,5,17,9,0,666,460,309,48
2011,5,17,10,0,816,525,344,50
2011,5,17,11,0,909,572,354,51
2011,5,17,12,0,928,578,358,51
2011,5,17,13,0,882,562,350,51
2011,5,17,14,0,770,521,326,50
2011,5,17,15,0,604,448,285,49
2011,5,17,16,0,407,320,236,47
2011,5,17,17,0,192,119,152,45
2011,5,17,18,0,25,0,25,43
2011,5,17,19,0,0,0,0,41
2011,5,17,20,0,0,0,0,40
2011,5,17,21,0,0,0,0,39
2011,5,17,22,0,0,0,0,38
2011,5,17,23,0,0,0,0,38
2011,5,18,0,0,0,0,0,37
2011,5,18,1,0,0,0,0,36
2011,5,18,2,0,0,0,0,35
2011,5,18,3,0,0,0,0,35
2011,5,18,4,0,0,0,0,34
2011,5,18,5,0,0,0,0,34
2011,5,18,6,0,77,7,75,37
2011,5,18,7,0,220,69,191,41
2011,5,18,8,0,479,325,280,45
2011,5,18,9,0,672,472,305,47
2011,5,18,10,0,822,537,339,49
2011,5,18,11,0,909,572,354,50
2011,5,18,12,0,929,579,358,50
2011,5,18,13,0,883,563,350,50
2011,5,18,14,0,771,521,326,49
2011,5,18,15,0,605,448,285,48
2011,5,18,16,0,408,321,236,46
2011,5,18,17,0,199,119,159,44
2011,5,18,18,0,35,0,35,42
2011,5,18,19,0,0,0,0,41
2011,5,18,20,0,0,0,0,40
2011,5,18,21,0,0,0,0,39
2011,5,18,22,0,0,0,0,38
2011,5,18,23,0,0,0,0,37
2011,5,19,0,0,0,0,0,37
2011,5,19,1,0,0,0,0,36
2011,5,19,2,0,0,0,0,36
2011,5,19,3,0,0,0,0,35
2011,5,19,4,0,0,0,0,34
2011,5,19,5,0,0,0,0,34
2011,5,19,6,0,87,22,82,36
2011,5,19,7,0,289,211,200,39
2011,5,19,8,0,493,375,263,42
2011,5,19,9,0,679,477,309,44
2011,5,19,10,0,816,533,336,46
2011,5,19,11,0,898,563,351,46
2011,5,19,12,0,917,570,354,47
2011,5,19,13,0,872,554,346,48
2011,5,19,14,0,766,514,327,49
2011,5,19,15,0,609,444,292,48
2011,5,19,16,0,409,321,237,46
2011,5,19,17,0,195,110,158,44
2011,5,19,18,0,36,0,36,42
2011,5,19,19,0,0,0,0,41
2011,5,19,20,0,0,0,0,39
2011,5,19,21,0,0,0,0,37
2011,5,19,22,0,0,0,0,36
2011,5,19,23,0,0,0,0,34
2011,5,20,0,0,0,0,0,33
2011,5,20,1,0,0,0,0,31
2011,5,20,2,0,0,0,0,30
2011,5,20,3,0,0,0,0,30
2011,5,20,4,0,0,0,0,29
2011,5,20,5,0,0,0,0,29
2011,5,20,6,0,84,15,80,31
2011,5,20,7,0,263,136,205,34
2011,5,20,8,0,469,314,276,37
2011,5,20,9,0,657,438,316,41
2011,5,20,10,0,806,506,350,44
2011,5,20,11,0,902,566,352,46
2011,5,20,12,0,921,573,355,47
2011,5,20,13,0,876,557,347,48
2011,5,20,14,0,769,517,327,47
2011,5,20,15,0,604,443,287,46
2011,5,20,16,0,410,294,252,44
2011,5,20,17,0,192,113,154,42
2011,5,20,18,0,28,0,28,40
2011,5,20,19,0,0,0,0,39
2011,5,20,20,0,0,0,0,38
2011,5,20,21,0,0,0,0,36
2011,5,20,22,0,0,0,0,35
2011,5,20,23,0,0,0,0,34
2011,5,21,0,0,0,0,0,33
2011,5,21,1,0,0,0,0,32
2011,5,21,2,0,0,0,0,31
2011,5,21,3,0,0,0,0,31
2011,5,21,4,0,0,0,0,30
2011,5,21,5,0,0,0,0,31
2011,5,21,6,0,81,9,79,33
2011,5,21,7,0,264,138,205,36
2011,5,21,8,0,464,269,298,38
2011,5,21,9,0,159,2,157,40
2011,5,21,10,0,221,2,219,42
2011,5,21,11,0,231,5,226,44
2011,5,21,12,0,176,2,174,47
2011,5,21,13,0,284,14,270,47
2011,5,21,14,0,725,382,398,47
2011,5,21,15,0,212,13,202,46
2011,5,21,16,0,88,0,88,45
2011,5,21,17,0,37,0,37,43
2011,5,21,18,0,24,0,24,40
2011,5,21,19,0,0,0,0,40
2011,5,21,20,0,0,0,0,39
2011,5,21,21,0,0,0,0,38
2011,5,21,22,0,0,0,0,37
2011,5,21,23,0,0,0,0,36
2011,5,22,0,0,0,0,0,35
2011,5,22,1,0,0,0,0,34
2011,5,22,2,0,0,0,0,34
2011,5,22,3,0,0,0,0,33
2011,5,22,4,0,0,0,0,32
2011,5,22,5,0,0,0,0,33
2011,5,22,6,0,78,9,76,35
2011,5,22,7,0,277,176,202,39
2011,5,22,8,0,489,359,267,42
2011,5,22,9,0,676,475,306,44
2011,5,22,10,0,815,532,335,45
2011,5,22,11,0,895,561,349,42
2011,5,22,12,0,914,567,353,42
2011,5,22,13,0,459,82,381,42
2011,5,22,14,0,292,11,282,43
2011,5,22,15,0,106,0,106,43
2011,5,22,16,0,95,0,95,43
2011,5,22,17,0,89,0,89,41
2011,5,22,18,0,18,0,18,38
2011,5,22,19,0,0,0,0,37
2011,5,22,20,0,0,0,0,37
2011,5,22,21,0,0,0,0,36
2011,5,22,22,0,0,0,0,35
2011,5,22,23,0,0,0,0,34
2011,5,23,0,0,0,0,0,34
2011,5,23,1,0,0,0,0,33
2011,5,23,2,0,0,0,0,32
2011,5,23,3,0,0,0,0,32
2011,5,23,4,0,0,0,0,31
2011,5,23,5,0,0,0,0,32
2011,5,23,6,0,87,20,82,33
2011,5,23,7,0,294,215,203,36
2011,5,23,8,0,496,376,264,40
2011,5,23,9,0,686,482,310,43
2011,5,23,10,0,825,540,338,44
2011,5,23,11,0,908,570,353,46
2011,5,23,12,0,928,577,357,46
2011,5,23,13,0,882,561,349,46
2011,5,23,14,0,775,520,329,45
2011,5,23,15,0,617,449,295,44
2011,5,23,16,0,414,325,238,43
2011,5,23,17,0,207,143,158,41
2011,5,23,18,0,32,0,32,39
2011,5,23,19,0,0,0,0,38
2011,5,23,20,0,0,0,0,38
2011,5,23,21,0,0,0,0,37
2011,5,23,22,0,0,0,0,36
2011,5,23,23,0,0,0,0,35
2011,5,24,0,0,0,0,0,34
2011,5,24,1,0,0,0,0,33
2011,5,24,2,0,0,0,0,32
2011,5,24,3,0,0,0,0,32
2011,5,24,4,0,0,0,0,31
2011,5,24,5,0,0,0,0,31
2011,5,24,6,0,84,16,80,33
2011,5,24,7,0,290,204,203,37
2011,5,24,8,0,497,377,264,41
2011,5,24,9,0,688,483,311,44
2011,5,24,10,0,826,540,339,46
2011,5,24,11,0,908,570,353,47
2011,5,24,12,0,927,576,356,48
2011,5,24,13,0,881,560,348,48
2011,5,24,14,0,774,519,328,47
2011,5,24,15,0,616,448,294,46
2011,5,24,16,0,415,325,238,45
2011,5,24,17,0,209,145,159,43
2011,5,24,18,0,33,0,33,41
2011,5,24,19,0,0,0,0,40
2011,5,24,20,0,0,0,0,39
2011,5,24,21,0,0,0,0,38
2011,5,24,22,0,0,0,0,37
2011,5,24,23,0,0,0,0,37
2011,5,25,0,0,0,0,0,36
2011,5,25,1,0,0,0,0,35
2011,5,25,2,0,0,0,0,35
2011,5,25,3,0,0,0,0,34
2011,5,25,4,0,0,0,0,33
2011,5,25,5,0,0,0,0,33
2011,5,25,6,0,81,7,79,35
2011,5,25,7,0,262,131,206,38
2011,5,25,8,0,467,303,279,39
2011,5,25,9,0,654,430,318,40
2011,5,25,10,0,802,497,353,41
2011,5,25,11,0,891,557,348,42
2011,5,25,12,0,909,563,351,42
2011,5,25,13,0,864,547,343,43
2011,5,25,14,0,759,507,323,45
2011,5,25,15,0,604,418,303,45
2011,5,25,16,0,400,259,259,44
2011,5,25,17,0,195,107,158,43
2011,5,25,18,0,31,0,31,40
2011,5,25,19,0,0,0,0,39
2011,5,25,20,0,0,0,0,39
2011,5,25,21,0,0,0,0,38
2011,5,25,22,0,0,0,0,37
2011,5,25,23,0,0,0,0,36
2011,5,26,0,0,0,0,0,36
2011,5,26,1,0,0,0,0,35
2011,5,26,2,0,0,0,0,34
2011,5,26,3,0,0,0,0,33
2011,5,26,4,0,0,0,0,32
2011,5,26,5,0,0,0,0,32
2011,5,26,6,0,86,16,82,34
2011,5,26,7,0,281,180,204,37
2011,5,26,8,0,492,361,268,41
2011,5,26,9,0,674,471,306,43
2011,5,26,10,0,809,527,333,46
2011,5,26,11,0,890,557,348,48
2011,5,26,12,0,909,563,351,48
2011,5,26,13,0,864,547,343,49
2011,5,26,14,0,134,0,134,47
2011,5,26,15,0,108,0,108,44
2011,5,26,16,0,78,0,78,43
2011,5,26,17,0,40,0,40,42
2011,5,26,18,0,13,0,13,41
2011,5,26,19,0,0,0,0,40
2011,5,26,20,0,0,0,0,39
2011,5,26,21,0,0,0,0,38
2011,5,26,22,0,0,0,0,37
2011,5,26,23,0,0,0,0,36
2011,5,27,0,0,0,0,0,36
2011,5,27,1,0,0,0,0,35
2011,5,27,2,0,0,0,0,35
2011,5,27,3,0,0,0,0,35
2011,5,27,4,0,0,0,0,34
2011,5,27,5,0,0,0,0,34
2011,5,27,6,0,19,0,19,36
2011,5,27,7,0,53,0,53,40
2011,5,27,8,0,224,17,213,43
2011,5,27,9,0,680,476,308,45
2011,5,27,10,0,817,533,335,47
2011,5,27,11,0,477,86,393,48
2011,5,27,12,0,667,229,440,48
2011,5,27,13,0,863,546,343,48
2011,5,27,14,0,766,512,325,47
2011,5,27,15,0,612,443,292,44
2011,5,27,16,0,419,328,240,42
2011,5,27,17,0,209,134,162,40
2011,5,27,18,0,34,0,34,39
2011,5,27,19,0,0,0,0,38
2011,5,27,20,0,0,0,0,37
2011,5,27,21,0,0,0,0,36
2011,5,27,22,0,0,0,0,35
2011,5,27,23,0,0,0,0,34
2011,5,28,0,0,0,0,0,33
2011,5,28,1,0,0,0,0,32
2011,5,28,2,0,0,0,0,31
2011,5,28,3,0,0,0,0,31
2011,5,28,4,0,0,0,0,30
2011,5,28,5,0,0,0,0,30
2011,5,28,6,0,96,31,89,33
2011,5,28,7,0,297,218,203,36
2011,5,28,8,0,499,378,264,39
2011,5,28,9,0,680,476,308,42
2011,5,28,10,0,816,533,335,44
2011,5,28,11,0,898,562,350,46
2011,5,28,12,0,918,570,353,46
2011,5,28,13,0,875,555,346,47
2011,5,28,14,0,771,516,327,46
2011,5,28,15,0,618,448,294,45
2011,5,28,16,0,420,329,240,43
2011,5,28,17,0,206,124,163,41
2011,5,28,18,0,35,0,35,40
2011,5,28,19,0,0,0,0,39
2011,5,28,20,0,0,0,0,38
2011,5,28,21,0,0,0,0,37
2011,5,28,22,0,0,0,0,36
2011,5,28,23,0,0,0,0,35
2011,5,29,0,0,0,0,0,34
2011,5,29,1,0,0,0,0,33
2011,5,29,2,0,0,0,0,33
2011,5,29,3,0,0,0,0,32
2011,5,29,4,0,0,0,0,31
2011,5,29,5,0,0,0,0,32
2011,5,29,6,0,88,18,84,34
2011,5,29,7,0,294,209,204,38
2011,5,29,8,0,499,378,264,41
2011,5,29,9,0,681,476,308,44
2011,5,29,10,0,816,532,335,46
2011,5,29,11,0,897,561,349,47
2011,5,29,12,0,916,568,352,48
2011,5,29,13,0,871,552,345,48
2011,5,29,14,0,767,512,325,48
2011,5,29,15,0,549,279,347,46
2011,5,29,16,0,400,286,243,44
2011,5,29,17,0,207,114,167,43
2011,5,29,18,0,39,0,39,41
2011,5,29,19,0,0,0,0,40
2011,5,29,20,0,0,0,0,39
2011,5,29,21,0,0,0,0,38
2011,5,29,22,0,0,0,0,37
2011,5,29,23,0,0,0,0,37
2011,5,30,0,0,0,0,0,36
2011,5,30,1,0,0,0,0,35
2011,5,30,2,0,0,0,0,35
2011,5,30,3,0,0,0,0,35
2011,5,30,4,0,0,0,0,34
2011,5,30,5,0,0,0,0,34
2011,5,30,6,0,93,25,87,33
2011,5,30,7,0,298,218,204,34
2011,5,30,8,0,495,377,261,33
2011,5,30,9,0,669,467,304,34
2011,5,30,10,0,804,523,331,35
2011,5,30,11,0,886,554,346,36
2011,5,30,12,0,910,564,351,39
2011,5,30,13,0,872,552,345,41
2011,5,30,14,0,772,516,327,42
2011,5,30,15,0,621,450,295,41
2011,5,30,16,0,422,330,240,40
2011,5,30,17,0,214,140,165,39
2011,5,30,18,0,37,0,37,37
2011,5,30,19,0,0,0,0,36
2011,5,30,20,0,0,0,0,35
2011,5,30,21,0,0,0,0,34
2011,5,30,22,0,0,0,0,33
2011,5,30,23,0,0,0,0,32
2011,5,31,0,0,0,0,0,30
2011,5,31,1,0,0,0,0,30
2011,5,31,2,0,0,0,0,29
2011,5,31,3,0,0,0,0,29
2011,5,31,4,0,0,0,0,28
2011,5,31,5,0,0,0,0,28
2011,5,31,6,0,89,19,84,30
2011,5,31,7,0,289,197,204,33
2011,5,31,8,0,499,378,264,37
2011,5,31,9,0,680,476,307,40
2011,5,31,10,0,816,532,335,42
2011,5,31,11,0,897,562,349,43
2011,5,31,12,0,917,568,352,44
2011,5,31,13,0,873,553,345,44
2011,5,31,14,0,762,498,332,43
2011,5,31,15,0,524,233,354,42
2011,5,31,16,0,374,142,295,41
2011,5,31,17,0,211,117,169,39
2011,5,31,18,0,38,0,38,37
2011,5,31,19,0,0,0,0,36
2011,5,31,20,0,0,0,0,36
2011,5,31,21,0,0,0,0,35
2011,5,31,22,0,0,0,0,34
2011,5,31,23,0,0,0,0,33
2011,6,1,0,0,0,0,0,33
2011,6,1,1,0,0,0,0,32
2011,6,1,2,0,0,0,0,31
2011,6,1,3,0,0,0,0,30
2011,6,1,4,0,0,0,0,30
2011,6,1,5,0,0,0,0,29
2011,6,1,6,0,32,0,32,30
2011,6,1,7,0,191,39,174,32
2011,6,1,8,0,459,286,281,36
2011,6,1,9,0,637,402,322,38
2011,6,1,10,0,777,461,360,38
2011,6,1,11,0,862,492,382,39
2011,6,1,12,0,883,484,402,37
2011,6,1,13,0,457,82,378,36
2011,6,1,14,0,730,414,372,35
2011,6,1,15,0,573,360,311,35
2011,6,1,16,0,388,256,246,35
2011,6,1,17,0,197,92,164,34
2011,6,1,18,0,35,0,35,32
2011,6,1,19,0,0,0,0,31
2011,6,1,20,0,0,0,0,31
2011,6,1,21,0,0,0,0,29
2011,6,1,22,0,0,0,0,29
2011,6,1,23,0,0,0,0,29
2011,6,2,0,0,0,0,0,28
2011,6,2,1,0,0,0,0,28
2011,6,2,2,0,0,0,0,27
2011,6,2,3,0,0,0,0,26
2011,6,2,4,0,0,0,0,25
2011,6,2,5,0,0,0,0,24
2011,6,2,6,0,38,0,38,25
2011,6,2,7,0,181,29,168,28
2011,6,2,8,0,187,6,183,32
2011,6,2,9,0,637,377,341,36
2011,6,2,10,0,617,198,438,39
2011,6,2,11,0,565,115,452,41
2011,6,2,12,0,681,227,455,42
2011,6,2,13,0,766,376,406,42
2011,6,2,14,0,628,256,406,42
2011,6,2,15,0,550,319,318,40
2011,6,2,16,0,388,253,248,39
2011,6,2,17,0,194,95,160,37
2011,6,2,18,0,31,0,31,35
2011,6,2,19,0,0,0,0,33
2011,6,2,20,0,0,0,0,33
2011,6,2,21,0,0,0,0,32
2011,6,2,22,0,0,0,0,32
2011,6,2,23,0,0,0,0,30
2011,6,3,0,0,0,0,0,30
2011,6,3,1,0,0,0,0,29
2011,6,3,2,0,0,0,0,28
2011,6,3,3,0,0,0,0,28
2011,6,3,4,0,0,0,0,27
2011,6,3,5,0,0,0,0,28
2011,6,3,6,0,80,8,78,29
2011,6,3,7,0,269,146,206,32
2011,6,3,8,0,459,300,272,34
2011,6,3,9,0,636,402,321,38
2011,6,3,10,0,776,461,359,41
2011,6,3,11,0,861,491,382,43
2011,6,3,12,0,883,499,387,43
2011,6,3,13,0,838,483,376,43
2011,6,3,14,0,731,443,347,43
2011,6,3,15,0,575,361,312,42
2011,6,3,16,0,390,258,247,40
2011,6,3,17,0,191,88,159,38
2011,6,3,18,0,35,0,35,36
2011,6,3,19,0,0,0,0,34
2011,6,3,20,0,0,0,0,33
2011,6,3,21,0,0,0,0,32
2011,6,3,22,0,0,0,0,31
2011,6,3,23,0,0,0,0,30
2011,6,4,0,0,0,0,0,30
2011,6,4,1,0,0,0,0,29
2011,6,4,2,0,0,0,0,28
2011,6,4,3,0,0,0,0,28
2011,6,4,4,0,0,0,0,27
2011,6,4,5,0,0,0,0,27
2011,6,4,6,0,80,8,78,30
2011,6,4,7,0,270,146,207,33
2011,6,4,8,0,459,300,272,37
2011,6,4,9,0,636,402,321,40
2011,6,4,10,0,776,460,360,42
2011,6,4,11,0,862,491,383,44
2011,6,4,12,0,884,499,388,45
2011,6,4,13,0,838,483,376,45
2011,6,4,14,0,732,443,348,44
2011,6,4,15,0,576,362,312,43
2011,6,4,16,0,391,258,247,41
2011,6,4,17,0,197,88,165,39
2011,6,4,18,0,38,0,38,36
2011,6,4,19,0,0,0,0,35
2011,6,4,20,0,0,0,0,34
2011,6,4,21,0,0,0,0,33
2011,6,4,22,0,0,0,0,33
2011,6,4,23,0,0,0,0,32
2011,6,5,0,0,0,0,0,32
2011,6,5,1,0,0,0,0,32
2011,6,5,2,0,0,0,0,31
2011,6,5,3,0,0,0,0,31
2011,6,5,4,0,0,0,0,30
2011,6,5,5,0,0,0,0,31
2011,6,5,6,0,77,4,76,33
2011,6,5,7,0,270,146,207,36
2011,6,5,8,0,459,300,272,40
2011,6,5,9,0,636,402,321,43
2011,6,5,10,0,776,460,360,45
2011,6,5,11,0,862,491,383,46
2011,6,5,12,0,884,499,388,47
2011,6,5,13,0,839,483,377,47
2011,6,5,14,0,732,443,348,47
2011,6,5,15,0,577,362,312,45
2011,6,5,16,0,392,259,247,43
2011,6,5,17,0,198,90,165,41
2011,6,5,18,0,37,0,37,39
2011,6,5,19,0,0,0,0,37
2011,6,5,20,0,0,0,0,37
2011,6,5,21,0,0,0,0,36
2011,6,5,22,0,0,0,0,35
2011,6,5,23,0,0,0,0,34
2011,6,6,0,0,0,0,0,34
2011,6,6,1,0,0,0,0,33
2011,6,6,2,0,0,0,0,32
2011,6,6,3,0,0,0,0,32
2011,6,6,4,0,0,0,0,31
2011,6,6,5,0,0,0,0,32
2011,6,6,6,0,81,9,79,33
2011,6,6,7,0,265,138,205,34
2011,6,6,8,0,459,300,272,37
2011,6,6,9,0,636,402,321,40
2011,6,6,10,0,776,460,360,44
2011,6,6,11,0,862,491,382,46
2011,6,6,12,0,884,499,388,47
2011,6,6,13,0,839,483,376,48
2011,6,6,14,0,733,443,348,47
2011,6,6,15,0,578,362,313,46
2011,6,6,16,0,393,260,248,44
2011,6,6,17,0,195,92,162,42
2011,6,6,18,0,35,0,35,38
2011,6,6,19,0,0,0,0,37
2011,6,6,20,0,0,0,0,36
2011,6,6,21,0,0,0,0,36
2011,6,6,22,0,0,0,0,35
2011,6,6,23,0,0,0,0,33
2011,6,7,0,0,0,0,0,33
2011,6,7,1,0,0,0,0,32
2011,6,7,2,0,0,0,0,31
2011,6,7,3,0,0,0,0,30
2011,6,7,4,0,0,0,0,30
2011,6,7,5,0,0,0,0,30
2011,6,7,6,0,77,4,76,32
2011,6,7,7,0,265,138,205,35
2011,6,7,8,0,459,300,272,39
2011,6,7,9,0,636,402,321,43
2011,6,7,10,0,776,460,360,45
2011,6,7,11,0,862,491,382,47
2011,6,7,12,0,884,499,388,48
2011,6,7,13,0,839,483,376,48
2011,6,7,14,0,733,444,347,48
2011,6,7,15,0,578,363,312,47
2011,6,7,16,0,394,260,248,45
2011,6,7,17,0,201,92,167,42
2011,6,7,18,0,38,0,38,40
2011,6,7,19,0,0,0,0,37
2011,6,7,20,0,0,0,0,37
2011,6,7,21,0,0,0,0,36
2011,6,7,22,0,0,0,0,36
2011,6,7,23,0,0,0,0,36
2011,6,8,0,0,0,0,0,35
2011,6,8,1,0,0,0,0,34
2011,6,8,2,0,0,0,0,33
2011,6,8,3,0,0,0,0,32
2011,6,8,4,0,0,0,0,32
2011,6,8,5,0,0,0,0,32
2011,6,8,6,0,77,4,76,34
2011,6,8,7,0,269,146,206,37
2011,6,8,8,0,459,300,272,41
2011,6,8,9,0,635,402,320,43
2011,6,8,10,0,775,460,359,45
2011,6,8,11,0,862,491,382,47
2011,6,8,12,0,884,499,387,48
2011,6,8,13,0,839,483,376,49
2011,6,8,14,0,734,444,348,48
2011,6,8,15,0,579,363,313,47
2011,6,8,16,0,395,261,248,45
2011,6,8,17,0,202,94,168,43
2011,6,8,18,0,39,0,39,41
2011,6,8,19,0,0,0,0,39
2011,6,8,20,0,0,0,0,37
2011,6,8,21,0,0,0,0,37
2011,6,8,22,0,0,0,0,37
2011,6,8,23,0,0,0,0,36
2011,6,9,0,0,0,0,0,35
2011,6,9,1,0,0,0,0,34
2011,6,9,2,0,0,0,0,32
2011,6,9,3,0,0,0,0,31
2011,6,9,4,0,0,0,0,30
2011,6,9,5,0,0,0,0,29
2011,6,9,6,0,77,4,76,31
2011,6,9,7,0,265,138,205,33
2011,6,9,8,0,458,300,271,35
2011,6,9,9,0,635,401,321,37
2011,6,9,10,0,766,449,360,38
2011,6,9,11,0,856,491,376,40
2011,6,9,12,0,884,498,388,42
2011,6,9,13,0,840,483,377,43
2011,6,9,14,0,734,444,348,43
2011,6,9,15,0,580,363,313,42
2011,6,9,16,0,396,262,249,41
2011,6,9,17,0,199,96,164,39
2011,6,9,18,0,37,0,37,37
2011,6,9,19,0,0,0,0,35
2011,6,9,20,0,0,0,0,34
2011,6,9,21,0,0,0,0,33
2011,6,9,22,0,0,0,0,33
2011,6,9,23,0,0,0,0,32
2011,6,10,0,0,0,0,0,31
2011,6,10,1,0,0,0,0,31
2011,6,10,2,0,0,0,0,30
2011,6,10,3,0,0,0,0,29
2011,6,10,4,0,0,0,0,28
2011,6,10,5,0,0,0,0,28
2011,6,10,6,0,99,26,93,30
2011,6,10,7,0,207,39,190,32
2011,6,10,8,0,310,64,270,35
2011,6,10,9,0,627,367,339,37
2011,6,10,10,0,738,413,364,39
2011,6,10,11,0,835,491,355,40
2011,6,10,12,0,827,465,364,41
2011,6,10,13,0,840,483,377,41
2011,6,10,14,0,735,444,349,41
2011,6,10,15,0,581,376,304,40
2011,6,10,16,0,397,262,249,39
2011,6,10,17,0,205,96,170,38
2011,6,10,18,0,41,0,41,36
2011,6,10,19,0,0,0,0,35
2011,6,10,20,0,0,0,0,34
2011,6,10,21,0,0,0,0,33
2011,6,10,22,0,0,0,0,33
2011,6,10,23,0,0,0,0,32
2011,6,11,0,0,0,0,0,31
2011,6,11,1,0,0,0,0,31
2011,6,11,2,0,0,0,0,30
2011,6,11,3,0,0,0,0,29
2011,6,11,4,0,0,0,0,29
2011,6,11,5,0,0,0,0,29
2011,6,11,6,0,74,0,74,31
2011,6,11,7,0,259,128,204,35
2011,6,11,8,0,458,299,272,38
2011,6,11,9,0,632,395,323,41
2011,6,11,10,0,770,457,357,43
2011,6,11,11,0,856,491,376,45
2011,6,11,12,0,880,498,384,46
2011,6,11,13,0,840,484,376,47
2011,6,11,14,0,735,444,348,47
2011,6,11,15,0,582,364,314,46
2011,6,11,16,0,395,233,263,44
2011,6,11,17,0,197,81,167,42
2011,6,11,18,0,39,0,39,40
2011,6,11,19,0,0,0,0,38
2011,6,11,20,0,0,0,0,38
2011,6,11,21,0,0,0,0,36
2011,6,11,22,0,0,0,0,35
2011,6,11,23,0,0,0,0,33
2011,6,12,0,0,0,0,0,32
2011,6,12,1,0,0,0,0,31
2011,6,12,2,0,0,0,0,31
2011,6,12,3,0,0,0,0,30
2011,6,12,4,0,0,0,0,30
2011,6,12,5,0,0,0,0,31
2011,6,12,6,0,73,0,73,33
2011,6,12,7,0,259,127,204,36
2011,6,12,8,0,456,296,272,39
2011,6,12,9,0,631,395,322,42
2011,6,12,10,0,760,441,361,44
2011,6,12,11,0,851,491,371,44
2011,6,12,12,0,881,498,385,44
2011,6,12,13,0,840,484,375,43
2011,6,12,14,0,736,444,349,42
2011,6,12,15,0,582,376,305,41
2011,6,12,16,0,399,263,250,40
2011,6,12,17,0,203,100,166,38
2011,6,12,18,0,10,0,10,36
2011,6,12,19,0,0,0,0,35
2011,6,12,20,0,0,0,0,34
2011,6,12,21,0,0,0,0,34
2011,6,12,22,0,0,0,0,33
2011,6,12,23,0,0,0,0,32
2011,6,13,0,0,0,0,0,32
2011,6,13,1,0,0,0,0,31
2011,6,13,2,0,0,0,0,31
2011,6,13,3,0,0,0,0,30
2011,6,13,4,0,0,0,0,30
2011,6,13,5,0,0,0,0,30
2011,6,13,6,0,73,0,73,33
2011,6,13,7,0,253,118,202,37
2011,6,13,8,0,349,105,283,40
2011,6,13,9,0,626,367,339,43
2011,6,13,10,0,765,449,359,45
2011,6,13,11,0,851,490,372,46
2011,6,13,12,0,881,498,385,47
2011,6,13,13,0,836,484,371,47
2011,6,13,14,0,729,435,350,47
2011,6,13,15,0,583,365,314,46
2011,6,13,16,0,380,156,291,44
2011,6,13,17,0,199,83,168,42
2011,6,13,18,0,41,0,41,40
2011,6,13,19,0,0,0,0,39
2011,6,13,20,0,0,0,0,38
2011,6,13,21,0,0,0,0,37
2011,6,13,22,0,0,0,0,37
2011,6,13,23,0,0,0,0,36
2011,6,14,0,0,0,0,0,35
2011,6,14,1,0,0,0,0,34
2011,6,14,2,0,0,0,0,34
2011,6,14,3,0,0,0,0,33
2011,6,14,4,0,0,0,0,33
2011,6,14,5,0,0,0,0,33
2011,6,14,6,0,77,4,76,34
2011,6,14,7,0,264,137,205,36
2011,6,14,8,0,456,298,271,38
2011,6,14,9,0,633,400,320,40
2011,6,14,10,0,786,458,372,42
2011,6,14,11,0,866,488,390,42
2011,6,14,12,0,852,495,359,40
2011,6,14,13,0,739,323,429,39
2011,6,14,14,0,693,334,401,38
2011,6,14,15,0,558,320,322,38
2011,6,14,16,0,401,264,251,39
2011,6,14,17,0,205,92,171,38
2011,6,14,18,0,44,0,44,36
2011,6,14,19,0,0,0,0,35
2011,6,14,20,0,0,0,0,35
2011,6,14,21,0,0,0,0,34
2011,6,14,22,0,0,0,0,33
2011,6,14,23,0,0,0,0,33
2011,6,15,0,0,0,0,0,32
2011,6,15,1,0,0,0,0,31
2011,6,15,2,0,0,0,0,31
2011,6,15,3,0,0,0,0,31
2011,6,15,4,0,0,0,0,30
2011,6,15,5,0,0,0,0,30
2011,6,15,6,0,81,6,79,33
2011,6,15,7,0,226,75,193,35
2011,6,15,8,0,308,63,269,38
2011,6,15,9,0,264,18,249,40
2011,6,15,10,0,713,311,432,42
2011,6,15,11,0,823,482,352,43
2011,6,15,12,0,658,197,461,43
2011,6,15,13,0,525,89,439,43
2011,6,15,14,0,483,87,407,42
2011,6,15,15,0,584,348,327,42
2011,6,15,16,0,402,265,251,40
2011,6,15,17,0,206,93,171,39
2011,6,15,18,0,42,0,42,38
2011,6,15,19,0,0,0,0,37
2011,6,15,20,0,0,0,0,36
2011,6,15,21,0,0,0,0,35
2011,6,15,22,0,0,0,0,34
2011,6,15,23,0,0,0,0,34
2011,6,16,0,0,0,0,0,33
2011,6,16,1,0,0,0,0,33
2011,6,16,2,0,0,0,0,32
2011,6,16,3,0,0,0,0,32
2011,6,16,4,0,0,0,0,31
2011,6,16,5,0,0,0,0,32
2011,6,16,6,0,69,0,69,34
2011,6,16,7,0,241,98,199,37
2011,6,16,8,0,330,85,277,38
2011,6,16,9,0,584,287,360,40
2011,6,16,10,0,725,359,401,41
2011,6,16,11,0,823,484,350,42
2011,6,16,12,0,888,496,394,42
2011,6,16,13,0,849,481,386,41
2011,6,16,14,0,720,412,360,41
2011,6,16,15,0,572,337,323,40
2011,6,16,16,0,390,216,267,39
2011,6,16,17,0,193,71,166,38
2011,6,16,18,0,43,0,43,36
2011,6,16,19,0,0,0,0,36
2011,6,16,20,0,0,0,0,35
2011,6,16,21,0,0,0,0,35
2011,6,16,22,0,0,0,0,34
2011,6,16,23,0,0,0,0,33
2011,6,17,0,0,0,0,0,33
2011,6,17,1,0,0,0,0,32
2011,6,17,2,0,0,0,0,32
2011,6,17,3,0,0,0,0,31
2011,6,17,4,0,0,0,0,30
2011,6,17,5,0,0,0,0,30
2011,6,17,6,0,40,0,40,30
2011,6,17,7,0,184,33,169,31
2011,6,17,8,0,413,206,285,31
2011,6,17,9,0,618,367,331,32
2011,6,17,10,0,753,431,364,35
2011,6,17,11,0,860,483,387,36
2011,6,17,12,0,882,492,392,35
2011,6,17,13,0,748,309,451,34
2011,6,17,14,0,264,13,252,34
2011,6,17,15,0,190,2,188,34
2011,6,17,16,0,93,0,93,34
2011,6,17,17,0,65,0,65,33
2011,6,17,18,0,10,0,10,32
2011,6,17,19,0,0,0,0,32
2011,6,17,20,0,0,0,0,31
2011,6,17,21,0,0,0,0,31
2011,6,17,22,0,0,0,0,31
2011,6,17,23,0,0,0,0,30
2011,6,18,0,0,0,0,0,29
2011,6,18,1,0,0,0,0,29
2011,6,18,2,0,0,0,0,29
2011,6,18,3,0,0,0,0,28
2011,6,18,4,0,0,0,0,28
2011,6,18,5,0,0,0,0,28
2011,6,18,6,0,90,20,85,31
2011,6,18,7,0,262,114,213,34
2011,6,18,8,0,407,180,295,37
2011,6,18,9,0,631,399,320,39
2011,6,18,10,0,784,457,372,40
2011,6,18,11,0,866,488,390,41
2011,6,18,12,0,888,495,394,41
2011,6,18,13,0,848,481,386,40
2011,6,18,14,0,751,443,364,39
2011,6,18,15,0,586,348,328,37
2011,6,18,16,0,283,55,251,36
2011,6,18,17,0,163,18,156,35
2011,6,18,18,0,41,0,41,34
2011,6,18,19,0,0,0,0,33
2011,6,18,20,0,0,0,0,33
2011,6,18,21,0,0,0,0,33
2011,6,18,22,0,0,0,0,32
2011,6,18,23,0,0,0,0,32
2011,6,19,0,0,0,0,0,31
2011,6,19,1,0,0,0,0,31
2011,6,19,2,0,0,0,0,30
2011,6,19,3,0,0,0,0,30
2011,6,19,4,0,0,0,0,29
2011,6,19,5,0,0,0,0,29
2011,6,19,6,0,61,0,61,32
2011,6,19,7,0,265,159,197,35
2011,6,19,8,0,454,297,270,38
2011,6,19,9,0,630,399,319,40
2011,6,19,10,0,771,458,358,42
2011,6,19,11,0,824,486,350,43
2011,6,19,12,0,884,498,388,44
2011,6,19,13,0,842,484,376,44
2011,6,19,14,0,739,446,349,43
2011,6,19,15,0,587,379,306,41
2011,6,19,16,0,405,244,266,40
2011,6,19,17,0,187,60,164,38
2011,6,19,18,0,53,0,53,37
2011,6,19,19,0,0,0,0,35
2011,6,19,20,0,0,0,0,35
2011,6,19,21,0,0,0,0,34
2011,6,19,22,0,0,0,0,33
2011,6,19,23,0,0,0,0,32
2011,6,20,0,0,0,0,0,32
2011,6,20,1,0,0,0,0,31
2011,6,20,2,0,0,0,0,31
2011,6,20,3,0,0,0,0,30
2011,6,20,4,0,0,0,0,30
2011,6,20,5,0,0,0,0,30
2011,6,20,6,0,67,0,67,31
2011,6,20,7,0,261,135,203,33
2011,6,20,8,0,453,296,270,34
2011,6,20,9,0,646,397,337,35
2011,6,20,10,0,779,454,370,36
2011,6,20,11,0,861,484,388,36
2011,6,20,12,0,883,492,393,36
2011,6,20,13,0,497,77,422,35
2011,6,20,14,0,457,69,396,35
2011,6,20,15,0,571,315,337,34
2011,6,20,16,0,406,267,253,34
2011,6,20,17,0,198,84,166,33
2011,6,20,18,0,42,0,42,33
2011,6,20,19,0,0,0,0,32
2011,6,20,20,0,0,0,0,32
2011,6,20,21,0,0,0,0,31
2011,6,20,22,0,0,0,0,31
2011,6,20,23,0,0,0,0,31
2011,6,21,0,0,0,0,0,31
2011,6,21,1,0,0,0,0,30
2011,6,21,2,0,0,0,0,30
2011,6,21,3,0,0,0,0,29
2011,6,21,4,0,0,0,0,29
2011,6,21,5,0,0,0,0,30
2011,6,21,6,0,70,0,70,32
2011,6,21,7,0,249,115,200,34
2011,6,21,8,0,452,295,270,35
2011,6,21,9,0,645,396,336,37
2011,6,21,10,0,777,453,369,38
2011,6,21,11,0,859,483,387,38
2011,6,21,12,0,799,391,409,39
2011,6,21,13,0,759,362,410,39
2011,6,21,14,0,726,421,357,38
2011,6,21,15,0,606,378,325,38
2011,6,21,16,0,406,245,266,37
2011,6,21,17,0,170,42,154,36
2011,6,21,18,0,30,0,30,35
2011,6,21,19,0,0,0,0,34
2011,6,21,20,0,0,0,0,33
2011,6,21,21,0,0,0,0,32
2011,6,21,22,0,0,0,0,31
2011,6,21,23,0,0,0,0,31
2011,6,22,0,0,0,0,0,30
2011,6,22,1,0,0,0,0,30
2011,6,22,2,0,0,0,0,29
2011,6,22,3,0,0,0,0,30
2011,6,22,4,0,0,0,0,29
2011,6,22,5,0,0,0,0,29
2011,6,22,6,0,47,0,47,32
2011,6,22,7,0,181,32,167,36
2011,6,22,8,0,423,230,281,37
2011,6,22,9,0,617,363,334,38
2011,6,22,10,0,763,451,357,39
2011,6,22,11,0,858,483,387,38
2011,6,22,12,0,881,491,392,38
2011,6,22,13,0,843,477,384,37
2011,6,22,14,0,708,375,379,37
2011,6,22,15,0,579,347,321,36
2011,6,22,16,0,380,176,279,35
2011,6,22,17,0,144,15,138,35
2011,6,22,18,0,28,0,28,34
2011,6,22,19,0,0,0,0,33
2011,6,22,20,0,0,0,0,32
2011,6,22,21,0,0,0,0,31
2011,6,22,22,0,0,0,0,32
2011,6,22,23,0,0,0,0,31
2011,6,23,0,0,0,0,0,31
2011,6,23,1,0,0,0,0,31
2011,6,23,2,0,0,0,0,31
2011,6,23,3,0,0,0,0,30
2011,6,23,4,0,0,0,0,30
2011,6,23,5,0,0,0,0,30
2011,6,23,6,0,47,0,47,32
2011,6,23,7,0,157,13,151,35
2011,6,23,8,0,451,264,288,37
2011,6,23,9,0,643,396,336,39
2011,6,23,10,0,742,412,371,41
2011,6,23,11,0,860,484,388,42
2011,6,23,12,0,883,492,393,42
2011,6,23,13,0,746,334,424,42
2011,6,23,14,0,727,427,353,41
2011,6,23,15,0,568,334,319,40
2011,6,23,16,0,404,238,267,38
2011,6,23,17,0,144,11,139,37
2011,6,23,18,0,47,0,47,35
2011,6,23,19,0,0,0,0,34
2011,6,23,20,0,0,0,0,33
2011,6,23,21,0,0,0,0,32
2011,6,23,22,0,0,0,0,32
2011,6,23,23,0,0,0,0,31
2011,6,24,0,0,0,0,0,31
2011,6,24,1,0,0,0,0,30
2011,6,24,2,0,0,0,0,30
2011,6,24,3,0,0,0,0,30
2011,6,24,4,0,0,0,0,29
2011,6,24,5,0,0,0,0,30
2011,6,24,6,0,43,0,43,32
2011,6,24,7,0,226,79,192,35
2011,6,24,8,0,365,133,283,37
2011,6,24,9,0,627,389,324,40
2011,6,24,10,0,741,412,370,41
2011,6,24,11,0,858,483,387,41
2011,6,24,12,0,882,491,392,41
2011,6,24,13,0,844,478,384,40
2011,6,24,14,0,622,235,416,40
2011,6,24,15,0,590,350,329,38
2011,6,24,16,0,323,93,269,37
2011,6,24,17,0,201,79,171,36
2011,6,24,18,0,44,0,44,36
2011,6,24,19,0,0,0,0,34
2011,6,24,20,0,0,0,0,34
2011,6,24,21,0,0,0,0,34
2011,6,24,22,0,0,0,0,33
2011,6,24,23,0,0,0,0,33
2011,6,25,0,0,0,0,0,33
2011,6,25,1,0,0,0,0,32
2011,6,25,2,0,0,0,0,32
2011,6,25,3,0,0,0,0,31
2011,6,25,4,0,0,0,0,30
2011,6,25,5,0,0,0,0,31
2011,6,25,6,0,65,0,65,33
2011,6,25,7,0,179,22,169,36
2011,6,25,8,0,142,0,142,37
2011,6,25,9,0,367,36,339,39
2011,6,25,10,0,562,141,435,41
2011,6,25,11,0,574,121,456,41
2011,6,25,12,0,703,252,452,42
2011,6,25,13,0,629,184,451,41
2011,6,25,14,0,650,258,423,40
2011,6,25,15,0,448,130,351,39
2011,6,25,16,0,301,74,258,38
2011,6,25,17,0,207,87,174,37
2011,6,25,18,0,54,0,54,36
2011,6,25,19,0,0,0,0,35
2011,6,25,20,0,0,0,0,35
2011,6,25,21,0,0,0,0,34
2011,6,25,22,0,0,0,0,34
2011,6,25,23,0,0,0,0,33
2011,6,26,0,0,0,0,0,32
2011,6,26,1,0,0,0,0,32
2011,6,26,2,0,0,0,0,31
2011,6,26,3,0,0,0,0,30
2011,6,26,4,0,0,0,0,30
2011,6,26,5,0,0,0,0,30
2011,6,26,6,0,16,0,16,31
2011,6,26,7,0,133,0,133,32
2011,6,26,8,0,99,0,99,33
2011,6,26,9,0,130,0,130,34
2011,6,26,10,0,141,0,141,35
2011,6,26,11,0,165,3,162,35
2011,6,26,12,0,245,6,239,34
2011,6,26,13,0,355,26,329,34
2011,6,26,14,0,381,24,359,34
2011,6,26,15,0,539,240,360,34
2011,6,26,16,0,296,75,252,34
2011,6,26,17,0,212,106,171,33
2011,6,26,18,0,39,0,39,32
2011,6,26,19,0,0,0,0,31
2011,6,26,20,0,0,0,0,31
2011,6,26,21,0,0,0,0,31
2011,6,26,22,0,0,0,0,29
2011,6,26,23,0,0,0,0,30
2011,6,27,0,0,0,0,0,29
2011,6,27,1,0,0,0,0,29
2011,6,27,2,0,0,0,0,29
2011,6,27,3,0,0,0,0,28
2011,6,27,4,0,0,0,0,28
2011,6,27,5,0,0,0,0,29
2011,6,27,6,0,47,0,47,30
2011,6,27,7,0,116,0,116,32
2011,6,27,8,0,244,19,232,34
2011,6,27,9,0,510,210,347,37
2011,6,27,10,0,428,34,397,39
2011,6,27,11,0,542,99,445,40
2011,6,27,12,0,395,47,348,40
2011,6,27,13,0,809,430,395,40
2011,6,27,14,0,443,43,405,39
2011,6,27,15,0,343,35,316,38
2011,6,27,16,0,102,0,102,36
2011,6,27,17,0,98,0,98,35
2011,6,27,18,0,40,0,40,33
2011,6,27,19,0,0,0,0,33
2011,6,27,20,0,0,0,0,32
2011,6,27,21,0,0,0,0,31
2011,6,27,22,0,0,0,0,31
2011,6,27,23,0,0,0,0,30
2011,6,28,0,0,0,0,0,30
2011,6,28,1,0,0,0,0,30
2011,6,28,2,0,0,0,0,29
2011,6,28,3,0,0,0,0,29
2011,6,28,4,0,0,0,0,29
2011,6,28,5,0,0,0,0,29
2011,6,28,6,0,38,0,38,30
2011,6,28,7,0,123,0,123,31
2011,6,28,8,0,187,3,185,32
2011,6,28,9,0,371,38,341,33
2011,6,28,10,0,523,106,427,34
2011,6,28,11,0,687,256,437,35
2011,6,28,12,0,629,161,468,36
2011,6,28,13,0,564,90,477,37
2011,6,28,14,0,493,92,412,38
2011,6,28,15,0,541,257,349,37
2011,6,28,16,0,337,128,263,37
2011,6,28,17,0,143,10,139,36
2011,6,28,18,0,55,0,55,34
2011,6,28,19,0,0,0,0,34
2011,6,28,20,0,0,0,0,33
2011,6,28,21,0,0,0,0,32
2011,6,28,22,0,0,0,0,31
2011,6,28,23,0,0,0,0,31
2011,6,29,0,0,0,0,0,30
2011,6,29,1,0,0,0,0,30
2011,6,29,2,0,0,0,0,29
2011,6,29,3,0,0,0,0,29
2011,6,29,4,0,0,0,0,28
2011,6,29,5,0,0,0,0,29
2011,6,29,6,0,24,0,24,29
2011,6,29,7,0,131,0,131,30
2011,6,29,8,0,209,9,203,31
2011,6,29,9,0,521,231,342,32
2011,6,29,10,0,485,79,414,33
2011,6,29,11,0,633,184,453,33
2011,6,29,12,0,385,44,341,34
2011,6,29,13,0,223,5,218,34
2011,6,29,14,0,148,0,148,33
2011,6,29,15,0,159,2,157,33
2011,6,29,16,0,205,10,199,33
2011,6,29,17,0,166,25,156,32
2011,6,29,18,0,40,0,40,31
2011,6,29,19,0,0,0,0,31
2011,6,29,20,0,0,0,0,30
2011,6,29,21,0,0,0,0,30
2011,6,29,22,0,0,0,0,29
2011,6,29,23,0,0,0,0,29
2011,6,30,0,0,0,0,0,29
2011,6,30,1,0,0,0,0,28
2011,6,30,2,0,0,0,0,28
2011,6,30,3,0,0,0,0,28
2011,6,30,4,0,0,0,0,27
2011,6,30,5,0,0,0,0,28
2011,6,30,6,0,57,0,57,29
2011,6,30,7,0,189,30,176,30
2011,6,30,8,0,181,3,179,31
2011,6,30,9,0,301,15,289,33
2011,6,30,10,0,394,22,374,34
2011,6,30,11,0,493,103,392,35
2011,6,30,12,0,882,492,392,36
2011,6,30,13,0,847,480,385,36
2011,6,30,14,0,726,388,385,36
2011,6,30,15,0,287,28,266,35
2011,6,30,16,0,398,215,274,35
2011,6,30,17,0,223,115,179,34
2011,6,30,18,0,49,0,49,32
2011,6,30,19,0,0,0,0,31
2011,6,30,20,0,0,0,0,31
2011,6,30,21,0,0,0,0,29
2011,6,30,22,0,0,0,0,30
2011,6,30,23,0,0,0,0,29
2011,7,1,0,0,0,0,0,29
2011,7,1,1,0,0,0,0,29
2011,7,1,2,0,0,0,0,28
2011,7,1,3,0,0,0,0,28
2011,7,1,4,0,0,0,0,28
2011,7,1,5,0,0,0,0,28
2011,7,1,6,0,56,0,56,29
2011,7,1,7,0,229,104,185,31
2011,7,1,8,0,373,153,280,33
2011,7,1,9,0,570,293,343,34
2011,7,1,10,0,796,538,313,35
2011,7,1,11,0,882,569,328,35
2011,7,1,12,0,767,365,403,35
2011,7,1,13,0,793,496,315,35
2011,7,1,14,0,519,127,407,35
2011,7,1,15,0,463,137,360,34
2011,7,1,16,0,414,296,243,34
2011,7,1,17,0,227,144,172,33
2011,7,1,18,0,46,0,46,32
2011,7,1,19,0,0,0,0,30
2011,7,1,20,0,0,0,0,30
2011,7,1,21,0,0,0,0,30
2011,7,1,22,0,0,0,0,30
2011,7,1,23,0,0,0,0,30
2011,7,2,0,0,0,0,0,30
2011,7,2,1,0,0,0,0,29
2011,7,2,2,0,0,0,0,29
2011,7,2,3,0,0,0,0,29
2011,7,2,4,0,0,0,0,28
2011,7,2,5,0,0,0,0,29
2011,7,2,6,0,62,0,62,30
2011,7,2,7,0,222,93,183,33
2011,7,2,8,0,416,254,261,35
2011,7,2,9,0,619,413,300,37
2011,7,2,10,0,800,542,314,38
2011,7,2,11,0,886,573,329,39
2011,7,2,12,0,867,573,296,40
2011,7,2,13,0,514,107,410,40
2011,7,2,14,0,222,23,201,40
2011,7,2,15,0,617,414,308,39
2011,7,2,16,0,434,365,223,39
2011,7,2,17,0,227,160,166,38
2011,7,2,18,0,47,0,47,36
2011,7,2,19,0,0,0,0,34
2011,7,2,20,0,0,0,0,34
2011,7,2,21,0,0,0,0,33
2011,7,2,22,0,0,0,0,32
2011,7,2,23,0,0,0,0,31
2011,7,3,0,0,0,0,0,30
2011,7,3,1,0,0,0,0,30
2011,7,3,2,0,0,0,0,30
2011,7,3,3,0,0,0,0,29
2011,7,3,4,0,0,0,0,29
2011,7,3,5,0,0,0,0,29
2011,7,3,6,0,65,0,65,31
2011,7,3,7,0,243,134,187,34
2011,7,3,8,0,464,383,231,35
2011,7,3,9,0,635,467,275,36
2011,7,3,10,0,796,539,313,39
2011,7,3,11,0,881,569,328,40
2011,7,3,12,0,907,578,332,40
2011,7,3,13,0,871,565,326,39
2011,7,3,14,0,776,531,309,39
2011,7,3,15,0,631,469,281,38
2011,7,3,16,0,434,366,223,37
2011,7,3,17,0,232,157,172,36
2011,7,3,18,0,64,13,61,35
2011,7,3,19,0,0,0,0,34
2011,7,3,20,0,0,0,0,33
2011,7,3,21,0,0,0,0,32
2011,7,3,22,0,0,0,0,31
2011,7,3,23,0,0,0,0,30
2011,7,4,0,0,0,0,0,29
2011,7,4,1,0,0,0,0,29
2011,7,4,2,0,0,0,0,28
2011,7,4,3,0,0,0,0,28
2011,7,4,4,0,0,0,0,27
2011,7,4,5,0,0,0,0,28
2011,7,4,6,0,27,0,27,29
2011,7,4,7,0,225,112,178,31
2011,7,4,8,0,364,141,278,33
2011,7,4,9,0,605,370,320,34
2011,7,4,10,0,774,536,294,37
2011,7,4,11,0,880,569,328,40
2011,7,4,12,0,907,578,332,41
2011,7,4,13,0,871,566,326,41
2011,7,4,14,0,758,530,292,40
2011,7,4,15,0,617,464,270,40
2011,7,4,16,0,390,246,248,39
2011,7,4,17,0,185,62,161,38
2011,7,4,18,0,60,5,59,36
2011,7,4,19,0,0,0,0,35
2011,7,4,20,0,0,0,0,34
2011,7,4,21,0,0,0,0,33
2011,7,4,22,0,0,0,0,32
2011,7,4,23,0,0,0,0,32
2011,7,5,0,0,0,0,0,31
2011,7,5,1,0,0,0,0,31
2011,7,5,2,0,0,0,0,30
2011,7,5,3,0,0,0,0,30
2011,7,5,4,0,0,0,0,30
2011,7,5,5,0,0,0,0,30
2011,7,5,6,0,66,0,66,31
2011,7,5,7,0,224,100,182,33
2011,7,5,8,0,407,219,274,34
2011,7,5,9,0,509,209,348,34
2011,7,5,10,0,790,535,312,35
2011,7,5,11,0,795,485,323,35
2011,7,5,12,0,564,135,429,34
2011,7,5,13,0,173,7,166,34
2011,7,5,14,0,145,0,145,34
2011,7,5,15,0,234,9,227,34
2011,7,5,16,0,242,21,229,33
2011,7,5,17,0,132,5,130,33
2011,7,5,18,0,27,0,27,32
2011,7,5,19,0,0,0,0,31
2011,7,5,20,0,0,0,0,31
2011,7,5,21,0,0,0,0,30
2011,7,5,22,0,0,0,0,30
2011,7,5,23,0,0,0,0,29
2011,7,6,0,0,0,0,0,29
2011,7,6,1,0,0,0,0,28
2011,7,6,2,0,0,0,0,28
2011,7,6,3,0,0,0,0,28
2011,7,6,4,0,0,0,0,27
2011,7,6,5,0,0,0,0,28
2011,7,6,6,0,73,5,71,30
2011,7,6,7,0,196,57,172,33
2011,7,6,8,0,449,310,262,35
2011,7,6,9,0,191,6,186,37
2011,7,6,10,0,274,8,266,39
2011,7,6,11,0,461,63,399,41
2011,7,6,12,0,577,127,450,41
2011,7,6,13,0,604,178,432,42
2011,7,6,14,0,767,508,320,41
2011,7,6,15,0,419,100,344,40
2011,7,6,16,0,264,40,240,39
2011,7,6,17,0,123,1,122,37
2011,7,6,18,0,57,1,56,36
2011,7,6,19,0,0,0,0,34
2011,7,6,20,0,0,0,0,33
2011,7,6,21,0,0,0,0,33
2011,7,6,22,0,0,0,0,32
2011,7,6,23,0,0,0,0,31
2011,7,7,0,0,0,0,0,30
2011,7,7,1,0,0,0,0,30
2011,7,7,2,0,0,0,0,29
2011,7,7,3,0,0,0,0,29
2011,7,7,4,0,0,0,0,29
2011,7,7,5,0,0,0,0,29
2011,7,7,6,0,51,0,51,31
2011,7,7,7,0,180,30,167,32
2011,7,7,8,0,342,123,267,33
2011,7,7,9,0,379,46,343,33
2011,7,7,10,0,544,143,416,33
2011,7,7,11,0,650,174,481,34
2011,7,7,12,0,655,216,440,34
2011,7,7,13,0,865,561,324,35
2011,7,7,14,0,771,527,308,34
2011,7,7,15,0,577,348,317,34
2011,7,7,16,0,434,366,222,33
2011,7,7,17,0,222,133,171,32
2011,7,7,18,0,53,0,53,32
2011,7,7,19,0,0,0,0,31
2011,7,7,20,0,0,0,0,31
2011,7,7,21,0,0,0,0,30
2011,7,7,22,0,0,0,0,30
2011,7,7,23,0,0,0,0,29
2011,7,8,0,0,0,0,0,29
2011,7,8,1,0,0,0,0,29
2011,7,8,2,0,0,0,0,28
2011,7,8,3,0,0,0,0,28
2011,7,8,4,0,0,0,0,28
2011,7,8,5,0,0,0,0,28
2011,7,8,6,0,24,0,24,28
2011,7,8,7,0,231,136,175,28
2011,7,8,8,0,191,9,185,29
2011,7,8,9,0,154,1,153,30
2011,7,8,10,0,660,252,435,31
2011,7,8,11,0,228,13,215,32
2011,7,8,12,0,159,2,157,32
2011,7,8,13,0,154,2,152,32
2011,7,8,14,0,218,2,216,31
2011,7,8,15,0,126,0,126,31
2011,7,8,16,0,79,0,79,30
2011,7,8,17,0,75,0,75,30
2011,7,8,18,0,12,0,12,29
2011,7,8,19,0,0,0,0,28
2011,7,8,20,0,0,0,0,28
2011,7,8,21,0,0,0,0,28
2011,7,8,22,0,0,0,0,28
2011,7,8,23,0,0,0,0,28
2011,7,9,0,0,0,0,0,28
2011,7,9,1,0,0,0,0,28
2011,7,9,2,0,0,0,0,27
2011,7,9,3,0,0,0,0,27
2011,7,9,4,0,0,0,0,27
2011,7,9,5,0,0,0,0,27
2011,7,9,6,0,52,0,52,28
2011,7,9,7,0,95,0,95,29
2011,7,9,8,0,271,37,248,31
2011,7,9,9,0,360,38,330,33
2011,7,9,10,0,449,48,406,33
2011,7,9,11,0,485,65,421,33
2011,7,9,12,0,505,57,448,33
2011,7,9,13,0,598,171,433,33
2011,7,9,14,0,340,32,311,33
2011,7,9,15,0,585,327,340,33
2011,7,9,16,0,434,366,223,32
2011,7,9,17,0,228,162,166,32
2011,7,9,18,0,12,0,12,31
2011,7,9,19,0,0,0,0,30
2011,7,9,20,0,0,0,0,30
2011,7,9,21,0,0,0,0,29
2011,7,9,22,0,0,0,0,29
2011,7,9,23,0,0,0,0,28
2011,7,10,0,0,0,0,0,28
2011,7,10,1,0,0,0,0,27
2011,7,10,2,0,0,0,0,27
2011,7,10,3,0,0,0,0,27
2011,7,10,4,0,0,0,0,27
2011,7,10,5,0,0,0,0,27
2011,7,10,6,0,54,0,54,28
2011,7,10,7,0,167,15,160,29
2011,7,10,8,0,281,34,260,31
2011,7,10,9,0,454,123,359,33
2011,7,10,10,0,322,16,307,33
2011,7,10,11,0,354,25,329,33
2011,7,10,12,0,331,37,294,33
2011,7,10,13,0,788,438,366,32
2011,7,10,14,0,772,527,308,32
2011,7,10,15,0,528,248,342,32
2011,7,10,16,0,429,314,248,31
2011,7,10,17,0,127,4,125,31
2011,7,10,18,0,15,0,15,29
2011,7,10,19,0,0,0,0,29
2011,7,10,20,0,0,0,0,28
2011,7,10,21,0,0,0,0,28
2011,7,10,22,0,0,0,0,28
2011,7,10,23,0,0,0,0,28
2011,7,11,0,0,0,0,0,28
2011,7,11,1,0,0,0,0,27
2011,7,11,2,0,0,0,0,27
2011,7,11,3,0,0,0,0,27
2011,7,11,4,0,0,0,0,27
2011,7,11,5,0,0,0,0,27
2011,7,11,6,0,41,0,41,28
2011,7,11,7,0,259,206,175,30
2011,7,11,8,0,457,380,229,31
2011,7,11,9,0,648,476,284,32
2011,7,11,10,0,786,533,311,33
2011,7,11,11,0,873,564,326,33
2011,7,11,12,0,900,573,330,33
2011,7,11,13,0,859,547,332,33
2011,7,11,14,0,397,101,308,33
2011,7,11,15,0,606,382,320,33
2011,7,11,16,0,346,166,250,33
2011,7,11,17,0,94,0,94,32
2011,7,11,18,0,31,0,31,31
2011,7,11,19,0,0,0,0,30
2011,7,11,20,0,0,0,0,30
2011,7,11,21,0,0,0,0,29
2011,7,11,22,0,0,0,0,29
2011,7,11,23,0,0,0,0,28
2011,7,12,0,0,0,0,0,28
2011,7,12,1,0,0,0,0,28
2011,7,12,2,0,0,0,0,28
2011,7,12,3,0,0,0,0,27
2011,7,12,4,0,0,0,0,27
2011,7,12,5,0,0,0,0,28
2011,7,12,6,0,56,0,56,30
2011,7,12,7,0,194,59,170,33
2011,7,12,8,0,349,138,266,36
2011,7,12,9,0,594,351,325,38
2011,7,12,10,0,713,417,341,39
2011,7,12,11,0,802,501,316,40
2011,7,12,12,0,692,271,422,40
2011,7,12,13,0,773,429,360,40
2011,7,12,14,0,703,395,356,39
2011,7,12,15,0,617,464,270,38
2011,7,12,16,0,429,314,248,38
2011,7,12,17,0,118,0,118,37
2011,7,12,18,0,36,0,36,35
2011,7,12,19,0,0,0,0,34
2011,7,12,20,0,0,0,0,33
2011,7,12,21,0,0,0,0,32
2011,7,12,22,0,0,0,0,31
2011,7,12,23,0,0,0,0,30
2011,7,13,0,0,0,0,0,30
2011,7,13,1,0,0,0,0,29
2011,7,13,2,0,0,0,0,29
2011,7,13,3,0,0,0,0,29
2011,7,13,4,0,0,0,0,29
2011,7,13,5,0,0,0,0,29
2011,7,13,6,0,69,9,67,29
2011,7,13,7,0,261,212,175,31
2011,7,13,8,0,455,379,229,33
2011,7,13,9,0,648,476,284,35
2011,7,13,10,0,787,534,311,37
2011,7,13,11,0,874,566,326,38
2011,7,13,12,0,737,319,420,38
2011,7,13,13,0,867,563,325,37
2011,7,13,14,0,773,529,309,36
2011,7,13,15,0,629,468,280,35
2011,7,13,16,0,434,365,223,35
2011,7,13,17,0,226,145,171,34
2011,7,13,18,0,58,20,54,32
2011,7,13,19,0,0,0,0,32
2011,7,13,20,0,0,0,0,32
2011,7,13,21,0,0,0,0,31
2011,7,13,22,0,0,0,0,31
2011,7,13,23,0,0,0,0,30
2011,7,14,0,0,0,0,0,29
2011,7,14,1,0,0,0,0,29
2011,7,14,2,0,0,0,0,28
2011,7,14,3,0,0,0,0,28
2011,7,14,4,0,0,0,0,28
2011,7,14,5,0,0,0,0,28
2011,7,14,6,0,78,26,73,30
2011,7,14,7,0,261,213,175,32
2011,7,14,8,0,454,378,229,34
2011,7,14,9,0,646,475,284,34
2011,7,14,10,0,738,475,315,34
2011,7,14,11,0,765,401,376,34
2011,7,14,12,0,899,573,330,34
2011,7,14,13,0,773,393,394,33
2011,7,14,14,0,329,29,303,32
2011,7,14,15,0,307,23,289,31
2011,7,14,16,0,141,0,141,31
2011,7,14,17,0,57,0,57,30
2011,7,14,18,0,12,0,12,29
2011,7,14,19,0,0,0,0,29
2011,7,14,20,0,0,0,0,28
2011,7,14,21,0,0,0,0,28
2011,7,14,22,0,0,0,0,28
2011,7,14,23,0,0,0,0,27
2011,7,15,0,0,0,0,0,27
2011,7,15,1,0,0,0,0,27
2011,7,15,2,0,0,0,0,27
2011,7,15,3,0,0,0,0,27
2011,7,15,4,0,0,0,0,27
2011,7,15,5,0,0,0,0,27
2011,7,15,6,0,63,1,62,28
2011,7,15,7,0,248,168,181,29
2011,7,15,8,0,408,238,266,30
2011,7,15,9,0,426,102,348,30
2011,7,15,10,0,218,10,209,31
2011,7,15,11,0,501,124,381,31
2011,7,15,12,0,655,218,438,31
2011,7,15,13,0,522,97,428,30
2011,7,15,14,0,414,32,385,30
2011,7,15,15,0,364,35,337,30
2011,7,15,16,0,327,126,254,30
2011,7,15,17,0,153,19,145,29
2011,7,15,18,0,26,0,26,29
2011,7,15,19,0,0,0,0,28
2011,7,15,20,0,0,0,0,28
2011,7,15,21,0,0,0,0,28
2011,7,15,22,0,0,0,0,27
2011,7,15,23,0,0,0,0,27
2011,7,16,0,0,0,0,0,27
2011,7,16,1,0,0,0,0,27
2011,7,16,2,0,0,0,0,26
2011,7,16,3,0,0,0,0,26
2011,7,16,4,0,0,0,0,26
2011,7,16,5,0,0,0,0,26
2011,7,16,6,0,33,0,33,27
2011,7,16,7,0,237,158,174,28
2011,7,16,8,0,248,42,223,29
2011,7,16,9,0,540,261,341,30
2011,7,16,10,0,783,532,310,30
2011,7,16,11,0,871,563,326,30
2011,7,16,12,0,692,272,422,30
2011,7,16,13,0,702,319,395,31
2011,7,16,14,0,529,137,408,30
2011,7,16,15,0,486,181,351,30
2011,7,16,16,0,432,335,239,29
2011,7,16,17,0,42,0,42,29
2011,7,16,18,0,15,0,15,28
2011,7,16,19,0,0,0,0,28
2011,7,16,20,0,0,0,0,27
2011,7,16,21,0,0,0,0,27
2011,7,16,22,0,0,0,0,27
2011,7,16,23,0,0,0,0,27
2011,7,17,0,0,0,0,0,26
2011,7,17,1,0,0,0,0,26
2011,7,17,2,0,0,0,0,26
2011,7,17,3,0,0,0,0,26
2011,7,17,4,0,0,0,0,26
2011,7,17,5,0,0,0,0,26
2011,7,17,6,0,64,5,63,27
2011,7,17,7,0,235,141,179,29
2011,7,17,8,0,325,99,266,30
2011,7,17,9,0,481,146,370,30
2011,7,17,10,0,506,110,408,31
2011,7,17,11,0,706,326,390,30
2011,7,17,12,0,831,522,313,30
2011,7,17,13,0,805,520,305,30
2011,7,17,14,0,629,273,389,29
2011,7,17,15,0,500,202,349,29
2011,7,17,16,0,273,48,245,29
2011,7,17,17,0,229,156,170,28
2011,7,17,18,0,62,16,59,28
2011,7,17,19,0,0,0,0,27
2011,7,17,20,0,0,0,0,27
2011,7,17,21,0,0,0,0,27
2011,7,17,22,0,0,0,0,27
2011,7,17,23,0,0,0,0,26
2011,7,18,0,0,0,0,0,26
2011,7,18,1,0,0,0,0,26
2011,7,18,2,0,0,0,0,26
2011,7,18,3,0,0,0,0,26
2011,7,18,4,0,0,0,0,25
2011,7,18,5,0,0,0,0,26
2011,7,18,6,0,77,20,73,26
2011,7,18,7,0,202,61,177,27
2011,7,18,8,0,318,93,263,28
2011,7,18,9,0,393,67,342,29
2011,7,18,10,0,487,94,403,30
2011,7,18,11,0,713,389,337,31
2011,7,18,12,0,407,57,350,31
2011,7,18,13,0,522,99,426,31
2011,7,18,14,0,629,273,389,31
2011,7,18,15,0,585,369,310,30
2011,7,18,16,0,415,328,227,30
2011,7,18,17,0,238,194,165,30
2011,7,18,18,0,45,0,45,29
2011,7,18,19,0,0,0,0,29
2011,7,18,20,0,0,0,0,28
2011,7,18,21,0,0,0,0,28
2011,7,18,22,0,0,0,0,28
2011,7,18,23,0,0,0,0,27
2011,7,19,0,0,0,0,0,27
2011,7,19,1,0,0,0,0,27
2011,7,19,2,0,0,0,0,26
2011,7,19,3,0,0,0,0,26
2011,7,19,4,0,0,0,0,26
2011,7,19,5,0,0,0,0,26
2011,7,19,6,0,72,20,68,27
2011,7,19,7,0,253,204,172,29
2011,7,19,8,0,448,375,226,31
2011,7,19,9,0,640,472,282,32
2011,7,19,10,0,749,502,304,33
2011,7,19,11,0,869,563,325,33
2011,7,19,12,0,897,572,330,33
2011,7,19,13,0,863,561,324,33
2011,7,19,14,0,755,527,293,33
2011,7,19,15,0,626,465,279,33
2011,7,19,16,0,431,363,223,32
2011,7,19,17,0,237,193,164,32
2011,7,19,18,0,51,0,51,30
2011,7,19,19,0,0,0,0,29
2011,7,19,20,0,0,0,0,28
2011,7,19,21,0,0,0,0,28
2011,7,19,22,0,0,0,0,28
2011,7,19,23,0,0,0,0,28
2011,7,20,0,0,0,0,0,27
2011,7,20,1,0,0,0,0,27
2011,7,20,2,0,0,0,0,26
2011,7,20,3,0,0,0,0,26
2011,7,20,4,0,0,0,0,26
2011,7,20,5,0,0,0,0,26
2011,7,20,6,0,71,19,67,28
2011,7,20,7,0,247,174,178,31
2011,7,20,8,0,447,374,226,32
2011,7,20,9,0,622,462,272,33
2011,7,20,10,0,729,483,301,33
2011,7,20,11,0,786,492,311,33
2011,7,20,12,0,800,469,335,33
2011,7,20,13,0,757,402,371,32
2011,7,20,14,0,636,286,385,32
2011,7,20,15,0,499,190,357,32
2011,7,20,16,0,375,206,257,31
2011,7,20,17,0,77,0,77,30
2011,7,20,18,0,19,0,19,30
2011,7,20,19,0,0,0,0,29
2011,7,20,20,0,0,0,0,29
2011,7,20,21,0,0,0,0,29
2011,7,20,22,0,0,0,0,28
2011,7,20,23,0,0,0,0,28
2011,7,21,0,0,0,0,0,28
2011,7,21,1,0,0,0,0,28
2011,7,21,2,0,0,0,0,27
2011,7,21,3,0,0,0,0,27
2011,7,21,4,0,0,0,0,27
2011,7,21,5,0,0,0,0,27
2011,7,21,6,0,31,0,31,27
2011,7,21,7,0,193,73,164,28
2011,7,21,8,0,263,28,246,29
2011,7,21,9,0,409,84,345,29
2011,7,21,10,0,695,358,378,30
2011,7,21,11,0,742,380,375,30
2011,7,21,12,0,776,388,391,30
2011,7,21,13,0,859,558,323,30
2011,7,21,14,0,766,524,307,30
2011,7,21,15,0,605,412,299,30
2011,7,21,16,0,276,63,240,30
2011,7,21,17,0,199,104,160,29
2011,7,21,18,0,36,0,36,29
2011,7,21,19,0,0,0,0,28
2011,7,21,20,0,0,0,0,28
2011,7,21,21,0,0,0,0,28
2011,7,21,22,0,0,0,0,28
2011,7,21,23,0,0,0,0,27
2011,7,22,0,0,0,0,0,27
2011,7,22,1,0,0,0,0,27
2011,7,22,2,0,0,0,0,27
2011,7,22,3,0,0,0,0,27
2011,7,22,4,0,0,0,0,27
2011,7,22,5,0,0,0,0,27
2011,7,22,6,0,39,0,39,27
2011,7,22,7,0,125,0,125,28
2011,7,22,8,0,268,39,245,29
2011,7,22,9,0,439,104,360,31
2011,7,22,10,0,491,98,404,32
2011,7,22,11,0,720,293,437,32
2011,7,22,12,0,442,50,392,33
2011,7,22,13,0,408,21,387,33
2011,7,22,14,0,343,33,314,33
2011,7,22,15,0,613,413,306,33
2011,7,22,16,0,399,258,251,32
2011,7,22,17,0,198,103,159,32
2011,7,22,18,0,27,0,27,30
2011,7,22,19,0,0,0,0,30
2011,7,22,20,0,0,0,0,30
2011,7,22,21,0,0,0,0,29
2011,7,22,22,0,0,0,0,29
2011,7,22,23,0,0,0,0,29
2011,7,23,0,0,0,0,0,29
2011,7,23,1,0,0,0,0,29
2011,7,23,2,0,0,0,0,28
2011,7,23,3,0,0,0,0,28
2011,7,23,4,0,0,0,0,27
2011,7,23,5,0,0,0,0,27
2011,7,23,6,0,47,0,47,27
2011,7,23,7,0,155,25,145,28
2011,7,23,8,0,0,0,0,31
2011,7,23,9,0,281,25,262,32
2011,7,23,10,0,633,296,371,32
2011,7,23,11,0,439,77,364,31
2011,7,23,12,0,625,183,444,31
2011,7,23,13,0,742,372,385,32
2011,7,23,14,0,577,197,404,32
2011,7,23,15,0,303,36,276,32
2011,7,23,16,0,316,97,260,31
2011,7,23,17,0,233,195,161,30
2011,7,23,18,0,47,0,47,30
2011,7,23,19,0,0,0,0,29
2011,7,23,20,0,0,0,0,29
2011,7,23,21,0,0,0,0,29
2011,7,23,22,0,0,0,0,28
2011,7,23,23,0,0,0,0,28
2011,7,24,0,0,0,0,0,27
2011,7,24,1,0,0,0,0,26
2011,7,24,2,0,0,0,0,26
2011,7,24,3,0,0,0,0,25
2011,7,24,4,0,0,0,0,25
2011,7,24,5,0,0,0,0,25
2011,7,24,6,0,42,0,42,26
2011,7,24,7,0,200,80,169,28
2011,7,24,8,0,336,120,265,29
2011,7,24,9,0,528,237,349,30
2011,7,24,10,0,729,466,317,30
2011,7,24,11,0,866,562,325,30
2011,7,24,12,0,832,528,310,31
2011,7,24,13,0,861,560,324,31
2011,7,24,14,0,688,373,362,31
2011,7,24,15,0,612,462,270,30
2011,7,24,16,0,426,330,238,29
2011,7,24,17,0,196,101,158,28
2011,7,24,18,0,43,0,43,27
2011,7,24,19,0,0,0,0,26
2011,7,24,20,0,0,0,0,26
2011,7,24,21,0,0,0,0,26
2011,7,24,22,0,0,0,0,25
2011,7,24,23,0,0,0,0,25
2011,7,25,0,0,0,0,0,25
2011,7,25,1,0,0,0,0,25
2011,7,25,2,0,0,0,0,25
2011,7,25,3,0,0,0,0,25
2011,7,25,4,0,0,0,0,25
2011,7,25,5,0,0,0,0,25
2011,7,25,6,0,48,0,48,26
2011,7,25,7,0,167,20,159,28
2011,7,25,8,0,281,37,259,29
2011,7,25,9,0,430,98,356,30
2011,7,25,10,0,459,54,411,31
2011,7,25,11,0,786,429,373,32
2011,7,25,12,0,669,275,397,32
2011,7,25,13,0,315,34,282,33
2011,7,25,14,0,598,248,381,33
2011,7,25,15,0,396,82,335,32
2011,7,25,16,0,189,6,185,32
2011,7,25,17,0,153,23,144,31
2011,7,25,18,0,30,0,30,30
2011,7,25,19,0,0,0,0,30
2011,7,25,20,0,0,0,0,29
2011,7,25,21,0,0,0,0,29
2011,7,25,22,0,0,0,0,28
2011,7,25,23,0,0,0,0,28
2011,7,26,0,0,0,0,0,27
2011,7,26,1,0,0,0,0,27
2011,7,26,2,0,0,0,0,27
2011,7,26,3,0,0,0,0,27
2011,7,26,4,0,0,0,0,26
2011,7,26,5,0,0,0,0,27
2011,7,26,6,0,37,0,37,28
2011,7,26,7,0,191,76,161,30
2011,7,26,8,0,415,284,249,31
2011,7,26,9,0,624,468,272,32
2011,7,26,10,0,759,529,292,33
2011,7,26,11,0,734,353,394,33
2011,7,26,12,0,496,110,387,34
2011,7,26,13,0,326,25,302,34
2011,7,26,14,0,137,0,137,34
2011,7,26,15,0,248,11,239,33
2011,7,26,16,0,178,3,176,33
2011,7,26,17,0,65,0,65,32
2011,7,26,18,0,11,0,11,31
2011,7,26,19,0,0,0,0,30
2011,7,26,20,0,0,0,0,30
2011,7,26,21,0,0,0,0,29
2011,7,26,22,0,0,0,0,29
2011,7,26,23,0,0,0,0,28
2011,7,27,0,0,0,0,0,28
2011,7,27,1,0,0,0,0,28
2011,7,27,2,0,0,0,0,27
2011,7,27,3,0,0,0,0,27
2011,7,27,4,0,0,0,0,27
2011,7,27,5,0,0,0,0,27
2011,7,27,6,0,45,0,45,28
2011,7,27,7,0,165,27,154,30
2011,7,27,8,0,220,12,213,32
2011,7,27,9,0,319,26,299,33
2011,7,27,10,0,555,163,411,33
2011,7,27,11,0,530,120,414,33
2011,7,27,12,0,166,3,163,33
2011,7,27,13,0,171,2,169,33
2011,7,27,14,0,171,1,170,32
2011,7,27,15,0,146,0,146,32
2011,7,27,16,0,124,0,124,32
2011,7,27,17,0,93,0,93,31
2011,7,27,18,0,20,0,20,30
2011,7,27,19,0,0,0,0,30
2011,7,27,20,0,0,0,0,29
2011,7,27,21,0,0,0,0,29
2011,7,27,22,0,0,0,0,28
2011,7,27,23,0,0,0,0,28
2011,7,28,0,0,0,0,0,28
2011,7,28,1,0,0,0,0,27
2011,7,28,2,0,0,0,0,27
2011,7,28,3,0,0,0,0,27
2011,7,28,4,0,0,0,0,27
2011,7,28,5,0,0,0,0,27
2011,7,28,6,0,22,0,22,28
2011,7,28,7,0,93,0,93,29
2011,7,28,8,0,219,16,209,30
2011,7,28,9,0,404,77,346,31
2011,7,28,10,0,488,98,401,31
2011,7,28,11,0,764,411,369,32
2011,7,28,12,0,676,252,427,32
2011,7,28,13,0,741,373,384,32
2011,7,28,14,0,485,108,391,32
2011,7,28,15,0,230,13,220,31
2011,7,28,16,0,252,31,234,31
2011,7,28,17,0,190,95,155,30
2011,7,28,18,0,10,0,10,30
2011,7,28,19,0,0,0,0,29
2011,7,28,20,0,0,0,0,29
2011,7,28,21,0,0,0,0,29
2011,7,28,22,0,0,0,0,28
2011,7,28,23,0,0,0,0,28
2011,7,29,0,0,0,0,0,27
2011,7,29,1,0,0,0,0,27
2011,7,29,2,0,0,0,0,27
2011,7,29,3,0,0,0,0,27
2011,7,29,4,0,0,0,0,27
2011,7,29,5,0,0,0,0,27
2011,7,29,6,0,34,0,34,27
2011,7,29,7,0,100,0,100,28
2011,7,29,8,0,282,86,232,29
2011,7,29,9,0,576,322,334,29
2011,7,29,10,0,588,207,406,30
2011,7,29,11,0,771,429,359,31
2011,7,29,12,0,617,175,444,31
2011,7,29,13,0,663,258,416,31
2011,7,29,14,0,634,281,389,31
2011,7,29,15,0,558,337,310,31
2011,7,29,16,0,421,356,221,30
2011,7,29,17,0,221,174,158,30
2011,7,29,18,0,40,0,40,29
2011,7,29,19,0,0,0,0,29
2011,7,29,20,0,0,0,0,29
2011,7,29,21,0,0,0,0,28
2011,7,29,22,0,0,0,0,28
2011,7,29,23,0,0,0,0,28
2011,7,30,0,0,0,0,0,28
2011,7,30,1,0,0,0,0,27
2011,7,30,2,0,0,0,0,27
2011,7,30,3,0,0,0,0,27
2011,7,30,4,0,0,0,0,27
2011,7,30,5,0,0,0,0,27
2011,7,30,6,0,48,0,48,28
2011,7,30,7,0,99,0,99,29
2011,7,30,8,0,113,0,113,30
2011,7,30,9,0,195,6,190,31
2011,7,30,10,0,391,30,364,32
2011,7,30,11,0,549,121,433,32
2011,7,30,12,0,801,417,390,32
2011,7,30,13,0,479,109,375,32
2011,7,30,14,0,633,289,382,32
2011,7,30,15,0,599,416,293,32
2011,7,30,16,0,384,220,260,32
2011,7,30,17,0,171,62,148,31
2011,7,30,18,0,30,0,30,30
2011,7,30,19,0,0,0,0,30
2011,7,30,20,0,0,0,0,30
2011,7,30,21,0,0,0,0,30
2011,7,30,22,0,0,0,0,29
2011,7,30,23,0,0,0,0,29
2011,7,31,0,0,0,0,0,29
2011,7,31,1,0,0,0,0,28
2011,7,31,2,0,0,0,0,28
2011,7,31,3,0,0,0,0,28
2011,7,31,4,0,0,0,0,28
2011,7,31,5,0,0,0,0,28
2011,7,31,6,0,61,15,58,28
2011,7,31,7,0,237,174,171,30
2011,7,31,8,0,366,192,255,31
2011,7,31,9,0,620,443,289,32
2011,7,31,10,0,775,531,310,33
2011,7,31,11,0,814,538,298,33
2011,7,31,12,0,895,574,330,33
2011,7,31,13,0,860,562,324,32
2011,7,31,14,0,745,525,289,32
2011,7,31,15,0,512,238,337,32
2011,7,31,16,0,344,146,262,31
2011,7,31,17,0,154,39,140,31
2011,7,31,18,0,18,0,18,30
2011,7,31,19,0,0,0,0,30
2011,7,31,20,0,0,0,0,30
2011,7,31,21,0,0,0,0,29
2011,7,31,22,0,0,0,0,29
2011,7,31,23,0,0,0,0,29
2011,8,1,0,0,0,0,0,28
2011,8,1,1,0,0,0,0,28
2011,8,1,2,0,0,0,0,28
2011,8,1,3,0,0,0,0,27
2011,8,1,4,0,0,0,0,27
2011,8,1,5,0,0,0,0,27
2011,8,1,6,0,66,39,59,28
2011,8,1,7,0,250,263,151,29
2011,8,1,8,0,362,194,250,31
2011,8,1,9,0,579,358,312,32
2011,8,1,10,0,782,625,234,32
2011,8,1,11,0,894,684,238,32
2011,8,1,12,0,904,682,233,32
2011,8,1,13,0,888,683,238,32
2011,8,1,14,0,791,652,227,32
2011,8,1,15,0,617,552,213,31
2011,8,1,16,0,433,387,217,31
2011,8,1,17,0,175,83,145,30
2011,8,1,18,0,19,0,19,30
2011,8,1,19,0,0,0,0,30
2011,8,1,20,0,0,0,0,29
2011,8,1,21,0,0,0,0,29
2011,8,1,22,0,0,0,0,29
2011,8,1,23,0,0,0,0,29
2011,8,2,0,0,0,0,0,28
2011,8,2,1,0,0,0,0,28
2011,8,2,2,0,0,0,0,28
2011,8,2,3,0,0,0,0,27
2011,8,2,4,0,0,0,0,27
2011,8,2,5,0,0,0,0,27
2011,8,2,6,0,73,66,62,28
2011,8,2,7,0,249,285,142,30
2011,8,2,8,0,453,441,200,32
2011,8,2,9,0,658,602,209,33
2011,8,2,10,0,803,656,228,34
2011,8,2,11,0,894,685,238,34
2011,8,2,12,0,889,650,250,34
2011,8,2,13,0,888,683,238,34
2011,8,2,14,0,792,652,227,33
2011,8,2,15,0,642,595,207,33
2011,8,2,16,0,455,475,191,32
2011,8,2,17,0,213,188,146,32
2011,8,2,18,0,40,0,40,31
2011,8,2,19,0,0,0,0,31
2011,8,2,20,0,0,0,0,31
2011,8,2,21,0,0,0,0,30
2011,8,2,22,0,0,0,0,29
2011,8,2,23,0,0,0,0,29
2011,8,3,0,0,0,0,0,29
2011,8,3,1,0,0,0,0,28
2011,8,3,2,0,0,0,0,28
2011,8,3,3,0,0,0,0,28
2011,8,3,4,0,0,0,0,27
2011,8,3,5,0,0,0,0,27
2011,8,3,6,0,64,22,60,28
2011,8,3,7,0,207,125,160,29
2011,8,3,8,0,242,24,228,31
2011,8,3,9,0,294,16,282,32
2011,8,3,10,0,252,3,249,33
2011,8,3,11,0,273,8,265,33
2011,8,3,12,0,323,37,286,33
2011,8,3,13,0,773,437,357,33
2011,8,3,14,0,786,643,230,32
2011,8,3,15,0,527,278,324,32
2011,8,3,16,0,416,380,205,32
2011,8,3,17,0,211,168,152,31
2011,8,3,18,0,39,0,39,31
2011,8,3,19,0,0,0,0,30
2011,8,3,20,0,0,0,0,30
2011,8,3,21,0,0,0,0,29
2011,8,3,22,0,0,0,0,28
2011,8,3,23,0,0,0,0,28
2011,8,4,0,0,0,0,0,28
2011,8,4,1,0,0,0,0,27
2011,8,4,2,0,0,0,0,27
2011,8,4,3,0,0,0,0,27
2011,8,4,4,0,0,0,0,27
2011,8,4,5,0,0,0,0,27
2011,8,4,6,0,36,0,36,27
2011,8,4,7,0,167,39,152,28
2011,8,4,8,0,334,123,263,29
2011,8,4,9,0,577,359,310,29
2011,8,4,10,0,582,239,373,30
2011,8,4,11,0,191,9,182,30
2011,8,4,12,0,322,18,304,30
2011,8,4,13,0,347,14,333,30
2011,8,4,14,0,289,11,279,30
2011,8,4,15,0,197,4,194,30
2011,8,4,16,0,141,0,141,30
2011,8,4,17,0,245,339,127,29
2011,8,4,18,0,57,45,51,28
2011,8,4,19,0,0,0,0,28
2011,8,4,20,0,0,0,0,28
2011,8,4,21,0,0,0,0,28
2011,8,4,22,0,0,0,0,27
2011,8,4,23,0,0,0,0,27
2011,8,5,0,0,0,0,0,27
2011,8,5,1,0,0,0,0,27
2011,8,5,2,0,0,0,0,27
2011,8,5,3,0,0,0,0,27
2011,8,5,4,0,0,0,0,27
2011,8,5,5,0,0,0,0,27
2011,8,5,6,0,61,31,56,27
2011,8,5,7,0,234,220,152,28
2011,8,5,8,0,416,350,216,29
2011,8,5,9,0,597,409,293,30
2011,8,5,10,0,568,200,393,31
2011,8,5,11,0,571,175,404,31
2011,8,5,12,0,211,23,188,31
2011,8,5,13,0,675,351,342,31
2011,8,5,14,0,424,79,355,31
2011,8,5,15,0,201,7,195,31
2011,8,5,16,0,130,0,130,30
2011,8,5,17,0,95,0,95,30
2011,8,5,18,0,10,0,10,29
2011,8,5,19,0,0,0,0,29
2011,8,5,20,0,0,0,0,29
2011,8,5,21,0,0,0,0,28
2011,8,5,22,0,0,0,0,28
2011,8,5,23,0,0,0,0,28
2011,8,6,0,0,0,0,0,28
2011,8,6,1,0,0,0,0,27
2011,8,6,2,0,0,0,0,27
2011,8,6,3,0,0,0,0,27
2011,8,6,4,0,0,0,0,27
2011,8,6,5,0,0,0,0,27
2011,8,6,6,0,44,0,44,27
2011,8,6,7,0,259,295,150,28
2011,8,6,8,0,267,56,235,29
2011,8,6,9,0,188,5,184,30
2011,8,6,10,0,306,15,292,30
2011,8,6,11,0,607,196,420,31
2011,8,6,12,0,597,160,440,31
2011,8,6,13,0,511,98,418,31
2011,8,6,14,0,510,137,392,30
2011,8,6,15,0,532,294,319,30
2011,8,6,16,0,412,396,194,30
2011,8,6,17,0,238,276,142,29
2011,8,6,18,0,27,0,27,29
2011,8,6,19,0,0,0,0,29
2011,8,6,20,0,0,0,0,28
2011,8,6,21,0,0,0,0,28
2011,8,6,22,0,0,0,0,28
2011,8,6,23,0,0,0,0,28
2011,8,7,0,0,0,0,0,28
2011,8,7,1,0,0,0,0,27
2011,8,7,2,0,0,0,0,27
2011,8,7,3,0,0,0,0,27
2011,8,7,4,0,0,0,0,27
2011,8,7,5,0,0,0,0,27
2011,8,7,6,0,51,18,48,27
2011,8,7,7,0,232,219,151,28
2011,8,7,8,0,351,154,263,29
2011,8,7,9,0,627,514,246,29
2011,8,7,10,0,733,531,270,30
2011,8,7,11,0,761,420,361,30
2011,8,7,12,0,848,586,275,30
2011,8,7,13,0,732,384,368,30
2011,8,7,14,0,693,435,319,30
2011,8,7,15,0,539,326,303,30
2011,8,7,16,0,443,492,174,30
2011,8,7,17,0,209,198,141,29
2011,8,7,18,0,35,0,35,28
2011,8,7,19,0,0,0,0,28
2011,8,7,20,0,0,0,0,28
2011,8,7,21,0,0,0,0,27
2011,8,7,22,0,0,0,0,27
2011,8,7,23,0,0,0,0,27
2011,8,8,0,0,0,0,0,26
2011,8,8,1,0,0,0,0,26
2011,8,8,2,0,0,0,0,26
2011,8,8,3,0,0,0,0,26
2011,8,8,4,0,0,0,0,26
2011,8,8,5,0,0,0,0,26
2011,8,8,6,0,42,0,42,26
2011,8,8,7,0,153,26,143,27
2011,8,8,8,0,331,124,260,28
2011,8,8,9,0,550,307,323,28
2011,8,8,10,0,555,183,395,29
2011,8,8,11,0,550,133,423,29
2011,8,8,12,0,756,384,381,29
2011,8,8,13,0,881,681,237,29
2011,8,8,14,0,783,649,226,29
2011,8,8,15,0,632,591,206,30
2011,8,8,16,0,395,309,226,30
2011,8,8,17,0,178,82,150,29
2011,8,8,18,0,49,20,46,29
2011,8,8,19,0,0,0,0,28
2011,8,8,20,0,0,0,0,28
2011,8,8,21,0,0,0,0,28
2011,8,8,22,0,0,0,0,28
2011,8,8,23,0,0,0,0,27
2011,8,9,0,0,0,0,0,27
2011,8,9,1,0,0,0,0,27
2011,8,9,2,0,0,0,0,26
2011,8,9,3,0,0,0,0,26
2011,8,9,4,0,0,0,0,26
2011,8,9,5,0,0,0,0,26
2011,8,9,6,0,64,51,56,26
2011,8,9,7,0,256,316,141,27
2011,8,9,8,0,343,144,261,29
2011,8,9,9,0,615,484,258,30
2011,8,9,10,0,765,583,258,31
2011,8,9,11,0,571,177,402,32
2011,8,9,12,0,810,528,295,32
2011,8,9,13,0,832,613,253,33
2011,8,9,14,0,642,307,379,32
2011,8,9,15,0,301,26,282,32
2011,8,9,16,0,222,18,212,31
2011,8,9,17,0,128,8,125,30
2011,8,9,18,0,38,0,38,29
2011,8,9,19,0,0,0,0,29
2011,8,9,20,0,0,0,0,28
2011,8,9,21,0,0,0,0,28
2011,8,9,22,0,0,0,0,27
2011,8,9,23,0,0,0,0,27
2011,8,10,0,0,0,0,0,26
2011,8,10,1,0,0,0,0,26
2011,8,10,2,0,0,0,0,26
2011,8,10,3,0,0,0,0,25
2011,8,10,4,0,0,0,0,25
2011,8,10,5,0,0,0,0,25
2011,8,10,6,0,36,0,36,26
2011,8,10,7,0,165,52,146,27
2011,8,10,8,0,200,9,194,28
2011,8,10,9,0,311,27,291,30
2011,8,10,10,0,492,114,393,31
2011,8,10,11,0,332,39,294,31
2011,8,10,12,0,547,116,433,31
2011,8,10,13,0,487,89,403,31
2011,8,10,14,0,233,26,210,31
2011,8,10,15,0,593,438,278,31
2011,8,10,16,0,436,418,210,30
2011,8,10,17,0,39,0,39,29
2011,8,10,18,0,9,0,9,29
2011,8,10,19,0,0,0,0,28
2011,8,10,20,0,0,0,0,28
2011,8,10,21,0,0,0,0,27
2011,8,10,22,0,0,0,0,27
2011,8,10,23,0,0,0,0,27
2011,8,11,0,0,0,0,0,27
2011,8,11,1,0,0,0,0,26
2011,8,11,2,0,0,0,0,26
2011,8,11,3,0,0,0,0,26
2011,8,11,4,0,0,0,0,26
2011,8,11,5,0,0,0,0,26
2011,8,11,6,0,45,0,45,26
2011,8,11,7,0,181,67,156,27
2011,8,11,8,0,291,60,257,28
2011,8,11,9,0,405,92,337,29
2011,8,11,10,0,421,44,382,30
2011,8,11,11,0,689,331,375,30
2011,8,11,12,0,654,240,420,30
2011,8,11,13,0,492,93,404,30
2011,8,11,14,0,342,19,325,30
2011,8,11,15,0,321,55,281,30
2011,8,11,16,0,401,319,229,29
2011,8,11,17,0,193,153,142,29
2011,8,11,18,0,30,0,30,28
2011,8,11,19,0,0,0,0,27
2011,8,11,20,0,0,0,0,27
2011,8,11,21,0,0,0,0,27
2011,8,11,22,0,0,0,0,26
2011,8,11,23,0,0,0,0,26
2011,8,12,0,0,0,0,0,26
2011,8,12,1,0,0,0,0,26
2011,8,12,2,0,0,0,0,25
2011,8,12,3,0,0,0,0,25
2011,8,12,4,0,0,0,0,25
2011,8,12,5,0,0,0,0,25
2011,8,12,6,0,27,0,27,26
2011,8,12,7,0,196,116,154,26
2011,8,12,8,0,333,147,250,27
2011,8,12,9,0,161,3,158,28
2011,8,12,10,0,385,32,357,29
2011,8,12,11,0,554,139,422,30
2011,8,12,12,0,473,49,425,30
2011,8,12,13,0,498,93,410,30
2011,8,12,14,0,311,17,296,30
2011,8,12,15,0,108,0,108,30
2011,8,12,16,0,405,336,225,30
2011,8,12,17,0,213,217,141,29
2011,8,12,18,0,28,0,28,28
2011,8,12,19,0,0,0,0,28
2011,8,12,20,0,0,0,0,28
2011,8,12,21,0,0,0,0,27
2011,8,12,22,0,0,0,0,27
2011,8,12,23,0,0,0,0,26
2011,8,13,0,0,0,0,0,26
2011,8,13,1,0,0,0,0,25
2011,8,13,2,0,0,0,0,25
2011,8,13,3,0,0,0,0,25
2011,8,13,4,0,0,0,0,25
2011,8,13,5,0,0,0,0,25
2011,8,13,6,0,58,27,54,26
2011,8,13,7,0,172,56,152,27
2011,8,13,8,0,266,41,243,28
2011,8,13,9,0,512,249,329,30
2011,8,13,10,0,763,586,256,31
2011,8,13,11,0,799,554,275,31
2011,8,13,12,0,890,667,242,31
2011,8,13,13,0,877,682,237,32
2011,8,13,14,0,778,650,225,32
2011,8,13,15,0,624,589,205,32
2011,8,13,16,0,282,86,236,31
2011,8,13,17,0,170,110,134,31
2011,8,13,18,0,17,0,17,29
2011,8,13,19,0,0,0,0,29
2011,8,13,20,0,0,0,0,28
2011,8,13,21,0,0,0,0,28
2011,8,13,22,0,0,0,0,27
2011,8,13,23,0,0,0,0,27
2011,8,14,0,0,0,0,0,27
2011,8,14,1,0,0,0,0,26
2011,8,14,2,0,0,0,0,26
2011,8,14,3,0,0,0,0,26
2011,8,14,4,0,0,0,0,26
2011,8,14,5,0,0,0,0,26
2011,8,14,6,0,45,9,43,26
2011,8,14,7,0,229,230,147,27
2011,8,14,8,0,444,453,191,28
2011,8,14,9,0,594,444,269,30
2011,8,14,10,0,646,316,373,31
2011,8,14,11,0,589,175,423,31
2011,8,14,12,0,607,176,436,31
2011,8,14,13,0,734,366,391,31
2011,8,14,14,0,417,79,350,31
2011,8,14,15,0,220,8,214,31
2011,8,14,16,0,255,46,230,30
2011,8,14,17,0,106,0,106,29
2011,8,14,18,0,12,0,12,28
2011,8,14,19,0,0,0,0,28
2011,8,14,20,0,0,0,0,27
2011,8,14,21,0,0,0,0,27
2011,8,14,22,0,0,0,0,26
2011,8,14,23,0,0,0,0,25
2011,8,15,0,0,0,0,0,25
2011,8,15,1,0,0,0,0,24
2011,8,15,2,0,0,0,0,24
2011,8,15,3,0,0,0,0,24
2011,8,15,4,0,0,0,0,24
2011,8,15,5,0,0,0,0,24
2011,8,15,6,0,24,0,24,24
2011,8,15,7,0,101,0,101,24
2011,8,15,8,0,83,0,83,24
2011,8,15,9,0,150,0,150,25
2011,8,15,10,0,168,1,167,25
2011,8,15,11,0,238,7,231,25
2011,8,15,12,0,281,4,277,26
2011,8,15,13,0,358,23,336,26
2011,8,15,14,0,245,3,242,27
2011,8,15,15,0,249,10,241,27
2011,8,15,16,0,202,14,194,27
2011,8,15,17,0,37,0,37,27
2011,8,15,18,0,7,0,7,27
2011,8,15,19,0,0,0,0,27
2011,8,15,20,0,0,0,0,27
2011,8,15,21,0,0,0,0,26
2011,8,15,22,0,0,0,0,26
2011,8,15,23,0,0,0,0,26
2011,8,16,0,0,0,0,0,25
2011,8,16,1,0,0,0,0,25
2011,8,16,2,0,0,0,0,25
2011,8,16,3,0,0,0,0,25
2011,8,16,4,0,0,0,0,25
2011,8,16,5,0,0,0,0,25
2011,8,16,6,0,29,0,29,26
2011,8,16,7,0,91,0,91,27
2011,8,16,8,0,75,0,75,28
2011,8,16,9,0,118,0,118,29
2011,8,16,10,0,139,0,139,29
2011,8,16,11,0,188,2,186,29
2011,8,16,12,0,295,5,290,29
2011,8,16,13,0,326,13,313,29
2011,8,16,14,0,298,13,287,29
2011,8,16,15,0,321,36,295,28
2011,8,16,16,0,143,0,143,28
2011,8,16,17,0,51,0,51,28
2011,8,16,18,0,7,0,7,27
2011,8,16,19,0,0,0,0,27
2011,8,16,20,0,0,0,0,27
2011,8,16,21,0,0,0,0,26
2011,8,16,22,0,0,0,0,26
2011,8,16,23,0,0,0,0,26
2011,8,17,0,0,0,0,0,26
2011,8,17,1,0,0,0,0,26
2011,8,17,2,0,0,0,0,26
2011,8,17,3,0,0,0,0,25
2011,8,17,4,0,0,0,0,25
2011,8,17,5,0,0,0,0,25
2011,8,17,6,0,45,2,44,25
2011,8,17,7,0,166,52,147,26
2011,8,17,8,0,217,23,204,28
2011,8,17,9,0,501,248,320,29
2011,8,17,10,0,792,656,228,30
2011,8,17,11,0,885,687,238,31
2011,8,17,12,0,913,695,241,31
2011,8,17,13,0,875,684,237,31
2011,8,17,14,0,773,651,225,31
2011,8,17,15,0,618,576,213,31
2011,8,17,16,0,289,115,228,30
2011,8,17,17,0,197,224,126,30
2011,8,17,18,0,31,1,30,29
2011,8,17,19,0,0,0,0,28
2011,8,17,20,0,0,0,0,28
2011,8,17,21,0,0,0,0,27
2011,8,17,22,0,0,0,0,27
2011,8,17,23,0,0,0,0,27
2011,8,18,0,0,0,0,0,26
2011,8,18,1,0,0,0,0,26
2011,8,18,2,0,0,0,0,25
2011,8,18,3,0,0,0,0,25
2011,8,18,4,0,0,0,0,25
2011,8,18,5,0,0,0,0,25
2011,8,18,6,0,48,16,45,26
2011,8,18,7,0,199,136,151,28
2011,8,18,8,0,444,428,207,30
2011,8,18,9,0,646,601,209,31
2011,8,18,10,0,794,658,228,31
2011,8,18,11,0,839,629,248,31
2011,8,18,12,0,913,696,241,32
2011,8,18,13,0,873,684,237,31
2011,8,18,14,0,712,546,253,31
2011,8,18,15,0,536,358,285,31
2011,8,18,16,0,393,415,177,30
2011,8,18,17,0,205,228,133,30
2011,8,18,18,0,18,0,18,29
2011,8,18,19,0,0,0,0,28
2011,8,18,20,0,0,0,0,28
2011,8,18,21,0,0,0,0,27
2011,8,18,22,0,0,0,0,27
2011,8,18,23,0,0,0,0,26
2011,8,19,0,0,0,0,0,26
2011,8,19,1,0,0,0,0,26
2011,8,19,2,0,0,0,0,26
2011,8,19,3,0,0,0,0,26
2011,8,19,4,0,0,0,0,26
2011,8,19,5,0,0,0,0,26
2011,8,19,6,0,54,40,48,26
2011,8,19,7,0,91,0,91,27
2011,8,19,8,0,247,31,229,28
2011,8,19,9,0,390,81,331,29
2011,8,19,10,0,504,127,395,30
2011,8,19,11,0,582,131,459,30
2011,8,19,12,0,578,152,431,30
2011,8,19,13,0,767,519,285,30
2011,8,19,14,0,211,21,193,30
2011,8,19,15,0,467,235,303,29
2011,8,19,16,0,121,0,121,29
2011,8,19,17,0,207,199,145,28
2011,8,19,18,0,16,0,16,28
2011,8,19,19,0,0,0,0,27
2011,8,19,20,0,0,0,0,27
2011,8,19,21,0,0,0,0,27
2011,8,19,22,0,0,0,0,26
2011,8,19,23,0,0,0,0,26
2011,8,20,0,0,0,0,0,26
2011,8,20,1,0,0,0,0,26
2011,8,20,2,0,0,0,0,26
2011,8,20,3,0,0,0,0,25
2011,8,20,4,0,0,0,0,25
2011,8,20,5,0,0,0,0,25
2011,8,20,6,0,53,39,48,25
2011,8,20,7,0,241,279,144,26
2011,8,20,8,0,269,68,231,27
2011,8,20,9,0,561,353,305,28
2011,8,20,10,0,582,233,382,30
2011,8,20,11,0,824,616,247,30
2011,8,20,12,0,904,690,240,31
2011,8,20,13,0,842,673,218,31
2011,8,20,14,0,762,644,224,31
2011,8,20,15,0,606,580,202,30
2011,8,20,16,0,412,474,169,30
2011,8,20,17,0,170,147,125,29
2011,8,20,18,0,9,0,9,28
2011,8,20,19,0,0,0,0,28
2011,8,20,20,0,0,0,0,28
2011,8,20,21,0,0,0,0,27
2011,8,20,22,0,0,0,0,27
2011,8,20,23,0,0,0,0,26
2011,8,21,0,0,0,0,0,26
2011,8,21,1,0,0,0,0,26
2011,8,21,2,0,0,0,0,26
2011,8,21,3,0,0,0,0,25
2011,8,21,4,0,0,0,0,25
2011,8,21,5,0,0,0,0,25
2011,8,21,6,0,55,49,48,26
2011,8,21,7,0,239,298,136,28
2011,8,21,8,0,451,499,177,30
2011,8,21,9,0,617,551,218,31
2011,8,21,10,0,758,606,239,32
2011,8,21,11,0,877,683,238,32
2011,8,21,12,0,904,691,241,32
2011,8,21,13,0,864,679,236,32
2011,8,21,14,0,761,645,224,32
2011,8,21,15,0,605,581,202,32
2011,8,21,16,0,411,474,168,31
2011,8,21,17,0,203,295,114,31
2011,8,21,18,0,18,0,18,29
2011,8,21,19,0,0,0,0,29
2011,8,21,20,0,0,0,0,29
2011,8,21,21,0,0,0,0,28
2011,8,21,22,0,0,0,0,28
2011,8,21,23,0,0,0,0,27
2011,8,22,0,0,0,0,0,27
2011,8,22,1,0,0,0,0,26
2011,8,22,2,0,0,0,0,26
2011,8,22,3,0,0,0,0,26
2011,8,22,4,0,0,0,0,26
2011,8,22,5,0,0,0,0,27
2011,8,22,6,0,53,47,47,27
2011,8,22,7,0,238,297,136,29
2011,8,22,8,0,450,499,176,31
2011,8,22,9,0,637,595,207,31
2011,8,22,10,0,751,579,256,32
2011,8,22,11,0,671,314,377,32
2011,8,22,12,0,887,630,284,32
2011,8,22,13,0,613,231,400,32
2011,8,22,14,0,479,134,367,32
2011,8,22,15,0,136,0,136,31
2011,8,22,16,0,171,7,167,31
2011,8,22,17,0,163,136,122,31
2011,8,22,18,0,5,0,5,30
2011,8,22,19,0,0,0,0,30
2011,8,22,20,0,0,0,0,30
2011,8,22,21,0,0,0,0,29
2011,8,22,22,0,0,0,0,29
2011,8,22,23,0,0,0,0,29
2011,8,23,0,0,0,0,0,29
2011,8,23,1,0,0,0,0,28
2011,8,23,2,0,0,0,0,28
2011,8,23,3,0,0,0,0,28
2011,8,23,4,0,0,0,0,28
2011,8,23,5,0,0,0,0,28
2011,8,23,6,0,34,0,34,28
2011,8,23,7,0,187,118,146,29
2011,8,23,8,0,379,260,236,29
2011,8,23,9,0,627,550,230,30
2011,8,23,10,0,557,200,386,31
2011,8,23,11,0,734,368,390,31
2011,8,23,12,0,367,48,321,31
2011,8,23,13,0,154,1,153,31
2011,8,23,14,0,131,0,131,31
2011,8,23,15,0,104,0,104,31
2011,8,23,16,0,74,0,74,31
2011,8,23,17,0,45,0,45,30
2011,8,23,18,0,4,0,4,29
2011,8,23,19,0,0,0,0,29
2011,8,23,20,0,0,0,0,29
2011,8,23,21,0,0,0,0,28
2011,8,23,22,0,0,0,0,28
2011,8,23,23,0,0,0,0,28
2011,8,24,0,0,0,0,0,28
2011,8,24,1,0,0,0,0,27
2011,8,24,2,0,0,0,0,27
2011,8,24,3,0,0,0,0,27
2011,8,24,4,0,0,0,0,27
2011,8,24,5,0,0,0,0,27
2011,8,24,6,0,36,0,36,27
2011,8,24,7,0,162,65,139,28
2011,8,24,8,0,219,19,208,28
2011,8,24,9,0,380,75,326,29
2011,8,24,10,0,415,37,383,29
2011,8,24,11,0,466,77,394,30
2011,8,24,12,0,732,367,382,30
2011,8,24,13,0,741,443,334,30
2011,8,24,14,0,651,394,325,30
2011,8,24,15,0,571,451,262,30
2011,8,24,16,0,230,53,203,29
2011,8,24,17,0,46,0,46,29
2011,8,24,18,0,4,0,4,29
2011,8,24,19,0,0,0,0,28
2011,8,24,20,0,0,0,0,28
2011,8,24,21,0,0,0,0,28
2011,8,24,22,0,0,0,0,27
2011,8,24,23,0,0,0,0,27
2011,8,25,0,0,0,0,0,27
2011,8,25,1,0,0,0,0,26
2011,8,25,2,0,0,0,0,26
2011,8,25,3,0,0,0,0,26
2011,8,25,4,0,0,0,0,26
2011,8,25,5,0,0,0,0,26
2011,8,25,6,0,46,27,42,27
2011,8,25,7,0,237,330,125,28
2011,8,25,8,0,444,494,175,29
2011,8,25,9,0,632,592,207,30
2011,8,25,10,0,740,584,244,31
2011,8,25,11,0,753,449,335,31
2011,8,25,12,0,735,340,411,31
2011,8,25,13,0,373,63,315,31
2011,8,25,14,0,717,544,269,31
2011,8,25,15,0,572,538,205,31
2011,8,25,16,0,375,360,195,31
2011,8,25,17,0,157,121,122,30
2011,8,25,18,0,7,0,7,29
2011,8,25,19,0,0,0,0,29
2011,8,25,20,0,0,0,0,29
2011,8,25,21,0,0,0,0,29
2011,8,25,22,0,0,0,0,28
2011,8,25,23,0,0,0,0,28
2011,8,26,0,0,0,0,0,27
2011,8,26,1,0,0,0,0,27
2011,8,26,2,0,0,0,0,27
2011,8,26,3,0,0,0,0,27
2011,8,26,4,0,0,0,0,26
2011,8,26,5,0,0,0,0,26
2011,8,26,6,0,37,0,37,28
2011,8,26,7,0,118,4,116,29
2011,8,26,8,0,272,55,242,30
2011,8,26,9,0,414,111,334,31
2011,8,26,10,0,495,127,387,31
2011,8,26,11,0,441,45,399,31
2011,8,26,12,0,483,57,428,31
2011,8,26,13,0,376,28,350,31
2011,8,26,14,0,336,24,316,31
2011,8,26,15,0,291,23,275,31
2011,8,26,16,0,199,19,189,30
2011,8,26,17,0,181,203,123,30
2011,8,26,18,0,7,0,7,29
2011,8,26,19,0,0,0,0,29
2011,8,26,20,0,0,0,0,29
2011,8,26,21,0,0,0,0,28
2011,8,26,22,0,0,0,0,28
2011,8,26,23,0,0,0,0,28
2011,8,27,0,0,0,0,0,28
2011,8,27,1,0,0,0,0,27
2011,8,27,2,0,0,0,0,27
2011,8,27,3,0,0,0,0,27
2011,8,27,4,0,0,0,0,27
2011,8,27,5,0,0,0,0,27
2011,8,27,6,0,32,0,32,27
2011,8,27,7,0,168,67,145,28
2011,8,27,8,0,295,94,244,29
2011,8,27,9,0,591,441,275,29
2011,8,27,10,0,227,11,217,30
2011,8,27,11,0,303,16,288,30
2011,8,27,12,0,369,34,336,31
2011,8,27,13,0,529,133,407,31
2011,8,27,14,0,622,335,347,31
2011,8,27,15,0,483,279,294,31
2011,8,27,16,0,392,461,165,30
2011,8,27,17,0,184,273,107,30
2011,8,27,18,0,8,0,8,29
2011,8,27,19,0,0,0,0,29
2011,8,27,20,0,0,0,0,28
2011,8,27,21,0,0,0,0,28
2011,8,27,22,0,0,0,0,28
2011,8,27,23,0,0,0,0,27
2011,8,28,0,0,0,0,0,27
2011,8,28,1,0,0,0,0,27
2011,8,28,2,0,0,0,0,26
2011,8,28,3,0,0,0,0,26
2011,8,28,4,0,0,0,0,26
2011,8,28,5,0,0,0,0,26
2011,8,28,6,0,39,6,38,26
2011,8,28,7,0,233,327,124,28
2011,8,28,8,0,441,493,175,30
2011,8,28,9,0,629,592,206,30
2011,8,28,10,0,776,650,226,31
2011,8,28,11,0,866,680,237,31
2011,8,28,12,0,891,688,240,31
2011,8,28,13,0,849,676,235,31
2011,8,28,14,0,744,639,222,31
2011,8,28,15,0,338,88,278,31
2011,8,28,16,0,242,66,209,31
2011,8,28,17,0,177,205,120,30
2011,8,28,18,0,4,0,4,29
2011,8,28,19,0,0,0,0,29
2011,8,28,20,0,0,0,0,28
2011,8,28,21,0,0,0,0,28
2011,8,28,22,0,0,0,0,28
2011,8,28,23,0,0,0,0,27
2011,8,29,0,0,0,0,0,27
2011,8,29,1,0,0,0,0,27
2011,8,29,2,0,0,0,0,27
2011,8,29,3,0,0,0,0,26
2011,8,29,4,0,0,0,0,26
2011,8,29,5,0,0,0,0,26
2011,8,29,6,0,41,15,39,27
2011,8,29,7,0,226,292,129,28
2011,8,29,8,0,441,494,175,30
2011,8,29,9,0,630,594,207,30
2011,8,29,10,0,777,652,227,31
2011,8,29,11,0,867,683,237,32
2011,8,29,12,0,892,691,240,32
2011,8,29,13,0,792,602,246,32
2011,8,29,14,0,625,349,341,31
2011,8,29,15,0,583,573,200,31
2011,8,29,16,0,386,458,164,31
2011,8,29,17,0,172,250,103,30
2011,8,29,18,0,4,0,4,29
2011,8,29,19,0,0,0,0,28
2011,8,29,20,0,0,0,0,28
2011,8,29,21,0,0,0,0,28
2011,8,29,22,0,0,0,0,27
2011,8,29,23,0,0,0,0,27
2011,8,30,0,0,0,0,0,27
2011,8,30,1,0,0,0,0,27
2011,8,30,2,0,0,0,0,27
2011,8,30,3,0,0,0,0,26
2011,8,30,4,0,0,0,0,26
2011,8,30,5,0,0,0,0,26
2011,8,30,6,0,39,12,37,27
2011,8,30,7,0,231,326,124,28
2011,8,30,8,0,440,494,175,30
2011,8,30,9,0,629,594,207,31
2011,8,30,10,0,777,653,227,32
2011,8,30,11,0,867,683,237,32
2011,8,30,12,0,807,570,270,32
2011,8,30,13,0,743,464,323,32
2011,8,30,14,0,741,640,222,32
2011,8,30,15,0,457,237,299,31
2011,8,30,16,0,382,433,173,31
2011,8,30,17,0,162,193,110,30
2011,8,30,18,0,2,0,2,30
2011,8,30,19,0,0,0,0,29
2011,8,30,20,0,0,0,0,29
2011,8,30,21,0,0,0,0,28
2011,8,30,22,0,0,0,0,28
2011,8,30,23,0,0,0,0,28
2011,8,31,0,0,0,0,0,27
2011,8,31,1,0,0,0,0,27
2011,8,31,2,0,0,0,0,27
2011,8,31,3,0,0,0,0,27
2011,8,31,4,0,0,0,0,26
2011,8,31,5,0,0,0,0,26
2011,8,31,6,0,38,9,37,27
2011,8,31,7,0,230,320,124,28
2011,8,31,8,0,439,493,175,30
2011,8,31,9,0,628,594,207,30
2011,8,31,10,0,775,652,226,31
2011,8,31,11,0,822,632,241,31
2011,8,31,12,0,889,691,240,31
2011,8,31,13,0,846,678,235,31
2011,8,31,14,0,739,640,222,31
2011,8,31,15,0,578,571,199,31
2011,8,31,16,0,374,453,157,31
2011,8,31,17,0,162,204,107,30
2011,8,31,18,0,2,0,2,29
2011,8,31,19,0,0,0,0,29
2011,8,31,20,0,0,0,0,29
2011,8,31,21,0,0,0,0,28
2011,8,31,22,0,0,0,0,28
2011,8,31,23,0,0,0,0,28
2011,9,1,0,0,0,0,0,27
2011,9,1,1,0,0,0,0,27
2011,9,1,2,0,0,0,0,27
2011,9,1,3,0,0,0,0,27
2011,9,1,4,0,0,0,0,27
2011,9,1,5,0,0,0,0,27
2011,9,1,6,0,46,92,37,27
2011,9,1,7,0,236,386,110,28
2011,9,1,8,0,445,530,162,29
2011,9,1,9,0,638,652,176,30
2011,9,1,10,0,785,707,192,30
2011,9,1,11,0,875,735,201,31
2011,9,1,12,0,899,743,203,31
2011,9,1,13,0,856,730,199,31
2011,9,1,14,0,748,696,188,31
2011,9,1,15,0,586,631,170,31
2011,9,1,16,0,386,518,141,30
2011,9,1,17,0,175,315,92,29
2011,9,1,18,0,2,0,2,28
2011,9,1,19,0,0,0,0,28
2011,9,1,20,0,0,0,0,28
2011,9,1,21,0,0,0,0,28
2011,9,1,22,0,0,0,0,27
2011,9,1,23,0,0,0,0,27
2011,9,2,0,0,0,0,0,27
2011,9,2,1,0,0,0,0,27
2011,9,2,2,0,0,0,0,26
2011,9,2,3,0,0,0,0,26
2011,9,2,4,0,0,0,0,26
2011,9,2,5,0,0,0,0,26
2011,9,2,6,0,41,31,37,27
2011,9,2,7,0,237,390,110,28
2011,9,2,8,0,364,221,246,30
2011,9,2,9,0,641,657,177,31
2011,9,2,10,0,789,712,193,32
2011,9,2,11,0,694,337,385,32
2011,9,2,12,0,754,418,363,31
2011,9,2,13,0,791,566,283,31
2011,9,2,14,0,748,698,189,31
2011,9,2,15,0,585,632,170,31
2011,9,2,16,0,384,517,140,30
2011,9,2,17,0,172,311,92,29
2011,9,2,18,0,2,0,2,28
2011,9,2,19,0,0,0,0,28
2011,9,2,20,0,0,0,0,28
2011,9,2,21,0,0,0,0,27
2011,9,2,22,0,0,0,0,27
2011,9,2,23,0,0,0,0,27
2011,9,3,0,0,0,0,0,26
2011,9,3,1,0,0,0,0,26
2011,9,3,2,0,0,0,0,26
2011,9,3,3,0,0,0,0,26
2011,9,3,4,0,0,0,0,26
2011,9,3,5,0,0,0,0,25
2011,9,3,6,0,40,27,37,26
2011,9,3,7,0,213,264,127,28
2011,9,3,8,0,434,488,175,29
2011,9,3,9,0,553,393,276,30
2011,9,3,10,0,658,368,350,30
2011,9,3,11,0,429,84,352,30
2011,9,3,12,0,663,283,399,30
2011,9,3,13,0,543,138,419,30
2011,9,3,14,0,406,51,365,30
2011,9,3,15,0,383,128,299,29
2011,9,3,16,0,139,0,139,29
2011,9,3,17,0,30,0,30,28
2011,9,3,18,0,1,0,1,28
2011,9,3,19,0,0,0,0,27
2011,9,3,20,0,0,0,0,27
2011,9,3,21,0,0,0,0,27
2011,9,3,22,0,0,0,0,26
2011,9,3,23,0,0,0,0,26
2011,9,4,0,0,0,0,0,26
2011,9,4,1,0,0,0,0,26
2011,9,4,2,0,0,0,0,25
2011,9,4,3,0,0,0,0,25
2011,9,4,4,0,0,0,0,25
2011,9,4,5,0,0,0,0,25
2011,9,4,6,0,11,0,11,25
2011,9,4,7,0,78,0,78,26
2011,9,4,8,0,105,0,105,26
2011,9,4,9,0,221,8,215,27
2011,9,4,10,0,365,25,344,29
2011,9,4,11,0,402,23,381,29
2011,9,4,12,0,485,86,404,29
2011,9,4,13,0,218,11,208,29
2011,9,4,14,0,395,79,332,29
2011,9,4,15,0,484,289,296,29
2011,9,4,16,0,251,107,201,29
2011,9,4,17,0,30,0,30,28
2011,9,4,18,0,1,0,1,28
2011,9,4,19,0,0,0,0,27
2011,9,4,20,0,0,0,0,27
2011,9,4,21,0,0,0,0,27
2011,9,4,22,0,0,0,0,27
2011,9,4,23,0,0,0,0,26
2011,9,5,0,0,0,0,0,26
2011,9,5,1,0,0,0,0,26
2011,9,5,2,0,0,0,0,26
2011,9,5,3,0,0,0,0,26
2011,9,5,4,0,0,0,0,26
2011,9,5,5,0,0,0,0,26
2011,9,5,6,0,33,2,32,26
2011,9,5,7,0,99,0,99,27
2011,9,5,8,0,214,18,204,28
2011,9,5,9,0,393,102,321,28
2011,9,5,10,0,381,34,352,29
2011,9,5,11,0,341,29,314,29
2011,9,5,12,0,476,80,401,29
2011,9,5,13,0,628,253,403,29
2011,9,5,14,0,558,289,329,29
2011,9,5,15,0,108,0,108,29
2011,9,5,16,0,68,0,68,29
2011,9,5,17,0,29,0,29,28
2011,9,5,18,0,1,0,1,28
2011,9,5,19,0,0,0,0,27
2011,9,5,20,0,0,0,0,27
2011,9,5,21,0,0,0,0,27
2011,9,5,22,0,0,0,0,27
2011,9,5,23,0,0,0,0,26
2011,9,6,0,0,0,0,0,26
2011,9,6,1,0,0,0,0,26
2011,9,6,2,0,0,0,0,26
2011,9,6,3,0,0,0,0,26
2011,9,6,4,0,0,0,0,26
2011,9,6,5,0,0,0,0,26
2011,9,6,6,0,39,23,36,26
2011,9,6,7,0,159,81,133,27
2011,9,6,8,0,377,262,239,28
2011,9,6,9,0,287,23,270,29
2011,9,6,10,0,332,21,314,29
2011,9,6,11,0,355,16,340,30
2011,9,6,12,0,304,32,274,30
2011,9,6,13,0,673,297,410,30
2011,9,6,14,0,477,145,362,30
2011,9,6,15,0,497,332,283,30
2011,9,6,16,0,192,23,181,29
2011,9,6,17,0,78,0,78,29
2011,9,6,18,0,1,0,1,28
2011,9,6,19,0,0,0,0,28
2011,9,6,20,0,0,0,0,27
2011,9,6,21,0,0,0,0,27
2011,9,6,22,0,0,0,0,27
2011,9,6,23,0,0,0,0,27
2011,9,7,0,0,0,0,0,27
2011,9,7,1,0,0,0,0,26
2011,9,7,2,0,0,0,0,26
2011,9,7,3,0,0,0,0,26
2011,9,7,4,0,0,0,0,26
2011,9,7,5,0,0,0,0,26
2011,9,7,6,0,30,0,30,27
2011,9,7,7,0,206,250,126,27
2011,9,7,8,0,437,549,149,28
2011,9,7,9,0,626,647,175,29
2011,9,7,10,0,750,608,247,30
2011,9,7,11,0,618,241,400,30
2011,9,7,12,0,312,23,290,30
2011,9,7,13,0,255,3,252,30
2011,9,7,14,0,206,1,205,30
2011,9,7,15,0,127,0,127,30
2011,9,7,16,0,170,11,165,30
2011,9,7,17,0,51,0,51,29
2011,9,7,18,0,0,0,0,28
2011,9,7,19,0,0,0,0,28
2011,9,7,20,0,0,0,0,28
2011,9,7,21,0,0,0,0,28
2011,9,7,22,0,0,0,0,27
2011,9,7,23,0,0,0,0,27
2011,9,8,0,0,0,0,0,27
2011,9,8,1,0,0,0,0,27
2011,9,8,2,0,0,0,0,27
2011,9,8,3,0,0,0,0,26
2011,9,8,4,0,0,0,0,26
2011,9,8,5,0,0,0,0,26
2011,9,8,6,0,37,28,34,27
2011,9,8,7,0,216,298,121,27
2011,9,8,8,0,435,548,149,28
2011,9,8,9,0,625,647,175,29
2011,9,8,10,0,711,548,258,30
2011,9,8,11,0,836,642,257,30
2011,9,8,12,0,796,568,273,30
2011,9,8,13,0,746,472,330,30
2011,9,8,14,0,183,5,179,30
2011,9,8,15,0,102,0,102,30
2011,9,8,16,0,66,0,66,29
2011,9,8,17,0,27,0,27,29
2011,9,8,18,0,0,0,0,28
2011,9,8,19,0,0,0,0,28
2011,9,8,20,0,0,0,0,27
2011,9,8,21,0,0,0,0,27
2011,9,8,22,0,0,0,0,27
2011,9,8,23,0,0,0,0,27
2011,9,9,0,0,0,0,0,26
2011,9,9,1,0,0,0,0,26
2011,9,9,2,0,0,0,0,26
2011,9,9,3,0,0,0,0,26
2011,9,9,4,0,0,0,0,26
2011,9,9,5,0,0,0,0,26
2011,9,9,6,0,23,0,23,26
2011,9,9,7,0,87,0,87,27
2011,9,9,8,0,102,0,102,28
2011,9,9,9,0,333,70,284,29
2011,9,9,10,0,148,1,147,29
2011,9,9,11,0,174,1,173,30
2011,9,9,12,0,197,4,193,30
2011,9,9,13,0,218,6,212,30
2011,9,9,14,0,470,156,348,30
2011,9,9,15,0,396,168,290,29
2011,9,9,16,0,330,323,186,29
2011,9,9,17,0,52,0,52,28
2011,9,9,18,0,0,0,0,28
2011,9,9,19,0,0,0,0,27
2011,9,9,20,0,0,0,0,27
2011,9,9,21,0,0,0,0,27
2011,9,9,22,0,0,0,0,27
2011,9,9,23,0,0,0,0,27
2011,9,10,0,0,0,0,0,27
2011,9,10,1,0,0,0,0,26
2011,9,10,2,0,0,0,0,26
2011,9,10,3,0,0,0,0,26
2011,9,10,4,0,0,0,0,26
2011,9,10,5,0,0,0,0,26
2011,9,10,6,0,36,69,30,26
2011,9,10,7,0,221,369,106,26
2011,9,10,8,0,340,188,242,27
2011,9,10,9,0,544,361,294,28
2011,9,10,10,0,556,221,374,29
2011,9,10,11,0,662,296,396,30
2011,9,10,12,0,829,628,254,30
2011,9,10,13,0,605,256,381,30
2011,9,10,14,0,715,683,185,31
2011,9,10,15,0,538,572,179,30
2011,9,10,16,0,349,488,134,30
2011,9,10,17,0,140,264,81,29
2011,9,10,18,0,0,0,0,29
2011,9,10,19,0,0,0,0,28
2011,9,10,20,0,0,0,0,28
2011,9,10,21,0,0,0,0,28
2011,9,10,22,0,0,0,0,28
2011,9,10,23,0,0,0,0,27
2011,9,11,0,0,0,0,0,27
2011,9,11,1,0,0,0,0,27
2011,9,11,2,0,0,0,0,27
2011,9,11,3,0,0,0,0,26
2011,9,11,4,0,0,0,0,26
2011,9,11,5,0,0,0,0,26
2011,9,11,6,0,32,11,31,26
2011,9,11,7,0,155,57,137,27
2011,9,11,8,0,291,104,237,29
2011,9,11,9,0,620,595,209,29
2011,9,11,10,0,765,701,191,30
2011,9,11,11,0,768,507,314,30
2011,9,11,12,0,861,639,277,31
2011,9,11,13,0,749,535,283,31
2011,9,11,14,0,712,683,185,31
2011,9,11,15,0,547,612,165,30
2011,9,11,16,0,345,486,134,30
2011,9,11,17,0,125,161,89,29
2011,9,11,18,0,0,0,0,28
2011,9,11,19,0,0,0,0,28
2011,9,11,20,0,0,0,0,28
2011,9,11,21,0,0,0,0,27
2011,9,11,22,0,0,0,0,27
2011,9,11,23,0,0,0,0,27
2011,9,12,0,0,0,0,0,26
2011,9,12,1,0,0,0,0,26
2011,9,12,2,0,0,0,0,26
2011,9,12,3,0,0,0,0,26
2011,9,12,4,0,0,0,0,26
2011,9,12,5,0,0,0,0,26
2011,9,12,6,0,31,11,30,26
2011,9,12,7,0,218,288,129,27
2011,9,12,8,0,295,112,237,28
2011,9,12,9,0,437,155,330,29
2011,9,12,10,0,595,293,355,30
2011,9,12,11,0,494,103,402,30
2011,9,12,12,0,733,378,389,30
2011,9,12,13,0,822,721,196,30
2011,9,12,14,0,695,592,240,30
2011,9,12,15,0,147,0,147,30
2011,9,12,16,0,341,483,133,29
2011,9,12,17,0,76,15,72,28
2011,9,12,18,0,0,0,0,28
2011,9,12,19,0,0,0,0,28
2011,9,12,20,0,0,0,0,27
2011,9,12,21,0,0,0,0,27
2011,9,12,22,0,0,0,0,27
2011,9,12,23,0,0,0,0,27
2011,9,13,0,0,0,0,0,27
2011,9,13,1,0,0,0,0,27
2011,9,13,2,0,0,0,0,27
2011,9,13,3,0,0,0,0,27
2011,9,13,4,0,0,0,0,26
2011,9,13,5,0,0,0,0,26
2011,9,13,6,0,25,0,25,27
2011,9,13,7,0,211,304,117,27
2011,9,13,8,0,427,544,148,28
2011,9,13,9,0,617,645,174,30
2011,9,13,10,0,751,658,215,30
2011,9,13,11,0,849,730,199,31
2011,9,13,12,0,800,593,262,31
2011,9,13,13,0,631,287,383,31
2011,9,13,14,0,517,188,373,31
2011,9,13,15,0,346,115,275,30
2011,9,13,16,0,337,481,132,30
2011,9,13,17,0,126,194,85,29
2011,9,13,18,0,0,0,0,29
2011,9,13,19,0,0,0,0,28
2011,9,13,20,0,0,0,0,28
2011,9,13,21,0,0,0,0,28
2011,9,13,22,0,0,0,0,28
2011,9,13,23,0,0,0,0,27
2011,9,14,0,0,0,0,0,27
2011,9,14,1,0,0,0,0,27
2011,9,14,2,0,0,0,0,27
2011,9,14,3,0,0,0,0,27
2011,9,14,4,0,0,0,0,26
2011,9,14,5,0,0,0,0,26
2011,9,14,6,0,32,23,30,27
2011,9,14,7,0,216,363,104,28
2011,9,14,8,0,425,543,148,28
2011,9,14,9,0,614,643,174,29
2011,9,14,10,0,759,700,190,30
2011,9,14,11,0,846,729,199,30
2011,9,14,12,0,818,574,299,31
2011,9,14,13,0,624,280,382,31
2011,9,14,14,0,389,86,323,30
2011,9,14,15,0,489,375,259,30
2011,9,14,16,0,278,180,202,30
2011,9,14,17,0,104,73,88,29
2011,9,14,18,0,0,0,0,29
2011,9,14,19,0,0,0,0,28
2011,9,14,20,0,0,0,0,28
2011,9,14,21,0,0,0,0,28
2011,9,14,22,0,0,0,0,28
2011,9,14,23,0,0,0,0,27
2011,9,15,0,0,0,0,0,27
2011,9,15,1,0,0,0,0,27
2011,9,15,2,0,0,0,0,27
2011,9,15,3,0,0,0,0,27
2011,9,15,4,0,0,0,0,27
2011,9,15,5,0,0,0,0,27
2011,9,15,6,0,31,58,27,27
2011,9,15,7,0,215,364,104,28
2011,9,15,8,0,257,72,220,29
2011,9,15,9,0,493,249,323,30
2011,9,15,10,0,759,702,190,30
2011,9,15,11,0,825,656,244,30
2011,9,15,12,0,774,507,317,30
2011,9,15,13,0,490,118,388,30
2011,9,15,14,0,131,0,131,30
2011,9,15,15,0,97,0,97,30
2011,9,15,16,0,61,0,61,29
2011,9,15,17,0,25,0,25,28
2011,9,15,18,0,0,0,0,28
2011,9,15,19,0,0,0,0,27
2011,9,15,20,0,0,0,0,27
2011,9,15,21,0,0,0,0,27
2011,9,15,22,0,0,0,0,26
2011,9,15,23,0,0,0,0,26
2011,9,16,0,0,0,0,0,26
2011,9,16,1,0,0,0,0,26
2011,9,16,2,0,0,0,0,26
2011,9,16,3,0,0,0,0,26
2011,9,16,4,0,0,0,0,25
2011,9,16,5,0,0,0,0,25
2011,9,16,6,0,21,0,21,26
2011,9,16,7,0,85,0,85,26
2011,9,16,8,0,157,1,156,27
2011,9,16,9,0,412,147,312,29
2011,9,16,10,0,759,703,191,30
2011,9,16,11,0,846,732,199,31
2011,9,16,12,0,865,739,201,31
2011,9,16,13,0,730,522,284,31
2011,9,16,14,0,677,624,206,31
2011,9,16,15,0,523,581,172,31
2011,9,16,16,0,328,476,131,30
2011,9,16,17,0,119,233,73,27
2011,9,16,18,0,0,0,0,27
2011,9,16,19,0,0,0,0,27
2011,9,16,20,0,0,0,0,27
2011,9,16,21,0,0,0,0,26
2011,9,16,22,0,0,0,0,26
2011,9,16,23,0,0,0,0,26
2011,9,17,0,0,0,0,0,25
2011,9,17,1,0,0,0,0,25
2011,9,17,2,0,0,0,0,24
2011,9,17,3,0,0,0,0,24
2011,9,17,4,0,0,0,0,24
2011,9,17,5,0,0,0,0,24
2011,9,17,6,0,24,0,24,25
2011,9,17,7,0,196,256,119,26
2011,9,17,8,0,420,513,160,29
2011,9,17,9,0,614,648,175,30
2011,9,17,10,0,759,705,191,31
2011,9,17,11,0,845,733,199,31
2011,9,17,12,0,863,739,201,31
2011,9,17,13,0,812,723,196,30
2011,9,17,14,0,696,682,184,30
2011,9,17,15,0,527,606,163,30
2011,9,17,16,0,295,347,153,29
2011,9,17,17,0,111,181,76,28
2011,9,17,18,0,0,0,0,27
2011,9,17,19,0,0,0,0,27
2011,9,17,20,0,0,0,0,27
2011,9,17,21,0,0,0,0,26
2011,9,17,22,0,0,0,0,26
2011,9,17,23,0,0,0,0,26
2011,9,18,0,0,0,0,0,25
2011,9,18,1,0,0,0,0,25
2011,9,18,2,0,0,0,0,24
2011,9,18,3,0,0,0,0,24
2011,9,18,4,0,0,0,0,24
2011,9,18,5,0,0,0,0,24
2011,9,18,6,0,22,0,22,25
2011,9,18,7,0,175,111,141,26
2011,9,18,8,0,339,209,233,28
2011,9,18,9,0,599,569,214,30
2011,9,18,10,0,699,559,250,31
2011,9,18,11,0,782,578,275,31
2011,9,18,12,0,848,658,261,31
2011,9,18,13,0,767,609,251,31
2011,9,18,14,0,639,541,235,31
2011,9,18,15,0,531,616,164,31
2011,9,18,16,0,325,479,130,30
2011,9,18,17,0,106,153,77,29
2011,9,18,18,0,0,0,0,28
2011,9,18,19,0,0,0,0,27
2011,9,18,20,0,0,0,0,26
2011,9,18,21,0,0,0,0,26
2011,9,18,22,0,0,0,0,26
2011,9,18,23,0,0,0,0,25
2011,9,19,0,0,0,0,0,25
2011,9,19,1,0,0,0,0,24
2011,9,19,2,0,0,0,0,24
2011,9,19,3,0,0,0,0,24
2011,9,19,4,0,0,0,0,23
2011,9,19,5,0,0,0,0,23
2011,9,19,6,0,25,0,25,24
2011,9,19,7,0,185,220,119,26
2011,9,19,8,0,297,141,226,29
2011,9,19,9,0,617,605,209,30
2011,9,19,10,0,723,618,228,31
2011,9,19,11,0,833,669,248,31
2011,9,19,12,0,800,586,279,32
2011,9,19,13,0,737,559,265,31
2011,9,19,14,0,695,687,185,31
2011,9,19,15,0,524,610,163,31
2011,9,19,16,0,318,472,129,30
2011,9,19,17,0,101,140,75,29
2011,9,19,18,0,0,0,0,28
2011,9,19,19,0,0,0,0,27
2011,9,19,20,0,0,0,0,27
2011,9,19,21,0,0,0,0,26
2011,9,19,22,0,0,0,0,26
2011,9,19,23,0,0,0,0,25
2011,9,20,0,0,0,0,0,25
2011,9,20,1,0,0,0,0,24
2011,9,20,2,0,0,0,0,24
2011,9,20,3,0,0,0,0,23
2011,9,20,4,0,0,0,0,23
2011,9,20,5,0,0,0,0,23
2011,9,20,6,0,20,0,20,24
2011,9,20,7,0,215,372,105,25
2011,9,20,8,0,430,561,150,27
2011,9,20,9,0,624,666,177,30
2011,9,20,10,0,771,724,194,31
2011,9,20,11,0,857,752,202,32
2011,9,20,12,0,874,757,204,32
2011,9,20,13,0,820,739,198,32
2011,9,20,14,0,700,696,186,32
2011,9,20,15,0,527,617,164,31
2011,9,20,16,0,318,476,129,30
2011,9,20,17,0,96,112,75,28
2011,9,20,18,0,0,0,0,27
2011,9,20,19,0,0,0,0,27
2011,9,20,20,0,0,0,0,26
2011,9,20,21,0,0,0,0,26
2011,9,20,22,0,0,0,0,25
2011,9,20,23,0,0,0,0,25
2011,9,21,0,0,0,0,0,25
2011,9,21,1,0,0,0,0,24
2011,9,21,2,0,0,0,0,24
2011,9,21,3,0,0,0,0,23
2011,9,21,4,0,0,0,0,23
2011,9,21,5,0,0,0,0,22
2011,9,21,6,0,22,0,22,23
2011,9,21,7,0,203,347,101,25
2011,9,21,8,0,429,562,150,28
2011,9,21,9,0,623,666,177,30
2011,9,21,10,0,745,692,194,31
2011,9,21,11,0,811,659,238,31
2011,9,21,12,0,789,582,275,31
2011,9,21,13,0,790,683,218,31
2011,9,21,14,0,697,696,185,31
2011,9,21,15,0,524,617,164,30
2011,9,21,16,0,313,442,139,30
2011,9,21,17,0,75,45,67,28
2011,9,21,18,0,0,0,0,27
2011,9,21,19,0,0,0,0,27
2011,9,21,20,0,0,0,0,26
2011,9,21,21,0,0,0,0,26
2011,9,21,22,0,0,0,0,25
2011,9,21,23,0,0,0,0,25
2011,9,22,0,0,0,0,0,24
2011,9,22,1,0,0,0,0,24
2011,9,22,2,0,0,0,0,24
2011,9,22,3,0,0,0,0,23
2011,9,22,4,0,0,0,0,23
2011,9,22,5,0,0,0,0,23
2011,9,22,6,0,20,0,20,24
2011,9,22,7,0,201,342,101,25
2011,9,22,8,0,427,560,150,28
2011,9,22,9,0,621,666,177,30
2011,9,22,10,0,768,724,193,31
2011,9,22,11,0,854,753,202,31
2011,9,22,12,0,870,758,204,32
2011,9,22,13,0,815,740,198,31
2011,9,22,14,0,694,696,185,31
2011,9,22,15,0,520,615,164,30
2011,9,22,16,0,310,445,137,29
2011,9,22,17,0,86,98,69,28
2011,9,22,18,0,0,0,0,27
2011,9,22,19,0,0,0,0,27
2011,9,22,20,0,0,0,0,26
2011,9,22,21,0,0,0,0,26
2011,9,22,22,0,0,0,0,26
2011,9,22,23,0,0,0,0,25
2011,9,23,0,0,0,0,0,25
2011,9,23,1,0,0,0,0,25
2011,9,23,2,0,0,0,0,24
2011,9,23,3,0,0,0,0,24
2011,9,23,4,0,0,0,0,23
2011,9,23,5,0,0,0,0,23
2011,9,23,6,0,19,0,19,24
2011,9,23,7,0,204,366,98,25
2011,9,23,8,0,428,564,150,28
2011,9,23,9,0,622,669,177,30
2011,9,23,10,0,769,727,194,31
2011,9,23,11,0,853,755,202,31
2011,9,23,12,0,850,741,201,31
2011,9,23,13,0,762,639,232,31
2011,9,23,14,0,632,570,217,31
2011,9,23,15,0,517,615,163,30
2011,9,23,16,0,306,441,137,29
2011,9,23,17,0,86,113,67,28
2011,9,23,18,0,0,0,0,27
2011,9,23,19,0,0,0,0,27
2011,9,23,20,0,0,0,0,26
2011,9,23,21,0,0,0,0,26
2011,9,23,22,0,0,0,0,25
2011,9,23,23,0,0,0,0,25
2011,9,24,0,0,0,0,0,24
2011,9,24,1,0,0,0,0,24
2011,9,24,2,0,0,0,0,24
2011,9,24,3,0,0,0,0,23
2011,9,24,4,0,0,0,0,23
2011,9,24,5,0,0,0,0,23
2011,9,24,6,0,18,0,18,24
2011,9,24,7,0,211,372,104,25
2011,9,24,8,0,427,564,150,26
2011,9,24,9,0,620,669,177,29
2011,9,24,10,0,765,726,193,31
2011,9,24,11,0,849,753,202,31
2011,9,24,12,0,864,757,203,32
2011,9,24,13,0,807,738,198,32
2011,9,24,14,0,685,693,185,31
2011,9,24,15,0,511,611,162,31
2011,9,24,16,0,301,435,136,30
2011,9,24,17,0,81,99,65,29
2011,9,24,18,0,0,0,0,28
2011,9,24,19,0,0,0,0,27
2011,9,24,20,0,0,0,0,27
2011,9,24,21,0,0,0,0,26
2011,9,24,22,0,0,0,0,26
2011,9,24,23,0,0,0,0,25
2011,9,25,0,0,0,0,0,25
2011,9,25,1,0,0,0,0,24
2011,9,25,2,0,0,0,0,24
2011,9,25,3,0,0,0,0,23
2011,9,25,4,0,0,0,0,23
2011,9,25,5,0,0,0,0,23
2011,9,25,6,0,16,0,16,24
2011,9,25,7,0,207,365,103,25
2011,9,25,8,0,422,558,149,28
2011,9,25,9,0,615,664,176,30
2011,9,25,10,0,761,723,193,31
2011,9,25,11,0,845,751,202,31
2011,9,25,12,0,860,756,203,31
2011,9,25,13,0,804,738,197,31
2011,9,25,14,0,682,692,184,31
2011,9,25,15,0,506,608,162,30
2011,9,25,16,0,294,423,135,29
2011,9,25,17,0,77,85,63,28
2011,9,25,18,0,0,0,0,27
2011,9,25,19,0,0,0,0,26
2011,9,25,20,0,0,0,0,26
2011,9,25,21,0,0,0,0,26
2011,9,25,22,0,0,0,0,25
2011,9,25,23,0,0,0,0,25
2011,9,26,0,0,0,0,0,25
2011,9,26,1,0,0,0,0,24
2011,9,26,2,0,0,0,0,24
2011,9,26,3,0,0,0,0,23
2011,9,26,4,0,0,0,0,23
2011,9,26,5,0,0,0,0,23
2011,9,26,6,0,15,0,15,24
2011,9,26,7,0,203,358,102,25
2011,9,26,8,0,416,550,148,28
2011,9,26,9,0,607,657,175,29
2011,9,26,10,0,752,716,192,30
2011,9,26,11,0,835,744,200,31
2011,9,26,12,0,850,748,202,31
2011,9,26,13,0,792,694,224,31
2011,9,26,14,0,523,269,330,31
2011,9,26,15,0,465,482,194,30
2011,9,26,16,0,288,412,135,29
2011,9,26,17,0,72,73,60,28
2011,9,26,18,0,0,0,0,27
2011,9,26,19,0,0,0,0,27
2011,9,26,20,0,0,0,0,26
2011,9,26,21,0,0,0,0,26
2011,9,26,22,0,0,0,0,25
2011,9,26,23,0,0,0,0,25
2011,9,27,0,0,0,0,0,24
2011,9,27,1,0,0,0,0,24
2011,9,27,2,0,0,0,0,23
2011,9,27,3,0,0,0,0,23
2011,9,27,4,0,0,0,0,23
2011,9,27,5,0,0,0,0,22
2011,9,27,6,0,14,0,14,23
2011,9,27,7,0,202,358,102,25
2011,9,27,8,0,416,552,148,27
2011,9,27,9,0,608,660,176,29
2011,9,27,10,0,753,720,192,30
2011,9,27,11,0,838,749,201,30
2011,9,27,12,0,852,754,202,30
2011,9,27,13,0,797,736,197,30
2011,9,27,14,0,675,691,184,30
2011,9,27,15,0,499,606,161,30
2011,9,27,16,0,282,401,135,29
2011,9,27,17,0,67,62,57,28
2011,9,27,18,0,0,0,0,27
2011,9,27,19,0,0,0,0,26
2011,9,27,20,0,0,0,0,26
2011,9,27,21,0,0,0,0,25
2011,9,27,22,0,0,0,0,25
2011,9,27,23,0,0,0,0,24
2011,9,28,0,0,0,0,0,24
2011,9,28,1,0,0,0,0,24
2011,9,28,2,0,0,0,0,23
2011,9,28,3,0,0,0,0,23
2011,9,28,4,0,0,0,0,23
2011,9,28,5,0,0,0,0,23
2011,9,28,6,0,13,0,13,23
2011,9,28,7,0,203,362,102,24
2011,9,28,8,0,419,559,149,26
2011,9,28,9,0,612,667,177,29
2011,9,28,10,0,758,727,193,30
2011,9,28,11,0,842,756,202,31
2011,9,28,12,0,856,760,203,31
2011,9,28,13,0,799,742,198,31
2011,9,28,14,0,676,696,184,31
2011,9,28,15,0,499,610,161,31
2011,9,28,16,0,283,419,132,30
2011,9,28,17,0,68,73,57,28
2011,9,28,18,0,0,0,0,27
2011,9,28,19,0,0,0,0,27
2011,9,28,20,0,0,0,0,26
2011,9,28,21,0,0,0,0,26
2011,9,28,22,0,0,0,0,25
2011,9,28,23,0,0,0,0,25
2011,9,29,0,0,0,0,0,24
2011,9,29,1,0,0,0,0,24
2011,9,29,2,0,0,0,0,24
2011,9,29,3,0,0,0,0,23
2011,9,29,4,0,0,0,0,23
2011,9,29,5,0,0,0,0,23
2011,9,29,6,0,12,0,12,23
2011,9,29,7,0,199,355,101,25
2011,9,29,8,0,412,551,148,27
2011,9,29,9,0,603,659,175,29
2011,9,29,10,0,748,718,192,31
2011,9,29,11,0,830,746,200,31
2011,9,29,12,0,843,750,202,31
2011,9,29,13,0,785,730,196,31
2011,9,29,14,0,662,683,182,31
2011,9,29,15,0,486,596,159,30
2011,9,29,16,0,278,440,121,29
2011,9,29,17,0,58,40,52,28
2011,9,29,18,0,0,0,0,27
2011,9,29,19,0,0,0,0,27
2011,9,29,20,0,0,0,0,26
2011,9,29,21,0,0,0,0,26
2011,9,29,22,0,0,0,0,25
2011,9,29,23,0,0,0,0,25
2011,9,30,0,0,0,0,0,25
2011,9,30,1,0,0,0,0,24
2011,9,30,2,0,0,0,0,24
2011,9,30,3,0,0,0,0,24
2011,9,30,4,0,0,0,0,23
2011,9,30,5,0,0,0,0,23
2011,9,30,6,0,13,0,13,23
2011,9,30,7,0,198,354,101,25
2011,9,30,8,0,411,552,148,27
2011,9,30,9,0,603,660,175,29
2011,9,30,10,0,747,719,192,31
2011,9,30,11,0,828,747,200,31
2011,9,30,12,0,841,751,202,31
2011,9,30,13,0,783,731,196,31
2011,9,30,14,0,659,683,182,31
2011,9,30,15,0,484,596,159,30
2011,9,30,16,0,270,395,131,30
2011,9,30,17,0,59,50,52,28
2011,9,30,18,0,0,0,0,27
2011,9,30,19,0,0,0,0,27
2011,9,30,20,0,0,0,0,26
2011,9,30,21,0,0,0,0,26
2011,9,30,22,0,0,0,0,25
2011,9,30,23,0,0,0,0,25
2011,10,1,0,0,0,0,0,25
2011,10,1,1,0,0,0,0,24
2011,10,1,2,0,0,0,0,24
2011,10,1,3,0,0,0,0,24
2011,10,1,4,0,0,0,0,23
2011,10,1,5,0,0,0,0,23
2011,10,1,6,0,8,0,8,24
2011,10,1,7,0,176,179,127,25
2011,10,1,8,0,380,383,198,27
2011,10,1,9,0,566,497,245,29
2011,10,1,10,0,706,564,273,31
2011,10,1,11,0,786,597,287,31
2011,10,1,12,0,799,602,289,31
2011,10,1,13,0,742,579,279,31
2011,10,1,14,0,621,525,257,31
2011,10,1,15,0,450,430,217,31
2011,10,1,16,0,249,275,153,30
2011,10,1,17,0,43,0,43,28
2011,10,1,18,0,0,0,0,27
2011,10,1,19,0,0,0,0,27
2011,10,1,20,0,0,0,0,26
2011,10,1,21,0,0,0,0,26
2011,10,1,22,0,0,0,0,25
2011,10,1,23,0,0,0,0,25
2011,10,2,0,0,0,0,0,25
2011,10,2,1,0,0,0,0,24
2011,10,2,2,0,0,0,0,24
2011,10,2,3,0,0,0,0,23
2011,10,2,4,0,0,0,0,23
2011,10,2,5,0,0,0,0,23
2011,10,2,6,0,8,0,8,23
2011,10,2,7,0,174,159,131,25
2011,10,2,8,0,378,381,198,27
2011,10,2,9,0,562,495,244,30
2011,10,2,10,0,702,562,272,31
2011,10,2,11,0,781,594,286,31
2011,10,2,12,0,792,597,287,32
2011,10,2,13,0,734,574,278,32
2011,10,2,14,0,613,519,255,31
2011,10,2,15,0,442,423,215,31
2011,10,2,16,0,242,201,173,30
2011,10,2,17,0,39,0,39,29
2011,10,2,18,0,0,0,0,28
2011,10,2,19,0,0,0,0,27
2011,10,2,20,0,0,0,0,27
2011,10,2,21,0,0,0,0,26
2011,10,2,22,0,0,0,0,25
2011,10,2,23,0,0,0,0,25
2011,10,3,0,0,0,0,0,24
2011,10,3,1,0,0,0,0,24
2011,10,3,2,0,0,0,0,23
2011,10,3,3,0,0,0,0,23
2011,10,3,4,0,0,0,0,23
2011,10,3,5,0,0,0,0,22
2011,10,3,6,0,7,0,7,23
2011,10,3,7,0,170,194,118,24
2011,10,3,8,0,372,375,196,27
2011,10,3,9,0,554,488,242,29
2011,10,3,10,0,693,555,270,30
2011,10,3,11,0,771,587,284,31
2011,10,3,12,0,782,591,286,31
2011,10,3,13,0,725,568,276,31
2011,10,3,14,0,605,513,253,31
2011,10,3,15,0,435,417,213,30
2011,10,3,16,0,236,191,171,30
2011,10,3,17,0,36,0,36,29
2011,10,3,18,0,0,0,0,28
2011,10,3,19,0,0,0,0,27
2011,10,3,20,0,0,0,0,27
2011,10,3,21,0,0,0,0,26
2011,10,3,22,0,0,0,0,26
2011,10,3,23,0,0,0,0,25
2011,10,4,0,0,0,0,0,25
2011,10,4,1,0,0,0,0,25
2011,10,4,2,0,0,0,0,24
2011,10,4,3,0,0,0,0,24
2011,10,4,4,0,0,0,0,23
2011,10,4,5,0,0,0,0,23
2011,10,4,6,0,6,0,6,24
2011,10,4,7,0,169,152,128,25
2011,10,4,8,0,371,375,196,28
2011,10,4,9,0,555,490,243,30
2011,10,4,10,0,694,558,271,31
2011,10,4,11,0,773,590,285,31
2011,10,4,12,0,784,595,287,31
2011,10,4,13,0,726,571,277,31
2011,10,4,14,0,605,516,253,30
2011,10,4,15,0,434,418,213,30
2011,10,4,16,0,231,183,170,29
2011,10,4,17,0,33,0,33,28
2011,10,4,18,0,0,0,0,27
2011,10,4,19,0,0,0,0,27
2011,10,4,20,0,0,0,0,26
2011,10,4,21,0,0,0,0,26
2011,10,4,22,0,0,0,0,25
2011,10,4,23,0,0,0,0,25
2011,10,5,0,0,0,0,0,25
2011,10,5,1,0,0,0,0,24
2011,10,5,2,0,0,0,0,24
2011,10,5,3,0,0,0,0,23
2011,10,5,4,0,0,0,0,23
2011,10,5,5,0,0,0,0,23
2011,10,5,6,0,5,0,5,23
2011,10,5,7,0,166,190,116,26
2011,10,5,8,0,368,372,195,28
2011,10,5,9,0,550,487,242,30
2011,10,5,10,0,688,554,270,30
2011,10,5,11,0,767,586,284,31
2011,10,5,12,0,777,591,285,31
2011,10,5,13,0,719,567,275,30
2011,10,5,14,0,598,511,252,30
2011,10,5,15,0,428,413,212,30
2011,10,5,16,0,229,254,145,29
2011,10,5,17,0,29,0,29,28
2011,10,5,18,0,0,0,0,27
2011,10,5,19,0,0,0,0,27
2011,10,5,20,0,0,0,0,26
2011,10,5,21,0,0,0,0,26
2011,10,5,22,0,0,0,0,26
2011,10,5,23,0,0,0,0,25
2011,10,6,0,0,0,0,0,25
2011,10,6,1,0,0,0,0,24
2011,10,6,2,0,0,0,0,24
2011,10,6,3,0,0,0,0,24
2011,10,6,4,0,0,0,0,23
2011,10,6,5,0,0,0,0,23
2011,10,6,6,0,4,0,4,24
2011,10,6,7,0,164,145,126,25
2011,10,6,8,0,366,372,194,28
2011,10,6,9,0,550,488,242,30
2011,10,6,10,0,689,556,270,30
2011,10,6,11,0,770,591,285,30
2011,10,6,12,0,782,597,287,30
2011,10,6,13,0,725,575,277,30
2011,10,6,14,0,604,520,254,30
2011,10,6,15,0,432,421,213,30
2011,10,6,16,0,225,184,165,29
2011,10,6,17,0,30,0,30,28
2011,10,6,18,0,0,0,0,27
2011,10,6,19,0,0,0,0,26
2011,10,6,20,0,0,0,0,26
2011,10,6,21,0,0,0,0,25
2011,10,6,22,0,0,0,0,25
2011,10,6,23,0,0,0,0,24
2011,10,7,0,0,0,0,0,24
2011,10,7,1,0,0,0,0,23
2011,10,7,2,0,0,0,0,23
2011,10,7,3,0,0,0,0,23
2011,10,7,4,0,0,0,0,22
2011,10,7,5,0,0,0,0,22
2011,10,7,6,0,4,0,4,23
2011,10,7,7,0,157,128,123,24
2011,10,7,8,0,365,372,194,27
2011,10,7,9,0,548,488,242,29
2011,10,7,10,0,687,556,270,31
2011,10,7,11,0,766,590,284,31
2011,10,7,12,0,777,594,286,31
2011,10,7,13,0,718,571,276,30
2011,10,7,14,0,596,514,252,30
2011,10,7,15,0,424,414,211,29
2011,10,7,16,0,220,177,163,28
2011,10,7,17,0,27,0,27,27
2011,10,7,18,0,0,0,0,27
2011,10,7,19,0,0,0,0,26
2011,10,7,20,0,0,0,0,25
2011,10,7,21,0,0,0,0,25
2011,10,7,22,0,0,0,0,24
2011,10,7,23,0,0,0,0,24
2011,10,8,0,0,0,0,0,23
2011,10,8,1,0,0,0,0,23
2011,10,8,2,0,0,0,0,23
2011,10,8,3,0,0,0,0,22
2011,10,8,4,0,0,0,0,22
2011,10,8,5,0,0,0,0,22
2011,10,8,6,0,2,0,2,23
2011,10,8,7,0,150,100,124,24
2011,10,8,8,0,361,368,193,25
2011,10,8,9,0,543,484,241,27
2011,10,8,10,0,681,552,269,29
2011,10,8,11,0,758,585,283,30
2011,10,8,12,0,768,589,284,30
2011,10,8,13,0,710,565,274,30
2011,10,8,14,0,588,508,250,30
2011,10,8,15,0,417,408,209,29
2011,10,8,16,0,214,169,160,28
2011,10,8,17,0,21,0,21,27
2011,10,8,18,0,0,0,0,27
2011,10,8,19,0,0,0,0,26
2011,10,8,20,0,0,0,0,26
2011,10,8,21,0,0,0,0,25
2011,10,8,22,0,0,0,0,25
2011,10,8,23,0,0,0,0,24
2011,10,9,0,0,0,0,0,24
2011,10,9,1,0,0,0,0,23
2011,10,9,2,0,0,0,0,23
2011,10,9,3,0,0,0,0,23
2011,10,9,4,0,0,0,0,22
2011,10,9,5,0,0,0,0,22
2011,10,9,6,0,3,0,3,22
2011,10,9,7,0,148,97,123,24
2011,10,9,8,0,354,326,205,26
2011,10,9,9,0,544,487,241,28
2011,10,9,10,0,682,555,270,30
2011,10,9,11,0,760,589,284,31
2011,10,9,12,0,771,593,285,31
2011,10,9,13,0,712,570,275,31
2011,10,9,14,0,590,513,251,31
2011,10,9,15,0,418,412,210,30
2011,10,9,16,0,209,162,158,29
2011,10,9,17,0,21,0,21,27
2011,10,9,18,0,0,0,0,26
2011,10,9,19,0,0,0,0,26
2011,10,9,20,0,0,0,0,25
2011,10,9,21,0,0,0,0,25
2011,10,9,22,0,0,0,0,24
2011,10,9,23,0,0,0,0,23
2011,10,10,0,0,0,0,0,23
2011,10,10,1,0,0,0,0,22
2011,10,10,2,0,0,0,0,22
2011,10,10,3,0,0,0,0,22
2011,10,10,4,0,0,0,0,21
2011,10,10,5,0,0,0,0,21
2011,10,10,6,0,2,0,2,22
2011,10,10,7,0,150,105,123,23
2011,10,10,8,0,361,353,201,25
2011,10,10,9,0,546,491,242,28
2011,10,10,10,0,685,560,271,30
2011,10,10,11,0,762,593,285,31
2011,10,10,12,0,772,597,286,31
2011,10,10,13,0,712,572,276,31
2011,10,10,14,0,588,514,251,31
2011,10,10,15,0,415,411,209,30
2011,10,10,16,0,203,155,155,29
2011,10,10,17,0,18,0,18,28
2011,10,10,18,0,0,0,0,27
2011,10,10,19,0,0,0,0,26
2011,10,10,20,0,0,0,0,26
2011,10,10,21,0,0,0,0,25
2011,10,10,22,0,0,0,0,24
2011,10,10,23,0,0,0,0,24
2011,10,11,0,0,0,0,0,23
2011,10,11,1,0,0,0,0,23
2011,10,11,2,0,0,0,0,22
2011,10,11,3,0,0,0,0,22
2011,10,11,4,0,0,0,0,21
2011,10,11,5,0,0,0,0,21
2011,10,11,6,0,1,0,1,22
2011,10,11,7,0,143,90,120,24
2011,10,11,8,0,353,305,216,26
2011,10,11,9,0,544,489,243,30
2011,10,11,10,0,689,566,272,31
2011,10,11,11,0,767,599,286,32
2011,10,11,12,0,775,602,287,32
2011,10,11,13,0,713,576,276,32
2011,10,11,14,0,588,516,252,32
2011,10,11,15,0,412,399,214,31
2011,10,11,16,0,204,163,154,29
2011,10,11,17,0,16,0,16,28
2011,10,11,18,0,0,0,0,27
2011,10,11,19,0,0,0,0,27
2011,10,11,20,0,0,0,0,26
2011,10,11,21,0,0,0,0,25
2011,10,11,22,0,0,0,0,25
2011,10,11,23,0,0,0,0,24
2011,10,12,0,0,0,0,0,24
2011,10,12,1,0,0,0,0,23
2011,10,12,2,0,0,0,0,23
2011,10,12,3,0,0,0,0,22
2011,10,12,4,0,0,0,0,22
2011,10,12,5,0,0,0,0,21
2011,10,12,6,0,1,0,1,22
2011,10,12,7,0,145,99,120,24
2011,10,12,8,0,359,358,199,26
2011,10,12,9,0,544,493,242,29
2011,10,12,10,0,681,560,270,31
2011,10,12,11,0,757,592,284,32
2011,10,12,12,0,764,594,285,32
2011,10,12,13,0,702,567,274,32
2011,10,12,14,0,540,372,299,32
2011,10,12,15,0,404,403,206,31
2011,10,12,16,0,199,180,145,29
2011,10,12,17,0,16,0,16,28
2011,10,12,18,0,0,0,0,27
2011,10,12,19,0,0,0,0,26
2011,10,12,20,0,0,0,0,26
2011,10,12,21,0,0,0,0,25
2011,10,12,22,0,0,0,0,25
2011,10,12,23,0,0,0,0,24
2011,10,13,0,0,0,0,0,24
2011,10,13,1,0,0,0,0,23
2011,10,13,2,0,0,0,0,23
2011,10,13,3,0,0,0,0,22
2011,10,13,4,0,0,0,0,22
2011,10,13,5,0,0,0,0,21
2011,10,13,6,0,1,0,1,22
2011,10,13,7,0,153,178,110,23
2011,10,13,8,0,355,367,191,26
2011,10,13,9,0,536,486,240,29
2011,10,13,10,0,665,508,294,31
2011,10,13,11,0,708,481,325,31
2011,10,13,12,0,753,587,283,32
2011,10,13,13,0,691,559,272,32
2011,10,13,14,0,557,415,290,31
2011,10,13,15,0,290,102,240,30
2011,10,13,16,0,193,172,142,29
2011,10,13,17,0,14,0,14,27
2011,10,13,18,0,0,0,0,27
2011,10,13,19,0,0,0,0,26
2011,10,13,20,0,0,0,0,26
2011,10,13,21,0,0,0,0,25
2011,10,13,22,0,0,0,0,25
2011,10,13,23,0,0,0,0,24
2011,10,14,0,0,0,0,0,23
2011,10,14,1,0,0,0,0,23
2011,10,14,2,0,0,0,0,22
2011,10,14,3,0,0,0,0,22
2011,10,14,4,0,0,0,0,22
2011,10,14,5,0,0,0,0,21
2011,10,14,6,0,1,0,1,22
2011,10,14,7,0,148,141,114,23
2011,10,14,8,0,343,321,201,25
2011,10,14,9,0,526,476,237,28
2011,10,14,10,0,594,335,351,30
2011,10,14,11,0,628,303,388,31
2011,10,14,12,0,666,369,371,31
2011,10,14,13,0,686,557,271,31
2011,10,14,14,0,567,501,247,31
2011,10,14,15,0,398,400,205,30
2011,10,14,16,0,188,164,140,28
2011,10,14,17,0,12,0,12,26
2011,10,14,18,0,0,0,0,25
2011,10,14,19,0,0,0,0,25
2011,10,14,20,0,0,0,0,24
2011,10,14,21,0,0,0,0,23
2011,10,14,22,0,0,0,0,23
2011,10,14,23,0,0,0,0,22
2011,10,15,0,0,0,0,0,22
2011,10,15,1,0,0,0,0,21
2011,10,15,2,0,0,0,0,21
2011,10,15,3,0,0,0,0,20
2011,10,15,4,0,0,0,0,20
2011,10,15,5,0,0,0,0,19
2011,10,15,6,0,1,0,1,20
2011,10,15,7,0,142,112,115,22
2011,10,15,8,0,350,351,196,24
2011,10,15,9,0,536,496,237,27
2011,10,15,10,0,676,562,270,30
2011,10,15,11,0,754,595,285,31
2011,10,15,12,0,769,607,288,31
2011,10,15,13,0,706,579,276,31
2011,10,15,14,0,573,517,245,30
2011,10,15,15,0,394,386,209,30
2011,10,15,16,0,183,156,138,28
2011,10,15,17,0,10,0,10,26
2011,10,15,18,0,0,0,0,25
2011,10,15,19,0,0,0,0,25
2011,10,15,20,0,0,0,0,24
2011,10,15,21,0,0,0,0,24
2011,10,15,22,0,0,0,0,23
2011,10,15,23,0,0,0,0,22
2011,10,16,0,0,0,0,0,22
2011,10,16,1,0,0,0,0,21
2011,10,16,2,0,0,0,0,21
2011,10,16,3,0,0,0,0,21
2011,10,16,4,0,0,0,0,20
2011,10,16,5,0,0,0,0,20
2011,10,16,6,0,0,0,0,21
2011,10,16,7,0,143,120,114,23
2011,10,16,8,0,347,348,195,25
2011,10,16,9,0,531,485,239,28
2011,10,16,10,0,667,555,268,31
2011,10,16,11,0,743,588,282,32
2011,10,16,12,0,750,591,283,32
2011,10,16,13,0,688,564,272,32
2011,10,16,14,0,564,503,247,31
2011,10,16,15,0,390,382,208,30
2011,10,16,16,0,178,148,136,29
2011,10,16,17,0,8,0,8,27
2011,10,16,18,0,0,0,0,26
2011,10,16,19,0,0,0,0,25
2011,10,16,20,0,0,0,0,25
2011,10,16,21,0,0,0,0,24
2011,10,16,22,0,0,0,0,23
2011,10,16,23,0,0,0,0,23
2011,10,17,0,0,0,0,0,22
2011,10,17,1,0,0,0,0,21
2011,10,17,2,0,0,0,0,21
2011,10,17,3,0,0,0,0,20
2011,10,17,4,0,0,0,0,20
2011,10,17,5,0,0,0,0,19
2011,10,17,6,0,0,0,0,20
2011,10,17,7,0,132,82,112,22
2011,10,17,8,0,332,308,198,24
2011,10,17,9,0,514,446,248,27
2011,10,17,10,0,657,533,276,30
2011,10,17,11,0,732,556,298,31
2011,10,17,12,0,743,567,297,31
2011,10,17,13,0,685,555,278,31
2011,10,17,14,0,553,485,249,30
2011,10,17,15,0,380,362,209,29
2011,10,17,16,0,173,141,133,27
2011,10,17,17,0,6,0,6,26
2011,10,17,18,0,0,0,0,25
2011,10,17,19,0,0,0,0,24
2011,10,17,20,0,0,0,0,24
2011,10,17,21,0,0,0,0,23
2011,10,17,22,0,0,0,0,22
2011,10,17,23,0,0,0,0,22
2011,10,18,0,0,0,0,0,21
2011,10,18,1,0,0,0,0,21
2011,10,18,2,0,0,0,0,20
2011,10,18,3,0,0,0,0,20
2011,10,18,4,0,0,0,0,20
2011,10,18,5,0,0,0,0,19
2011,10,18,6,0,0,0,0,20
2011,10,18,7,0,129,79,110,22
2011,10,18,8,0,329,304,198,24
2011,10,18,9,0,510,441,248,27
2011,10,18,10,0,647,516,279,30
2011,10,18,11,0,727,551,299,31
2011,10,18,12,0,737,562,297,31
2011,10,18,13,0,679,548,279,31
2011,10,18,14,0,547,477,250,30
2011,10,18,15,0,381,375,206,29
2011,10,18,16,0,168,133,131,28
2011,10,18,17,0,5,0,5,26
2011,10,18,18,0,0,0,0,25
2011,10,18,19,0,0,0,0,24
2011,10,18,20,0,0,0,0,24
2011,10,18,21,0,0,0,0,23
2011,10,18,22,0,0,0,0,22
2011,10,18,23,0,0,0,0,22
2011,10,19,0,0,0,0,0,21
2011,10,19,1,0,0,0,0,21
2011,10,19,2,0,0,0,0,20
2011,10,19,3,0,0,0,0,19
2011,10,19,4,0,0,0,0,19
2011,10,19,5,0,0,0,0,19
2011,10,19,6,0,0,0,0,19
2011,10,19,7,0,131,87,111,21
2011,10,19,8,0,338,341,192,24
2011,10,19,9,0,520,484,234,27
2011,10,19,10,0,661,555,268,30
2011,10,19,11,0,736,589,282,31
2011,10,19,12,0,743,591,283,31
2011,10,19,13,0,680,563,271,31
2011,10,19,14,0,554,500,245,30
2011,10,19,15,0,377,372,205,29
2011,10,19,16,0,169,142,130,28
2011,10,19,17,0,3,0,3,26
2011,10,19,18,0,0,0,0,26
2011,10,19,19,0,0,0,0,25
2011,10,19,20,0,0,0,0,25
2011,10,19,21,0,0,0,0,24
2011,10,19,22,0,0,0,0,23
2011,10,19,23,0,0,0,0,23
2011,10,20,0,0,0,0,0,22
2011,10,20,1,0,0,0,0,22
2011,10,20,2,0,0,0,0,21
2011,10,20,3,0,0,0,0,20
2011,10,20,4,0,0,0,0,20
2011,10,20,5,0,0,0,0,19
2011,10,20,6,0,0,0,0,20
2011,10,20,7,0,124,72,107,22
2011,10,20,8,0,316,278,198,24
2011,10,20,9,0,496,410,255,27
2011,10,20,10,0,631,494,283,29
2011,10,20,11,0,716,574,275,30
2011,10,20,12,0,732,568,292,30
2011,10,20,13,0,673,554,273,29
2011,10,20,14,0,542,444,269,29
2011,10,20,15,0,313,172,234,27
2011,10,20,16,0,124,37,114,25
2011,10,20,17,0,2,0,2,26
2011,10,20,18,0,0,0,0,26
2011,10,20,19,0,0,0,0,25
2011,10,20,20,0,0,0,0,24
2011,10,20,21,0,0,0,0,24
2011,10,20,22,0,0,0,0,23
2011,10,20,23,0,0,0,0,22
2011,10,21,0,0,0,0,0,22
2011,10,21,1,0,0,0,0,21
2011,10,21,2,0,0,0,0,20
2011,10,21,3,0,0,0,0,20
2011,10,21,4,0,0,0,0,19
2011,10,21,5,0,0,0,0,19
2011,10,21,6,0,0,0,0,19
2011,10,21,7,0,111,48,100,21
2011,10,21,8,0,312,250,206,24
2011,10,21,9,0,492,404,256,27
2011,10,21,10,0,626,490,282,29
2011,10,21,11,0,704,512,312,30
2011,10,21,12,0,720,578,275,30
2011,10,21,13,0,660,520,287,30
2011,10,21,14,0,545,496,243,30
2011,10,21,15,0,363,321,217,29
2011,10,21,16,0,154,100,127,27
2011,10,21,17,0,3,0,3,25
2011,10,21,18,0,0,0,0,24
2011,10,21,19,0,0,0,0,24
2011,10,21,20,0,0,0,0,23
2011,10,21,21,0,0,0,0,22
2011,10,21,22,0,0,0,0,22
2011,10,21,23,0,0,0,0,21
2011,10,22,0,0,0,0,0,21
2011,10,22,1,0,0,0,0,20
2011,10,22,2,0,0,0,0,20
2011,10,22,3,0,0,0,0,19
2011,10,22,4,0,0,0,0,19
2011,10,22,5,0,0,0,0,19
2011,10,22,6,0,0,0,0,19
2011,10,22,7,0,118,65,103,21
2011,10,22,8,0,303,252,197,24
2011,10,22,9,0,476,364,264,27
2011,10,22,10,0,615,471,286,29
2011,10,22,11,0,699,508,312,30
2011,10,22,12,0,707,514,313,30
2011,10,22,13,0,656,546,266,29
2011,10,22,14,0,529,468,246,29
2011,10,22,15,0,358,314,216,28
2011,10,22,16,0,150,94,125,27
2011,10,22,17,0,2,0,2,26
2011,10,22,18,0,0,0,0,25
2011,10,22,19,0,0,0,0,24
2011,10,22,20,0,0,0,0,24
2011,10,22,21,0,0,0,0,23
2011,10,22,22,0,0,0,0,23
2011,10,22,23,0,0,0,0,22
2011,10,23,0,0,0,0,0,22
2011,10,23,1,0,0,0,0,21
2011,10,23,2,0,0,0,0,21
2011,10,23,3,0,0,0,0,20
2011,10,23,4,0,0,0,0,20
2011,10,23,5,0,0,0,0,20
2011,10,23,6,0,0,0,0,20
2011,10,23,7,0,115,62,101,22
2011,10,23,8,0,310,257,203,25
2011,10,23,9,0,488,413,249,28
2011,10,23,10,0,628,509,275,30
2011,10,23,11,0,706,531,304,31
2011,10,23,12,0,713,572,277,31
2011,10,23,13,0,651,544,265,30
2011,10,23,14,0,528,480,239,30
2011,10,23,15,0,352,307,215,29
2011,10,23,16,0,145,88,122,28
2011,10,23,17,0,2,0,2,27
2011,10,23,18,0,0,0,0,26
2011,10,23,19,0,0,0,0,25
2011,10,23,20,0,0,0,0,25
2011,10,23,21,0,0,0,0,24
2011,10,23,22,0,0,0,0,23
2011,10,23,23,0,0,0,0,22
2011,10,24,0,0,0,0,0,22
2011,10,24,1,0,0,0,0,21
2011,10,24,2,0,0,0,0,20
2011,10,24,3,0,0,0,0,20
2011,10,24,4,0,0,0,0,19
2011,10,24,5,0,0,0,0,19
2011,10,24,6,0,0,0,0,19
2011,10,24,7,0,117,69,102,21
2011,10,24,8,0,312,292,191,24
2011,10,24,9,0,479,386,257,27
2011,10,24,10,0,617,491,278,30
2011,10,24,11,0,694,514,307,31
2011,10,24,12,0,702,520,308,31
2011,10,24,13,0,648,544,265,31
2011,10,24,14,0,510,411,264,30
2011,10,24,15,0,333,262,217,29
2011,10,24,16,0,135,70,117,27
2011,10,24,17,0,1,0,1,26
2011,10,24,18,0,0,0,0,25
2011,10,24,19,0,0,0,0,24
2011,10,24,20,0,0,0,0,23
2011,10,24,21,0,0,0,0,22
2011,10,24,22,0,0,0,0,22
2011,10,24,23,0,0,0,0,21
2011,10,25,0,0,0,0,0,20
2011,10,25,1,0,0,0,0,20
2011,10,25,2,0,0,0,0,19
2011,10,25,3,0,0,0,0,18
2011,10,25,4,0,0,0,0,18
2011,10,25,5,0,0,0,0,17
2011,10,25,6,0,0,0,0,18
2011,10,25,7,0,110,55,98,19
2011,10,25,8,0,285,222,194,22
2011,10,25,9,0,456,323,271,25
2011,10,25,10,0,594,422,304,29
2011,10,25,11,0,590,269,388,30
2011,10,25,12,0,689,472,333,30
2011,10,25,13,0,567,284,368,30
2011,10,25,14,0,196,12,188,29
2011,10,25,15,0,334,254,222,28
2011,10,25,16,0,131,65,115,27
2011,10,25,17,0,1,0,1,25
2011,10,25,18,0,0,0,0,24
2011,10,25,19,0,0,0,0,23
2011,10,25,20,0,0,0,0,22
2011,10,25,21,0,0,0,0,22
2011,10,25,22,0,0,0,0,21
2011,10,25,23,0,0,0,0,20
2011,10,26,0,0,0,0,0,20
2011,10,26,1,0,0,0,0,19
2011,10,26,2,0,0,0,0,18
2011,10,26,3,0,0,0,0,18
2011,10,26,4,0,0,0,0,18
2011,10,26,5,0,0,0,0,17
2011,10,26,6,0,0,0,0,18
2011,10,26,7,0,107,52,96,20
2011,10,26,8,0,287,213,200,22
2011,10,26,9,0,464,363,258,25
2011,10,26,10,0,589,420,302,28
2011,10,26,11,0,657,449,322,29
2011,10,26,12,0,677,482,315,30
2011,10,26,13,0,629,505,277,30
2011,10,26,14,0,498,407,258,29
2011,10,26,15,0,329,266,213,28
2011,10,26,16,0,132,72,114,26
2011,10,26,17,0,1,0,1,24
2011,10,26,18,0,0,0,0,23
2011,10,26,19,0,0,0,0,22
2011,10,26,20,0,0,0,0,21
2011,10,26,21,0,0,0,0,20
2011,10,26,22,0,0,0,0,19
2011,10,26,23,0,0,0,0,19
2011,10,27,0,0,0,0,0,18
2011,10,27,1,0,0,0,0,17
2011,10,27,2,0,0,0,0,17
2011,10,27,3,0,0,0,0,16
2011,10,27,4,0,0,0,0,15
2011,10,27,5,0,0,0,0,15
2011,10,27,6,0,0,0,0,15
2011,10,27,7,0,109,59,96,17
2011,10,27,8,0,300,254,197,20
2011,10,27,9,0,486,447,234,23
2011,10,27,10,0,618,505,275,26
2011,10,27,11,0,695,554,284,28
2011,10,27,12,0,698,537,297,28
2011,10,27,13,0,631,517,273,28
2011,10,27,14,0,500,425,251,28
2011,10,27,15,0,337,326,196,26
2011,10,27,16,0,134,80,114,25
2011,10,27,17,0,1,0,1,22
2011,10,27,18,0,0,0,0,22
2011,10,27,19,0,0,0,0,21
2011,10,27,20,0,0,0,0,20
2011,10,27,21,0,0,0,0,19
2011,10,27,22,0,0,0,0,19
2011,10,27,23,0,0,0,0,18
2011,10,28,0,0,0,0,0,18
2011,10,28,1,0,0,0,0,17
2011,10,28,2,0,0,0,0,16
2011,10,28,3,0,0,0,0,16
2011,10,28,4,0,0,0,0,15
2011,10,28,5,0,0,0,0,15
2011,10,28,6,0,0,0,0,15
2011,10,28,7,0,101,46,91,18
2011,10,28,8,0,285,220,197,20
2011,10,28,9,0,466,369,259,23
2011,10,28,10,0,608,502,269,27
2011,10,28,11,0,679,512,301,28
2011,10,28,12,0,693,533,297,29
2011,10,28,13,0,632,517,276,28
2011,10,28,14,0,502,444,244,28
2011,10,28,15,0,326,273,209,27
2011,10,28,16,0,125,63,110,25
2011,10,28,17,0,1,0,1,23
2011,10,28,18,0,0,0,0,22
2011,10,28,19,0,0,0,0,22
2011,10,28,20,0,0,0,0,21
2011,10,28,21,0,0,0,0,20
2011,10,28,22,0,0,0,0,20
2011,10,28,23,0,0,0,0,19
2011,10,29,0,0,0,0,0,18
2011,10,29,1,0,0,0,0,18
2011,10,29,2,0,0,0,0,17
2011,10,29,3,0,0,0,0,17
2011,10,29,4,0,0,0,0,16
2011,10,29,5,0,0,0,0,16
2011,10,29,6,0,0,0,0,16
2011,10,29,7,0,103,52,92,19
2011,10,29,8,0,293,246,195,21
2011,10,29,9,0,473,419,240,24
2011,10,29,10,0,604,486,277,28
2011,10,29,11,0,680,522,297,29
2011,10,29,12,0,681,514,301,29
2011,10,29,13,0,620,494,281,29
2011,10,29,14,0,496,436,244,29
2011,10,29,15,0,321,267,208,28
2011,10,29,16,0,121,58,107,26
2011,10,29,17,0,1,0,1,24
2011,10,29,18,0,0,0,0,23
2011,10,29,19,0,0,0,0,22
2011,10,29,20,0,0,0,0,22
2011,10,29,21,0,0,0,0,21
2011,10,29,22,0,0,0,0,20
2011,10,29,23,0,0,0,0,20
2011,10,30,0,0,0,0,0,19
2011,10,30,1,0,0,0,0,19
2011,10,30,2,0,0,0,0,18
2011,10,30,3,0,0,0,0,17
2011,10,30,4,0,0,0,0,17
2011,10,30,5,0,0,0,0,16
2011,10,30,6,0,0,0,0,16
2011,10,30,7,0,96,40,88,19
2011,10,30,8,0,272,197,194,21
2011,10,30,9,0,446,335,260,24
2011,10,30,10,0,593,480,272,27
2011,10,30,11,0,668,505,299,29
2011,10,30,12,0,668,495,304,30
2011,10,30,13,0,607,471,286,30
2011,10,30,14,0,484,401,254,29
2011,10,30,15,0,309,242,207,28
2011,10,30,16,0,117,54,104,26
2011,10,30,17,0,0,0,0,24
2011,10,30,18,0,0,0,0,23
2011,10,30,19,0,0,0,0,22
2011,10,30,20,0,0,0,0,22
2011,10,30,21,0,0,0,0,21
2011,10,30,22,0,0,0,0,20
2011,10,30,23,0,0,0,0,20
2011,10,31,0,0,0,0,0,19
2011,10,31,1,0,0,0,0,19
2011,10,31,2,0,0,0,0,18
2011,10,31,3,0,0,0,0,17
2011,10,31,4,0,0,0,0,17
2011,10,31,5,0,0,0,0,16
2011,10,31,6,0,0,0,0,16
2011,10,31,7,0,93,37,85,19
2011,10,31,8,0,256,126,207,21
2011,10,31,9,0,410,265,264,25
2011,10,31,10,0,530,316,320,28
2011,10,31,11,0,624,416,322,29
2011,10,31,12,0,642,457,308,30
2011,10,31,13,0,609,497,272,30
2011,10,31,14,0,486,421,246,29
2011,10,31,15,0,311,255,205,28
2011,10,31,16,0,119,61,105,27
2011,10,31,17,0,0,0,0,25
2011,10,31,18,0,0,0,0,24
2011,10,31,19,0,0,0,0,23
2011,10,31,20,0,0,0,0,22
2011,10,31,21,0,0,0,0,22
2011,10,31,22,0,0,0,0,21
2011,10,31,23,0,0,0,0,20
2011,11,1,0,0,0,0,0,20
2011,11,1,1,0,0,0,0,19
2011,11,1,2,0,0,0,0,19
2011,11,1,3,0,0,0,0,18
2011,11,1,4,0,0,0,0,18
2011,11,1,5,0,0,0,0,18
2011,11,1,6,0,0,0,0,18
2011,11,1,7,0,97,43,88,20
2011,11,1,8,0,293,253,195,22
2011,11,1,9,0,472,434,235,26
2011,11,1,10,0,604,495,277,28
2011,11,1,11,0,680,555,278,29
2011,11,1,12,0,684,557,279,30
2011,11,1,13,0,621,527,266,30
2011,11,1,14,0,498,461,237,29
2011,11,1,15,0,327,295,205,28
2011,11,1,16,0,125,74,108,26
2011,11,1,17,0,0,0,0,24
2011,11,1,18,0,0,0,0,23
2011,11,1,19,0,0,0,0,23
2011,11,1,20,0,0,0,0,22
2011,11,1,21,0,0,0,0,21
2011,11,1,22,0,0,0,0,21
2011,11,1,23,0,0,0,0,20
2011,11,2,0,0,0,0,0,20
2011,11,2,1,0,0,0,0,19
2011,11,2,2,0,0,0,0,18
2011,11,2,3,0,0,0,0,18
2011,11,2,4,0,0,0,0,18
2011,11,2,5,0,0,0,0,17
2011,11,2,6,0,0,0,0,17
2011,11,2,7,0,84,23,79,19
2011,11,2,8,0,270,198,194,21
2011,11,2,9,0,472,445,230,25
2011,11,2,10,0,603,518,262,29
2011,11,2,11,0,674,552,277,30
2011,11,2,12,0,676,530,293,30
2011,11,2,13,0,615,523,265,30
2011,11,2,14,0,492,456,235,29
2011,11,2,15,0,323,339,184,28
2011,11,2,16,0,122,69,106,26
2011,11,2,17,0,0,0,0,24
2011,11,2,18,0,0,0,0,24
2011,11,2,19,0,0,0,0,23
2011,11,2,20,0,0,0,0,22
2011,11,2,21,0,0,0,0,22
2011,11,2,22,0,0,0,0,21
2011,11,2,23,0,0,0,0,20
2011,11,3,0,0,0,0,0,20
2011,11,3,1,0,0,0,0,19
2011,11,3,2,0,0,0,0,19
2011,11,3,3,0,0,0,0,18
2011,11,3,4,0,0,0,0,18
2011,11,3,5,0,0,0,0,17
2011,11,3,6,0,0,0,0,17
2011,11,3,7,0,55,0,55,20
2011,11,3,8,0,284,225,198,22
2011,11,3,9,0,467,442,229,26
2011,11,3,10,0,597,514,261,29
2011,11,3,11,0,656,506,294,30
2011,11,3,12,0,669,547,276,31
2011,11,3,13,0,605,515,262,30
2011,11,3,14,0,482,447,233,30
2011,11,3,15,0,197,45,178,29
2011,11,3,16,0,48,0,48,27
2011,11,3,17,0,0,0,0,25
2011,11,3,18,0,0,0,0,24
2011,11,3,19,0,0,0,0,24
2011,11,3,20,0,0,0,0,23
2011,11,3,21,0,0,0,0,22
2011,11,3,22,0,0,0,0,22
2011,11,3,23,0,0,0,0,21
2011,11,4,0,0,0,0,0,21
2011,11,4,1,0,0,0,0,20
2011,11,4,2,0,0,0,0,20
2011,11,4,3,0,0,0,0,19
2011,11,4,4,0,0,0,0,19
2011,11,4,5,0,0,0,0,19
2011,11,4,6,0,0,0,0,19
2011,11,4,7,0,88,34,81,21
2011,11,4,8,0,274,220,191,23
2011,11,4,9,0,439,354,249,26
2011,11,4,10,0,575,459,276,29
2011,11,4,11,0,651,488,304,30
2011,11,4,12,0,664,509,300,30
2011,11,4,13,0,604,516,262,30
2011,11,4,14,0,482,448,233,29
2011,11,4,15,0,313,275,202,28
2011,11,4,16,0,109,53,97,27
2011,11,4,17,0,0,0,0,25
2011,11,4,18,0,0,0,0,24
2011,11,4,19,0,0,0,0,23
2011,11,4,20,0,0,0,0,23
2011,11,4,21,0,0,0,0,22
2011,11,4,22,0,0,0,0,21
2011,11,4,23,0,0,0,0,21
2011,11,5,0,0,0,0,0,20
2011,11,5,1,0,0,0,0,19
2011,11,5,2,0,0,0,0,19
2011,11,5,3,0,0,0,0,18
2011,11,5,4,0,0,0,0,18
2011,11,5,5,0,0,0,0,17
2011,11,5,6,0,0,0,0,18
2011,11,5,7,0,90,39,83,20
2011,11,5,8,0,276,253,181,22
2011,11,5,9,0,434,349,248,26
2011,11,5,10,0,556,412,289,28
2011,11,5,11,0,638,479,299,29
2011,11,5,12,0,651,487,304,30
2011,11,5,13,0,603,517,262,30
2011,11,5,14,0,480,441,236,29
2011,11,5,15,0,314,284,200,28
2011,11,5,16,0,111,55,99,26
2011,11,5,17,0,0,0,0,24
2011,11,5,18,0,0,0,0,23
2011,11,5,19,0,0,0,0,22
2011,11,5,20,0,0,0,0,22
2011,11,5,21,0,0,0,0,21
2011,11,5,22,0,0,0,0,20
2011,11,5,23,0,0,0,0,20
2011,11,6,0,0,0,0,0,19
2011,11,6,1,0,0,0,0,18
2011,11,6,2,0,0,0,0,18
2011,11,6,3,0,0,0,0,17
2011,11,6,4,0,0,0,0,17
2011,11,6,5,0,0,0,0,16
2011,11,6,6,0,0,0,0,16
2011,11,6,7,0,87,36,80,18
2011,11,6,8,0,283,258,187,21
2011,11,6,9,0,459,439,227,24
2011,11,6,10,0,593,506,268,27
2011,11,6,11,0,666,554,276,29
2011,11,6,12,0,672,557,277,30
2011,11,6,13,0,609,525,265,30
2011,11,6,14,0,482,455,232,29
2011,11,6,15,0,310,282,198,28
2011,11,6,16,0,113,63,99,26
2011,11,6,17,0,0,0,0,23
2011,11,6,18,0,0,0,0,22
2011,11,6,19,0,0,0,0,22
2011,11,6,20,0,0,0,0,21
2011,11,6,21,0,0,0,0,20
2011,11,6,22,0,0,0,0,19
2011,11,6,23,0,0,0,0,19
2011,11,7,0,0,0,0,0,18
2011,11,7,1,0,0,0,0,17
2011,11,7,2,0,0,0,0,17
2011,11,7,3,0,0,0,0,16
2011,11,7,4,0,0,0,0,16
2011,11,7,5,0,0,0,0,15
2011,11,7,6,0,0,0,0,15
2011,11,7,7,0,84,37,77,17
2011,11,7,8,0,280,255,186,20
2011,11,7,9,0,455,436,226,23
2011,11,7,10,0,589,504,267,27
2011,11,7,11,0,664,555,275,29
2011,11,7,12,0,669,558,276,30
2011,11,7,13,0,605,523,264,30
2011,11,7,14,0,478,452,231,29
2011,11,7,15,0,307,279,197,27
2011,11,7,16,0,105,53,94,25
2011,11,7,17,0,0,0,0,23
2011,11,7,18,0,0,0,0,22
2011,11,7,19,0,0,0,0,21
2011,11,7,20,0,0,0,0,21
2011,11,7,21,0,0,0,0,20
2011,11,7,22,0,0,0,0,19
2011,11,7,23,0,0,0,0,19
2011,11,8,0,0,0,0,0,18
2011,11,8,1,0,0,0,0,17
2011,11,8,2,0,0,0,0,17
2011,11,8,3,0,0,0,0,16
2011,11,8,4,0,0,0,0,15
2011,11,8,5,0,0,0,0,15
2011,11,8,6,0,0,0,0,15
2011,11,8,7,0,81,34,75,17
2011,11,8,8,0,263,216,184,20
2011,11,8,9,0,433,371,239,23
2011,11,8,10,0,561,454,272,27
2011,11,8,11,0,636,485,298,28
2011,11,8,12,0,649,507,293,29
2011,11,8,13,0,593,495,272,29
2011,11,8,14,0,465,402,247,28
2011,11,8,15,0,265,173,197,27
2011,11,8,16,0,90,24,85,24
2011,11,8,17,0,0,0,0,22
2011,11,8,18,0,0,0,0,21
2011,11,8,19,0,0,0,0,21
2011,11,8,20,0,0,0,0,20
2011,11,8,21,0,0,0,0,19
2011,11,8,22,0,0,0,0,19
2011,11,8,23,0,0,0,0,18
2011,11,9,0,0,0,0,0,17
2011,11,9,1,0,0,0,0,17
2011,11,9,2,0,0,0,0,16
2011,11,9,3,0,0,0,0,16
2011,11,9,4,0,0,0,0,16
2011,11,9,5,0,0,0,0,15
2011,11,9,6,0,0,0,0,15
2011,11,9,7,0,83,39,76,18
2011,11,9,8,0,253,194,183,20
2011,11,9,9,0,434,368,243,23
2011,11,9,10,0,576,506,257,27
2011,11,9,11,0,647,541,272,28
2011,11,9,12,0,651,542,273,29
2011,11,9,13,0,589,511,259,29
2011,11,9,14,0,466,441,229,28
2011,11,9,15,0,260,168,195,27
2011,11,9,16,0,110,54,99,25
2011,11,9,17,0,0,0,0,23
2011,11,9,18,0,0,0,0,22
2011,11,9,19,0,0,0,0,21
2011,11,9,20,0,0,0,0,20
2011,11,9,21,0,0,0,0,19
2011,11,9,22,0,0,0,0,19
2011,11,9,23,0,0,0,0,18
2011,11,10,0,0,0,0,0,18
2011,11,10,1,0,0,0,0,17
2011,11,10,2,0,0,0,0,17
2011,11,10,3,0,0,0,0,16
2011,11,10,4,0,0,0,0,16
2011,11,10,5,0,0,0,0,15
2011,11,10,6,0,0,0,0,15
2011,11,10,7,0,80,36,74,17
2011,11,10,8,0,268,292,163,20
2011,11,10,9,0,438,421,221,23
2011,11,10,10,0,566,497,254,27
2011,11,10,11,0,636,532,270,29
2011,11,10,12,0,641,534,271,30
2011,11,10,13,0,580,504,257,30
2011,11,10,14,0,460,434,227,29
2011,11,10,15,0,295,315,174,28
2011,11,10,16,0,101,48,91,26
2011,11,10,17,0,0,0,0,24
2011,11,10,18,0,0,0,0,23
2011,11,10,19,0,0,0,0,22
2011,11,10,20,0,0,0,0,21
2011,11,10,21,0,0,0,0,21
2011,11,10,22,0,0,0,0,20
2011,11,10,23,0,0,0,0,19
2011,11,11,0,0,0,0,0,19
2011,11,11,1,0,0,0,0,18
2011,11,11,2,0,0,0,0,18
2011,11,11,3,0,0,0,0,17
2011,11,11,4,0,0,0,0,17
2011,11,11,5,0,0,0,0,16
2011,11,11,6,0,0,0,0,16
2011,11,11,7,0,73,16,70,18
2011,11,11,8,0,213,86,182,21
2011,11,11,9,0,276,67,241,24
2011,11,11,10,0,558,490,252,27
2011,11,11,11,0,630,527,268,29
2011,11,11,12,0,636,531,269,30
2011,11,11,13,0,576,501,256,30
2011,11,11,14,0,457,433,226,29
2011,11,11,15,0,293,313,173,28
2011,11,11,16,0,99,44,90,26
2011,11,11,17,0,0,0,0,24
2011,11,11,18,0,0,0,0,23
2011,11,11,19,0,0,0,0,22
2011,11,11,20,0,0,0,0,22
2011,11,11,21,0,0,0,0,21
2011,11,11,22,0,0,0,0,20
2011,11,11,23,0,0,0,0,20
2011,11,12,0,0,0,0,0,19
2011,11,12,1,0,0,0,0,18
2011,11,12,2,0,0,0,0,18
2011,11,12,3,0,0,0,0,17
2011,11,12,4,0,0,0,0,16
2011,11,12,5,0,0,0,0,16
2011,11,12,6,0,0,0,0,16
2011,11,12,7,0,78,38,71,17
2011,11,12,8,0,263,240,179,20
2011,11,12,9,0,436,423,221,24
2011,11,12,10,0,569,509,253,27
2011,11,12,11,0,643,544,272,30
2011,11,12,12,0,649,548,272,30
2011,11,12,13,0,580,492,267,30
2011,11,12,14,0,461,441,227,30
2011,11,12,15,0,293,267,191,29
2011,11,12,16,0,96,46,87,26
2011,11,12,17,0,0,0,0,24
2011,11,12,18,0,0,0,0,23
2011,11,12,19,0,0,0,0,23
2011,11,12,20,0,0,0,0,22
2011,11,12,21,0,0,0,0,21
2011,11,12,22,0,0,0,0,20
2011,11,12,23,0,0,0,0,20
2011,11,13,0,0,0,0,0,19
2011,11,13,1,0,0,0,0,18
2011,11,13,2,0,0,0,0,18
2011,11,13,3,0,0,0,0,17
2011,11,13,4,0,0,0,0,17
2011,11,13,5,0,0,0,0,16
2011,11,13,6,0,0,0,0,16
2011,11,13,7,0,76,35,70,18
2011,11,13,8,0,260,237,177,21
2011,11,13,9,0,432,420,220,24
2011,11,13,10,0,565,495,259,28
2011,11,13,11,0,636,534,273,30
2011,11,13,12,0,644,543,273,30
2011,11,13,13,0,582,511,259,30
2011,11,13,14,0,458,439,226,29
2011,11,13,15,0,290,265,190,28
2011,11,13,16,0,94,43,85,25
2011,11,13,17,0,0,0,0,23
2011,11,13,18,0,0,0,0,23
2011,11,13,19,0,0,0,0,22
2011,11,13,20,0,0,0,0,21
2011,11,13,21,0,0,0,0,20
2011,11,13,22,0,0,0,0,20
2011,11,13,23,0,0,0,0,19
2011,11,14,0,0,0,0,0,18
2011,11,14,1,0,0,0,0,18
2011,11,14,2,0,0,0,0,17
2011,11,14,3,0,0,0,0,16
2011,11,14,4,0,0,0,0,16
2011,11,14,5,0,0,0,0,16
2011,11,14,6,0,0,0,0,15
2011,11,14,7,0,73,32,68,17
2011,11,14,8,0,256,232,176,20
2011,11,14,9,0,417,380,226,24
2011,11,14,10,0,544,458,262,28
2011,11,14,11,0,631,529,274,30
2011,11,14,12,0,639,538,273,30
2011,11,14,13,0,578,498,265,30
2011,11,14,14,0,446,388,242,29
2011,11,14,15,0,278,235,190,28
2011,11,14,16,0,91,36,84,25
2011,11,14,17,0,0,0,0,23
2011,11,14,18,0,0,0,0,23
2011,11,14,19,0,0,0,0,22
2011,11,14,20,0,0,0,0,21
2011,11,14,21,0,0,0,0,20
2011,11,14,22,0,0,0,0,20
2011,11,14,23,0,0,0,0,19
2011,11,15,0,0,0,0,0,18
2011,11,15,1,0,0,0,0,18
2011,11,15,2,0,0,0,0,17
2011,11,15,3,0,0,0,0,17
2011,11,15,4,0,0,0,0,16
2011,11,15,5,0,0,0,0,16
2011,11,15,6,0,0,0,0,15
2011,11,15,7,0,70,29,65,18
2011,11,15,8,0,252,240,170,20
2011,11,15,9,0,425,415,218,24
2011,11,15,10,0,557,502,250,28
2011,11,15,11,0,631,538,269,29
2011,11,15,12,0,634,533,273,30
2011,11,15,13,0,574,497,263,30
2011,11,15,14,0,452,435,225,29
2011,11,15,15,0,285,260,188,28
2011,11,15,16,0,95,43,87,25
2011,11,15,17,0,0,0,0,23
2011,11,15,18,0,0,0,0,22
2011,11,15,19,0,0,0,0,21
2011,11,15,20,0,0,0,0,20
2011,11,15,21,0,0,0,0,20
2011,11,15,22,0,0,0,0,19
2011,11,15,23,0,0,0,0,19
2011,11,16,0,0,0,0,0,18
2011,11,16,1,0,0,0,0,18
2011,11,16,2,0,0,0,0,17
2011,11,16,3,0,0,0,0,17
2011,11,16,4,0,0,0,0,17
2011,11,16,5,0,0,0,0,16
2011,11,16,6,0,0,0,0,16
2011,11,16,7,0,67,26,63,18
2011,11,16,8,0,250,242,168,21
2011,11,16,9,0,421,412,217,24
2011,11,16,10,0,552,486,257,28
2011,11,16,11,0,621,520,273,29
2011,11,16,12,0,630,529,273,30
2011,11,16,13,0,570,493,263,30
2011,11,16,14,0,449,433,224,29
2011,11,16,15,0,283,258,187,28
2011,11,16,16,0,87,34,80,25
2011,11,16,17,0,0,0,0,23
2011,11,16,18,0,0,0,0,22
2011,11,16,19,0,0,0,0,22
2011,11,16,20,0,0,0,0,21
2011,11,16,21,0,0,0,0,20
2011,11,16,22,0,0,0,0,19
2011,11,16,23,0,0,0,0,19
2011,11,17,0,0,0,0,0,18
2011,11,17,1,0,0,0,0,17
2011,11,17,2,0,0,0,0,17
2011,11,17,3,0,0,0,0,16
2011,11,17,4,0,0,0,0,15
2011,11,17,5,0,0,0,0,15
2011,11,17,6,0,0,0,0,15
2011,11,17,7,0,65,23,61,16
2011,11,17,8,0,244,229,167,19
2011,11,17,9,0,415,402,217,23
2011,11,17,10,0,548,495,249,27
2011,11,17,11,0,624,534,269,29
2011,11,17,12,0,630,538,269,30
2011,11,17,13,0,569,498,260,30
2011,11,17,14,0,446,431,223,29
2011,11,17,15,0,281,256,187,27
2011,11,17,16,0,90,39,82,25
2011,11,17,17,0,0,0,0,22
2011,11,17,18,0,0,0,0,21
2011,11,17,19,0,0,0,0,21
2011,11,17,20,0,0,0,0,20
2011,11,17,21,0,0,0,0,19
2011,11,17,22,0,0,0,0,18
2011,11,17,23,0,0,0,0,18
2011,11,18,0,0,0,0,0,17
2011,11,18,1,0,0,0,0,17
2011,11,18,2,0,0,0,0,16
2011,11,18,3,0,0,0,0,16
2011,11,18,4,0,0,0,0,15
2011,11,18,5,0,0,0,0,15
2011,11,18,6,0,0,0,0,15
2011,11,18,7,0,62,20,59,17
2011,11,18,8,0,244,235,166,19
2011,11,18,9,0,414,407,215,23
2011,11,18,10,0,546,496,248,27
2011,11,18,11,0,620,533,267,29
2011,11,18,12,0,627,536,269,30
2011,11,18,13,0,565,496,259,30
2011,11,18,14,0,443,429,222,29
2011,11,18,15,0,279,254,186,28
2011,11,18,16,0,83,30,77,25
2011,11,18,17,0,0,0,0,23
2011,11,18,18,0,0,0,0,22
2011,11,18,19,0,0,0,0,21
2011,11,18,20,0,0,0,0,21
2011,11,18,21,0,0,0,0,20
2011,11,18,22,0,0,0,0,19
2011,11,18,23,0,0,0,0,18
2011,11,19,0,0,0,0,0,18
2011,11,19,1,0,0,0,0,17
2011,11,19,2,0,0,0,0,17
2011,11,19,3,0,0,0,0,16
2011,11,19,4,0,0,0,0,15
2011,11,19,5,0,0,0,0,15
2011,11,19,6,0,0,0,0,15
2011,11,19,7,0,59,17,56,17
2011,11,19,8,0,236,218,164,20
2011,11,19,9,0,394,357,221,23
2011,11,19,10,0,527,450,258,28
2011,11,19,11,0,601,484,282,30
2011,11,19,12,0,616,508,278,31
2011,11,19,13,0,562,494,258,31
2011,11,19,14,0,441,427,222,30
2011,11,19,15,0,277,253,185,28
2011,11,19,16,0,81,28,76,26
2011,11,19,17,0,0,0,0,24
2011,11,19,18,0,0,0,0,23
2011,11,19,19,0,0,0,0,22
2011,11,19,20,0,0,0,0,21
2011,11,19,21,0,0,0,0,21
2011,11,19,22,0,0,0,0,20
2011,11,19,23,0,0,0,0,19
2011,11,20,0,0,0,0,0,19
2011,11,20,1,0,0,0,0,18
2011,11,20,2,0,0,0,0,17
2011,11,20,3,0,0,0,0,17
2011,11,20,4,0,0,0,0,16
2011,11,20,5,0,0,0,0,16
2011,11,20,6,0,0,0,0,16
2011,11,20,7,0,48,3,47,18
2011,11,20,8,0,177,58,158,20
2011,11,20,9,0,303,97,256,23
2011,11,20,10,0,446,228,310,28
2011,11,20,11,0,583,441,294,30
2011,11,20,12,0,619,516,277,31
2011,11,20,13,0,559,493,257,31
2011,11,20,14,0,438,425,221,30
2011,11,20,15,0,275,251,184,28
2011,11,20,16,0,85,36,78,26
2011,11,20,17,0,0,0,0,24
2011,11,20,18,0,0,0,0,23
2011,11,20,19,0,0,0,0,22
2011,11,20,20,0,0,0,0,21
2011,11,20,21,0,0,0,0,20
2011,11,20,22,0,0,0,0,20
2011,11,20,23,0,0,0,0,19
2011,11,21,0,0,0,0,0,18
2011,11,21,1,0,0,0,0,18
2011,11,21,2,0,0,0,0,17
2011,11,21,3,0,0,0,0,16
2011,11,21,4,0,0,0,0,16
2011,11,21,5,0,0,0,0,15
2011,11,21,6,0,0,0,0,15
2011,11,21,7,0,50,6,49,17
2011,11,21,8,0,234,226,161,20
2011,11,21,9,0,386,348,219,23
2011,11,21,10,0,518,438,259,27
2011,11,21,11,0,592,475,282,30
2011,11,21,12,0,593,464,287,30
2011,11,21,13,0,548,469,262,30
2011,11,21,14,0,436,424,221,30
2011,11,21,15,0,272,245,184,28
2011,11,21,16,0,78,24,73,25
2011,11,21,17,0,0,0,0,23
2011,11,21,18,0,0,0,0,22
2011,11,21,19,0,0,0,0,22
2011,11,21,20,0,0,0,0,21
2011,11,21,21,0,0,0,0,20
2011,11,21,22,0,0,0,0,19
2011,11,21,23,0,0,0,0,18
2011,11,22,0,0,0,0,0,18
2011,11,22,1,0,0,0,0,17
2011,11,22,2,0,0,0,0,17
2011,11,22,3,0,0,0,0,16
2011,11,22,4,0,0,0,0,15
2011,11,22,5,0,0,0,0,15
2011,11,22,6,0,0,0,0,15
2011,11,22,7,0,52,10,50,17
2011,11,22,8,0,218,184,159,20
2011,11,22,9,0,387,348,221,23
2011,11,22,10,0,513,433,258,27
2011,11,22,11,0,594,487,277,29
2011,11,22,12,0,603,496,277,30
2011,11,22,13,0,552,485,257,30
2011,11,22,14,0,431,399,229,29
2011,11,22,15,0,262,221,183,28
2011,11,22,16,0,72,14,69,25
2011,11,22,17,0,0,0,0,23
2011,11,22,18,0,0,0,0,22
2011,11,22,19,0,0,0,0,22
2011,11,22,20,0,0,0,0,21
2011,11,22,21,0,0,0,0,20
2011,11,22,22,0,0,0,0,19
2011,11,22,23,0,0,0,0,18
2011,11,23,0,0,0,0,0,18
2011,11,23,1,0,0,0,0,17
2011,11,23,2,0,0,0,0,17
2011,11,23,3,0,0,0,0,16
2011,11,23,4,0,0,0,0,15
2011,11,23,5,0,0,0,0,15
2011,11,23,6,0,0,0,0,15
2011,11,23,7,0,49,8,47,17
2011,11,23,8,0,220,196,158,20
2011,11,23,9,0,377,336,218,23
2011,11,23,10,0,509,428,258,28
2011,11,23,11,0,596,514,263,30
2011,11,23,12,0,607,518,268,30
2011,11,23,13,0,551,488,256,30
2011,11,23,14,0,432,420,221,29
2011,11,23,15,0,267,239,182,28
2011,11,23,16,0,81,31,75,25
2011,11,23,17,0,0,0,0,23
2011,11,23,18,0,0,0,0,22
2011,11,23,19,0,0,0,0,22
2011,11,23,20,0,0,0,0,21
2011,11,23,21,0,0,0,0,20
2011,11,23,22,0,0,0,0,20
2011,11,23,23,0,0,0,0,19
2011,11,24,0,0,0,0,0,18
2011,11,24,1,0,0,0,0,18
2011,11,24,2,0,0,0,0,17
2011,11,24,3,0,0,0,0,16
2011,11,24,4,0,0,0,0,16
2011,11,24,5,0,0,0,0,16
2011,11,24,6,0,0,0,0,15
2011,11,24,7,0,43,3,42,17
2011,11,24,8,0,222,207,157,20
2011,11,24,9,0,385,368,212,24
2011,11,24,10,0,511,444,252,28
2011,11,24,11,0,593,498,272,30
2011,11,24,12,0,604,509,273,30
2011,11,24,13,0,546,481,256,30
2011,11,24,14,0,429,419,219,29
2011,11,24,15,0,265,237,181,28
2011,11,24,16,0,80,29,75,24
2011,11,24,17,0,0,0,0,23
2011,11,24,18,0,0,0,0,22
2011,11,24,19,0,0,0,0,22
2011,11,24,20,0,0,0,0,21
2011,11,24,21,0,0,0,0,20
2011,11,24,22,0,0,0,0,20
2011,11,24,23,0,0,0,0,19
2011,11,25,0,0,0,0,0,18
2011,11,25,1,0,0,0,0,18
2011,11,25,2,0,0,0,0,17
2011,11,25,3,0,0,0,0,16
2011,11,25,4,0,0,0,0,16
2011,11,25,5,0,0,0,0,15
2011,11,25,6,0,0,0,0,15
2011,11,25,7,0,48,10,46,17
2011,11,25,8,0,219,203,156,20
2011,11,25,9,0,382,364,212,24
2011,11,25,10,0,508,441,253,28
2011,11,25,11,0,595,518,263,29
2011,11,25,12,0,605,525,264,30
2011,11,25,13,0,546,485,255,30
2011,11,25,14,0,427,417,219,29
2011,11,25,15,0,267,243,181,27
2011,11,25,16,0,79,28,74,24
2011,11,25,17,0,0,0,0,23
2011,11,25,18,0,0,0,0,22
2011,11,25,19,0,0,0,0,21
2011,11,25,20,0,0,0,0,21
2011,11,25,21,0,0,0,0,20
2011,11,25,22,0,0,0,0,19
2011,11,25,23,0,0,0,0,19
2011,11,26,0,0,0,0,0,18
2011,11,26,1,0,0,0,0,18
2011,11,26,2,0,0,0,0,17
2011,11,26,3,0,0,0,0,17
2011,11,26,4,0,0,0,0,16
2011,11,26,5,0,0,0,0,16
2011,11,26,6,0,0,0,0,16
2011,11,26,7,0,46,8,45,18
2011,11,26,8,0,215,198,154,20
2011,11,26,9,0,378,360,211,24
2011,11,26,10,0,504,436,253,28
2011,11,26,11,0,585,492,271,29
2011,11,26,12,0,590,485,277,30
2011,11,26,13,0,533,453,262,30
2011,11,26,14,0,422,401,222,29
2011,11,26,15,0,262,231,180,28
2011,11,26,16,0,78,27,73,25
2011,11,26,17,0,0,0,0,24
2011,11,26,18,0,0,0,0,23
2011,11,26,19,0,0,0,0,22
2011,11,26,20,0,0,0,0,21
2011,11,26,21,0,0,0,0,21
2011,11,26,22,0,0,0,0,20
2011,11,26,23,0,0,0,0,19
2011,11,27,0,0,0,0,0,19
2011,11,27,1,0,0,0,0,18
2011,11,27,2,0,0,0,0,17
2011,11,27,3,0,0,0,0,17
2011,11,27,4,0,0,0,0,16
2011,11,27,5,0,0,0,0,16
2011,11,27,6,0,0,0,0,16
2011,11,27,7,0,44,6,43,17
2011,11,27,8,0,212,193,153,20
2011,11,27,9,0,374,356,210,24
2011,11,27,10,0,506,451,247,28
2011,11,27,11,0,588,505,267,30
2011,11,27,12,0,598,521,263,30
2011,11,27,13,0,541,483,253,30
2011,11,27,14,0,424,415,218,30
2011,11,27,15,0,264,241,179,28
2011,11,27,16,0,77,26,72,25
2011,11,27,17,0,0,0,0,24
2011,11,27,18,0,0,0,0,23
2011,11,27,19,0,0,0,0,22
2011,11,27,20,0,0,0,0,22
2011,11,27,21,0,0,0,0,21
2011,11,27,22,0,0,0,0,20
2011,11,27,23,0,0,0,0,19
2011,11,28,0,0,0,0,0,19
2011,11,28,1,0,0,0,0,18
2011,11,28,2,0,0,0,0,18
2011,11,28,3,0,0,0,0,17
2011,11,28,4,0,0,0,0,17
2011,11,28,5,0,0,0,0,17
2011,11,28,6,0,0,0,0,16
2011,11,28,7,0,41,4,40,18
2011,11,28,8,0,208,188,151,21
2011,11,28,9,0,376,369,207,25
2011,11,28,10,0,497,429,252,28
2011,11,28,11,0,584,512,259,29
2011,11,28,12,0,593,518,262,30
2011,11,28,13,0,538,488,249,30
2011,11,28,14,0,422,414,217,29
2011,11,28,15,0,263,240,179,27
2011,11,28,16,0,76,25,71,25
2011,11,28,17,0,0,0,0,23
2011,11,28,18,0,0,0,0,21
2011,11,28,19,0,0,0,0,20
2011,11,28,20,0,0,0,0,19
2011,11,28,21,0,0,0,0,18
2011,11,28,22,0,0,0,0,17
2011,11,28,23,0,0,0,0,17
2011,11,29,0,0,0,0,0,16
2011,11,29,1,0,0,0,0,15
2011,11,29,2,0,0,0,0,14
2011,11,29,3,0,0,0,0,13
2011,11,29,4,0,0,0,0,13
2011,11,29,5,0,0,0,0,12
2011,11,29,6,0,0,0,0,12
2011,11,29,7,0,39,3,38,14
2011,11,29,8,0,210,200,150,17
2011,11,29,9,0,373,366,207,20
2011,11,29,10,0,505,465,241,25
2011,11,29,11,0,582,502,265,27
2011,11,29,12,0,594,519,262,27
2011,11,29,13,0,537,480,253,27
2011,11,29,14,0,421,412,218,26
2011,11,29,15,0,262,239,178,25
2011,11,29,16,0,76,25,71,22
2011,11,29,17,0,0,0,0,20
2011,11,29,18,0,0,0,0,19
2011,11,29,19,0,0,0,0,18
2011,11,29,20,0,0,0,0,17
2011,11,29,21,0,0,0,0,16
2011,11,29,22,0,0,0,0,16
2011,11,29,23,0,0,0,0,15
2011,11,30,0,0,0,0,0,14
2011,11,30,1,0,0,0,0,14
2011,11,30,2,0,0,0,0,13
2011,11,30,3,0,0,0,0,12
2011,11,30,4,0,0,0,0,12
2011,11,30,5,0,0,0,0,11
2011,11,30,6,0,0,0,0,11
2011,11,30,7,0,41,7,40,13
2011,11,30,8,0,208,197,150,16
2011,11,30,9,0,373,375,204,20
2011,11,30,10,0,505,471,239,24
2011,11,30,11,0,581,511,260,26
2011,11,30,12,0,591,518,261,27
2011,11,30,13,0,535,479,252,27
2011,11,30,14,0,419,411,217,26
2011,11,30,15,0,261,238,178,25
2011,11,30,16,0,75,25,70,22
2011,11,30,17,0,0,0,0,19
2011,11,30,18,0,0,0,0,18
2011,11,30,19,0,0,0,0,18
2011,11,30,20,0,0,0,0,17
2011,11,30,21,0,0,0,0,16
2011,11,30,22,0,0,0,0,15
2011,11,30,23,0,0,0,0,15
2011,12,1,0,0,0,0,0,14
2011,12,1,1,0,0,0,0,13
2011,12,1,2,0,0,0,0,13
2011,12,1,3,0,0,0,0,12
2011,12,1,4,0,0,0,0,12
2011,12,1,5,0,0,0,0,11
2011,12,1,6,0,0,0,0,11
2011,12,1,7,0,39,5,38,13
2011,12,1,8,0,213,230,146,16
2011,12,1,9,0,386,430,193,20
2011,12,1,10,0,516,502,234,24
2011,12,1,11,0,593,563,241,26
2011,12,1,12,0,603,568,243,27
2011,12,1,13,0,547,537,231,27
2011,12,1,14,0,432,465,204,27
2011,12,1,15,0,271,337,155,25
2011,12,1,16,0,82,42,75,22
2011,12,1,17,0,0,0,0,20
2011,12,1,18,0,0,0,0,20
2011,12,1,19,0,0,0,0,19
2011,12,1,20,0,0,0,0,19
2011,12,1,21,0,0,0,0,18
2011,12,1,22,0,0,0,0,17
2011,12,1,23,0,0,0,0,17
2011,12,2,0,0,0,0,0,16
2011,12,2,1,0,0,0,0,15
2011,12,2,2,0,0,0,0,15
2011,12,2,3,0,0,0,0,14
2011,12,2,4,0,0,0,0,14
2011,12,2,5,0,0,0,0,13
2011,12,2,6,0,0,0,0,13
2011,12,2,7,0,40,10,39,15
2011,12,2,8,0,210,226,144,18
2011,12,2,9,0,380,428,190,22
2011,12,2,10,0,512,516,223,26
2011,12,2,11,0,589,559,240,27
2011,12,2,12,0,601,566,242,28
2011,12,2,13,0,547,538,231,28
2011,12,2,14,0,433,467,204,28
2011,12,2,15,0,273,285,174,26
2011,12,2,16,0,82,42,75,23
2011,12,2,17,0,0,0,0,21
2011,12,2,18,0,0,0,0,20
2011,12,2,19,0,0,0,0,20
2011,12,2,20,0,0,0,0,19
2011,12,2,21,0,0,0,0,18
2011,12,2,22,0,0,0,0,17
2011,12,2,23,0,0,0,0,16
2011,12,3,0,0,0,0,0,15
2011,12,3,1,0,0,0,0,14
2011,12,3,2,0,0,0,0,14
2011,12,3,3,0,0,0,0,13
2011,12,3,4,0,0,0,0,13
2011,12,3,5,0,0,0,0,13
2011,12,3,6,0,0,0,0,12
2011,12,3,7,0,38,8,37,14
2011,12,3,8,0,207,222,143,17
2011,12,3,9,0,380,425,192,21
2011,12,3,10,0,511,500,232,25
2011,12,3,11,0,591,563,241,27
2011,12,3,12,0,603,570,243,28
2011,12,3,13,0,548,537,233,28
2011,12,3,14,0,432,466,204,28
2011,12,3,15,0,272,284,174,26
2011,12,3,16,0,82,42,75,23
2011,12,3,17,0,0,0,0,21
2011,12,3,18,0,0,0,0,20
2011,12,3,19,0,0,0,0,19
2011,12,3,20,0,0,0,0,18
2011,12,3,21,0,0,0,0,18
2011,12,3,22,0,0,0,0,17
2011,12,3,23,0,0,0,0,16
2011,12,4,0,0,0,0,0,15
2011,12,4,1,0,0,0,0,15
2011,12,4,2,0,0,0,0,14
2011,12,4,3,0,0,0,0,14
2011,12,4,4,0,0,0,0,13
2011,12,4,5,0,0,0,0,13
2011,12,4,6,0,0,0,0,13
2011,12,4,7,0,36,6,35,15
2011,12,4,8,0,208,231,142,18
2011,12,4,9,0,377,422,191,21
2011,12,4,10,0,510,506,229,26
2011,12,4,11,0,589,562,241,28
2011,12,4,12,0,601,569,243,29
2011,12,4,13,0,546,537,232,29
2011,12,4,14,0,431,466,204,28
2011,12,4,15,0,272,284,174,26
2011,12,4,16,0,88,58,78,23
2011,12,4,17,0,0,0,0,21
2011,12,4,18,0,0,0,0,20
2011,12,4,19,0,0,0,0,19
2011,12,4,20,0,0,0,0,19
2011,12,4,21,0,0,0,0,18
2011,12,4,22,0,0,0,0,17
2011,12,4,23,0,0,0,0,17
2011,12,5,0,0,0,0,0,16
2011,12,5,1,0,0,0,0,15
2011,12,5,2,0,0,0,0,15
2011,12,5,3,0,0,0,0,14
2011,12,5,4,0,0,0,0,14
2011,12,5,5,0,0,0,0,13
2011,12,5,6,0,0,0,0,13
2011,12,5,7,0,34,4,33,15
2011,12,5,8,0,205,228,141,18
2011,12,5,9,0,374,420,190,22
2011,12,5,10,0,508,504,229,26
2011,12,5,11,0,586,560,240,28
2011,12,5,12,0,599,568,242,29
2011,12,5,13,0,545,536,232,29
2011,12,5,14,0,430,465,204,28
2011,12,5,15,0,271,283,173,26
2011,12,5,16,0,82,43,74,23
2011,12,5,17,0,0,0,0,21
2011,12,5,18,0,0,0,0,21
2011,12,5,19,0,0,0,0,20
2011,12,5,20,0,0,0,0,19
2011,12,5,21,0,0,0,0,18
2011,12,5,22,0,0,0,0,18
2011,12,5,23,0,0,0,0,17
2011,12,6,0,0,0,0,0,17
2011,12,6,1,0,0,0,0,16
2011,12,6,2,0,0,0,0,15
2011,12,6,3,0,0,0,0,15
2011,12,6,4,0,0,0,0,14
2011,12,6,5,0,0,0,0,14
2011,12,6,6,0,0,0,0,13
2011,12,6,7,0,32,2,31,15
2011,12,6,8,0,199,210,140,18
2011,12,6,9,0,369,419,186,22
2011,12,6,10,0,500,508,221,26
2011,12,6,11,0,576,551,237,28
2011,12,6,12,0,588,557,240,29
2011,12,6,13,0,535,527,228,29
2011,12,6,14,0,423,457,201,29
2011,12,6,15,0,267,331,153,27
2011,12,6,16,0,82,43,74,24
2011,12,6,17,0,0,0,0,23
2011,12,6,18,0,0,0,0,22
2011,12,6,19,0,0,0,0,21
2011,12,6,20,0,0,0,0,21
2011,12,6,21,0,0,0,0,20
2011,12,6,22,0,0,0,0,19
2011,12,6,23,0,0,0,0,19
2011,12,7,0,0,0,0,0,18
2011,12,7,1,0,0,0,0,17
2011,12,7,2,0,0,0,0,17
2011,12,7,3,0,0,0,0,16
2011,12,7,4,0,0,0,0,16
2011,12,7,5,0,0,0,0,15
2011,12,7,6,0,0,0,0,15
2011,12,7,7,0,26,0,26,17
2011,12,7,8,0,172,133,135,19
2011,12,7,9,0,359,337,213,23
2011,12,7,10,0,491,498,218,27
2011,12,7,11,0,567,541,235,29
2011,12,7,12,0,579,547,238,30
2011,12,7,13,0,528,519,227,30
2011,12,7,14,0,418,450,200,29
2011,12,7,15,0,243,198,175,28
2011,12,7,16,0,82,44,74,25
2011,12,7,17,0,0,0,0,23
2011,12,7,18,0,0,0,0,23
2011,12,7,19,0,0,0,0,22
2011,12,7,20,0,0,0,0,21
2011,12,7,21,0,0,0,0,21
2011,12,7,22,0,0,0,0,20
2011,12,7,23,0,0,0,0,19
2011,12,8,0,0,0,0,0,19
2011,12,8,1,0,0,0,0,18
2011,12,8,2,0,0,0,0,17
2011,12,8,3,0,0,0,0,17
2011,12,8,4,0,0,0,0,16
2011,12,8,5,0,0,0,0,16
2011,12,8,6,0,0,0,0,16
2011,12,8,7,0,28,0,28,18
2011,12,8,8,0,193,256,123,20
2011,12,8,9,0,360,410,184,24
2011,12,8,10,0,491,499,218,28
2011,12,8,11,0,568,544,235,29
2011,12,8,12,0,582,551,238,30
2011,12,8,13,0,531,523,227,30
2011,12,8,14,0,421,454,201,30
2011,12,8,15,0,266,330,153,28
2011,12,8,16,0,89,59,79,25
2011,12,8,17,0,0,0,0,24
2011,12,8,18,0,0,0,0,23
2011,12,8,19,0,0,0,0,22
2011,12,8,20,0,0,0,0,22
2011,12,8,21,0,0,0,0,21
2011,12,8,22,0,0,0,0,21
2011,12,8,23,0,0,0,0,21
2011,12,9,0,0,0,0,0,20
2011,12,9,1,0,0,0,0,19
2011,12,9,2,0,0,0,0,19
2011,12,9,3,0,0,0,0,18
2011,12,9,4,0,0,0,0,17
2011,12,9,5,0,0,0,0,17
2011,12,9,6,0,0,0,0,16
2011,12,9,7,0,29,38,26,18
2011,12,9,8,0,184,193,131,20
2011,12,9,9,0,340,333,197,24
2011,12,9,10,0,469,416,243,27
2011,12,9,11,0,519,379,288,28
2011,12,9,12,0,542,413,285,29
2011,12,9,13,0,509,432,259,29
2011,12,9,14,0,413,405,217,28
2011,12,9,15,0,258,243,174,26
2011,12,9,16,0,77,31,71,24
2011,12,9,17,0,0,0,0,22
2011,12,9,18,0,0,0,0,22
2011,12,9,19,0,0,0,0,21
2011,12,9,20,0,0,0,0,20
2011,12,9,21,0,0,0,0,19
2011,12,9,22,0,0,0,0,19
2011,12,9,23,0,0,0,0,18
2011,12,10,0,0,0,0,0,17
2011,12,10,1,0,0,0,0,16
2011,12,10,2,0,0,0,0,16
2011,12,10,3,0,0,0,0,15
2011,12,10,4,0,0,0,0,14
2011,12,10,5,0,0,0,0,14
2011,12,10,6,0,0,0,0,13
2011,12,10,7,0,25,0,25,14
2011,12,10,8,0,169,137,132,17
2011,12,10,9,0,350,358,197,22
2011,12,10,10,0,492,484,230,25
2011,12,10,11,0,572,543,242,26
2011,12,10,12,0,591,563,241,27
2011,12,10,13,0,539,530,232,27
2011,12,10,14,0,427,463,203,26
2011,12,10,15,0,266,268,174,24
2011,12,10,16,0,72,21,68,22
2011,12,10,17,0,0,0,0,20
2011,12,10,18,0,0,0,0,19
2011,12,10,19,0,0,0,0,18
2011,12,10,20,0,0,0,0,17
2011,12,10,21,0,0,0,0,17
2011,12,10,22,0,0,0,0,16
2011,12,10,23,0,0,0,0,15
2011,12,11,0,0,0,0,0,14
2011,12,11,1,0,0,0,0,13
2011,12,11,2,0,0,0,0,13
2011,12,11,3,0,0,0,0,12
2011,12,11,4,0,0,0,0,11
2011,12,11,5,0,0,0,0,11
2011,12,11,6,0,0,0,0,10
2011,12,11,7,0,27,0,27,12
2011,12,11,8,0,191,224,131,14
2011,12,11,9,0,359,407,186,18
2011,12,11,10,0,494,496,226,23
2011,12,11,11,0,574,554,238,25
2011,12,11,12,0,590,563,241,25
2011,12,11,13,0,538,531,231,25
2011,12,11,14,0,427,463,203,24
2011,12,11,15,0,271,283,173,23
2011,12,11,16,0,85,47,77,19
2011,12,11,17,0,0,0,0,17
2011,12,11,18,0,0,0,0,16
2011,12,11,19,0,0,0,0,16
2011,12,11,20,0,0,0,0,15
2011,12,11,21,0,0,0,0,14
2011,12,11,22,0,0,0,0,13
2011,12,11,23,0,0,0,0,13
2011,12,12,0,0,0,0,0,12
2011,12,12,1,0,0,0,0,12
2011,12,12,2,0,0,0,0,11
2011,12,12,3,0,0,0,0,11
2011,12,12,4,0,0,0,0,10
2011,12,12,5,0,0,0,0,10
2011,12,12,6,0,0,0,0,10
2011,12,12,7,0,25,0,25,12
2011,12,12,8,0,189,221,130,15
2011,12,12,9,0,357,405,186,18
2011,12,12,10,0,492,502,222,23
2011,12,12,11,0,569,543,240,25
2011,12,12,12,0,589,562,241,26
2011,12,12,13,0,538,532,231,26
2011,12,12,14,0,427,463,203,25
2011,12,12,15,0,272,284,174,23
2011,12,12,16,0,86,48,77,20
2011,12,12,17,0,0,0,0,18
2011,12,12,18,0,0,0,0,17
2011,12,12,19,0,0,0,0,16
2011,12,12,20,0,0,0,0,16
2011,12,12,21,0,0,0,0,15
2011,12,12,22,0,0,0,0,14
2011,12,12,23,0,0,0,0,14
2011,12,13,0,0,0,0,0,13
2011,12,13,1,0,0,0,0,12
2011,12,13,2,0,0,0,0,12
2011,12,13,3,0,0,0,0,11
2011,12,13,4,0,0,0,0,11
2011,12,13,5,0,0,0,0,10
2011,12,13,6,0,0,0,0,10
2011,12,13,7,0,20,0,20,12
2011,12,13,8,0,185,218,128,15
2011,12,13,9,0,354,403,185,18
2011,12,13,10,0,490,493,225,23
2011,12,13,11,0,571,552,237,25
2011,12,13,12,0,588,562,241,26
2011,12,13,13,0,537,531,231,25
2011,12,13,14,0,427,463,203,25
2011,12,13,15,0,272,284,174,23
2011,12,13,16,0,86,49,77,19
2011,12,13,17,0,0,0,0,17
2011,12,13,18,0,0,0,0,16
2011,12,13,19,0,0,0,0,16
2011,12,13,20,0,0,0,0,15
2011,12,13,21,0,0,0,0,14
2011,12,13,22,0,0,0,0,13
2011,12,13,23,0,0,0,0,13
2011,12,14,0,0,0,0,0,12
2011,12,14,1,0,0,0,0,11
2011,12,14,2,0,0,0,0,10
2011,12,14,3,0,0,0,0,10
2011,12,14,4,0,0,0,0,9
2011,12,14,5,0,0,0,0,8
2011,12,14,6,0,0,0,0,8
2011,12,14,7,0,22,0,22,10
2011,12,14,8,0,182,214,126,13
2011,12,14,9,0,351,384,190,17
2011,12,14,10,0,488,492,225,21
2011,12,14,11,0,566,541,240,24
2011,12,14,12,0,587,561,241,25
2011,12,14,13,0,537,532,230,25
2011,12,14,14,0,427,463,203,24
2011,12,14,15,0,273,285,174,22
2011,12,14,16,0,88,52,79,19
2011,12,14,17,0,0,0,0,16
2011,12,14,18,0,0,0,0,15
2011,12,14,19,0,0,0,0,15
2011,12,14,20,0,0,0,0,14
2011,12,14,21,0,0,0,0,13
2011,12,14,22,0,0,0,0,12
2011,12,14,23,0,0,0,0,12
2011,12,15,0,0,0,0,0,11
2011,12,15,1,0,0,0,0,10
2011,12,15,2,0,0,0,0,10
2011,12,15,3,0,0,0,0,9
2011,12,15,4,0,0,0,0,8
2011,12,15,5,0,0,0,0,8
2011,12,15,6,0,0,0,0,7
2011,12,15,7,0,20,0,20,9
2011,12,15,8,0,180,211,125,13
2011,12,15,9,0,350,386,189,16
2011,12,15,10,0,486,491,224,21
2011,12,15,11,0,568,550,237,24
2011,12,15,12,0,586,561,240,24
2011,12,15,13,0,537,531,231,24
2011,12,15,14,0,423,448,206,23
2011,12,15,15,0,273,285,174,22
2011,12,15,16,0,83,40,76,18
2011,12,15,17,0,0,0,0,16
2011,12,15,18,0,0,0,0,15
2011,12,15,19,0,0,0,0,14
2011,12,15,20,0,0,0,0,13
2011,12,15,21,0,0,0,0,13
2011,12,15,22,0,0,0,0,12
2011,12,15,23,0,0,0,0,11
2011,12,16,0,0,0,0,0,11
2011,12,16,1,0,0,0,0,10
2011,12,16,2,0,0,0,0,9
2011,12,16,3,0,0,0,0,9
2011,12,16,4,0,0,0,0,8
2011,12,16,5,0,0,0,0,8
2011,12,16,6,0,0,0,0,7
2011,12,16,7,0,19,0,19,9
2011,12,16,8,0,178,208,125,13
2011,12,16,9,0,348,384,189,16
2011,12,16,10,0,485,490,224,21
2011,12,16,11,0,567,550,237,23
2011,12,16,12,0,586,560,241,24
2011,12,16,13,0,537,531,231,24
2011,12,16,14,0,428,464,203,24
2011,12,16,15,0,274,286,175,22
2011,12,16,16,0,84,41,76,18
2011,12,16,17,0,0,0,0,16
2011,12,16,18,0,0,0,0,15
2011,12,16,19,0,0,0,0,14
2011,12,16,20,0,0,0,0,13
2011,12,16,21,0,0,0,0,12
2011,12,16,22,0,0,0,0,12
2011,12,16,23,0,0,0,0,11
2011,12,17,0,0,0,0,0,10
2011,12,17,1,0,0,0,0,10
2011,12,17,2,0,0,0,0,9
2011,12,17,3,0,0,0,0,8
2011,12,17,4,0,0,0,0,8
2011,12,17,5,0,0,0,0,7
2011,12,17,6,0,0,0,0,7
2011,12,17,7,0,18,0,18,9
2011,12,17,8,0,176,204,124,13
2011,12,17,9,0,347,382,189,16
2011,12,17,10,0,483,489,223,20
2011,12,17,11,0,566,549,237,23
2011,12,17,12,0,585,560,240,25
2011,12,17,13,0,537,532,231,25
2011,12,17,14,0,429,464,204,24
2011,12,17,15,0,275,287,175,22
2011,12,17,16,0,85,44,77,18
2011,12,17,17,0,0,0,0,16
2011,12,17,18,0,0,0,0,15
2011,12,17,19,0,0,0,0,14
2011,12,17,20,0,0,0,0,13
2011,12,17,21,0,0,0,0,12
2011,12,17,22,0,0,0,0,11
2011,12,17,23,0,0,0,0,11
2011,12,18,0,0,0,0,0,10
2011,12,18,1,0,0,0,0,9
2011,12,18,2,0,0,0,0,9
2011,12,18,3,0,0,0,0,8
2011,12,18,4,0,0,0,0,8
2011,12,18,5,0,0,0,0,7
2011,12,18,6,0,0,0,0,7
2011,12,18,7,0,16,0,16,9
2011,12,18,8,0,162,145,125,12
2011,12,18,9,0,343,376,188,16
2011,12,18,10,0,482,488,224,21
2011,12,18,11,0,565,549,236,24
2011,12,18,12,0,585,560,241,25
2011,12,18,13,0,537,532,231,25
2011,12,18,14,0,429,465,203,25
2011,12,18,15,0,276,288,176,22
2011,12,18,16,0,87,46,79,19
2011,12,18,17,0,0,0,0,16
2011,12,18,18,0,0,0,0,15
2011,12,18,19,0,0,0,0,15
2011,12,18,20,0,0,0,0,14
2011,12,18,21,0,0,0,0,13
2011,12,18,22,0,0,0,0,12
2011,12,18,23,0,0,0,0,11
2011,12,19,0,0,0,0,0,11
2011,12,19,1,0,0,0,0,10
2011,12,19,2,0,0,0,0,9
2011,12,19,3,0,0,0,0,9
2011,12,19,4,0,0,0,0,8
2011,12,19,5,0,0,0,0,8
2011,12,19,6,0,0,0,0,7
2011,12,19,7,0,15,0,15,10
2011,12,19,8,0,143,70,125,13
2011,12,19,9,0,277,130,223,16
2011,12,19,10,0,445,333,269,21
2011,12,19,11,0,549,511,243,24
2011,12,19,12,0,581,549,244,25
2011,12,19,13,0,538,532,231,25
2011,12,19,14,0,430,465,204,24
2011,12,19,15,0,277,289,176,22
2011,12,19,16,0,89,49,80,18
2011,12,19,17,0,0,0,0,16
2011,12,19,18,0,0,0,0,15
2011,12,19,19,0,0,0,0,14
2011,12,19,20,0,0,0,0,14
2011,12,19,21,0,0,0,0,13
2011,12,19,22,0,0,0,0,13
2011,12,19,23,0,0,0,0,12
2011,12,20,0,0,0,0,0,12
2011,12,20,1,0,0,0,0,11
2011,12,20,2,0,0,0,0,11
2011,12,20,3,0,0,0,0,10
2011,12,20,4,0,0,0,0,10
2011,12,20,5,0,0,0,0,9
2011,12,20,6,0,0,0,0,9
2011,12,20,7,0,14,0,14,11
2011,12,20,8,0,147,94,123,14
2011,12,20,9,0,322,288,204,17
2011,12,20,10,0,469,467,223,22
2011,12,20,11,0,561,538,239,24
2011,12,20,12,0,584,560,240,25
2011,12,20,13,0,538,532,231,25
2011,12,20,14,0,431,466,204,25
2011,12,20,15,0,278,290,176,23
2011,12,20,16,0,90,51,81,20
2011,12,20,17,0,0,0,0,18
2011,12,20,18,0,0,0,0,17
2011,12,20,19,0,0,0,0,16
2011,12,20,20,0,0,0,0,16
2011,12,20,21,0,0,0,0,15
2011,12,20,22,0,0,0,0,14
2011,12,20,23,0,0,0,0,14
2011,12,21,0,0,0,0,0,13
2011,12,21,1,0,0,0,0,13
2011,12,21,2,0,0,0,0,12
2011,12,21,3,0,0,0,0,12
2011,12,21,4,0,0,0,0,11
2011,12,21,5,0,0,0,0,11
2011,12,21,6,0,0,0,0,10
2011,12,21,7,0,13,0,13,12
2011,12,21,8,0,168,187,122,15
2011,12,21,9,0,327,332,192,19
2011,12,21,10,0,473,485,218,23
2011,12,21,11,0,563,547,236,25
2011,12,21,12,0,584,560,240,26
2011,12,21,13,0,538,523,236,26
2011,12,21,14,0,405,358,230,25
2011,12,21,15,0,279,291,177,23
2011,12,21,16,0,92,54,82,20
2011,12,21,17,0,0,0,0,18
2011,12,21,18,0,0,0,0,17
2011,12,21,19,0,0,0,0,16
2011,12,21,20,0,0,0,0,16
2011,12,21,21,0,0,0,0,15
2011,12,21,22,0,0,0,0,14
2011,12,21,23,0,0,0,0,14
2011,12,22,0,0,0,0,0,13
2011,12,22,1,0,0,0,0,13
2011,12,22,2,0,0,0,0,12
2011,12,22,3,0,0,0,0,11
2011,12,22,4,0,0,0,0,11
2011,12,22,5,0,0,0,0,10
2011,12,22,6,0,0,0,0,10
2011,12,22,7,0,12,0,12,12
2011,12,22,8,0,166,186,120,15
2011,12,22,9,0,339,376,186,19
2011,12,22,10,0,477,485,222,23
2011,12,22,11,0,563,547,237,25
2011,12,22,12,0,584,560,240,25
2011,12,22,13,0,539,533,231,25
2011,12,22,14,0,431,461,206,23
2011,12,22,15,0,281,293,177,22
2011,12,22,16,0,100,65,88,18
2011,12,22,17,0,0,0,0,16
2011,12,22,18,0,0,0,0,15
2011,12,22,19,0,0,0,0,14
2011,12,22,20,0,0,0,0,13
2011,12,22,21,0,0,0,0,12
2011,12,22,22,0,0,0,0,11
2011,12,22,23,0,0,0,0,10
2011,12,23,0,0,0,0,0,9
2011,12,23,1,0,0,0,0,9
2011,12,23,2,0,0,0,0,8
2011,12,23,3,0,0,0,0,7
2011,12,23,4,0,0,0,0,7
2011,12,23,5,0,0,0,0,6
2011,12,23,6,0,0,0,0,6
2011,12,23,7,0,11,0,11,8
2011,12,23,8,0,159,164,119,11
2011,12,23,9,0,329,346,189,15
2011,12,23,10,0,476,484,222,19
2011,12,23,11,0,562,547,236,21
2011,12,23,12,0,585,560,241,21
2011,12,23,13,0,540,533,232,21
2011,12,23,14,0,432,463,205,21
2011,12,23,15,0,282,294,178,19
2011,12,23,16,0,96,53,86,15
2011,12,23,17,0,0,0,0,13
2011,12,23,18,0,0,0,0,12
2011,12,23,19,0,0,0,0,11
2011,12,23,20,0,0,0,0,10
2011,12,23,21,0,0,0,0,10
2011,12,23,22,0,0,0,0,9
2011,12,23,23,0,0,0,0,8
2011,12,24,0,0,0,0,0,8
2011,12,24,1,0,0,0,0,7
2011,12,24,2,0,0,0,0,6
2011,12,24,3,0,0,0,0,6
2011,12,24,4,0,0,0,0,5
2011,12,24,5,0,0,0,0,5
2011,12,24,6,0,0,0,0,5
2011,12,24,7,0,7,0,7,7
2011,12,24,8,0,168,193,121,10
2011,12,24,9,0,337,387,181,14
2011,12,24,10,0,475,484,221,18
2011,12,24,11,0,562,547,236,19
2011,12,24,12,0,585,560,241,20
2011,12,24,13,0,536,519,236,20
2011,12,24,14,0,434,465,206,19
2011,12,24,15,0,284,295,179,18
2011,12,24,16,0,98,56,87,15
2011,12,24,17,0,0,0,0,13
2011,12,24,18,0,0,0,0,11
2011,12,24,19,0,0,0,0,10
2011,12,24,20,0,0,0,0,10
2011,12,24,21,0,0,0,0,9
2011,12,24,22,0,0,0,0,8
2011,12,24,23,0,0,0,0,8
2011,12,25,0,0,0,0,0,7
2011,12,25,1,0,0,0,0,6
2011,12,25,2,0,0,0,0,6
2011,12,25,3,0,0,0,0,5
2011,12,25,4,0,0,0,0,5
2011,12,25,5,0,0,0,0,4
2011,12,25,6,0,0,0,0,4
2011,12,25,7,0,9,0,9,6
2011,12,25,8,0,166,191,120,10
2011,12,25,9,0,336,386,181,14
2011,12,25,10,0,475,484,222,19
2011,12,25,11,0,562,547,236,22
2011,12,25,12,0,585,560,240,23
2011,12,25,13,0,537,520,236,23
2011,12,25,14,0,436,467,206,22
2011,12,25,15,0,286,297,180,20
2011,12,25,16,0,100,59,89,16
2011,12,25,17,0,0,0,0,14
2011,12,25,18,0,0,0,0,13
2011,12,25,19,0,0,0,0,12
2011,12,25,20,0,0,0,0,11
2011,12,25,21,0,0,0,0,10
2011,12,25,22,0,0,0,0,10
2011,12,25,23,0,0,0,0,9
2011,12,26,0,0,0,0,0,8
2011,12,26,1,0,0,0,0,8
2011,12,26,2,0,0,0,0,7
2011,12,26,3,0,0,0,0,7
2011,12,26,4,0,0,0,0,6
2011,12,26,5,0,0,0,0,6
2011,12,26,6,0,0,0,0,5
2011,12,26,7,0,8,0,8,8
2011,12,26,8,0,165,190,119,12
2011,12,26,9,0,335,385,180,15
2011,12,26,10,0,473,481,221,20
2011,12,26,11,0,562,547,236,23
2011,12,26,12,0,586,561,241,24
2011,12,26,13,0,539,523,235,24
2011,12,26,14,0,438,472,205,23
2011,12,26,15,0,287,299,180,21
2011,12,26,16,0,102,63,90,17
2011,12,26,17,0,0,0,0,15
2011,12,26,18,0,0,0,0,14
2011,12,26,19,0,0,0,0,13
2011,12,26,20,0,0,0,0,12
2011,12,26,21,0,0,0,0,12
2011,12,26,22,0,0,0,0,11
2011,12,26,23,0,0,0,0,10
2011,12,27,0,0,0,0,0,10
2011,12,27,1,0,0,0,0,9
2011,12,27,2,0,0,0,0,9
2011,12,27,3,0,0,0,0,8
2011,12,27,4,0,0,0,0,8
2011,12,27,5,0,0,0,0,7
2011,12,27,6,0,0,0,0,7
2011,12,27,7,0,8,0,8,9
2011,12,27,8,0,158,172,117,13
2011,12,27,9,0,324,339,188,16
2011,12,27,10,0,468,478,218,21
2011,12,27,11,0,562,547,236,24
2011,12,27,12,0,587,561,241,25
2011,12,27,13,0,544,536,232,25
2011,12,27,14,0,440,460,213,24
2011,12,27,15,0,289,300,181,22
2011,12,27,16,0,105,66,92,18
2011,12,27,17,0,0,0,0,16
2011,12,27,18,0,0,0,0,15
2011,12,27,19,0,0,0,0,14
2011,12,27,20,0,0,0,0,13
2011,12,27,21,0,0,0,0,13
2011,12,27,22,0,0,0,0,12
2011,12,27,23,0,0,0,0,11
2011,12,28,0,0,0,0,0,11
2011,12,28,1,0,0,0,0,10
2011,12,28,2,0,0,0,0,10
2011,12,28,3,0,0,0,0,9
2011,12,28,4,0,0,0,0,9
2011,12,28,5,0,0,0,0,8
2011,12,28,6,0,0,0,0,8
2011,12,28,7,0,7,0,7,10
2011,12,28,8,0,162,187,117,14
2011,12,28,9,0,333,370,185,18
2011,12,28,10,0,474,483,222,22
2011,12,28,11,0,562,547,236,25
2011,12,28,12,0,587,562,240,26
2011,12,28,13,0,545,537,232,26
2011,12,28,14,0,442,461,213,25
2011,12,28,15,0,291,302,181,23
2011,12,28,16,0,107,70,93,19
2011,12,28,17,0,0,0,0,17
2011,12,28,18,0,0,0,0,16
2011,12,28,19,0,0,0,0,15
2011,12,28,20,0,0,0,0,15
2011,12,28,21,0,0,0,0,14
2011,12,28,22,0,0,0,0,13
2011,12,28,23,0,0,0,0,12
2011,12,29,0,0,0,0,0,12
2011,12,29,1,0,0,0,0,11
2011,12,29,2,0,0,0,0,11
2011,12,29,3,0,0,0,0,10
2011,12,29,4,0,0,0,0,9
2011,12,29,5,0,0,0,0,9
2011,12,29,6,0,0,0,0,9
2011,12,29,7,0,7,0,7,11
2011,12,29,8,0,156,168,116,14
2011,12,29,9,0,328,355,186,18
2011,12,29,10,0,467,477,218,22
2011,12,29,11,0,559,535,240,25
2011,12,29,12,0,585,551,245,26
2011,12,29,13,0,544,528,236,26
2011,12,29,14,0,444,463,214,25
2011,12,29,15,0,293,304,182,23
2011,12,29,16,0,110,74,95,19
2011,12,29,17,0,0,0,0,17
2011,12,29,18,0,0,0,0,16
2011,12,29,19,0,0,0,0,15
2011,12,29,20,0,0,0,0,15
2011,12,29,21,0,0,0,0,14
2011,12,29,22,0,0,0,0,13
2011,12,29,23,0,0,0,0,12
2011,12,30,0,0,0,0,0,11
2011,12,30,1,0,0,0,0,11
2011,12,30,2,0,0,0,0,10
2011,12,30,3,0,0,0,0,10
2011,12,30,4,0,0,0,0,9
2011,12,30,5,0,0,0,0,9
2011,12,30,6,0,0,0,0,8
2011,12,30,7,0,6,0,6,11
2011,12,30,8,0,149,147,114,14
2011,12,30,9,0,310,308,187,18
2011,12,30,10,0,435,366,244,23
2011,12,30,11,0,546,506,244,25
2011,12,30,12,0,586,552,245,26
2011,12,30,13,0,549,539,234,26
2011,12,30,14,0,446,464,214,25
2011,12,30,15,0,295,306,183,23
2011,12,30,16,0,106,62,93,19
2011,12,30,17,0,0,0,0,17
2011,12,30,18,0,0,0,0,16
2011,12,30,19,0,0,0,0,16
2011,12,30,20,0,0,0,0,15
2011,12,30,21,0,0,0,0,14
2011,12,30,22,0,0,0,0,14
2011,12,30,23,0,0,0,0,13
2011,12,31,0,0,0,0,0,12
2011,12,31,1,0,0,0,0,12
2011,12,31,2,0,0,0,0,11
2011,12,31,3,0,0,0,0,11
2011,12,31,4,0,0,0,0,11
2011,12,31,5,0,0,0,0,10
2011,12,31,6,0,0,0,0,10
2011,12,31,7,0,6,0,6,12
2011,12,31,8,0,154,164,115,16
2011,12,31,9,0,327,353,186,19
2011,12,31,10,0,467,476,218,24
2011,12,31,11,0,560,535,240,27
2011,12,31,12,0,586,559,240,27
2011,12,31,13,0,546,537,231,27
2011,12,31,14,0,442,405,239,27
2011,12,31,15,0,250,162,190,25
2011,12,31,16,0,57,0,57,22
2011,12,31,17,0,0,0,0,20
2011,12,31,18,0,0,0,0,19
2011,12,31,19,0,0,0,0,18
2011,12,31,20,0,0,0,0,18
2011,12,31,21,0,0,0,0,17
2011,12,31,22,0,0,0,0,16
2011,12,31,23,0,0,0,0,16
