Source,Location ID,City,State,Country,Latitude,Longitude,Time Zone,Elevation,Local Time Zone,Clearsky DHI Units,Clearsky DNI Units,Clearsky GHI Units,Dew Point Units,DHI Units,DHI Perez Units,DNI Units,DNI Perez Units,GHI Units,GHI Perez Units,Solar Zenith Angle Units,Temperature Units,Pressure Units,Relative Humidity Units,Precipitable Water Units,Wind Direction Units,Wind Speed Units,Snow Depth Units,Fill Flag 0,Fill Flag 1,Fill Flag 2,Fill Flag 3,Fill Flag 4,Fill Flag 5,Version
NSRDB,33896,-,-,-,28.65,77.25,5.5,0,5.5,w/m2,w/m2,w/m2,c,w/m2,w/m2,w/m2,w/m2,w/m2,w/m2,Degree,c,mbar,%,cm,Degrees,m/s,m,N/A,Missing Image,Low Irradiance,Exceeds Clearsky,Missing CLoud Properties,Rayleigh Violation,unknown
Year,Month,Day,Hour,Minute,GHI,DNI,DHI,Temperature
2014,1,1,0,0,0,0,0,12
2014,1,1,1,0,0,0,0,11
2014,1,1,2,0,0,0,0,11
2014,1,1,3,0,0,0,0,10
2014,1,1,4,0,0,0,0,10
2014,1,1,5,0,0,0,0,6
2014,1,1,6,0,0,0,0,6
2014,1,1,7,0,6,0,6,8
2014,1,1,8,0,158,204,110,12
2014,1,1,9,0,329,378,178,16
2014,1,1,10,0,482,527,207,19
2014,1,1,11,0,559,548,231,21
2014,1,1,12,0,581,484,280,21
2014,1,1,13,0,349,103,288,21
2014,1,1,14,0,332,136,263,21
2014,1,1,15,0,275,229,190,19
2014,1,1,16,0,80,14,77,16
2014,1,1,17,0,0,0,0,14
2014,1,1,18,0,0,0,0,13
2014,1,1,19,0,0,0,0,12
2014,1,1,20,0,0,0,0,12
2014,1,1,21,0,0,0,0,11
2014,1,1,22,0,0,0,0,10
2014,1,1,23,0,0,0,0,10
2014,1,2,0,0,0,0,0,9
2014,1,2,1,0,0,0,0,8
2014,1,2,2,0,0,0,0,8
2014,1,2,3,0,0,0,0,7
2014,1,2,4,0,0,0,0,7
2014,1,2,5,0,0,0,0,6
2014,1,2,6,0,0,0,0,6
2014,1,2,7,0,5,0,5,8
2014,1,2,8,0,170,252,111,10
2014,1,2,9,0,347,459,164,15
2014,1,2,10,0,492,569,194,18
2014,1,2,11,0,585,626,210,20
2014,1,2,12,0,613,641,214,21
2014,1,2,13,0,567,600,213,21
2014,1,2,14,0,462,524,197,21
2014,1,2,15,0,319,414,164,19
2014,1,2,16,0,129,145,99,16
2014,1,2,17,0,0,0,0,14
2014,1,2,18,0,0,0,0,13
2014,1,2,19,0,0,0,0,12
2014,1,2,20,0,0,0,0,11
2014,1,2,21,0,0,0,0,11
2014,1,2,22,0,0,0,0,10
2014,1,2,23,0,0,0,0,9
2014,1,3,0,0,0,0,0,8
2014,1,3,1,0,0,0,0,8
2014,1,3,2,0,0,0,0,7
2014,1,3,3,0,0,0,0,7
2014,1,3,4,0,0,0,0,6
2014,1,3,5,0,0,0,0,6
2014,1,3,6,0,0,0,0,5
2014,1,3,7,0,7,0,7,7
2014,1,3,8,0,169,251,110,11
2014,1,3,9,0,347,459,164,14
2014,1,3,10,0,493,569,195,19
2014,1,3,11,0,586,626,210,21
2014,1,3,12,0,615,642,215,22
2014,1,3,13,0,576,620,209,22
2014,1,3,14,0,474,556,192,21
2014,1,3,15,0,321,416,165,20
2014,1,3,16,0,133,152,101,16
2014,1,3,17,0,0,0,0,14
2014,1,3,18,0,0,0,0,13
2014,1,3,19,0,0,0,0,13
2014,1,3,20,0,0,0,0,12
2014,1,3,21,0,0,0,0,12
2014,1,3,22,0,0,0,0,12
2014,1,3,23,0,0,0,0,12
2014,1,4,0,0,0,0,0,12
2014,1,4,1,0,0,0,0,11
2014,1,4,2,0,0,0,0,11
2014,1,4,3,0,0,0,0,10
2014,1,4,4,0,0,0,0,10
2014,1,4,5,0,0,0,0,10
2014,1,4,6,0,0,0,0,9
2014,1,4,7,0,7,0,7,11
2014,1,4,8,0,144,136,112,14
2014,1,4,9,0,329,377,179,16
2014,1,4,10,0,461,447,227,19
2014,1,4,11,0,440,220,307,20
2014,1,4,12,0,520,330,314,21
2014,1,4,13,0,356,108,291,22
2014,1,4,14,0,452,424,236,22
2014,1,4,15,0,310,374,168,20
2014,1,4,16,0,129,133,101,17
2014,1,4,17,0,1,0,1,16
2014,1,4,18,0,0,0,0,16
2014,1,4,19,0,0,0,0,15
2014,1,4,20,0,0,0,0,14
2014,1,4,21,0,0,0,0,13
2014,1,4,22,0,0,0,0,13
2014,1,4,23,0,0,0,0,12
2014,1,5,0,0,0,0,0,11
2014,1,5,1,0,0,0,0,11
2014,1,5,2,0,0,0,0,10
2014,1,5,3,0,0,0,0,10
2014,1,5,4,0,0,0,0,9
2014,1,5,5,0,0,0,0,9
2014,1,5,6,0,0,0,0,9
2014,1,5,7,0,4,0,4,11
2014,1,5,8,0,150,174,109,14
2014,1,5,9,0,322,352,182,18
2014,1,5,10,0,469,494,210,22
2014,1,5,11,0,564,552,232,24
2014,1,5,12,0,598,580,235,24
2014,1,5,13,0,576,609,213,24
2014,1,5,14,0,479,560,192,23
2014,1,5,15,0,327,420,167,22
2014,1,5,16,0,140,168,104,18
2014,1,5,17,0,1,0,1,16
2014,1,5,18,0,0,0,0,15
2014,1,5,19,0,0,0,0,14
2014,1,5,20,0,0,0,0,13
2014,1,5,21,0,0,0,0,12
2014,1,5,22,0,0,0,0,12
2014,1,5,23,0,0,0,0,11
2014,1,6,0,0,0,0,0,10
2014,1,6,1,0,0,0,0,9
2014,1,6,2,0,0,0,0,9
2014,1,6,3,0,0,0,0,8
2014,1,6,4,0,0,0,0,7
2014,1,6,5,0,0,0,0,7
2014,1,6,6,0,0,0,0,6
2014,1,6,7,0,4,0,4,9
2014,1,6,8,0,131,85,111,13
2014,1,6,9,0,315,300,195,16
2014,1,6,10,0,485,502,221,21
2014,1,6,11,0,573,576,225,23
2014,1,6,12,0,616,630,220,23
2014,1,6,13,0,583,624,210,23
2014,1,6,14,0,482,554,197,22
2014,1,6,15,0,327,410,170,20
2014,1,6,16,0,136,148,104,16
2014,1,6,17,0,1,0,1,14
2014,1,6,18,0,0,0,0,13
2014,1,6,19,0,0,0,0,12
2014,1,6,20,0,0,0,0,11
2014,1,6,21,0,0,0,0,11
2014,1,6,22,0,0,0,0,10
2014,1,6,23,0,0,0,0,10
2014,1,7,0,0,0,0,0,10
2014,1,7,1,0,0,0,0,10
2014,1,7,2,0,0,0,0,10
2014,1,7,3,0,0,0,0,9
2014,1,7,4,0,0,0,0,9
2014,1,7,5,0,0,0,0,8
2014,1,7,6,0,0,0,0,7
2014,1,7,7,0,6,0,6,9
2014,1,7,8,0,170,250,112,13
2014,1,7,9,0,348,460,164,16
2014,1,7,10,0,496,571,196,20
2014,1,7,11,0,592,629,212,22
2014,1,7,12,0,623,646,216,22
2014,1,7,13,0,582,616,213,22
2014,1,7,14,0,484,563,193,21
2014,1,7,15,0,332,374,188,20
2014,1,7,16,0,132,130,104,16
2014,1,7,17,0,1,0,1,14
2014,1,7,18,0,0,0,0,13
2014,1,7,19,0,0,0,0,13
2014,1,7,20,0,0,0,0,12
2014,1,7,21,0,0,0,0,12
2014,1,7,22,0,0,0,0,12
2014,1,7,23,0,0,0,0,11
2014,1,8,0,0,0,0,0,10
2014,1,8,1,0,0,0,0,9
2014,1,8,2,0,0,0,0,9
2014,1,8,3,0,0,0,0,8
2014,1,8,4,0,0,0,0,8
2014,1,8,5,0,0,0,0,7
2014,1,8,6,0,0,0,0,7
2014,1,8,7,0,4,0,4,9
2014,1,8,8,0,162,224,110,13
2014,1,8,9,0,349,437,174,16
2014,1,8,10,0,497,564,200,21
2014,1,8,11,0,546,478,256,23
2014,1,8,12,0,605,576,241,23
2014,1,8,13,0,569,500,268,23
2014,1,8,14,0,372,203,266,22
2014,1,8,15,0,335,377,189,20
2014,1,8,16,0,144,165,108,17
2014,1,8,17,0,1,0,1,15
2014,1,8,18,0,0,0,0,15
2014,1,8,19,0,0,0,0,14
2014,1,8,20,0,0,0,0,13
2014,1,8,21,0,0,0,0,12
2014,1,8,22,0,0,0,0,11
2014,1,8,23,0,0,0,0,10
2014,1,9,0,0,0,0,0,10
2014,1,9,1,0,0,0,0,9
2014,1,9,2,0,0,0,0,9
2014,1,9,3,0,0,0,0,8
2014,1,9,4,0,0,0,0,7
2014,1,9,5,0,0,0,0,7
2014,1,9,6,0,0,0,0,7
2014,1,9,7,0,6,0,6,9
2014,1,9,8,0,168,225,115,13
2014,1,9,9,0,264,150,204,16
2014,1,9,10,0,458,389,252,21
2014,1,9,11,0,572,549,238,22
2014,1,9,12,0,616,615,226,23
2014,1,9,13,0,589,624,212,23
2014,1,9,14,0,488,560,196,22
2014,1,9,15,0,338,429,170,20
2014,1,9,16,0,148,173,109,17
2014,1,9,17,0,1,0,1,14
2014,1,9,18,0,0,0,0,14
2014,1,9,19,0,0,0,0,13
2014,1,9,20,0,0,0,0,12
2014,1,9,21,0,0,0,0,11
2014,1,9,22,0,0,0,0,11
2014,1,9,23,0,0,0,0,10
2014,1,10,0,0,0,0,0,9
2014,1,10,1,0,0,0,0,9
2014,1,10,2,0,0,0,0,8
2014,1,10,3,0,0,0,0,8
2014,1,10,4,0,0,0,0,7
2014,1,10,5,0,0,0,0,7
2014,1,10,6,0,0,0,0,6
2014,1,10,7,0,6,0,6,9
2014,1,10,8,0,168,250,109,13
2014,1,10,9,0,350,461,165,16
2014,1,10,10,0,500,573,197,21
2014,1,10,11,0,589,606,220,23
2014,1,10,12,0,627,641,220,23
2014,1,10,13,0,593,630,211,23
2014,1,10,14,0,493,561,199,22
2014,1,10,15,0,335,405,175,21
2014,1,10,16,0,152,202,106,17
2014,1,10,17,0,1,0,1,14
2014,1,10,18,0,0,0,0,14
2014,1,10,19,0,0,0,0,13
2014,1,10,20,0,0,0,0,12
2014,1,10,21,0,0,0,0,11
2014,1,10,22,0,0,0,0,11
2014,1,10,23,0,0,0,0,10
2014,1,11,0,0,0,0,0,9
2014,1,11,1,0,0,0,0,8
2014,1,11,2,0,0,0,0,8
2014,1,11,3,0,0,0,0,7
2014,1,11,4,0,0,0,0,7
2014,1,11,5,0,0,0,0,6
2014,1,11,6,0,0,0,0,6
2014,1,11,7,0,6,0,6,8
2014,1,11,8,0,163,225,110,11
2014,1,11,9,0,346,420,177,15
2014,1,11,10,0,492,545,203,20
2014,1,11,11,0,591,609,219,22
2014,1,11,12,0,622,621,226,23
2014,1,11,13,0,596,632,211,24
2014,1,11,14,0,496,571,195,23
2014,1,11,15,0,345,434,173,21
2014,1,11,16,0,156,191,112,18
2014,1,11,17,0,2,0,2,15
2014,1,11,18,0,0,0,0,14
2014,1,11,19,0,0,0,0,14
2014,1,11,20,0,0,0,0,13
2014,1,11,21,0,0,0,0,12
2014,1,11,22,0,0,0,0,12
2014,1,11,23,0,0,0,0,11
2014,1,12,0,0,0,0,0,10
2014,1,12,1,0,0,0,0,10
2014,1,12,2,0,0,0,0,9
2014,1,12,3,0,0,0,0,8
2014,1,12,4,0,0,0,0,8
2014,1,12,5,0,0,0,0,7
2014,1,12,6,0,0,0,0,7
2014,1,12,7,0,4,0,4,10
2014,1,12,8,0,169,252,110,14
2014,1,12,9,0,352,463,165,17
2014,1,12,10,0,501,571,197,22
2014,1,12,11,0,594,569,245,24
2014,1,12,12,0,551,376,310,25
2014,1,12,13,0,576,494,274,25
2014,1,12,14,0,379,182,282,24
2014,1,12,15,0,285,214,199,22
2014,1,12,16,0,116,55,103,18
2014,1,12,17,0,2,0,2,16
2014,1,12,18,0,0,0,0,15
2014,1,12,19,0,0,0,0,14
2014,1,12,20,0,0,0,0,13
2014,1,12,21,0,0,0,0,12
2014,1,12,22,0,0,0,0,11
2014,1,12,23,0,0,0,0,11
2014,1,13,0,0,0,0,0,10
2014,1,13,1,0,0,0,0,9
2014,1,13,2,0,0,0,0,9
2014,1,13,3,0,0,0,0,8
2014,1,13,4,0,0,0,0,8
2014,1,13,5,0,0,0,0,7
2014,1,13,6,0,0,0,0,7
2014,1,13,7,0,6,0,6,10
2014,1,13,8,0,164,228,110,14
2014,1,13,9,0,349,423,178,18
2014,1,13,10,0,496,550,203,22
2014,1,13,11,0,589,592,225,24
2014,1,13,12,0,637,651,219,24
2014,1,13,13,0,596,604,225,24
2014,1,13,14,0,479,488,219,24
2014,1,13,15,0,323,346,184,22
2014,1,13,16,0,141,128,111,18
2014,1,13,17,0,2,0,2,15
2014,1,13,18,0,0,0,0,14
2014,1,13,19,0,0,0,0,13
2014,1,13,20,0,0,0,0,13
2014,1,13,21,0,0,0,0,12
2014,1,13,22,0,0,0,0,12
2014,1,13,23,0,0,0,0,12
2014,1,14,0,0,0,0,0,11
2014,1,14,1,0,0,0,0,10
2014,1,14,2,0,0,0,0,10
2014,1,14,3,0,0,0,0,9
2014,1,14,4,0,0,0,0,8
2014,1,14,5,0,0,0,0,8
2014,1,14,6,0,0,0,0,8
2014,1,14,7,0,6,0,6,10
2014,1,14,8,0,159,184,115,14
2014,1,14,9,0,350,425,178,18
2014,1,14,10,0,506,569,202,23
2014,1,14,11,0,605,636,213,25
2014,1,14,12,0,640,655,218,25
2014,1,14,13,0,606,637,213,25
2014,1,14,14,0,506,578,197,24
2014,1,14,15,0,354,441,175,22
2014,1,14,16,0,161,190,116,19
2014,1,14,17,0,2,0,2,16
2014,1,14,18,0,0,0,0,15
2014,1,14,19,0,0,0,0,15
2014,1,14,20,0,0,0,0,14
2014,1,14,21,0,0,0,0,13
2014,1,14,22,0,0,0,0,13
2014,1,14,23,0,0,0,0,12
2014,1,15,0,0,0,0,0,11
2014,1,15,1,0,0,0,0,11
2014,1,15,2,0,0,0,0,10
2014,1,15,3,0,0,0,0,10
2014,1,15,4,0,0,0,0,9
2014,1,15,5,0,0,0,0,8
2014,1,15,6,0,0,0,0,8
2014,1,15,7,0,4,0,4,11
2014,1,15,8,0,110,25,104,14
2014,1,15,9,0,209,43,191,18
2014,1,15,10,0,278,39,257,23
2014,1,15,11,0,357,85,304,24
2014,1,15,12,0,502,255,337,25
2014,1,15,13,0,562,490,259,25
2014,1,15,14,0,489,504,218,24
2014,1,15,15,0,341,391,181,23
2014,1,15,16,0,157,171,116,19
2014,1,15,17,0,3,0,3,16
2014,1,15,18,0,0,0,0,15
2014,1,15,19,0,0,0,0,15
2014,1,15,20,0,0,0,0,14
2014,1,15,21,0,0,0,0,13
2014,1,15,22,0,0,0,0,12
2014,1,15,23,0,0,0,0,11
2014,1,16,0,0,0,0,0,11
2014,1,16,1,0,0,0,0,10
2014,1,16,2,0,0,0,0,9
2014,1,16,3,0,0,0,0,9
2014,1,16,4,0,0,0,0,8
2014,1,16,5,0,0,0,0,8
2014,1,16,6,0,0,0,0,8
2014,1,16,7,0,5,0,5,11
2014,1,16,8,0,129,64,113,15
2014,1,16,9,0,266,144,207,19
2014,1,16,10,0,465,381,260,23
2014,1,16,11,0,535,415,277,25
2014,1,16,12,0,591,506,262,25
2014,1,16,13,0,558,420,297,25
2014,1,16,14,0,148,0,148,23
2014,1,16,15,0,263,146,203,21
2014,1,16,16,0,75,0,75,18
2014,1,16,17,0,3,0,3,17
2014,1,16,18,0,0,0,0,16
2014,1,16,19,0,0,0,0,16
2014,1,16,20,0,0,0,0,15
2014,1,16,21,0,0,0,0,14
2014,1,16,22,0,0,0,0,13
2014,1,16,23,0,0,0,0,12
2014,1,17,0,0,0,0,0,11
2014,1,17,1,0,0,0,0,11
2014,1,17,2,0,0,0,0,10
2014,1,17,3,0,0,0,0,10
2014,1,17,4,0,0,0,0,11
2014,1,17,5,0,0,0,0,11
2014,1,17,6,0,0,0,0,11
2014,1,17,7,0,3,0,3,13
2014,1,17,8,0,124,63,109,16
2014,1,17,9,0,181,20,172,20
2014,1,17,10,0,133,0,133,24
2014,1,17,11,0,196,3,194,25
2014,1,17,12,0,189,2,187,26
2014,1,17,13,0,155,0,155,25
2014,1,17,14,0,136,0,136,24
2014,1,17,15,0,104,0,104,23
2014,1,17,16,0,41,0,41,21
2014,1,17,17,0,3,0,3,20
2014,1,17,18,0,0,0,0,19
2014,1,17,19,0,0,0,0,18
2014,1,17,20,0,0,0,0,18
2014,1,17,21,0,0,0,0,17
2014,1,17,22,0,0,0,0,16
2014,1,17,23,0,0,0,0,16
2014,1,18,0,0,0,0,0,15
2014,1,18,1,0,0,0,0,15
2014,1,18,2,0,0,0,0,14
2014,1,18,3,0,0,0,0,13
2014,1,18,4,0,0,0,0,13
2014,1,18,5,0,0,0,0,12
2014,1,18,6,0,0,0,0,12
2014,1,18,7,0,5,0,5,13
2014,1,18,8,0,151,128,120,13
2014,1,18,9,0,208,50,187,15
2014,1,18,10,0,320,72,281,18
2014,1,18,11,0,303,33,282,20
2014,1,18,12,0,401,106,331,20
2014,1,18,13,0,290,26,273,21
2014,1,18,14,0,209,6,205,21
2014,1,18,15,0,166,7,163,20
2014,1,18,16,0,61,0,61,17
2014,1,18,17,0,3,0,3,15
2014,1,18,18,0,0,0,0,14
2014,1,18,19,0,0,0,0,13
2014,1,18,20,0,0,0,0,12
2014,1,18,21,0,0,0,0,12
2014,1,18,22,0,0,0,0,11
2014,1,18,23,0,0,0,0,10
2014,1,19,0,0,0,0,0,10
2014,1,19,1,0,0,0,0,9
2014,1,19,2,0,0,0,0,9
2014,1,19,3,0,0,0,0,8
2014,1,19,4,0,0,0,0,8
2014,1,19,5,0,0,0,0,8
2014,1,19,6,0,0,0,0,8
2014,1,19,7,0,5,0,5,10
2014,1,19,8,0,146,112,119,13
2014,1,19,9,0,358,473,164,18
2014,1,19,10,0,512,576,199,21
2014,1,19,11,0,613,630,218,23
2014,1,19,12,0,650,648,224,24
2014,1,19,13,0,618,633,219,24
2014,1,19,14,0,522,583,201,24
2014,1,19,15,0,371,485,167,22
2014,1,19,16,0,186,312,108,19
2014,1,19,17,0,7,0,7,17
2014,1,19,18,0,0,0,0,16
2014,1,19,19,0,0,0,0,15
2014,1,19,20,0,0,0,0,15
2014,1,19,21,0,0,0,0,14
2014,1,19,22,0,0,0,0,13
2014,1,19,23,0,0,0,0,13
2014,1,20,0,0,0,0,0,12
2014,1,20,1,0,0,0,0,11
2014,1,20,2,0,0,0,0,11
2014,1,20,3,0,0,0,0,10
2014,1,20,4,0,0,0,0,10
2014,1,20,5,0,0,0,0,9
2014,1,20,6,0,0,0,0,9
2014,1,20,7,0,6,0,6,11
2014,1,20,8,0,110,23,104,15
2014,1,20,9,0,212,44,193,19
2014,1,20,10,0,379,162,290,23
2014,1,20,11,0,598,506,279,25
2014,1,20,12,0,626,565,253,26
2014,1,20,13,0,587,537,247,26
2014,1,20,14,0,479,436,238,25
2014,1,20,15,0,367,379,206,23
2014,1,20,16,0,143,97,118,20
2014,1,20,17,0,6,0,6,17
2014,1,20,18,0,0,0,0,17
2014,1,20,19,0,0,0,0,16
2014,1,20,20,0,0,0,0,15
2014,1,20,21,0,0,0,0,15
2014,1,20,22,0,0,0,0,14
2014,1,20,23,0,0,0,0,14
2014,1,21,0,0,0,0,0,13
2014,1,21,1,0,0,0,0,13
2014,1,21,2,0,0,0,0,13
2014,1,21,3,0,0,0,0,12
2014,1,21,4,0,0,0,0,12
2014,1,21,5,0,0,0,0,12
2014,1,21,6,0,0,0,0,12
2014,1,21,7,0,6,0,6,13
2014,1,21,8,0,69,0,69,16
2014,1,21,9,0,72,0,72,19
2014,1,21,10,0,103,0,103,19
2014,1,21,11,0,128,0,128,19
2014,1,21,12,0,138,0,138,19
2014,1,21,13,0,153,0,153,20
2014,1,21,14,0,166,0,166,19
2014,1,21,15,0,124,0,124,18
2014,1,21,16,0,39,0,39,17
2014,1,21,17,0,4,0,4,16
2014,1,21,18,0,0,0,0,15
2014,1,21,19,0,0,0,0,15
2014,1,21,20,0,0,0,0,15
2014,1,21,21,0,0,0,0,14
2014,1,21,22,0,0,0,0,14
2014,1,21,23,0,0,0,0,13
2014,1,22,0,0,0,0,0,13
2014,1,22,1,0,0,0,0,12
2014,1,22,2,0,0,0,0,11
2014,1,22,3,0,0,0,0,11
2014,1,22,4,0,0,0,0,11
2014,1,22,5,0,0,0,0,11
2014,1,22,6,0,0,0,0,11
2014,1,22,7,0,10,0,10,12
2014,1,22,8,0,96,6,94,13
2014,1,22,9,0,173,13,167,16
2014,1,22,10,0,145,0,145,19
2014,1,22,11,0,126,0,126,20
2014,1,22,12,0,153,0,153,20
2014,1,22,13,0,134,0,134,21
2014,1,22,14,0,294,57,262,21
2014,1,22,15,0,117,0,117,20
2014,1,22,16,0,39,0,39,19
2014,1,22,17,0,4,0,4,17
2014,1,22,18,0,0,0,0,16
2014,1,22,19,0,0,0,0,16
2014,1,22,20,0,0,0,0,15
2014,1,22,21,0,0,0,0,15
2014,1,22,22,0,0,0,0,14
2014,1,22,23,0,0,0,0,14
2014,1,23,0,0,0,0,0,13
2014,1,23,1,0,0,0,0,12
2014,1,23,2,0,0,0,0,12
2014,1,23,3,0,0,0,0,11
2014,1,23,4,0,0,0,0,11
2014,1,23,5,0,0,0,0,11
2014,1,23,6,0,0,0,0,10
2014,1,23,7,0,8,0,8,13
2014,1,23,8,0,121,49,108,16
2014,1,23,9,0,305,227,210,20
2014,1,23,10,0,373,145,292,22
2014,1,23,11,0,562,418,295,24
2014,1,23,12,0,606,478,286,24
2014,1,23,13,0,531,337,314,24
2014,1,23,14,0,469,359,267,23
2014,1,23,15,0,314,241,209,22
2014,1,23,16,0,149,89,125,20
2014,1,23,17,0,6,0,6,17
2014,1,23,18,0,0,0,0,16
2014,1,23,19,0,0,0,0,15
2014,1,23,20,0,0,0,0,14
2014,1,23,21,0,0,0,0,13
2014,1,23,22,0,0,0,0,13
2014,1,23,23,0,0,0,0,12
2014,1,24,0,0,0,0,0,12
2014,1,24,1,0,0,0,0,11
2014,1,24,2,0,0,0,0,10
2014,1,24,3,0,0,0,0,10
2014,1,24,4,0,0,0,0,10
2014,1,24,5,0,0,0,0,9
2014,1,24,6,0,0,0,0,9
2014,1,24,7,0,8,0,8,12
2014,1,24,8,0,117,34,108,15
2014,1,24,9,0,215,41,197,20
2014,1,24,10,0,303,48,276,23
2014,1,24,11,0,345,63,304,24
2014,1,24,12,0,533,274,349,25
2014,1,24,13,0,599,519,263,25
2014,1,24,14,0,537,572,213,24
2014,1,24,15,0,390,491,175,23
2014,1,24,16,0,205,301,124,20
2014,1,24,17,0,10,0,10,17
2014,1,24,18,0,0,0,0,16
2014,1,24,19,0,0,0,0,16
2014,1,24,20,0,0,0,0,15
2014,1,24,21,0,0,0,0,14
2014,1,24,22,0,0,0,0,13
2014,1,24,23,0,0,0,0,13
2014,1,25,0,0,0,0,0,12
2014,1,25,1,0,0,0,0,11
2014,1,25,2,0,0,0,0,11
2014,1,25,3,0,0,0,0,10
2014,1,25,4,0,0,0,0,10
2014,1,25,5,0,0,0,0,9
2014,1,25,6,0,0,0,0,9
2014,1,25,7,0,6,0,6,12
2014,1,25,8,0,102,19,97,14
2014,1,25,9,0,104,0,104,18
2014,1,25,10,0,405,145,324,23
2014,1,25,11,0,215,9,209,25
2014,1,25,12,0,246,7,241,25
2014,1,25,13,0,287,16,276,26
2014,1,25,14,0,233,13,225,25
2014,1,25,15,0,269,108,221,23
2014,1,25,16,0,130,36,120,20
2014,1,25,17,0,11,0,11,18
2014,1,25,18,0,0,0,0,17
2014,1,25,19,0,0,0,0,17
2014,1,25,20,0,0,0,0,16
2014,1,25,21,0,0,0,0,15
2014,1,25,22,0,0,0,0,14
2014,1,25,23,0,0,0,0,14
2014,1,26,0,0,0,0,0,13
2014,1,26,1,0,0,0,0,13
2014,1,26,2,0,0,0,0,13
2014,1,26,3,0,0,0,0,12
2014,1,26,4,0,0,0,0,12
2014,1,26,5,0,0,0,0,11
2014,1,26,6,0,0,0,0,11
2014,1,26,7,0,7,0,7,13
2014,1,26,8,0,121,37,111,17
2014,1,26,9,0,263,114,214,21
2014,1,26,10,0,508,454,254,24
2014,1,26,11,0,641,640,227,26
2014,1,26,12,0,685,671,230,27
2014,1,26,13,0,654,658,225,27
2014,1,26,14,0,552,605,205,26
2014,1,26,15,0,398,496,178,25
2014,1,26,16,0,212,310,127,21
2014,1,26,17,0,13,0,13,18
2014,1,26,18,0,0,0,0,17
2014,1,26,19,0,0,0,0,16
2014,1,26,20,0,0,0,0,15
2014,1,26,21,0,0,0,0,15
2014,1,26,22,0,0,0,0,14
2014,1,26,23,0,0,0,0,13
2014,1,27,0,0,0,0,0,13
2014,1,27,1,0,0,0,0,12
2014,1,27,2,0,0,0,0,11
2014,1,27,3,0,0,0,0,11
2014,1,27,4,0,0,0,0,10
2014,1,27,5,0,0,0,0,10
2014,1,27,6,0,0,0,0,10
2014,1,27,7,0,14,0,14,13
2014,1,27,8,0,190,280,119,16
2014,1,27,9,0,379,483,172,21
2014,1,27,10,0,539,598,202,25
2014,1,27,11,0,645,656,219,27
2014,1,27,12,0,685,676,224,27
2014,1,27,13,0,654,661,220,27
2014,1,27,14,0,556,608,205,27
2014,1,27,15,0,402,499,179,25
2014,1,27,16,0,215,315,127,22
2014,1,27,17,0,15,0,15,18
2014,1,27,18,0,0,0,0,17
2014,1,27,19,0,0,0,0,16
2014,1,27,20,0,0,0,0,15
2014,1,27,21,0,0,0,0,14
2014,1,27,22,0,0,0,0,14
2014,1,27,23,0,0,0,0,13
2014,1,28,0,0,0,0,0,12
2014,1,28,1,0,0,0,0,11
2014,1,28,2,0,0,0,0,11
2014,1,28,3,0,0,0,0,10
2014,1,28,4,0,0,0,0,9
2014,1,28,5,0,0,0,0,9
2014,1,28,6,0,0,0,0,9
2014,1,28,7,0,12,0,12,12
2014,1,28,8,0,184,259,118,15
2014,1,28,9,0,382,460,184,20
2014,1,28,10,0,542,599,203,25
2014,1,28,11,0,649,658,220,26
2014,1,28,12,0,689,678,225,27
2014,1,28,13,0,658,663,220,27
2014,1,28,14,0,560,610,206,26
2014,1,28,15,0,406,432,211,25
2014,1,28,16,0,166,121,132,21
2014,1,28,17,0,11,0,11,19
2014,1,28,18,0,0,0,0,18
2014,1,28,19,0,0,0,0,17
2014,1,28,20,0,0,0,0,17
2014,1,28,21,0,0,0,0,16
2014,1,28,22,0,0,0,0,16
2014,1,28,23,0,0,0,0,15
2014,1,29,0,0,0,0,0,14
2014,1,29,1,0,0,0,0,14
2014,1,29,2,0,0,0,0,13
2014,1,29,3,0,0,0,0,13
2014,1,29,4,0,0,0,0,12
2014,1,29,5,0,0,0,0,12
2014,1,29,6,0,0,0,0,12
2014,1,29,7,0,13,0,13,14
2014,1,29,8,0,181,217,125,18
2014,1,29,9,0,385,461,185,22
2014,1,29,10,0,530,554,215,26
2014,1,29,11,0,649,603,254,27
2014,1,29,12,0,589,362,340,28
2014,1,29,13,0,632,533,278,28
2014,1,29,14,0,564,602,213,27
2014,1,29,15,0,410,504,181,25
2014,1,29,16,0,220,324,128,21
2014,1,29,17,0,16,0,16,18
2014,1,29,18,0,0,0,0,17
2014,1,29,19,0,0,0,0,16
2014,1,29,20,0,0,0,0,15
2014,1,29,21,0,0,0,0,14
2014,1,29,22,0,0,0,0,13
2014,1,29,23,0,0,0,0,12
2014,1,30,0,0,0,0,0,12
2014,1,30,1,0,0,0,0,11
2014,1,30,2,0,0,0,0,10
2014,1,30,3,0,0,0,0,10
2014,1,30,4,0,0,0,0,9
2014,1,30,5,0,0,0,0,9
2014,1,30,6,0,0,0,0,9
2014,1,30,7,0,11,0,11,12
2014,1,30,8,0,126,32,117,16
2014,1,30,9,0,235,65,206,21
2014,1,30,10,0,445,262,295,25
2014,1,30,11,0,640,568,266,27
2014,1,30,12,0,682,637,242,28
2014,1,30,13,0,666,667,221,27
2014,1,30,14,0,568,615,207,27
2014,1,30,15,0,414,506,182,25
2014,1,30,16,0,225,267,148,21
2014,1,30,17,0,19,0,19,18
2014,1,30,18,0,0,0,0,16
2014,1,30,19,0,0,0,0,15
2014,1,30,20,0,0,0,0,14
2014,1,30,21,0,0,0,0,14
2014,1,30,22,0,0,0,0,13
2014,1,30,23,0,0,0,0,12
2014,1,31,0,0,0,0,0,11
2014,1,31,1,0,0,0,0,11
2014,1,31,2,0,0,0,0,10
2014,1,31,3,0,0,0,0,10
2014,1,31,4,0,0,0,0,9
2014,1,31,5,0,0,0,0,9
2014,1,31,6,0,0,0,0,9
2014,1,31,7,0,12,0,12,12
2014,1,31,8,0,129,40,118,16
2014,1,31,9,0,219,39,201,21
2014,1,31,10,0,332,90,280,25
2014,1,31,11,0,605,471,293,27
2014,1,31,12,0,671,581,267,28
2014,1,31,13,0,663,644,231,28
2014,1,31,14,0,572,606,214,27
2014,1,31,15,0,389,393,207,25
2014,1,31,16,0,214,222,149,22
2014,1,31,17,0,17,0,17,18
2014,1,31,18,0,0,0,0,17
2014,1,31,19,0,0,0,0,16
2014,1,31,20,0,0,0,0,16
2014,1,31,21,0,0,0,0,15
2014,1,31,22,0,0,0,0,14
2014,1,31,23,0,0,0,0,14
2014,2,1,0,0,0,0,0,13
2014,2,1,1,0,0,0,0,13
2014,2,1,2,0,0,0,0,12
2014,2,1,3,0,0,0,0,11
2014,2,1,4,0,0,0,0,10
2014,2,1,5,0,0,0,0,10
2014,2,1,6,0,0,0,0,9
2014,2,1,7,0,12,0,12,13
2014,2,1,8,0,125,30,117,17
2014,2,1,9,0,213,22,203,22
2014,2,1,10,0,339,94,284,25
2014,2,1,11,0,557,329,338,27
2014,2,1,12,0,646,498,298,27
2014,2,1,13,0,630,531,272,27
2014,2,1,14,0,546,515,240,27
2014,2,1,15,0,393,387,213,25
2014,2,1,16,0,207,208,146,22
2014,2,1,17,0,31,0,31,18
2014,2,1,18,0,0,0,0,17
2014,2,1,19,0,0,0,0,17
2014,2,1,20,0,0,0,0,17
2014,2,1,21,0,0,0,0,16
2014,2,1,22,0,0,0,0,15
2014,2,1,23,0,0,0,0,14
2014,2,2,0,0,0,0,0,14
2014,2,2,1,0,0,0,0,13
2014,2,2,2,0,0,0,0,12
2014,2,2,3,0,0,0,0,12
2014,2,2,4,0,0,0,0,11
2014,2,2,5,0,0,0,0,11
2014,2,2,6,0,0,0,0,11
2014,2,2,7,0,17,0,17,14
2014,2,2,8,0,171,149,131,18
2014,2,2,9,0,366,365,204,23
2014,2,2,10,0,543,538,231,27
2014,2,2,11,0,629,544,265,29
2014,2,2,12,0,675,576,271,30
2014,2,2,13,0,660,605,250,30
2014,2,2,14,0,565,550,236,29
2014,2,2,15,0,407,393,223,27
2014,2,2,16,0,168,96,139,24
2014,2,2,17,0,18,0,18,21
2014,2,2,18,0,0,0,0,20
2014,2,2,19,0,0,0,0,19
2014,2,2,20,0,0,0,0,18
2014,2,2,21,0,0,0,0,18
2014,2,2,22,0,0,0,0,17
2014,2,2,23,0,0,0,0,17
2014,2,3,0,0,0,0,0,16
2014,2,3,1,0,0,0,0,16
2014,2,3,2,0,0,0,0,15
2014,2,3,3,0,0,0,0,15
2014,2,3,4,0,0,0,0,14
2014,2,3,5,0,0,0,0,14
2014,2,3,6,0,0,0,0,13
2014,2,3,7,0,15,0,15,16
2014,2,3,8,0,192,234,129,20
2014,2,3,9,0,370,384,198,25
2014,2,3,10,0,513,453,248,27
2014,2,3,11,0,652,606,245,29
2014,2,3,12,0,692,624,252,29
2014,2,3,13,0,662,610,247,30
2014,2,3,14,0,566,560,229,29
2014,2,3,15,0,413,465,194,27
2014,2,3,16,0,217,196,158,24
2014,2,3,17,0,28,0,28,21
2014,2,3,18,0,0,0,0,21
2014,2,3,19,0,0,0,0,20
2014,2,3,20,0,0,0,0,19
2014,2,3,21,0,0,0,0,18
2014,2,3,22,0,0,0,0,18
2014,2,3,23,0,0,0,0,17
2014,2,4,0,0,0,0,0,16
2014,2,4,1,0,0,0,0,15
2014,2,4,2,0,0,0,0,14
2014,2,4,3,0,0,0,0,14
2014,2,4,4,0,0,0,0,13
2014,2,4,5,0,0,0,0,12
2014,2,4,6,0,0,0,0,12
2014,2,4,7,0,20,0,20,15
2014,2,4,8,0,159,107,129,18
2014,2,4,9,0,389,394,212,23
2014,2,4,10,0,551,552,227,26
2014,2,4,11,0,647,560,269,28
2014,2,4,12,0,632,442,318,29
2014,2,4,13,0,573,341,339,29
2014,2,4,14,0,470,260,312,28
2014,2,4,15,0,261,66,229,26
2014,2,4,16,0,114,5,112,24
2014,2,4,17,0,13,0,13,20
2014,2,4,18,0,0,0,0,19
2014,2,4,19,0,0,0,0,18
2014,2,4,20,0,0,0,0,17
2014,2,4,21,0,0,0,0,16
2014,2,4,22,0,0,0,0,16
2014,2,4,23,0,0,0,0,15
2014,2,5,0,0,0,0,0,14
2014,2,5,1,0,0,0,0,14
2014,2,5,2,0,0,0,0,13
2014,2,5,3,0,0,0,0,12
2014,2,5,4,0,0,0,0,12
2014,2,5,5,0,0,0,0,11
2014,2,5,6,0,0,0,0,11
2014,2,5,7,0,18,0,18,14
2014,2,5,8,0,93,0,93,18
2014,2,5,9,0,228,46,207,23
2014,2,5,10,0,168,0,168,25
2014,2,5,11,0,467,174,348,27
2014,2,5,12,0,700,515,333,27
2014,2,5,13,0,545,265,362,27
2014,2,5,14,0,572,511,261,26
2014,2,5,15,0,422,472,196,25
2014,2,5,16,0,233,311,137,23
2014,2,5,17,0,38,3,37,20
2014,2,5,18,0,0,0,0,19
2014,2,5,19,0,0,0,0,19
2014,2,5,20,0,0,0,0,18
2014,2,5,21,0,0,0,0,17
2014,2,5,22,0,0,0,0,16
2014,2,5,23,0,0,0,0,15
2014,2,6,0,0,0,0,0,15
2014,2,6,1,0,0,0,0,14
2014,2,6,2,0,0,0,0,13
2014,2,6,3,0,0,0,0,13
2014,2,6,4,0,0,0,0,12
2014,2,6,5,0,0,0,0,12
2014,2,6,6,0,0,0,0,12
2014,2,6,7,0,20,0,20,16
2014,2,6,8,0,159,101,131,19
2014,2,6,9,0,394,451,189,23
2014,2,6,10,0,92,0,92,26
2014,2,6,11,0,657,395,387,27
2014,2,6,12,0,683,467,348,28
2014,2,6,13,0,355,65,310,29
2014,2,6,14,0,473,254,317,28
2014,2,6,15,0,323,145,253,27
2014,2,6,16,0,134,27,125,24
2014,2,6,17,0,10,0,10,22
2014,2,6,18,0,0,0,0,21
2014,2,6,19,0,0,0,0,21
2014,2,6,20,0,0,0,0,20
2014,2,6,21,0,0,0,0,19
2014,2,6,22,0,0,0,0,19
2014,2,6,23,0,0,0,0,19
2014,2,7,0,0,0,0,0,18
2014,2,7,1,0,0,0,0,18
2014,2,7,2,0,0,0,0,17
2014,2,7,3,0,0,0,0,16
2014,2,7,4,0,0,0,0,16
2014,2,7,5,0,0,0,0,15
2014,2,7,6,0,0,0,0,15
2014,2,7,7,0,25,0,25,16
2014,2,7,8,0,203,278,125,19
2014,2,7,9,0,397,452,189,23
2014,2,7,10,0,558,555,227,26
2014,2,7,11,0,666,610,247,28
2014,2,7,12,0,708,630,255,29
2014,2,7,13,0,590,339,354,29
2014,2,7,14,0,462,238,315,28
2014,2,7,15,0,360,258,234,26
2014,2,7,16,0,198,131,156,24
2014,2,7,17,0,34,0,34,20
2014,2,7,18,0,0,0,0,19
2014,2,7,19,0,0,0,0,18
2014,2,7,20,0,0,0,0,17
2014,2,7,21,0,0,0,0,16
2014,2,7,22,0,0,0,0,15
2014,2,7,23,0,0,0,0,15
2014,2,8,0,0,0,0,0,14
2014,2,8,1,0,0,0,0,13
2014,2,8,2,0,0,0,0,12
2014,2,8,3,0,0,0,0,11
2014,2,8,4,0,0,0,0,10
2014,2,8,5,0,0,0,0,9
2014,2,8,6,0,0,0,0,9
2014,2,8,7,0,16,0,16,11
2014,2,8,8,0,107,5,105,16
2014,2,8,9,0,152,0,152,21
2014,2,8,10,0,195,3,193,24
2014,2,8,11,0,201,3,198,26
2014,2,8,12,0,239,5,235,26
2014,2,8,13,0,186,1,185,26
2014,2,8,14,0,140,0,140,25
2014,2,8,15,0,125,0,125,24
2014,2,8,16,0,81,0,81,21
2014,2,8,17,0,42,4,41,18
2014,2,8,18,0,0,0,0,16
2014,2,8,19,0,0,0,0,16
2014,2,8,20,0,0,0,0,15
2014,2,8,21,0,0,0,0,14
2014,2,8,22,0,0,0,0,13
2014,2,8,23,0,0,0,0,13
2014,2,9,0,0,0,0,0,12
2014,2,9,1,0,0,0,0,11
2014,2,9,2,0,0,0,0,10
2014,2,9,3,0,0,0,0,10
2014,2,9,4,0,0,0,0,9
2014,2,9,5,0,0,0,0,8
2014,2,9,6,0,0,0,0,8
2014,2,9,7,0,25,0,25,11
2014,2,9,8,0,213,263,137,15
2014,2,9,9,0,407,460,193,20
2014,2,9,10,0,571,552,237,23
2014,2,9,11,0,681,622,249,24
2014,2,9,12,0,724,643,256,25
2014,2,9,13,0,686,591,270,24
2014,2,9,14,0,578,527,249,24
2014,2,9,15,0,439,471,206,22
2014,2,9,16,0,248,288,155,20
2014,2,9,17,0,45,7,44,16
2014,2,9,18,0,0,0,0,14
2014,2,9,19,0,0,0,0,13
2014,2,9,20,0,0,0,0,12
2014,2,9,21,0,0,0,0,12
2014,2,9,22,0,0,0,0,11
2014,2,9,23,0,0,0,0,10
2014,2,10,0,0,0,0,0,9
2014,2,10,1,0,0,0,0,9
2014,2,10,2,0,0,0,0,8
2014,2,10,3,0,0,0,0,8
2014,2,10,4,0,0,0,0,7
2014,2,10,5,0,0,0,0,7
2014,2,10,6,0,0,0,0,7
2014,2,10,7,0,24,0,24,11
2014,2,10,8,0,206,213,144,15
2014,2,10,9,0,367,305,224,20
2014,2,10,10,0,555,496,253,23
2014,2,10,11,0,685,555,298,24
2014,2,10,12,0,609,314,379,25
2014,2,10,13,0,523,225,363,25
2014,2,10,14,0,162,0,162,24
2014,2,10,15,0,138,0,138,22
2014,2,10,16,0,64,0,64,20
2014,2,10,17,0,11,0,11,17
2014,2,10,18,0,0,0,0,16
2014,2,10,19,0,0,0,0,15
2014,2,10,20,0,0,0,0,14
2014,2,10,21,0,0,0,0,14
2014,2,10,22,0,0,0,0,13
2014,2,10,23,0,0,0,0,13
2014,2,11,0,0,0,0,0,12
2014,2,11,1,0,0,0,0,11
2014,2,11,2,0,0,0,0,10
2014,2,11,3,0,0,0,0,9
2014,2,11,4,0,0,0,0,9
2014,2,11,5,0,0,0,0,8
2014,2,11,6,0,0,0,0,9
2014,2,11,7,0,30,0,30,13
2014,2,11,8,0,219,255,144,16
2014,2,11,9,0,414,453,200,21
2014,2,11,10,0,579,557,238,23
2014,2,11,11,0,690,627,250,24
2014,2,11,12,0,733,648,256,25
2014,2,11,13,0,703,633,252,25
2014,2,11,14,0,604,569,245,24
2014,2,11,15,0,447,476,209,23
2014,2,11,16,0,255,295,158,20
2014,2,11,17,0,46,5,45,16
2014,2,11,18,0,0,0,0,15
2014,2,11,19,0,0,0,0,14
2014,2,11,20,0,0,0,0,13
2014,2,11,21,0,0,0,0,12
2014,2,11,22,0,0,0,0,12
2014,2,11,23,0,0,0,0,11
2014,2,12,0,0,0,0,0,10
2014,2,12,1,0,0,0,0,9
2014,2,12,2,0,0,0,0,9
2014,2,12,3,0,0,0,0,8
2014,2,12,4,0,0,0,0,8
2014,2,12,5,0,0,0,0,7
2014,2,12,6,0,0,0,0,8
2014,2,12,7,0,32,2,31,12
2014,2,12,8,0,220,251,145,15
2014,2,12,9,0,418,456,201,20
2014,2,12,10,0,584,559,240,22
2014,2,12,11,0,691,616,256,24
2014,2,12,12,0,738,650,257,24
2014,2,12,13,0,708,635,253,24
2014,2,12,14,0,608,571,245,24
2014,2,12,15,0,451,479,209,23
2014,2,12,16,0,258,299,159,20
2014,2,12,17,0,48,8,46,16
2014,2,12,18,0,0,0,0,15
2014,2,12,19,0,0,0,0,14
2014,2,12,20,0,0,0,0,13
2014,2,12,21,0,0,0,0,12
2014,2,12,22,0,0,0,0,11
2014,2,12,23,0,0,0,0,11
2014,2,13,0,0,0,0,0,10
2014,2,13,1,0,0,0,0,9
2014,2,13,2,0,0,0,0,9
2014,2,13,3,0,0,0,0,8
2014,2,13,4,0,0,0,0,8
2014,2,13,5,0,0,0,0,7
2014,2,13,6,0,0,0,0,8
2014,2,13,7,0,34,5,33,12
2014,2,13,8,0,226,263,147,16
2014,2,13,9,0,422,458,202,22
2014,2,13,10,0,588,561,241,25
2014,2,13,11,0,699,631,251,27
2014,2,13,12,0,742,647,260,27
2014,2,13,13,0,710,632,255,28
2014,2,13,14,0,610,584,237,27
2014,2,13,15,0,410,281,267,25
2014,2,13,16,0,151,35,139,23
2014,2,13,17,0,12,0,12,20
2014,2,13,18,0,0,0,0,19
2014,2,13,19,0,0,0,0,18
2014,2,13,20,0,0,0,0,18
2014,2,13,21,0,0,0,0,17
2014,2,13,22,0,0,0,0,17
2014,2,13,23,0,0,0,0,16
2014,2,14,0,0,0,0,0,16
2014,2,14,1,0,0,0,0,15
2014,2,14,2,0,0,0,0,15
2014,2,14,3,0,0,0,0,14
2014,2,14,4,0,0,0,0,14
2014,2,14,5,0,0,0,0,13
2014,2,14,6,0,0,0,0,13
2014,2,14,7,0,39,56,34,13
2014,2,14,8,0,82,0,82,13
2014,2,14,9,0,97,0,97,15
2014,2,14,10,0,125,0,125,16
2014,2,14,11,0,127,0,127,17
2014,2,14,12,0,261,9,254,18
2014,2,14,13,0,171,0,171,19
2014,2,14,14,0,131,0,131,20
2014,2,14,15,0,86,0,86,19
2014,2,14,16,0,86,0,86,19
2014,2,14,17,0,15,0,15,17
2014,2,14,18,0,0,0,0,16
2014,2,14,19,0,0,0,0,15
2014,2,14,20,0,0,0,0,14
2014,2,14,21,0,0,0,0,13
2014,2,14,22,0,0,0,0,13
2014,2,14,23,0,0,0,0,12
2014,2,15,0,0,0,0,0,11
2014,2,15,1,0,0,0,0,11
2014,2,15,2,0,0,0,0,10
2014,2,15,3,0,0,0,0,9
2014,2,15,4,0,0,0,0,9
2014,2,15,5,0,0,0,0,9
2014,2,15,6,0,0,0,0,9
2014,2,15,7,0,27,0,27,11
2014,2,15,8,0,121,6,119,14
2014,2,15,9,0,185,5,182,19
2014,2,15,10,0,214,4,211,21
2014,2,15,11,0,249,8,243,23
2014,2,15,12,0,490,135,388,24
2014,2,15,13,0,630,380,353,25
2014,2,15,14,0,606,533,261,24
2014,2,15,15,0,461,497,205,23
2014,2,15,16,0,266,302,163,21
2014,2,15,17,0,52,8,50,18
2014,2,15,18,0,0,0,0,16
2014,2,15,19,0,0,0,0,16
2014,2,15,20,0,0,0,0,15
2014,2,15,21,0,0,0,0,14
2014,2,15,22,0,0,0,0,13
2014,2,15,23,0,0,0,0,13
2014,2,16,0,0,0,0,0,12
2014,2,16,1,0,0,0,0,11
2014,2,16,2,0,0,0,0,11
2014,2,16,3,0,0,0,0,10
2014,2,16,4,0,0,0,0,10
2014,2,16,5,0,0,0,0,9
2014,2,16,6,0,0,0,0,9
2014,2,16,7,0,38,6,37,13
2014,2,16,8,0,225,236,152,17
2014,2,16,9,0,390,329,228,21
2014,2,16,10,0,567,472,269,23
2014,2,16,11,0,693,565,285,24
2014,2,16,12,0,757,658,260,25
2014,2,16,13,0,726,644,255,25
2014,2,16,14,0,626,579,249,24
2014,2,16,15,0,443,419,226,23
2014,2,16,16,0,272,294,171,20
2014,2,16,17,0,60,21,57,17
2014,2,16,18,0,0,0,0,16
2014,2,16,19,0,0,0,0,15
2014,2,16,20,0,0,0,0,14
2014,2,16,21,0,0,0,0,13
2014,2,16,22,0,0,0,0,13
2014,2,16,23,0,0,0,0,12
2014,2,17,0,0,0,0,0,12
2014,2,17,1,0,0,0,0,11
2014,2,17,2,0,0,0,0,11
2014,2,17,3,0,0,0,0,10
2014,2,17,4,0,0,0,0,10
2014,2,17,5,0,0,0,0,9
2014,2,17,6,0,0,0,0,9
2014,2,17,7,0,41,9,40,12
2014,2,17,8,0,236,264,153,16
2014,2,17,9,0,428,445,208,21
2014,2,17,10,0,605,567,245,23
2014,2,17,11,0,718,640,254,25
2014,2,17,12,0,761,660,260,26
2014,2,17,13,0,731,646,256,26
2014,2,17,14,0,630,581,250,26
2014,2,17,15,0,471,492,214,24
2014,2,17,16,0,275,298,171,22
2014,2,17,17,0,63,25,59,18
2014,2,17,18,0,0,0,0,17
2014,2,17,19,0,0,0,0,15
2014,2,17,20,0,0,0,0,15
2014,2,17,21,0,0,0,0,14
2014,2,17,22,0,0,0,0,13
2014,2,17,23,0,0,0,0,12
2014,2,18,0,0,0,0,0,12
2014,2,18,1,0,0,0,0,11
2014,2,18,2,0,0,0,0,10
2014,2,18,3,0,0,0,0,10
2014,2,18,4,0,0,0,0,9
2014,2,18,5,0,0,0,0,9
2014,2,18,6,0,0,0,0,9
2014,2,18,7,0,44,12,42,12
2014,2,18,8,0,243,283,153,16
2014,2,18,9,0,443,473,207,21
2014,2,18,10,0,611,572,246,24
2014,2,18,11,0,723,642,255,26
2014,2,18,12,0,766,662,261,27
2014,2,18,13,0,735,648,256,27
2014,2,18,14,0,634,583,250,26
2014,2,18,15,0,475,494,215,25
2014,2,18,16,0,278,301,172,22
2014,2,18,17,0,66,29,61,18
2014,2,18,18,0,0,0,0,16
2014,2,18,19,0,0,0,0,16
2014,2,18,20,0,0,0,0,15
2014,2,18,21,0,0,0,0,14
2014,2,18,22,0,0,0,0,13
2014,2,18,23,0,0,0,0,13
2014,2,19,0,0,0,0,0,12
2014,2,19,1,0,0,0,0,12
2014,2,19,2,0,0,0,0,12
2014,2,19,3,0,0,0,0,11
2014,2,19,4,0,0,0,0,10
2014,2,19,5,0,0,0,0,9
2014,2,19,6,0,0,0,0,10
2014,2,19,7,0,51,24,48,14
2014,2,19,8,0,161,57,142,18
2014,2,19,9,0,413,323,251,23
2014,2,19,10,0,598,524,261,26
2014,2,19,11,0,704,482,350,28
2014,2,19,12,0,368,49,330,28
2014,2,19,13,0,417,75,361,28
2014,2,19,14,0,586,424,305,28
2014,2,19,15,0,451,399,240,26
2014,2,19,16,0,246,184,181,23
2014,2,19,17,0,49,0,49,18
2014,2,19,18,0,0,0,0,17
2014,2,19,19,0,0,0,0,16
2014,2,19,20,0,0,0,0,15
2014,2,19,21,0,0,0,0,14
2014,2,19,22,0,0,0,0,14
2014,2,19,23,0,0,0,0,13
2014,2,20,0,0,0,0,0,12
2014,2,20,1,0,0,0,0,12
2014,2,20,2,0,0,0,0,11
2014,2,20,3,0,0,0,0,11
2014,2,20,4,0,0,0,0,10
2014,2,20,5,0,0,0,0,10
2014,2,20,6,0,0,0,0,10
2014,2,20,7,0,45,10,43,15
2014,2,20,8,0,244,266,157,18
2014,2,20,9,0,444,449,217,24
2014,2,20,10,0,616,565,250,27
2014,2,20,11,0,730,638,260,28
2014,2,20,12,0,774,661,264,29
2014,2,20,13,0,745,652,258,29
2014,2,20,14,0,643,587,253,28
2014,2,20,15,0,482,499,216,27
2014,2,20,16,0,285,307,175,24
2014,2,20,17,0,67,26,63,20
2014,2,20,18,0,0,0,0,18
2014,2,20,19,0,0,0,0,18
2014,2,20,20,0,0,0,0,17
2014,2,20,21,0,0,0,0,16
2014,2,20,22,0,0,0,0,15
2014,2,20,23,0,0,0,0,15
2014,2,21,0,0,0,0,0,14
2014,2,21,1,0,0,0,0,13
2014,2,21,2,0,0,0,0,13
2014,2,21,3,0,0,0,0,12
2014,2,21,4,0,0,0,0,12
2014,2,21,5,0,0,0,0,11
2014,2,21,6,0,0,0,0,12
2014,2,21,7,0,44,6,43,16
2014,2,21,8,0,248,273,158,20
2014,2,21,9,0,409,326,242,25
2014,2,21,10,0,622,541,270,28
2014,2,21,11,0,709,554,298,30
2014,2,21,12,0,780,653,274,31
2014,2,21,13,0,749,654,258,31
2014,2,21,14,0,647,589,253,30
2014,2,21,15,0,486,502,217,28
2014,2,21,16,0,288,310,176,26
2014,2,21,17,0,75,42,68,22
2014,2,21,18,0,0,0,0,20
2014,2,21,19,0,0,0,0,19
2014,2,21,20,0,0,0,0,18
2014,2,21,21,0,0,0,0,18
2014,2,21,22,0,0,0,0,17
2014,2,21,23,0,0,0,0,16
2014,2,22,0,0,0,0,0,15
2014,2,22,1,0,0,0,0,15
2014,2,22,2,0,0,0,0,14
2014,2,22,3,0,0,0,0,14
2014,2,22,4,0,0,0,0,13
2014,2,22,5,0,0,0,0,13
2014,2,22,6,0,0,0,0,13
2014,2,22,7,0,43,2,42,16
2014,2,22,8,0,194,99,161,20
2014,2,22,9,0,253,32,236,26
2014,2,22,10,0,300,19,287,28
2014,2,22,11,0,364,25,345,29
2014,2,22,12,0,491,123,395,30
2014,2,22,13,0,612,287,395,30
2014,2,22,14,0,647,551,276,29
2014,2,22,15,0,490,477,233,28
2014,2,22,16,0,275,263,179,25
2014,2,22,17,0,67,22,63,21
2014,2,22,18,0,0,0,0,20
2014,2,22,19,0,0,0,0,19
2014,2,22,20,0,0,0,0,18
2014,2,22,21,0,0,0,0,17
2014,2,22,22,0,0,0,0,16
2014,2,22,23,0,0,0,0,14
2014,2,23,0,0,0,0,0,14
2014,2,23,1,0,0,0,0,13
2014,2,23,2,0,0,0,0,12
2014,2,23,3,0,0,0,0,12
2014,2,23,4,0,0,0,0,11
2014,2,23,5,0,0,0,0,11
2014,2,23,6,0,0,0,0,11
2014,2,23,7,0,42,0,42,15
2014,2,23,8,0,179,56,160,19
2014,2,23,9,0,304,86,259,25
2014,2,23,10,0,593,451,296,27
2014,2,23,11,0,707,529,310,28
2014,2,23,12,0,786,646,280,29
2014,2,23,13,0,758,658,259,29
2014,2,23,14,0,655,593,254,28
2014,2,23,15,0,494,506,220,26
2014,2,23,16,0,294,316,178,24
2014,2,23,17,0,76,38,69,20
2014,2,23,18,0,0,0,0,19
2014,2,23,19,0,0,0,0,18
2014,2,23,20,0,0,0,0,17
2014,2,23,21,0,0,0,0,16
2014,2,23,22,0,0,0,0,16
2014,2,23,23,0,0,0,0,15
2014,2,24,0,0,0,0,0,14
2014,2,24,1,0,0,0,0,14
2014,2,24,2,0,0,0,0,13
2014,2,24,3,0,0,0,0,12
2014,2,24,4,0,0,0,0,11
2014,2,24,5,0,0,0,0,11
2014,2,24,6,0,0,0,0,11
2014,2,24,7,0,59,26,55,15
2014,2,24,8,0,264,298,162,19
2014,2,24,9,0,470,491,213,25
2014,2,24,10,0,639,585,251,27
2014,2,24,11,0,752,655,258,29
2014,2,24,12,0,795,672,266,29
2014,2,24,13,0,763,660,260,29
2014,2,24,14,0,660,595,256,28
2014,2,24,15,0,497,508,220,27
2014,2,24,16,0,293,283,188,24
2014,2,24,17,0,58,11,56,20
2014,2,24,18,0,0,0,0,19
2014,2,24,19,0,0,0,0,19
2014,2,24,20,0,0,0,0,18
2014,2,24,21,0,0,0,0,18
2014,2,24,22,0,0,0,0,17
2014,2,24,23,0,0,0,0,16
2014,2,25,0,0,0,0,0,15
2014,2,25,1,0,0,0,0,14
2014,2,25,2,0,0,0,0,13
2014,2,25,3,0,0,0,0,13
2014,2,25,4,0,0,0,0,12
2014,2,25,5,0,0,0,0,12
2014,2,25,6,0,0,0,0,12
2014,2,25,7,0,48,17,45,17
2014,2,25,8,0,269,269,176,20
2014,2,25,9,0,472,487,216,25
2014,2,25,10,0,640,577,255,27
2014,2,25,11,0,757,657,259,29
2014,2,25,12,0,799,674,266,29
2014,2,25,13,0,767,661,261,30
2014,2,25,14,0,664,567,277,29
2014,2,25,15,0,450,344,261,27
2014,2,25,16,0,274,239,185,25
2014,2,25,17,0,61,21,57,21
2014,2,25,18,0,0,0,0,20
2014,2,25,19,0,0,0,0,19
2014,2,25,20,0,0,0,0,18
2014,2,25,21,0,0,0,0,17
2014,2,25,22,0,0,0,0,17
2014,2,25,23,0,0,0,0,16
2014,2,26,0,0,0,0,0,16
2014,2,26,1,0,0,0,0,15
2014,2,26,2,0,0,0,0,15
2014,2,26,3,0,0,0,0,15
2014,2,26,4,0,0,0,0,14
2014,2,26,5,0,0,0,0,14
2014,2,26,6,0,0,0,0,15
2014,2,26,7,0,66,36,61,18
2014,2,26,8,0,158,34,146,20
2014,2,26,9,0,459,364,266,25
2014,2,26,10,0,503,225,352,26
2014,2,26,11,0,532,170,402,27
2014,2,26,12,0,352,36,323,28
2014,2,26,13,0,519,177,382,28
2014,2,26,14,0,654,597,244,28
2014,2,26,15,0,438,282,282,27
2014,2,26,16,0,298,370,160,25
2014,2,26,17,0,32,0,32,22
2014,2,26,18,0,0,0,0,21
2014,2,26,19,0,0,0,0,20
2014,2,26,20,0,0,0,0,20
2014,2,26,21,0,0,0,0,19
2014,2,26,22,0,0,0,0,19
2014,2,26,23,0,0,0,0,18
2014,2,27,0,0,0,0,0,17
2014,2,27,1,0,0,0,0,17
2014,2,27,2,0,0,0,0,16
2014,2,27,3,0,0,0,0,15
2014,2,27,4,0,0,0,0,15
2014,2,27,5,0,0,0,0,14
2014,2,27,6,0,0,0,0,15
2014,2,27,7,0,65,30,60,19
2014,2,27,8,0,277,353,153,23
2014,2,27,9,0,480,507,209,26
2014,2,27,10,0,646,597,242,28
2014,2,27,11,0,754,644,261,29
2014,2,27,12,0,749,507,344,29
2014,2,27,13,0,558,210,395,29
2014,2,27,14,0,406,95,340,28
2014,2,27,15,0,486,405,261,26
2014,2,27,16,0,283,253,187,25
2014,2,27,17,0,77,30,71,22
2014,2,27,18,0,0,0,0,20
2014,2,27,19,0,0,0,0,19
2014,2,27,20,0,0,0,0,18
2014,2,27,21,0,0,0,0,18
2014,2,27,22,0,0,0,0,17
2014,2,27,23,0,0,0,0,16
2014,2,28,0,0,0,0,0,16
2014,2,28,1,0,0,0,0,15
2014,2,28,2,0,0,0,0,15
2014,2,28,3,0,0,0,0,14
2014,2,28,4,0,0,0,0,14
2014,2,28,5,0,0,0,0,14
2014,2,28,6,0,0,0,0,14
2014,2,28,7,0,64,25,60,17
2014,2,28,8,0,139,12,134,21
2014,2,28,9,0,482,507,209,24
2014,2,28,10,0,648,596,243,26
2014,2,28,11,0,561,240,376,26
2014,2,28,12,0,370,42,336,26
2014,2,28,13,0,204,3,201,26
2014,2,28,14,0,122,0,122,26
2014,2,28,15,0,96,0,96,24
2014,2,28,16,0,79,0,79,23
2014,2,28,17,0,19,0,19,21
2014,2,28,18,0,0,0,0,20
2014,2,28,19,0,0,0,0,20
2014,2,28,20,0,0,0,0,19
2014,2,28,21,0,0,0,0,18
2014,2,28,22,0,0,0,0,18
2014,2,28,23,0,0,0,0,17
2014,3,1,0,0,0,0,0,17
2014,3,1,1,0,0,0,0,16
2014,3,1,2,0,0,0,0,15
2014,3,1,3,0,0,0,0,15
2014,3,1,4,0,0,0,0,14
2014,3,1,5,0,0,0,0,14
2014,3,1,6,0,0,0,0,14
2014,3,1,7,0,76,58,67,18
2014,3,1,8,0,184,57,163,23
2014,3,1,9,0,232,17,222,25
2014,3,1,10,0,249,8,243,26
2014,3,1,11,0,308,13,297,27
2014,3,1,12,0,220,4,216,27
2014,3,1,13,0,295,21,278,27
2014,3,1,14,0,505,222,350,27
2014,3,1,15,0,327,84,279,26
2014,3,1,16,0,275,230,186,24
2014,3,1,17,0,88,52,78,21
2014,3,1,18,0,0,0,0,19
2014,3,1,19,0,0,0,0,18
2014,3,1,20,0,0,0,0,18
2014,3,1,21,0,0,0,0,17
2014,3,1,22,0,0,0,0,16
2014,3,1,23,0,0,0,0,15
2014,3,2,0,0,0,0,0,15
2014,3,2,1,0,0,0,0,14
2014,3,2,2,0,0,0,0,13
2014,3,2,3,0,0,0,0,13
2014,3,2,4,0,0,0,0,12
2014,3,2,5,0,0,0,0,12
2014,3,2,6,0,0,0,0,13
2014,3,2,7,0,51,0,51,16
2014,3,2,8,0,159,15,153,21
2014,3,2,9,0,300,74,259,25
2014,3,2,10,0,649,480,319,26
2014,3,2,11,0,781,672,258,28
2014,3,2,12,0,826,715,246,28
2014,3,2,13,0,785,677,254,28
2014,3,2,14,0,690,659,228,28
2014,3,2,15,0,525,561,208,26
2014,3,2,16,0,322,374,177,24
2014,3,2,17,0,102,100,84,21
2014,3,2,18,0,0,0,0,19
2014,3,2,19,0,0,0,0,18
2014,3,2,20,0,0,0,0,17
2014,3,2,21,0,0,0,0,17
2014,3,2,22,0,0,0,0,16
2014,3,2,23,0,0,0,0,15
2014,3,3,0,0,0,0,0,15
2014,3,3,1,0,0,0,0,14
2014,3,3,2,0,0,0,0,13
2014,3,3,3,0,0,0,0,13
2014,3,3,4,0,0,0,0,12
2014,3,3,5,0,0,0,0,12
2014,3,3,6,0,0,0,0,13
2014,3,3,7,0,84,79,71,17
2014,3,3,8,0,302,356,170,21
2014,3,3,9,0,509,551,205,25
2014,3,3,10,0,679,653,227,26
2014,3,3,11,0,791,704,240,28
2014,3,3,12,0,832,719,246,28
2014,3,3,13,0,799,706,242,28
2014,3,3,14,0,694,660,229,27
2014,3,3,15,0,529,563,209,26
2014,3,3,16,0,325,376,178,24
2014,3,3,17,0,94,68,81,21
2014,3,3,18,0,0,0,0,20
2014,3,3,19,0,0,0,0,20
2014,3,3,20,0,0,0,0,19
2014,3,3,21,0,0,0,0,18
2014,3,3,22,0,0,0,0,17
2014,3,3,23,0,0,0,0,17
2014,3,4,0,0,0,0,0,16
2014,3,4,1,0,0,0,0,15
2014,3,4,2,0,0,0,0,15
2014,3,4,3,0,0,0,0,14
2014,3,4,4,0,0,0,0,13
2014,3,4,5,0,0,0,0,13
2014,3,4,6,0,0,0,0,14
2014,3,4,7,0,73,35,67,18
2014,3,4,8,0,174,30,162,22
2014,3,4,9,0,404,217,283,27
2014,3,4,10,0,563,321,339,29
2014,3,4,11,0,745,525,332,30
2014,3,4,12,0,816,646,287,31
2014,3,4,13,0,805,707,245,31
2014,3,4,14,0,697,662,229,30
2014,3,4,15,0,532,565,209,29
2014,3,4,16,0,328,379,179,26
2014,3,4,17,0,96,73,82,22
2014,3,4,18,0,0,0,0,21
2014,3,4,19,0,0,0,0,20
2014,3,4,20,0,0,0,0,19
2014,3,4,21,0,0,0,0,18
2014,3,4,22,0,0,0,0,18
2014,3,4,23,0,0,0,0,17
2014,3,5,0,0,0,0,0,17
2014,3,5,1,0,0,0,0,16
2014,3,5,2,0,0,0,0,16
2014,3,5,3,0,0,0,0,16
2014,3,5,4,0,0,0,0,15
2014,3,5,5,0,0,0,0,15
2014,3,5,6,0,0,0,0,15
2014,3,5,7,0,58,1,57,18
2014,3,5,8,0,118,0,118,23
2014,3,5,9,0,448,282,290,27
2014,3,5,10,0,666,547,283,29
2014,3,5,11,0,797,684,256,30
2014,3,5,12,0,799,588,315,31
2014,3,5,13,0,805,705,245,31
2014,3,5,14,0,602,384,329,30
2014,3,5,15,0,479,388,256,28
2014,3,5,16,0,320,322,192,26
2014,3,5,17,0,44,0,44,22
2014,3,5,18,0,0,0,0,21
2014,3,5,19,0,0,0,0,20
2014,3,5,20,0,0,0,0,19
2014,3,5,21,0,0,0,0,18
2014,3,5,22,0,0,0,0,18
2014,3,5,23,0,0,0,0,17
2014,3,6,0,0,0,0,0,16
2014,3,6,1,0,0,0,0,15
2014,3,6,2,0,0,0,0,15
2014,3,6,3,0,0,0,0,14
2014,3,6,4,0,0,0,0,14
2014,3,6,5,0,0,0,0,13
2014,3,6,6,0,0,0,0,14
2014,3,6,7,0,92,79,78,18
2014,3,6,8,0,316,368,175,23
2014,3,6,9,0,523,559,208,27
2014,3,6,10,0,693,660,228,29
2014,3,6,11,0,805,708,243,30
2014,3,6,12,0,840,710,253,30
2014,3,6,13,0,811,710,244,30
2014,3,6,14,0,705,665,230,29
2014,3,6,15,0,539,568,211,28
2014,3,6,16,0,334,383,181,26
2014,3,6,17,0,102,83,86,22
2014,3,6,18,0,0,0,0,20
2014,3,6,19,0,0,0,0,19
2014,3,6,20,0,0,0,0,18
2014,3,6,21,0,0,0,0,17
2014,3,6,22,0,0,0,0,16
2014,3,6,23,0,0,0,0,16
2014,3,7,0,0,0,0,0,15
2014,3,7,1,0,0,0,0,14
2014,3,7,2,0,0,0,0,14
2014,3,7,3,0,0,0,0,13
2014,3,7,4,0,0,0,0,12
2014,3,7,5,0,0,0,0,12
2014,3,7,6,0,0,0,0,13
2014,3,7,7,0,101,104,82,17
2014,3,7,8,0,320,406,163,21
2014,3,7,9,0,528,562,208,25
2014,3,7,10,0,698,662,229,27
2014,3,7,11,0,810,710,243,29
2014,3,7,12,0,850,724,249,30
2014,3,7,13,0,815,712,243,30
2014,3,7,14,0,709,667,230,29
2014,3,7,15,0,542,570,211,28
2014,3,7,16,0,336,364,190,26
2014,3,7,17,0,110,106,89,22
2014,3,7,18,0,0,0,0,20
2014,3,7,19,0,0,0,0,19
2014,3,7,20,0,0,0,0,18
2014,3,7,21,0,0,0,0,17
2014,3,7,22,0,0,0,0,17
2014,3,7,23,0,0,0,0,16
2014,3,8,0,0,0,0,0,15
2014,3,8,1,0,0,0,0,15
2014,3,8,2,0,0,0,0,14
2014,3,8,3,0,0,0,0,13
2014,3,8,4,0,0,0,0,13
2014,3,8,5,0,0,0,0,12
2014,3,8,6,0,0,0,0,14
2014,3,8,7,0,100,93,83,18
2014,3,8,8,0,325,376,178,22
2014,3,8,9,0,533,565,209,27
2014,3,8,10,0,703,664,229,29
2014,3,8,11,0,814,711,243,31
2014,3,8,12,0,854,725,249,31
2014,3,8,13,0,819,713,244,31
2014,3,8,14,0,712,669,230,30
2014,3,8,15,0,545,572,211,29
2014,3,8,16,0,339,366,191,27
2014,3,8,17,0,107,91,89,23
2014,3,8,18,0,0,0,0,21
2014,3,8,19,0,0,0,0,20
2014,3,8,20,0,0,0,0,19
2014,3,8,21,0,0,0,0,19
2014,3,8,22,0,0,0,0,18
2014,3,8,23,0,0,0,0,17
2014,3,9,0,0,0,0,0,16
2014,3,9,1,0,0,0,0,16
2014,3,9,2,0,0,0,0,15
2014,3,9,3,0,0,0,0,15
2014,3,9,4,0,0,0,0,14
2014,3,9,5,0,0,0,0,14
2014,3,9,6,0,0,0,0,15
2014,3,9,7,0,99,75,85,19
2014,3,9,8,0,329,380,179,23
2014,3,9,9,0,537,567,210,28
2014,3,9,10,0,708,666,230,30
2014,3,9,11,0,816,707,246,32
2014,3,9,12,0,859,726,251,32
2014,3,9,13,0,823,714,245,32
2014,3,9,14,0,716,670,231,32
2014,3,9,15,0,549,573,213,30
2014,3,9,16,0,340,384,184,28
2014,3,9,17,0,110,85,93,24
2014,3,9,18,0,0,0,0,22
2014,3,9,19,0,0,0,0,22
2014,3,9,20,0,0,0,0,21
2014,3,9,21,0,0,0,0,20
2014,3,9,22,0,0,0,0,19
2014,3,9,23,0,0,0,0,19
2014,3,10,0,0,0,0,0,18
2014,3,10,1,0,0,0,0,17
2014,3,10,2,0,0,0,0,17
2014,3,10,3,0,0,0,0,16
2014,3,10,4,0,0,0,0,15
2014,3,10,5,0,0,0,0,15
2014,3,10,6,0,0,0,0,16
2014,3,10,7,0,117,180,83,20
2014,3,10,8,0,291,248,192,24
2014,3,10,9,0,270,49,241,29
2014,3,10,10,0,441,108,363,30
2014,3,10,11,0,290,11,281,30
2014,3,10,12,0,376,39,343,29
2014,3,10,13,0,678,326,413,29
2014,3,10,14,0,480,146,373,29
2014,3,10,15,0,305,60,269,28
2014,3,10,16,0,276,176,204,27
2014,3,10,17,0,38,0,38,23
2014,3,10,18,0,0,0,0,22
2014,3,10,19,0,0,0,0,21
2014,3,10,20,0,0,0,0,20
2014,3,10,21,0,0,0,0,20
2014,3,10,22,0,0,0,0,20
2014,3,10,23,0,0,0,0,19
2014,3,11,0,0,0,0,0,19
2014,3,11,1,0,0,0,0,19
2014,3,11,2,0,0,0,0,19
2014,3,11,3,0,0,0,0,18
2014,3,11,4,0,0,0,0,17
2014,3,11,5,0,0,0,0,17
2014,3,11,6,0,0,0,0,18
2014,3,11,7,0,21,0,21,20
2014,3,11,8,0,333,430,160,25
2014,3,11,9,0,541,576,204,29
2014,3,11,10,0,708,659,230,31
2014,3,11,11,0,816,702,245,33
2014,3,11,12,0,325,24,304,34
2014,3,11,13,0,383,28,360,33
2014,3,11,14,0,500,178,370,33
2014,3,11,15,0,543,574,204,31
2014,3,11,16,0,338,432,161,29
2014,3,11,17,0,109,86,91,26
2014,3,11,18,0,0,0,0,24
2014,3,11,19,0,0,0,0,23
2014,3,11,20,0,0,0,0,22
2014,3,11,21,0,0,0,0,22
2014,3,11,22,0,0,0,0,21
2014,3,11,23,0,0,0,0,20
2014,3,12,0,0,0,0,0,20
2014,3,12,1,0,0,0,0,19
2014,3,12,2,0,0,0,0,19
2014,3,12,3,0,0,0,0,19
2014,3,12,4,0,0,0,0,19
2014,3,12,5,0,0,0,0,18
2014,3,12,6,0,0,0,0,19
2014,3,12,7,0,71,5,70,19
2014,3,12,8,0,295,225,203,22
2014,3,12,9,0,537,568,203,26
2014,3,12,10,0,703,650,229,29
2014,3,12,11,0,810,693,243,31
2014,3,12,12,0,849,708,248,31
2014,3,12,13,0,815,697,244,32
2014,3,12,14,0,712,657,230,31
2014,3,12,15,0,414,208,290,30
2014,3,12,16,0,328,323,194,28
2014,3,12,17,0,111,81,94,25
2014,3,12,18,0,0,0,0,23
2014,3,12,19,0,0,0,0,22
2014,3,12,20,0,0,0,0,21
2014,3,12,21,0,0,0,0,20
2014,3,12,22,0,0,0,0,20
2014,3,12,23,0,0,0,0,19
2014,3,13,0,0,0,0,0,18
2014,3,13,1,0,0,0,0,17
2014,3,13,2,0,0,0,0,16
2014,3,13,3,0,0,0,0,15
2014,3,13,4,0,0,0,0,15
2014,3,13,5,0,0,0,0,14
2014,3,13,6,0,0,0,0,15
2014,3,13,7,0,127,151,96,18
2014,3,13,8,0,348,418,176,22
2014,3,13,9,0,556,577,213,26
2014,3,13,10,0,726,674,231,28
2014,3,13,11,0,837,718,247,30
2014,3,13,12,0,876,731,253,31
2014,3,13,13,0,839,719,247,31
2014,3,13,14,0,730,676,232,31
2014,3,13,15,0,561,579,215,29
2014,3,13,16,0,353,377,196,27
2014,3,13,17,0,120,113,96,23
2014,3,13,18,0,0,0,0,21
2014,3,13,19,0,0,0,0,20
2014,3,13,20,0,0,0,0,19
2014,3,13,21,0,0,0,0,18
2014,3,13,22,0,0,0,0,17
2014,3,13,23,0,0,0,0,17
2014,3,14,0,0,0,0,0,16
2014,3,14,1,0,0,0,0,15
2014,3,14,2,0,0,0,0,15
2014,3,14,3,0,0,0,0,14
2014,3,14,4,0,0,0,0,14
2014,3,14,5,0,0,0,0,13
2014,3,14,6,0,0,0,0,15
2014,3,14,7,0,127,141,98,18
2014,3,14,8,0,352,421,177,23
2014,3,14,9,0,561,579,215,27
2014,3,14,10,0,731,676,232,29
2014,3,14,11,0,841,719,247,31
2014,3,14,12,0,880,732,253,32
2014,3,14,13,0,842,720,247,32
2014,3,14,14,0,733,677,232,32
2014,3,14,15,0,564,581,215,31
2014,3,14,16,0,355,379,196,29
2014,3,14,17,0,122,117,97,25
2014,3,14,18,0,0,0,0,22
2014,3,14,19,0,0,0,0,21
2014,3,14,20,0,0,0,0,20
2014,3,14,21,0,0,0,0,20
2014,3,14,22,0,0,0,0,19
2014,3,14,23,0,0,0,0,18
2014,3,15,0,0,0,0,0,18
2014,3,15,1,0,0,0,0,17
2014,3,15,2,0,0,0,0,16
2014,3,15,3,0,0,0,0,16
2014,3,15,4,0,0,0,0,15
2014,3,15,5,0,0,0,0,15
2014,3,15,6,0,0,0,0,16
2014,3,15,7,0,131,148,100,21
2014,3,15,8,0,357,424,178,25
2014,3,15,9,0,566,582,215,30
2014,3,15,10,0,736,678,233,33
2014,3,15,11,0,846,721,248,34
2014,3,15,12,0,884,733,254,35
2014,3,15,13,0,846,721,248,36
2014,3,15,14,0,736,679,232,35
2014,3,15,15,0,567,582,216,34
2014,3,15,16,0,358,381,197,32
2014,3,15,17,0,125,122,99,27
2014,3,15,18,0,0,0,0,25
2014,3,15,19,0,0,0,0,24
2014,3,15,20,0,0,0,0,23
2014,3,15,21,0,0,0,0,22
2014,3,15,22,0,0,0,0,22
2014,3,15,23,0,0,0,0,21
2014,3,16,0,0,0,0,0,20
2014,3,16,1,0,0,0,0,20
2014,3,16,2,0,0,0,0,19
2014,3,16,3,0,0,0,0,19
2014,3,16,4,0,0,0,0,18
2014,3,16,5,0,0,0,0,18
2014,3,16,6,0,0,0,0,19
2014,3,16,7,0,131,138,101,23
2014,3,16,8,0,361,427,179,28
2014,3,16,9,0,571,584,217,32
2014,3,16,10,0,739,676,235,35
2014,3,16,11,0,847,717,249,36
2014,3,16,12,0,883,730,253,37
2014,3,16,13,0,829,667,273,37
2014,3,16,14,0,739,676,235,36
2014,3,16,15,0,570,583,217,35
2014,3,16,16,0,360,383,197,33
2014,3,16,17,0,127,126,100,29
2014,3,16,18,0,0,0,0,26
2014,3,16,19,0,0,0,0,25
2014,3,16,20,0,0,0,0,24
2014,3,16,21,0,0,0,0,24
2014,3,16,22,0,0,0,0,23
2014,3,16,23,0,0,0,0,22
2014,3,17,0,0,0,0,0,21
2014,3,17,1,0,0,0,0,21
2014,3,17,2,0,0,0,0,20
2014,3,17,3,0,0,0,0,20
2014,3,17,4,0,0,0,0,19
2014,3,17,5,0,0,0,0,19
2014,3,17,6,0,0,0,0,20
2014,3,17,7,0,130,126,102,24
2014,3,17,8,0,301,232,201,29
2014,3,17,9,0,511,368,286,34
2014,3,17,10,0,744,678,235,36
2014,3,17,11,0,852,720,249,38
2014,3,17,12,0,890,734,254,39
2014,3,17,13,0,853,722,250,38
2014,3,17,14,0,743,681,233,38
2014,3,17,15,0,573,585,217,36
2014,3,17,16,0,363,428,180,34
2014,3,17,17,0,142,219,95,30
2014,3,17,18,0,0,0,0,28
2014,3,17,19,0,0,0,0,27
2014,3,17,20,0,0,0,0,27
2014,3,17,21,0,0,0,0,26
2014,3,17,22,0,0,0,0,25
2014,3,17,23,0,0,0,0,24
2014,3,18,0,0,0,0,0,24
2014,3,18,1,0,0,0,0,23
2014,3,18,2,0,0,0,0,22
2014,3,18,3,0,0,0,0,21
2014,3,18,4,0,0,0,0,21
2014,3,18,5,0,0,0,0,20
2014,3,18,6,0,0,0,0,21
2014,3,18,7,0,96,30,89,24
2014,3,18,8,0,327,254,217,29
2014,3,18,9,0,569,588,208,32
2014,3,18,10,0,737,631,261,34
2014,3,18,11,0,847,712,248,35
2014,3,18,12,0,886,728,253,36
2014,3,18,13,0,851,718,249,36
2014,3,18,14,0,745,679,235,35
2014,3,18,15,0,572,577,219,34
2014,3,18,16,0,365,430,180,32
2014,3,18,17,0,132,136,102,29
2014,3,18,18,0,0,0,0,26
2014,3,18,19,0,0,0,0,25
2014,3,18,20,0,0,0,0,24
2014,3,18,21,0,0,0,0,23
2014,3,18,22,0,0,0,0,22
2014,3,18,23,0,0,0,0,21
2014,3,19,0,0,0,0,0,20
2014,3,19,1,0,0,0,0,19
2014,3,19,2,0,0,0,0,18
2014,3,19,3,0,0,0,0,17
2014,3,19,4,0,0,0,0,17
2014,3,19,5,0,0,0,0,16
2014,3,19,6,0,0,0,0,17
2014,3,19,7,0,145,163,108,21
2014,3,19,8,0,375,436,184,26
2014,3,19,9,0,582,583,221,29
2014,3,19,10,0,748,669,241,31
2014,3,19,11,0,863,725,251,32
2014,3,19,12,0,899,737,255,33
2014,3,19,13,0,860,724,250,33
2014,3,19,14,0,749,684,233,32
2014,3,19,15,0,578,587,218,31
2014,3,19,16,0,368,431,182,29
2014,3,19,17,0,135,140,104,26
2014,3,19,18,0,0,0,0,23
2014,3,19,19,0,0,0,0,22
2014,3,19,20,0,0,0,0,21
2014,3,19,21,0,0,0,0,20
2014,3,19,22,0,0,0,0,19
2014,3,19,23,0,0,0,0,19
2014,3,20,0,0,0,0,0,18
2014,3,20,1,0,0,0,0,17
2014,3,20,2,0,0,0,0,17
2014,3,20,3,0,0,0,0,16
2014,3,20,4,0,0,0,0,16
2014,3,20,5,0,0,0,0,15
2014,3,20,6,0,0,0,0,17
2014,3,20,7,0,145,166,106,21
2014,3,20,8,0,339,312,201,26
2014,3,20,9,0,589,562,239,30
2014,3,20,10,0,758,688,234,33
2014,3,20,11,0,862,703,266,34
2014,3,20,12,0,851,579,343,35
2014,3,20,13,0,831,573,346,35
2014,3,20,14,0,450,101,373,35
2014,3,20,15,0,506,343,294,34
2014,3,20,16,0,370,390,201,32
2014,3,20,17,0,131,124,103,28
2014,3,20,18,0,0,0,0,25
2014,3,20,19,0,0,0,0,24
2014,3,20,20,0,0,0,0,23
2014,3,20,21,0,0,0,0,22
2014,3,20,22,0,0,0,0,22
2014,3,20,23,0,0,0,0,21
2014,3,21,0,0,0,0,0,20
2014,3,21,1,0,0,0,0,20
2014,3,21,2,0,0,0,0,19
2014,3,21,3,0,0,0,0,18
2014,3,21,4,0,0,0,0,18
2014,3,21,5,0,0,0,0,17
2014,3,21,6,0,0,0,0,19
2014,3,21,7,0,121,65,105,23
2014,3,21,8,0,337,272,215,27
2014,3,21,9,0,428,181,314,32
2014,3,21,10,0,636,332,382,35
2014,3,21,11,0,806,516,366,36
2014,3,21,12,0,899,708,276,37
2014,3,21,13,0,867,726,251,37
2014,3,21,14,0,755,686,234,37
2014,3,21,15,0,584,590,219,35
2014,3,21,16,0,373,392,202,33
2014,3,21,17,0,134,129,105,29
2014,3,21,18,0,0,0,0,27
2014,3,21,19,0,0,0,0,26
2014,3,21,20,0,0,0,0,25
2014,3,21,21,0,0,0,0,24
2014,3,21,22,0,0,0,0,23
2014,3,21,23,0,0,0,0,22
2014,3,22,0,0,0,0,0,21
2014,3,22,1,0,0,0,0,20
2014,3,22,2,0,0,0,0,20
2014,3,22,3,0,0,0,0,19
2014,3,22,4,0,0,0,0,18
2014,3,22,5,0,0,0,0,18
2014,3,22,6,0,0,0,0,20
2014,3,22,7,0,154,169,113,24
2014,3,22,8,0,389,444,189,29
2014,3,22,9,0,598,596,222,34
2014,3,22,10,0,767,691,235,36
2014,3,22,11,0,875,729,251,38
2014,3,22,12,0,910,740,256,38
2014,3,22,13,0,870,727,251,38
2014,3,22,14,0,758,687,234,37
2014,3,22,15,0,586,591,219,36
2014,3,22,16,0,375,394,202,33
2014,3,22,17,0,136,133,106,29
2014,3,22,18,0,0,0,0,27
2014,3,22,19,0,0,0,0,26
2014,3,22,20,0,0,0,0,25
2014,3,22,21,0,0,0,0,24
2014,3,22,22,0,0,0,0,23
2014,3,22,23,0,0,0,0,22
2014,3,23,0,0,0,0,0,22
2014,3,23,1,0,0,0,0,21
2014,3,23,2,0,0,0,0,20
2014,3,23,3,0,0,0,0,20
2014,3,23,4,0,0,0,0,19
2014,3,23,5,0,0,0,0,19
2014,3,23,6,0,1,0,1,20
2014,3,23,7,0,136,76,117,24
2014,3,23,8,0,271,89,230,28
2014,3,23,9,0,348,69,304,31
2014,3,23,10,0,422,74,364,31
2014,3,23,11,0,294,11,284,31
2014,3,23,12,0,331,12,320,32
2014,3,23,13,0,207,2,205,33
2014,3,23,14,0,166,4,162,33
2014,3,23,15,0,390,138,304,32
2014,3,23,16,0,309,213,215,30
2014,3,23,17,0,98,29,91,28
2014,3,23,18,0,0,0,0,26
2014,3,23,19,0,0,0,0,25
2014,3,23,20,0,0,0,0,24
2014,3,23,21,0,0,0,0,23
2014,3,23,22,0,0,0,0,22
2014,3,23,23,0,0,0,0,22
2014,3,24,0,0,0,0,0,21
2014,3,24,1,0,0,0,0,21
2014,3,24,2,0,0,0,0,21
2014,3,24,3,0,0,0,0,20
2014,3,24,4,0,0,0,0,20
2014,3,24,5,0,0,0,0,20
2014,3,24,6,0,2,0,2,21
2014,3,24,7,0,93,6,91,22
2014,3,24,8,0,250,73,216,26
2014,3,24,9,0,221,7,216,30
2014,3,24,10,0,325,31,300,32
2014,3,24,11,0,857,707,248,34
2014,3,24,12,0,891,719,252,35
2014,3,24,13,0,852,706,247,35
2014,3,24,14,0,744,665,233,34
2014,3,24,15,0,577,589,209,33
2014,3,24,16,0,370,457,168,32
2014,3,24,17,0,141,142,108,28
2014,3,24,18,0,0,0,0,26
2014,3,24,19,0,0,0,0,26
2014,3,24,20,0,0,0,0,25
2014,3,24,21,0,0,0,0,24
2014,3,24,22,0,0,0,0,23
2014,3,24,23,0,0,0,0,23
2014,3,25,0,0,0,0,0,22
2014,3,25,1,0,0,0,0,21
2014,3,25,2,0,0,0,0,21
2014,3,25,3,0,0,0,0,20
2014,3,25,4,0,0,0,0,20
2014,3,25,5,0,0,0,0,19
2014,3,25,6,0,3,0,3,21
2014,3,25,7,0,169,194,120,24
2014,3,25,8,0,396,480,174,29
2014,3,25,9,0,604,608,213,33
2014,3,25,10,0,769,681,237,35
2014,3,25,11,0,874,720,250,36
2014,3,25,12,0,657,249,434,37
2014,3,25,13,0,868,718,250,37
2014,3,25,14,0,758,679,236,37
2014,3,25,15,0,450,218,313,35
2014,3,25,16,0,314,239,207,33
2014,3,25,17,0,119,65,103,29
2014,3,25,18,0,0,0,0,27
2014,3,25,19,0,0,0,0,26
2014,3,25,20,0,0,0,0,25
2014,3,25,21,0,0,0,0,25
2014,3,25,22,0,0,0,0,24
2014,3,25,23,0,0,0,0,23
2014,3,26,0,0,0,0,0,22
2014,3,26,1,0,0,0,0,22
2014,3,26,2,0,0,0,0,21
2014,3,26,3,0,0,0,0,20
2014,3,26,4,0,0,0,0,20
2014,3,26,5,0,0,0,0,19
2014,3,26,6,0,3,0,3,21
2014,3,26,7,0,69,0,69,25
2014,3,26,8,0,229,52,204,30
2014,3,26,9,0,610,612,214,34
2014,3,26,10,0,716,502,322,35
2014,3,26,11,0,627,214,441,36
2014,3,26,12,0,496,73,430,36
2014,3,26,13,0,676,273,440,36
2014,3,26,14,0,718,533,306,35
2014,3,26,15,0,518,343,301,34
2014,3,26,16,0,303,192,217,32
2014,3,26,17,0,56,0,56,29
2014,3,26,18,0,0,0,0,27
2014,3,26,19,0,0,0,0,26
2014,3,26,20,0,0,0,0,25
2014,3,26,21,0,0,0,0,24
2014,3,26,22,0,0,0,0,23
2014,3,26,23,0,0,0,0,22
2014,3,27,0,0,0,0,0,21
2014,3,27,1,0,0,0,0,21
2014,3,27,2,0,0,0,0,21
2014,3,27,3,0,0,0,0,20
2014,3,27,4,0,0,0,0,19
2014,3,27,5,0,0,0,0,19
2014,3,27,6,0,4,0,4,21
2014,3,27,7,0,60,0,60,24
2014,3,27,8,0,155,1,154,29
2014,3,27,9,0,240,8,234,33
2014,3,27,10,0,174,3,171,35
2014,3,27,11,0,548,135,430,36
2014,3,27,12,0,528,92,445,36
2014,3,27,13,0,680,276,441,36
2014,3,27,14,0,576,242,388,34
2014,3,27,15,0,441,196,317,32
2014,3,27,16,0,378,464,170,31
2014,3,27,17,0,91,28,84,29
2014,3,27,18,0,0,0,0,26
2014,3,27,19,0,0,0,0,25
2014,3,27,20,0,0,0,0,24
2014,3,27,21,0,0,0,0,23
2014,3,27,22,0,0,0,0,23
2014,3,27,23,0,0,0,0,22
2014,3,28,0,0,0,0,0,22
2014,3,28,1,0,0,0,0,21
2014,3,28,2,0,0,0,0,21
2014,3,28,3,0,0,0,0,20
2014,3,28,4,0,0,0,0,19
2014,3,28,5,0,0,0,0,19
2014,3,28,6,0,6,0,6,21
2014,3,28,7,0,90,0,90,25
2014,3,28,8,0,291,115,236,30
2014,3,28,9,0,450,170,338,34
2014,3,28,10,0,501,135,394,36
2014,3,28,11,0,800,476,383,38
2014,3,28,12,0,916,733,255,38
2014,3,28,13,0,875,720,250,38
2014,3,28,14,0,759,542,338,38
2014,3,28,15,0,348,84,294,36
2014,3,28,16,0,71,0,71,34
2014,3,28,17,0,29,0,29,31
2014,3,28,18,0,0,0,0,28
2014,3,28,19,0,0,0,0,27
2014,3,28,20,0,0,0,0,26
2014,3,28,21,0,0,0,0,25
2014,3,28,22,0,0,0,0,25
2014,3,28,23,0,0,0,0,24
2014,3,29,0,0,0,0,0,23
2014,3,29,1,0,0,0,0,23
2014,3,29,2,0,0,0,0,22
2014,3,29,3,0,0,0,0,21
2014,3,29,4,0,0,0,0,21
2014,3,29,5,0,0,0,0,20
2014,3,29,6,0,4,0,4,22
2014,3,29,7,0,172,186,121,27
2014,3,29,8,0,324,167,243,31
2014,3,29,9,0,621,615,216,34
2014,3,29,10,0,783,684,239,36
2014,3,29,11,0,571,155,434,38
2014,3,29,12,0,916,731,255,38
2014,3,29,13,0,874,690,273,38
2014,3,29,14,0,764,678,236,37
2014,3,29,15,0,595,603,212,35
2014,3,29,16,0,385,472,172,33
2014,3,29,17,0,153,164,113,31
2014,3,29,18,0,1,0,1,28
2014,3,29,19,0,0,0,0,27
2014,3,29,20,0,0,0,0,26
2014,3,29,21,0,0,0,0,25
2014,3,29,22,0,0,0,0,25
2014,3,29,23,0,0,0,0,24
2014,3,30,0,0,0,0,0,23
2014,3,30,1,0,0,0,0,22
2014,3,30,2,0,0,0,0,21
2014,3,30,3,0,0,0,0,20
2014,3,30,4,0,0,0,0,19
2014,3,30,5,0,0,0,0,19
2014,3,30,6,0,8,0,8,20
2014,3,30,7,0,193,235,128,24
2014,3,30,8,0,308,149,235,29
2014,3,30,9,0,633,557,264,32
2014,3,30,10,0,797,694,243,34
2014,3,30,11,0,905,736,256,36
2014,3,30,12,0,937,734,271,36
2014,3,30,13,0,820,535,353,36
2014,3,30,14,0,671,418,344,36
2014,3,30,15,0,404,135,317,34
2014,3,30,16,0,231,45,210,33
2014,3,30,17,0,97,9,94,30
2014,3,30,18,0,1,0,1,27
2014,3,30,19,0,0,0,0,26
2014,3,30,20,0,0,0,0,25
2014,3,30,21,0,0,0,0,24
2014,3,30,22,0,0,0,0,23
2014,3,30,23,0,0,0,0,22
2014,3,31,0,0,0,0,0,22
2014,3,31,1,0,0,0,0,21
2014,3,31,2,0,0,0,0,20
2014,3,31,3,0,0,0,0,19
2014,3,31,4,0,0,0,0,18
2014,3,31,5,0,0,0,0,18
2014,3,31,6,0,10,0,10,20
2014,3,31,7,0,187,203,130,24
2014,3,31,8,0,429,432,218,29
2014,3,31,9,0,564,391,303,32
2014,3,31,10,0,789,619,292,34
2014,3,31,11,0,894,703,272,35
2014,3,31,12,0,940,734,272,36
2014,3,31,13,0,873,658,297,36
2014,3,31,14,0,782,694,238,35
2014,3,31,15,0,608,600,223,34
2014,3,31,16,0,394,446,190,32
2014,3,31,17,0,164,195,116,29
2014,3,31,18,0,1,0,1,26
2014,3,31,19,0,0,0,0,25
2014,3,31,20,0,0,0,0,24
2014,3,31,21,0,0,0,0,23
2014,3,31,22,0,0,0,0,22
2014,3,31,23,0,0,0,0,22
2014,4,1,0,0,0,0,0,21
2014,4,1,1,0,0,0,0,20
2014,4,1,2,0,0,0,0,20
2014,4,1,3,0,0,0,0,19
2014,4,1,4,0,0,0,0,19
2014,4,1,5,0,0,0,0,18
2014,4,1,6,0,12,0,12,21
2014,4,1,7,0,198,258,125,25
2014,4,1,8,0,424,452,201,30
2014,4,1,9,0,631,594,233,34
2014,4,1,10,0,796,683,246,36
2014,4,1,11,0,900,718,262,37
2014,4,1,12,0,931,727,267,37
2014,4,1,13,0,887,714,260,37
2014,4,1,14,0,773,674,243,37
2014,4,1,15,0,600,579,227,35
2014,4,1,16,0,388,447,182,33
2014,4,1,17,0,159,173,116,31
2014,4,1,18,0,1,0,1,28
2014,4,1,19,0,0,0,0,27
2014,4,1,20,0,0,0,0,26
2014,4,1,21,0,0,0,0,25
2014,4,1,22,0,0,0,0,24
2014,4,1,23,0,0,0,0,24
2014,4,2,0,0,0,0,0,23
2014,4,2,1,0,0,0,0,23
2014,4,2,2,0,0,0,0,22
2014,4,2,3,0,0,0,0,21
2014,4,2,4,0,0,0,0,21
2014,4,2,5,0,0,0,0,20
2014,4,2,6,0,15,0,15,23
2014,4,2,7,0,197,220,134,27
2014,4,2,8,0,425,463,195,32
2014,4,2,9,0,626,567,244,36
2014,4,2,10,0,794,654,265,38
2014,4,2,11,0,898,713,262,39
2014,4,2,12,0,927,718,269,39
2014,4,2,13,0,887,712,259,39
2014,4,2,14,0,774,671,245,39
2014,4,2,15,0,411,149,314,37
2014,4,2,16,0,388,372,216,35
2014,4,2,17,0,110,35,101,32
2014,4,2,18,0,1,0,1,30
2014,4,2,19,0,0,0,0,29
2014,4,2,20,0,0,0,0,28
2014,4,2,21,0,0,0,0,28
2014,4,2,22,0,0,0,0,27
2014,4,2,23,0,0,0,0,26
2014,4,3,0,0,0,0,0,25
2014,4,3,1,0,0,0,0,24
2014,4,3,2,0,0,0,0,23
2014,4,3,3,0,0,0,0,22
2014,4,3,4,0,0,0,0,21
2014,4,3,5,0,0,0,0,20
2014,4,3,6,0,15,0,15,22
2014,4,3,7,0,201,253,127,25
2014,4,3,8,0,430,469,195,31
2014,4,3,9,0,636,586,239,33
2014,4,3,10,0,803,685,247,35
2014,4,3,11,0,906,719,263,36
2014,4,3,12,0,937,728,268,37
2014,4,3,13,0,892,715,260,37
2014,4,3,14,0,773,663,249,36
2014,4,3,15,0,604,581,228,35
2014,4,3,16,0,392,450,183,33
2014,4,3,17,0,163,180,117,30
2014,4,3,18,0,1,0,1,27
2014,4,3,19,0,0,0,0,26
2014,4,3,20,0,0,0,0,25
2014,4,3,21,0,0,0,0,24
2014,4,3,22,0,0,0,0,24
2014,4,3,23,0,0,0,0,23
2014,4,4,0,0,0,0,0,22
2014,4,4,1,0,0,0,0,22
2014,4,4,2,0,0,0,0,21
2014,4,4,3,0,0,0,0,20
2014,4,4,4,0,0,0,0,20
2014,4,4,5,0,0,0,0,20
2014,4,4,6,0,17,0,17,22
2014,4,4,7,0,182,156,136,25
2014,4,4,8,0,431,485,187,30
2014,4,4,9,0,629,557,250,33
2014,4,4,10,0,793,670,247,36
2014,4,4,11,0,793,446,393,38
2014,4,4,12,0,921,715,262,38
2014,4,4,13,0,877,700,257,38
2014,4,4,14,0,765,659,243,38
2014,4,4,15,0,585,541,233,37
2014,4,4,16,0,388,453,177,35
2014,4,4,17,0,160,164,118,33
2014,4,4,18,0,1,0,1,30
2014,4,4,19,0,0,0,0,29
2014,4,4,20,0,0,0,0,28
2014,4,4,21,0,0,0,0,28
2014,4,4,22,0,0,0,0,27
2014,4,4,23,0,0,0,0,26
2014,4,5,0,0,0,0,0,25
2014,4,5,1,0,0,0,0,24
2014,4,5,2,0,0,0,0,23
2014,4,5,3,0,0,0,0,22
2014,4,5,4,0,0,0,0,21
2014,4,5,5,0,0,0,0,21
2014,4,5,6,0,23,0,23,23
2014,4,5,7,0,211,269,130,27
2014,4,5,8,0,441,462,206,32
2014,4,5,9,0,647,601,236,35
2014,4,5,10,0,810,684,250,38
2014,4,5,11,0,909,719,262,39
2014,4,5,12,0,938,728,265,40
2014,4,5,13,0,894,714,260,40
2014,4,5,14,0,781,673,246,40
2014,4,5,15,0,608,582,229,38
2014,4,5,16,0,396,453,184,36
2014,4,5,17,0,161,167,118,34
2014,4,5,18,0,1,0,1,31
2014,4,5,19,0,0,0,0,30
2014,4,5,20,0,0,0,0,29
2014,4,5,21,0,0,0,0,28
2014,4,5,22,0,0,0,0,27
2014,4,5,23,0,0,0,0,26
2014,4,6,0,0,0,0,0,26
2014,4,6,1,0,0,0,0,25
2014,4,6,2,0,0,0,0,24
2014,4,6,3,0,0,0,0,24
2014,4,6,4,0,0,0,0,23
2014,4,6,5,0,0,0,0,23
2014,4,6,6,0,16,0,16,25
2014,4,6,7,0,209,254,132,29
2014,4,6,8,0,438,462,202,35
2014,4,6,9,0,643,579,245,39
2014,4,6,10,0,798,644,269,41
2014,4,6,11,0,880,625,316,42
2014,4,6,12,0,890,568,364,43
2014,4,6,13,0,826,521,362,42
2014,4,6,14,0,710,492,318,42
2014,4,6,15,0,597,545,241,40
2014,4,6,16,0,397,463,179,38
2014,4,6,17,0,158,151,119,35
2014,4,6,18,0,1,0,1,33
2014,4,6,19,0,0,0,0,32
2014,4,6,20,0,0,0,0,31
2014,4,6,21,0,0,0,0,29
2014,4,6,22,0,0,0,0,29
2014,4,6,23,0,0,0,0,28
2014,4,7,0,0,0,0,0,27
2014,4,7,1,0,0,0,0,27
2014,4,7,2,0,0,0,0,26
2014,4,7,3,0,0,0,0,25
2014,4,7,4,0,0,0,0,25
2014,4,7,5,0,0,0,0,24
2014,4,7,6,0,26,0,26,26
2014,4,7,7,0,214,237,141,30
2014,4,7,8,0,447,499,190,35
2014,4,7,9,0,647,583,244,38
2014,4,7,10,0,808,665,260,39
2014,4,7,11,0,915,722,261,40
2014,4,7,12,0,947,731,268,41
2014,4,7,13,0,897,712,262,40
2014,4,7,14,0,783,671,247,40
2014,4,7,15,0,612,584,229,38
2014,4,7,16,0,399,414,204,36
2014,4,7,17,0,142,101,115,33
2014,4,7,18,0,1,0,1,31
2014,4,7,19,0,0,0,0,30
2014,4,7,20,0,0,0,0,30
2014,4,7,21,0,0,0,0,29
2014,4,7,22,0,0,0,0,28
2014,4,7,23,0,0,0,0,26
2014,4,8,0,0,0,0,0,25
2014,4,8,1,0,0,0,0,24
2014,4,8,2,0,0,0,0,23
2014,4,8,3,0,0,0,0,22
2014,4,8,4,0,0,0,0,21
2014,4,8,5,0,0,0,0,21
2014,4,8,6,0,28,0,28,22
2014,4,8,7,0,230,285,141,26
2014,4,8,8,0,453,496,196,31
2014,4,8,9,0,658,606,237,33
2014,4,8,10,0,820,690,249,35
2014,4,8,11,0,921,722,265,37
2014,4,8,12,0,950,731,269,38
2014,4,8,13,0,904,717,263,38
2014,4,8,14,0,788,678,245,37
2014,4,8,15,0,614,585,229,36
2014,4,8,16,0,402,457,186,34
2014,4,8,17,0,168,177,122,31
2014,4,8,18,0,2,0,2,28
2014,4,8,19,0,0,0,0,27
2014,4,8,20,0,0,0,0,26
2014,4,8,21,0,0,0,0,25
2014,4,8,22,0,0,0,0,25
2014,4,8,23,0,0,0,0,24
2014,4,9,0,0,0,0,0,23
2014,4,9,1,0,0,0,0,22
2014,4,9,2,0,0,0,0,21
2014,4,9,3,0,0,0,0,21
2014,4,9,4,0,0,0,0,20
2014,4,9,5,0,0,0,0,20
2014,4,9,6,0,28,0,28,22
2014,4,9,7,0,229,235,155,26
2014,4,9,8,0,456,472,209,32
2014,4,9,9,0,662,607,238,34
2014,4,9,10,0,823,691,249,36
2014,4,9,11,0,924,723,265,37
2014,4,9,12,0,952,731,270,37
2014,4,9,13,0,906,718,262,37
2014,4,9,14,0,789,678,244,37
2014,4,9,15,0,615,585,229,36
2014,4,9,16,0,403,458,185,34
2014,4,9,17,0,170,180,122,31
2014,4,9,18,0,2,0,2,28
2014,4,9,19,0,0,0,0,27
2014,4,9,20,0,0,0,0,26
2014,4,9,21,0,0,0,0,25
2014,4,9,22,0,0,0,0,24
2014,4,9,23,0,0,0,0,23
2014,4,10,0,0,0,0,0,23
2014,4,10,1,0,0,0,0,22
2014,4,10,2,0,0,0,0,21
2014,4,10,3,0,0,0,0,21
2014,4,10,4,0,0,0,0,20
2014,4,10,5,0,0,0,0,20
2014,4,10,6,0,31,0,31,22
2014,4,10,7,0,233,240,156,26
2014,4,10,8,0,460,474,211,31
2014,4,10,9,0,665,609,238,35
2014,4,10,10,0,827,691,251,36
2014,4,10,11,0,927,724,266,38
2014,4,10,12,0,954,732,269,38
2014,4,10,13,0,908,718,263,38
2014,4,10,14,0,791,679,244,38
2014,4,10,15,0,617,586,230,36
2014,4,10,16,0,405,459,186,35
2014,4,10,17,0,171,183,122,32
2014,4,10,18,0,2,0,2,29
2014,4,10,19,0,0,0,0,27
2014,4,10,20,0,0,0,0,27
2014,4,10,21,0,0,0,0,26
2014,4,10,22,0,0,0,0,25
2014,4,10,23,0,0,0,0,24
2014,4,11,0,0,0,0,0,23
2014,4,11,1,0,0,0,0,22
2014,4,11,2,0,0,0,0,22
2014,4,11,3,0,0,0,0,21
2014,4,11,4,0,0,0,0,20
2014,4,11,5,0,0,0,0,20
2014,4,11,6,0,34,2,33,23
2014,4,11,7,0,242,301,145,27
2014,4,11,8,0,464,503,198,32
2014,4,11,9,0,669,611,239,36
2014,4,11,10,0,830,692,251,38
2014,4,11,11,0,925,723,263,40
2014,4,11,12,0,956,732,269,40
2014,4,11,13,0,910,718,263,40
2014,4,11,14,0,793,679,245,39
2014,4,11,15,0,619,587,230,38
2014,4,11,16,0,407,460,187,36
2014,4,11,17,0,168,166,123,34
2014,4,11,18,0,2,0,2,30
2014,4,11,19,0,0,0,0,29
2014,4,11,20,0,0,0,0,28
2014,4,11,21,0,0,0,0,27
2014,4,11,22,0,0,0,0,26
2014,4,11,23,0,0,0,0,25
2014,4,12,0,0,0,0,0,25
2014,4,12,1,0,0,0,0,24
2014,4,12,2,0,0,0,0,23
2014,4,12,3,0,0,0,0,22
2014,4,12,4,0,0,0,0,22
2014,4,12,5,0,0,0,0,21
2014,4,12,6,0,37,5,36,24
2014,4,12,7,0,230,249,148,28
2014,4,12,8,0,452,446,214,33
2014,4,12,9,0,665,593,245,37
2014,4,12,10,0,829,688,252,39
2014,4,12,11,0,928,725,262,40
2014,4,12,12,0,946,706,282,41
2014,4,12,13,0,912,686,293,41
2014,4,12,14,0,737,489,341,40
2014,4,12,15,0,330,67,285,39
2014,4,12,16,0,388,246,270,37
2014,4,12,17,0,84,0,84,34
2014,4,12,18,0,2,0,2,31
2014,4,12,19,0,0,0,0,30
2014,4,12,20,0,0,0,0,29
2014,4,12,21,0,0,0,0,28
2014,4,12,22,0,0,0,0,27
2014,4,12,23,0,0,0,0,26
2014,4,13,0,0,0,0,0,26
2014,4,13,1,0,0,0,0,25
2014,4,13,2,0,0,0,0,24
2014,4,13,3,0,0,0,0,23
2014,4,13,4,0,0,0,0,23
2014,4,13,5,0,0,0,0,23
2014,4,13,6,0,44,17,42,25
2014,4,13,7,0,240,276,149,28
2014,4,13,8,0,437,391,227,33
2014,4,13,9,0,658,563,258,36
2014,4,13,10,0,796,583,305,39
2014,4,13,11,0,893,599,341,41
2014,4,13,12,0,942,674,307,41
2014,4,13,13,0,849,540,360,41
2014,4,13,14,0,779,530,349,39
2014,4,13,15,0,156,0,156,37
2014,4,13,16,0,404,282,268,35
2014,4,13,17,0,64,0,64,33
2014,4,13,18,0,3,0,3,30
2014,4,13,19,0,0,0,0,29
2014,4,13,20,0,0,0,0,28
2014,4,13,21,0,0,0,0,27
2014,4,13,22,0,0,0,0,26
2014,4,13,23,0,0,0,0,25
2014,4,14,0,0,0,0,0,25
2014,4,14,1,0,0,0,0,24
2014,4,14,2,0,0,0,0,23
2014,4,14,3,0,0,0,0,23
2014,4,14,4,0,0,0,0,22
2014,4,14,5,0,0,0,0,22
2014,4,14,6,0,32,0,32,23
2014,4,14,7,0,166,49,149,26
2014,4,14,8,0,298,60,265,31
2014,4,14,9,0,457,141,356,35
2014,4,14,10,0,743,457,357,38
2014,4,14,11,0,696,263,453,39
2014,4,14,12,0,519,93,431,40
2014,4,14,13,0,890,569,374,39
2014,4,14,14,0,789,639,270,39
2014,4,14,15,0,590,495,259,38
2014,4,14,16,0,378,291,237,36
2014,4,14,17,0,102,11,99,33
2014,4,14,18,0,3,0,3,30
2014,4,14,19,0,0,0,0,29
2014,4,14,20,0,0,0,0,28
2014,4,14,21,0,0,0,0,28
2014,4,14,22,0,0,0,0,27
2014,4,14,23,0,0,0,0,26
2014,4,15,0,0,0,0,0,25
2014,4,15,1,0,0,0,0,24
2014,4,15,2,0,0,0,0,23
2014,4,15,3,0,0,0,0,22
2014,4,15,4,0,0,0,0,22
2014,4,15,5,0,0,0,0,21
2014,4,15,6,0,42,8,41,24
2014,4,15,7,0,243,269,152,28
2014,4,15,8,0,471,483,209,33
2014,4,15,9,0,677,602,246,37
2014,4,15,10,0,841,686,260,39
2014,4,15,11,0,899,583,359,41
2014,4,15,12,0,802,429,396,41
2014,4,15,13,0,853,516,384,41
2014,4,15,14,0,790,640,269,41
2014,4,15,15,0,622,578,235,39
2014,4,15,16,0,408,406,211,37
2014,4,15,17,0,170,160,126,34
2014,4,15,18,0,6,0,6,31
2014,4,15,19,0,0,0,0,30
2014,4,15,20,0,0,0,0,29
2014,4,15,21,0,0,0,0,29
2014,4,15,22,0,0,0,0,29
2014,4,15,23,0,0,0,0,28
2014,4,16,0,0,0,0,0,27
2014,4,16,1,0,0,0,0,26
2014,4,16,2,0,0,0,0,25
2014,4,16,3,0,0,0,0,24
2014,4,16,4,0,0,0,0,24
2014,4,16,5,0,0,0,0,24
2014,4,16,6,0,34,0,34,26
2014,4,16,7,0,102,0,102,30
2014,4,16,8,0,142,0,142,35
2014,4,16,9,0,537,229,372,38
2014,4,16,10,0,552,152,422,39
2014,4,16,11,0,398,50,351,40
2014,4,16,12,0,915,531,411,41
2014,4,16,13,0,911,715,261,41
2014,4,16,14,0,797,675,247,40
2014,4,16,15,0,626,601,222,39
2014,4,16,16,0,415,444,199,37
2014,4,16,17,0,184,204,127,35
2014,4,16,18,0,7,0,7,32
2014,4,16,19,0,0,0,0,31
2014,4,16,20,0,0,0,0,30
2014,4,16,21,0,0,0,0,29
2014,4,16,22,0,0,0,0,28
2014,4,16,23,0,0,0,0,27
2014,4,17,0,0,0,0,0,26
2014,4,17,1,0,0,0,0,26
2014,4,17,2,0,0,0,0,25
2014,4,17,3,0,0,0,0,24
2014,4,17,4,0,0,0,0,24
2014,4,17,5,0,0,0,0,24
2014,4,17,6,0,12,0,12,26
2014,4,17,7,0,257,265,165,29
2014,4,17,8,0,478,514,196,34
2014,4,17,9,0,673,576,257,37
2014,4,17,10,0,760,489,343,39
2014,4,17,11,0,761,354,432,41
2014,4,17,12,0,792,400,412,42
2014,4,17,13,0,785,454,371,42
2014,4,17,14,0,795,672,246,41
2014,4,17,15,0,624,599,222,40
2014,4,17,16,0,415,475,183,38
2014,4,17,17,0,180,188,127,35
2014,4,17,18,0,4,0,4,32
2014,4,17,19,0,0,0,0,31
2014,4,17,20,0,0,0,0,30
2014,4,17,21,0,0,0,0,29
2014,4,17,22,0,0,0,0,28
2014,4,17,23,0,0,0,0,28
2014,4,18,0,0,0,0,0,27
2014,4,18,1,0,0,0,0,26
2014,4,18,2,0,0,0,0,26
2014,4,18,3,0,0,0,0,25
2014,4,18,4,0,0,0,0,24
2014,4,18,5,0,0,0,0,24
2014,4,18,6,0,32,0,32,26
2014,4,18,7,0,128,5,126,29
2014,4,18,8,0,178,4,175,33
2014,4,18,9,0,665,467,326,36
2014,4,18,10,0,799,548,331,38
2014,4,18,11,0,920,708,260,40
2014,4,18,12,0,942,714,263,41
2014,4,18,13,0,884,600,336,41
2014,4,18,14,0,774,501,364,39
2014,4,18,15,0,214,16,203,37
2014,4,18,16,0,301,135,234,36
2014,4,18,17,0,188,212,128,34
2014,4,18,18,0,9,0,9,32
2014,4,18,19,0,0,0,0,31
2014,4,18,20,0,0,0,0,30
2014,4,18,21,0,0,0,0,29
2014,4,18,22,0,0,0,0,29
2014,4,18,23,0,0,0,0,28
2014,4,19,0,0,0,0,0,27
2014,4,19,1,0,0,0,0,27
2014,4,19,2,0,0,0,0,26
2014,4,19,3,0,0,0,0,26
2014,4,19,4,0,0,0,0,26
2014,4,19,5,0,0,0,0,25
2014,4,19,6,0,28,0,28,26
2014,4,19,7,0,127,5,125,30
2014,4,19,8,0,166,1,165,33
2014,4,19,9,0,333,47,298,36
2014,4,19,10,0,752,433,381,37
2014,4,19,11,0,924,631,335,39
2014,4,19,12,0,957,726,265,39
2014,4,19,13,0,910,711,260,39
2014,4,19,14,0,792,602,298,38
2014,4,19,15,0,539,317,324,36
2014,4,19,16,0,403,400,206,34
2014,4,19,17,0,184,216,123,32
2014,4,19,18,0,7,0,7,30
2014,4,19,19,0,0,0,0,29
2014,4,19,20,0,0,0,0,28
2014,4,19,21,0,0,0,0,27
2014,4,19,22,0,0,0,0,26
2014,4,19,23,0,0,0,0,25
2014,4,20,0,0,0,0,0,24
2014,4,20,1,0,0,0,0,24
2014,4,20,2,0,0,0,0,23
2014,4,20,3,0,0,0,0,22
2014,4,20,4,0,0,0,0,22
2014,4,20,5,0,0,0,0,21
2014,4,20,6,0,53,18,50,24
2014,4,20,7,0,264,283,163,28
2014,4,20,8,0,494,493,219,33
2014,4,20,9,0,696,622,242,36
2014,4,20,10,0,854,663,284,38
2014,4,20,11,0,832,489,374,39
2014,4,20,12,0,965,682,313,40
2014,4,20,13,0,923,663,315,40
2014,4,20,14,0,625,253,417,39
2014,4,20,15,0,617,498,279,37
2014,4,20,16,0,422,448,201,35
2014,4,20,17,0,186,198,130,33
2014,4,20,18,0,4,0,4,29
2014,4,20,19,0,0,0,0,28
2014,4,20,20,0,0,0,0,27
2014,4,20,21,0,0,0,0,27
2014,4,20,22,0,0,0,0,26
2014,4,20,23,0,0,0,0,25
2014,4,21,0,0,0,0,0,24
2014,4,21,1,0,0,0,0,23
2014,4,21,2,0,0,0,0,22
2014,4,21,3,0,0,0,0,22
2014,4,21,4,0,0,0,0,21
2014,4,21,5,0,0,0,0,21
2014,4,21,6,0,30,0,30,24
2014,4,21,7,0,231,163,172,28
2014,4,21,8,0,482,429,241,33
2014,4,21,9,0,686,586,257,36
2014,4,21,10,0,856,690,262,37
2014,4,21,11,0,952,728,269,39
2014,4,21,12,0,976,735,272,39
2014,4,21,13,0,927,721,265,40
2014,4,21,14,0,809,683,247,39
2014,4,21,15,0,634,589,234,37
2014,4,21,16,0,423,449,200,35
2014,4,21,17,0,188,201,130,33
2014,4,21,18,0,9,0,9,30
2014,4,21,19,0,0,0,0,29
2014,4,21,20,0,0,0,0,28
2014,4,21,21,0,0,0,0,27
2014,4,21,22,0,0,0,0,26
2014,4,21,23,0,0,0,0,26
2014,4,22,0,0,0,0,0,25
2014,4,22,1,0,0,0,0,24
2014,4,22,2,0,0,0,0,24
2014,4,22,3,0,0,0,0,23
2014,4,22,4,0,0,0,0,22
2014,4,22,5,0,0,0,0,22
2014,4,22,6,0,51,8,49,25
2014,4,22,7,0,266,254,174,29
2014,4,22,8,0,497,487,222,34
2014,4,22,9,0,700,621,243,37
2014,4,22,10,0,857,698,255,39
2014,4,22,11,0,948,727,265,40
2014,4,22,12,0,971,733,268,41
2014,4,22,13,0,922,718,262,41
2014,4,22,14,0,807,678,248,40
2014,4,22,15,0,636,593,232,39
2014,4,22,16,0,425,450,201,37
2014,4,22,17,0,190,204,131,34
2014,4,22,18,0,8,0,8,31
2014,4,22,19,0,0,0,0,30
2014,4,22,20,0,0,0,0,29
2014,4,22,21,0,0,0,0,28
2014,4,22,22,0,0,0,0,28
2014,4,22,23,0,0,0,0,27
2014,4,23,0,0,0,0,0,26
2014,4,23,1,0,0,0,0,25
2014,4,23,2,0,0,0,0,25
2014,4,23,3,0,0,0,0,24
2014,4,23,4,0,0,0,0,23
2014,4,23,5,0,0,0,0,23
2014,4,23,6,0,58,19,55,26
2014,4,23,7,0,269,278,168,30
2014,4,23,8,0,498,528,200,34
2014,4,23,9,0,695,628,232,37
2014,4,23,10,0,846,686,252,38
2014,4,23,11,0,936,716,263,39
2014,4,23,12,0,959,722,265,40
2014,4,23,13,0,715,270,466,40
2014,4,23,14,0,775,488,372,39
2014,4,23,15,0,469,203,330,38
2014,4,23,16,0,411,376,223,36
2014,4,23,17,0,192,230,125,34
2014,4,23,18,0,9,0,9,32
2014,4,23,19,0,0,0,0,31
2014,4,23,20,0,0,0,0,30
2014,4,23,21,0,0,0,0,29
2014,4,23,22,0,0,0,0,28
2014,4,23,23,0,0,0,0,28
2014,4,24,0,0,0,0,0,27
2014,4,24,1,0,0,0,0,26
2014,4,24,2,0,0,0,0,26
2014,4,24,3,0,0,0,0,25
2014,4,24,4,0,0,0,0,24
2014,4,24,5,0,0,0,0,24
2014,4,24,6,0,61,23,57,27
2014,4,24,7,0,279,303,168,31
2014,4,24,8,0,504,533,201,36
2014,4,24,9,0,703,634,233,39
2014,4,24,10,0,856,694,254,40
2014,4,24,11,0,948,725,265,42
2014,4,24,12,0,971,732,267,42
2014,4,24,13,0,924,717,262,42
2014,4,24,14,0,809,678,248,42
2014,4,24,15,0,638,606,224,40
2014,4,24,16,0,428,452,202,39
2014,4,24,17,0,194,210,133,36
2014,4,24,18,0,10,0,10,33
2014,4,24,19,0,0,0,0,32
2014,4,24,20,0,0,0,0,31
2014,4,24,21,0,0,0,0,31
2014,4,24,22,0,0,0,0,30
2014,4,24,23,0,0,0,0,29
2014,4,25,0,0,0,0,0,28
2014,4,25,1,0,0,0,0,28
2014,4,25,2,0,0,0,0,27
2014,4,25,3,0,0,0,0,26
2014,4,25,4,0,0,0,0,26
2014,4,25,5,0,0,0,0,26
2014,4,25,6,0,59,17,56,28
2014,4,25,7,0,276,287,170,32
2014,4,25,8,0,507,495,224,37
2014,4,25,9,0,708,638,234,40
2014,4,25,10,0,859,696,254,42
2014,4,25,11,0,949,725,265,43
2014,4,25,12,0,970,730,267,44
2014,4,25,13,0,919,713,261,44
2014,4,25,14,0,803,672,246,43
2014,4,25,15,0,632,598,222,41
2014,4,25,16,0,423,477,184,40
2014,4,25,17,0,196,213,133,38
2014,4,25,18,0,11,0,11,35
2014,4,25,19,0,0,0,0,34
2014,4,25,20,0,0,0,0,33
2014,4,25,21,0,0,0,0,32
2014,4,25,22,0,0,0,0,31
2014,4,25,23,0,0,0,0,30
2014,4,26,0,0,0,0,0,30
2014,4,26,1,0,0,0,0,29
2014,4,26,2,0,0,0,0,28
2014,4,26,3,0,0,0,0,27
2014,4,26,4,0,0,0,0,27
2014,4,26,5,0,0,0,0,26
2014,4,26,6,0,62,20,58,29
2014,4,26,7,0,273,272,171,33
2014,4,26,8,0,498,485,219,38
2014,4,26,9,0,699,593,257,41
2014,4,26,10,0,838,623,295,42
2014,4,26,11,0,949,709,278,43
2014,4,26,12,0,972,730,267,43
2014,4,26,13,0,872,525,386,43
2014,4,26,14,0,707,403,372,42
2014,4,26,15,0,331,60,289,41
2014,4,26,16,0,431,384,238,39
2014,4,26,17,0,180,157,134,37
2014,4,26,18,0,12,0,12,34
2014,4,26,19,0,0,0,0,32
2014,4,26,20,0,0,0,0,32
2014,4,26,21,0,0,0,0,31
2014,4,26,22,0,0,0,0,30
2014,4,26,23,0,0,0,0,29
2014,4,27,0,0,0,0,0,29
2014,4,27,1,0,0,0,0,28
2014,4,27,2,0,0,0,0,27
2014,4,27,3,0,0,0,0,27
2014,4,27,4,0,0,0,0,26
2014,4,27,5,0,0,0,0,26
2014,4,27,6,0,69,34,63,29
2014,4,27,7,0,293,375,152,33
2014,4,27,8,0,514,531,208,38
2014,4,27,9,0,713,628,244,40
2014,4,27,10,0,868,701,256,42
2014,4,27,11,0,962,730,270,43
2014,4,27,12,0,984,736,273,43
2014,4,27,13,0,934,722,265,43
2014,4,27,14,0,816,684,247,42
2014,4,27,15,0,643,595,234,41
2014,4,27,16,0,433,455,203,39
2014,4,27,17,0,200,220,135,37
2014,4,27,18,0,13,0,13,33
2014,4,27,19,0,0,0,0,32
2014,4,27,20,0,0,0,0,31
2014,4,27,21,0,0,0,0,30
2014,4,27,22,0,0,0,0,30
2014,4,27,23,0,0,0,0,29
2014,4,28,0,0,0,0,0,28
2014,4,28,1,0,0,0,0,27
2014,4,28,2,0,0,0,0,27
2014,4,28,3,0,0,0,0,26
2014,4,28,4,0,0,0,0,25
2014,4,28,5,0,0,0,0,25
2014,4,28,6,0,76,50,68,28
2014,4,28,7,0,296,335,169,32
2014,4,28,8,0,516,532,208,37
2014,4,28,9,0,715,630,243,40
2014,4,28,10,0,870,702,256,42
2014,4,28,11,0,963,730,270,43
2014,4,28,12,0,986,736,274,44
2014,4,28,13,0,936,722,266,44
2014,4,28,14,0,818,684,248,43
2014,4,28,15,0,644,596,233,42
2014,4,28,16,0,434,455,203,40
2014,4,28,17,0,202,222,136,37
2014,4,28,18,0,14,0,14,34
2014,4,28,19,0,0,0,0,33
2014,4,28,20,0,0,0,0,32
2014,4,28,21,0,0,0,0,31
2014,4,28,22,0,0,0,0,30
2014,4,28,23,0,0,0,0,30
2014,4,29,0,0,0,0,0,29
2014,4,29,1,0,0,0,0,28
2014,4,29,2,0,0,0,0,28
2014,4,29,3,0,0,0,0,27
2014,4,29,4,0,0,0,0,26
2014,4,29,5,0,0,0,0,26
2014,4,29,6,0,70,30,65,29
2014,4,29,7,0,295,323,172,33
2014,4,29,8,0,519,533,209,39
2014,4,29,9,0,717,631,243,43
2014,4,29,10,0,871,702,256,45
2014,4,29,11,0,964,730,270,46
2014,4,29,12,0,987,736,274,46
2014,4,29,13,0,937,722,266,46
2014,4,29,14,0,819,685,248,45
2014,4,29,15,0,645,596,233,44
2014,4,29,16,0,435,456,203,42
2014,4,29,17,0,203,224,136,39
2014,4,29,18,0,15,0,15,36
2014,4,29,19,0,0,0,0,35
2014,4,29,20,0,0,0,0,34
2014,4,29,21,0,0,0,0,33
2014,4,29,22,0,0,0,0,32
2014,4,29,23,0,0,0,0,31
2014,4,30,0,0,0,0,0,31
2014,4,30,1,0,0,0,0,30
2014,4,30,2,0,0,0,0,29
2014,4,30,3,0,0,0,0,28
2014,4,30,4,0,0,0,0,28
2014,4,30,5,0,0,0,0,28
2014,4,30,6,0,73,34,67,30
2014,4,30,7,0,298,326,173,34
2014,4,30,8,0,521,534,209,40
2014,4,30,9,0,719,631,244,44
2014,4,30,10,0,873,702,256,46
2014,4,30,11,0,966,730,271,47
2014,4,30,12,0,988,736,274,48
2014,4,30,13,0,938,722,266,47
2014,4,30,14,0,820,685,248,46
2014,4,30,15,0,647,597,234,45
2014,4,30,16,0,437,457,204,43
2014,4,30,17,0,199,207,136,40
2014,4,30,18,0,14,0,14,37
2014,4,30,19,0,0,0,0,35
2014,4,30,20,0,0,0,0,34
2014,4,30,21,0,0,0,0,34
2014,4,30,22,0,0,0,0,33
2014,4,30,23,0,0,0,0,32
2014,5,1,0,0,0,0,0,31
2014,5,1,1,0,0,0,0,31
2014,5,1,2,0,0,0,0,30
2014,5,1,3,0,0,0,0,29
2014,5,1,4,0,0,0,0,28
2014,5,1,5,0,0,0,0,28
2014,5,1,6,0,70,22,66,31
2014,5,1,7,0,272,236,181,35
2014,5,1,8,0,491,440,233,40
2014,5,1,9,0,685,555,266,44
2014,5,1,10,0,834,615,293,47
2014,5,1,11,0,928,645,313,48
2014,5,1,12,0,949,652,315,48
2014,5,1,13,0,900,612,330,48
2014,5,1,14,0,662,321,393,47
2014,5,1,15,0,595,461,275,45
2014,5,1,16,0,397,322,232,43
2014,5,1,17,0,169,96,140,40
2014,5,1,18,0,13,0,13,37
2014,5,1,19,0,0,0,0,36
2014,5,1,20,0,0,0,0,35
2014,5,1,21,0,0,0,0,34
2014,5,1,22,0,0,0,0,33
2014,5,1,23,0,0,0,0,33
2014,5,2,0,0,0,0,0,32
2014,5,2,1,0,0,0,0,31
2014,5,2,2,0,0,0,0,31
2014,5,2,3,0,0,0,0,30
2014,5,2,4,0,0,0,0,29
2014,5,2,5,0,0,0,0,29
2014,5,2,6,0,64,37,57,32
2014,5,2,7,0,258,178,188,35
2014,5,2,8,0,266,49,237,40
2014,5,2,9,0,445,103,367,44
2014,5,2,10,0,633,237,424,47
2014,5,2,11,0,918,576,368,48
2014,5,2,12,0,933,612,338,49
2014,5,2,13,0,886,572,352,49
2014,5,2,14,0,708,446,334,48
2014,5,2,15,0,610,496,265,46
2014,5,2,16,0,399,302,244,44
2014,5,2,17,0,120,19,114,41
2014,5,2,18,0,6,0,6,38
2014,5,2,19,0,0,0,0,37
2014,5,2,20,0,0,0,0,36
2014,5,2,21,0,0,0,0,35
2014,5,2,22,0,0,0,0,34
2014,5,2,23,0,0,0,0,34
2014,5,3,0,0,0,0,0,33
2014,5,3,1,0,0,0,0,32
2014,5,3,2,0,0,0,0,31
2014,5,3,3,0,0,0,0,30
2014,5,3,4,0,0,0,0,29
2014,5,3,5,0,0,0,0,29
2014,5,3,6,0,51,0,51,32
2014,5,3,7,0,248,152,188,36
2014,5,3,8,0,378,151,288,41
2014,5,3,9,0,494,146,383,43
2014,5,3,10,0,628,228,426,45
2014,5,3,11,0,914,562,376,46
2014,5,3,12,0,875,469,418,47
2014,5,3,13,0,373,49,327,47
2014,5,3,14,0,760,502,339,46
2014,5,3,15,0,615,523,251,45
2014,5,3,16,0,411,354,229,43
2014,5,3,17,0,184,141,140,40
2014,5,3,18,0,7,0,7,37
2014,5,3,19,0,0,0,0,36
2014,5,3,20,0,0,0,0,35
2014,5,3,21,0,0,0,0,34
2014,5,3,22,0,0,0,0,33
2014,5,3,23,0,0,0,0,33
2014,5,4,0,0,0,0,0,32
2014,5,4,1,0,0,0,0,31
2014,5,4,2,0,0,0,0,31
2014,5,4,3,0,0,0,0,30
2014,5,4,4,0,0,0,0,29
2014,5,4,5,0,0,0,0,29
2014,5,4,6,0,69,14,66,32
2014,5,4,7,0,263,198,185,36
2014,5,4,8,0,434,268,275,41
2014,5,4,9,0,666,486,297,43
2014,5,4,10,0,824,565,324,45
2014,5,4,11,0,916,612,330,46
2014,5,4,12,0,924,550,388,47
2014,5,4,13,0,803,478,356,47
2014,5,4,14,0,741,526,299,46
2014,5,4,15,0,600,484,263,44
2014,5,4,16,0,397,341,221,42
2014,5,4,17,0,180,129,140,40
2014,5,4,18,0,12,0,12,37
2014,5,4,19,0,0,0,0,36
2014,5,4,20,0,0,0,0,35
2014,5,4,21,0,0,0,0,35
2014,5,4,22,0,0,0,0,34
2014,5,4,23,0,0,0,0,34
2014,5,5,0,0,0,0,0,33
2014,5,5,1,0,0,0,0,32
2014,5,5,2,0,0,0,0,32
2014,5,5,3,0,0,0,0,32
2014,5,5,4,0,0,0,0,31
2014,5,5,5,0,0,0,0,31
2014,5,5,6,0,55,0,55,32
2014,5,5,7,0,278,218,191,35
2014,5,5,8,0,497,447,231,38
2014,5,5,9,0,683,543,270,41
2014,5,5,10,0,826,601,293,42
2014,5,5,11,0,911,631,306,42
2014,5,5,12,0,912,607,319,42
2014,5,5,13,0,877,512,398,42
2014,5,5,14,0,363,75,299,42
2014,5,5,15,0,601,430,301,42
2014,5,5,16,0,73,0,73,40
2014,5,5,17,0,161,80,136,38
2014,5,5,18,0,20,0,20,36
2014,5,5,19,0,0,0,0,35
2014,5,5,20,0,0,0,0,34
2014,5,5,21,0,0,0,0,33
2014,5,5,22,0,0,0,0,33
2014,5,5,23,0,0,0,0,32
2014,5,6,0,0,0,0,0,31
2014,5,6,1,0,0,0,0,31
2014,5,6,2,0,0,0,0,30
2014,5,6,3,0,0,0,0,30
2014,5,6,4,0,0,0,0,29
2014,5,6,5,0,0,0,0,29
2014,5,6,6,0,57,0,57,32
2014,5,6,7,0,113,0,113,36
2014,5,6,8,0,353,125,278,38
2014,5,6,9,0,397,58,352,41
2014,5,6,10,0,477,74,411,42
2014,5,6,11,0,868,481,406,44
2014,5,6,12,0,932,587,358,44
2014,5,6,13,0,887,623,303,44
2014,5,6,14,0,729,480,325,43
2014,5,6,15,0,615,512,257,42
2014,5,6,16,0,413,382,215,40
2014,5,6,17,0,195,142,150,38
2014,5,6,18,0,19,0,19,36
2014,5,6,19,0,0,0,0,35
2014,5,6,20,0,0,0,0,34
2014,5,6,21,0,0,0,0,33
2014,5,6,22,0,0,0,0,33
2014,5,6,23,0,0,0,0,32
2014,5,7,0,0,0,0,0,31
2014,5,7,1,0,0,0,0,31
2014,5,7,2,0,0,0,0,30
2014,5,7,3,0,0,0,0,30
2014,5,7,4,0,0,0,0,29
2014,5,7,5,0,0,0,0,29
2014,5,7,6,0,71,14,68,32
2014,5,7,7,0,259,164,193,36
2014,5,7,8,0,480,369,259,40
2014,5,7,9,0,672,508,283,42
2014,5,7,10,0,828,569,322,44
2014,5,7,11,0,925,632,317,45
2014,5,7,12,0,946,635,325,46
2014,5,7,13,0,886,593,330,46
2014,5,7,14,0,780,578,293,45
2014,5,7,15,0,611,505,257,43
2014,5,7,16,0,408,366,218,41
2014,5,7,17,0,191,152,143,39
2014,5,7,18,0,20,0,20,36
2014,5,7,19,0,0,0,0,35
2014,5,7,20,0,0,0,0,34
2014,5,7,21,0,0,0,0,33
2014,5,7,22,0,0,0,0,33
2014,5,7,23,0,0,0,0,32
2014,5,8,0,0,0,0,0,31
2014,5,8,1,0,0,0,0,31
2014,5,8,2,0,0,0,0,30
2014,5,8,3,0,0,0,0,30
2014,5,8,4,0,0,0,0,29
2014,5,8,5,0,0,0,0,29
2014,5,8,6,0,78,24,73,32
2014,5,8,7,0,274,212,188,36
2014,5,8,8,0,494,413,246,40
2014,5,8,9,0,685,535,275,43
2014,5,8,10,0,830,570,323,45
2014,5,8,11,0,927,633,318,46
2014,5,8,12,0,956,653,317,46
2014,5,8,13,0,906,634,311,46
2014,5,8,14,0,760,530,312,45
2014,5,8,15,0,606,490,262,44
2014,5,8,16,0,416,387,214,42
2014,5,8,17,0,188,140,144,40
2014,5,8,18,0,6,0,6,38
2014,5,8,19,0,0,0,0,36
2014,5,8,20,0,0,0,0,35
2014,5,8,21,0,0,0,0,34
2014,5,8,22,0,0,0,0,33
2014,5,8,23,0,0,0,0,32
2014,5,9,0,0,0,0,0,31
2014,5,9,1,0,0,0,0,31
2014,5,9,2,0,0,0,0,30
2014,5,9,3,0,0,0,0,29
2014,5,9,4,0,0,0,0,29
2014,5,9,5,0,0,0,0,29
2014,5,9,6,0,80,26,75,31
2014,5,9,7,0,294,264,187,35
2014,5,9,8,0,506,448,236,40
2014,5,9,9,0,697,547,277,42
2014,5,9,10,0,846,617,296,44
2014,5,9,11,0,936,646,314,45
2014,5,9,12,0,953,653,313,45
2014,5,9,13,0,906,637,307,45
2014,5,9,14,0,791,589,293,44
2014,5,9,15,0,622,525,253,43
2014,5,9,16,0,418,355,232,41
2014,5,9,17,0,190,142,145,39
2014,5,9,18,0,19,0,19,36
2014,5,9,19,0,0,0,0,35
2014,5,9,20,0,0,0,0,34
2014,5,9,21,0,0,0,0,33
2014,5,9,22,0,0,0,0,32
2014,5,9,23,0,0,0,0,31
2014,5,10,0,0,0,0,0,30
2014,5,10,1,0,0,0,0,30
2014,5,10,2,0,0,0,0,29
2014,5,10,3,0,0,0,0,28
2014,5,10,4,0,0,0,0,27
2014,5,10,5,0,0,0,0,27
2014,5,10,6,0,77,20,73,30
2014,5,10,7,0,278,217,190,34
2014,5,10,8,0,504,438,240,39
2014,5,10,9,0,688,539,274,42
2014,5,10,10,0,838,586,315,44
2014,5,10,11,0,929,584,366,45
2014,5,10,12,0,582,135,449,45
2014,5,10,13,0,854,495,388,45
2014,5,10,14,0,607,241,403,44
2014,5,10,15,0,440,125,352,43
2014,5,10,16,0,356,206,248,41
2014,5,10,17,0,36,0,36,39
2014,5,10,18,0,6,0,6,36
2014,5,10,19,0,0,0,0,35
2014,5,10,20,0,0,0,0,34
2014,5,10,21,0,0,0,0,33
2014,5,10,22,0,0,0,0,33
2014,5,10,23,0,0,0,0,32
2014,5,11,0,0,0,0,0,31
2014,5,11,1,0,0,0,0,31
2014,5,11,2,0,0,0,0,30
2014,5,11,3,0,0,0,0,29
2014,5,11,4,0,0,0,0,29
2014,5,11,5,0,0,0,0,29
2014,5,11,6,0,79,20,75,30
2014,5,11,7,0,268,176,196,34
2014,5,11,8,0,154,0,154,38
2014,5,11,9,0,287,14,276,41
2014,5,11,10,0,447,69,385,43
2014,5,11,11,0,918,542,395,44
2014,5,11,12,0,949,639,322,44
2014,5,11,13,0,896,614,318,44
2014,5,11,14,0,792,567,311,43
2014,5,11,15,0,583,404,298,41
2014,5,11,16,0,422,394,215,39
2014,5,11,17,0,199,140,154,37
2014,5,11,18,0,10,0,10,35
2014,5,11,19,0,0,0,0,34
2014,5,11,20,0,0,0,0,33
2014,5,11,21,0,0,0,0,32
2014,5,11,22,0,0,0,0,32
2014,5,11,23,0,0,0,0,31
2014,5,12,0,0,0,0,0,30
2014,5,12,1,0,0,0,0,30
2014,5,12,2,0,0,0,0,29
2014,5,12,3,0,0,0,0,28
2014,5,12,4,0,0,0,0,28
2014,5,12,5,0,0,0,0,28
2014,5,12,6,0,60,0,60,31
2014,5,12,7,0,107,0,107,35
2014,5,12,8,0,404,198,284,38
2014,5,12,9,0,696,550,272,40
2014,5,12,10,0,834,604,295,37
2014,5,12,11,0,916,631,306,37
2014,5,12,12,0,933,636,309,36
2014,5,12,13,0,767,353,434,39
2014,5,12,14,0,142,1,141,38
2014,5,12,15,0,285,18,272,36
2014,5,12,16,0,211,11,205,35
2014,5,12,17,0,123,10,119,33
2014,5,12,18,0,15,0,15,32
2014,5,12,19,0,0,0,0,31
2014,5,12,20,0,0,0,0,30
2014,5,12,21,0,0,0,0,29
2014,5,12,22,0,0,0,0,29
2014,5,12,23,0,0,0,0,28
2014,5,13,0,0,0,0,0,27
2014,5,13,1,0,0,0,0,27
2014,5,13,2,0,0,0,0,26
2014,5,13,3,0,0,0,0,26
2014,5,13,4,0,0,0,0,25
2014,5,13,5,0,0,0,0,26
2014,5,13,6,0,37,0,37,29
2014,5,13,7,0,96,0,96,33
2014,5,13,8,0,335,89,281,37
2014,5,13,9,0,402,70,347,40
2014,5,13,10,0,701,309,424,42
2014,5,13,11,0,649,196,459,43
2014,5,13,12,0,920,512,416,43
2014,5,13,13,0,895,627,304,43
2014,5,13,14,0,786,587,287,42
2014,5,13,15,0,613,498,260,40
2014,5,13,16,0,419,348,235,38
2014,5,13,17,0,186,124,146,36
2014,5,13,18,0,24,0,24,35
2014,5,13,19,0,0,0,0,33
2014,5,13,20,0,0,0,0,32
2014,5,13,21,0,0,0,0,31
2014,5,13,22,0,0,0,0,30
2014,5,13,23,0,0,0,0,30
2014,5,14,0,0,0,0,0,29
2014,5,14,1,0,0,0,0,28
2014,5,14,2,0,0,0,0,28
2014,5,14,3,0,0,0,0,27
2014,5,14,4,0,0,0,0,26
2014,5,14,5,0,0,0,0,26
2014,5,14,6,0,64,0,64,29
2014,5,14,7,0,198,48,178,32
2014,5,14,8,0,388,145,299,34
2014,5,14,9,0,473,134,369,36
2014,5,14,10,0,774,456,365,38
2014,5,14,11,0,915,557,376,40
2014,5,14,12,0,958,645,323,40
2014,5,14,13,0,879,535,374,40
2014,5,14,14,0,709,430,343,40
2014,5,14,15,0,601,449,283,38
2014,5,14,16,0,369,244,239,36
2014,5,14,17,0,210,161,157,34
2014,5,14,18,0,25,0,25,32
2014,5,14,19,0,0,0,0,31
2014,5,14,20,0,0,0,0,30
2014,5,14,21,0,0,0,0,30
2014,5,14,22,0,0,0,0,29
2014,5,14,23,0,0,0,0,28
2014,5,15,0,0,0,0,0,28
2014,5,15,1,0,0,0,0,27
2014,5,15,2,0,0,0,0,26
2014,5,15,3,0,0,0,0,26
2014,5,15,4,0,0,0,0,25
2014,5,15,5,0,0,0,0,25
2014,5,15,6,0,95,44,86,27
2014,5,15,7,0,276,198,194,32
2014,5,15,8,0,501,409,251,35
2014,5,15,9,0,704,550,278,37
2014,5,15,10,0,851,618,297,39
2014,5,15,11,0,938,647,311,40
2014,5,15,12,0,958,653,315,41
2014,5,15,13,0,910,637,308,41
2014,5,15,14,0,795,591,292,40
2014,5,15,15,0,628,528,253,39
2014,5,15,16,0,427,397,216,37
2014,5,15,17,0,206,149,157,35
2014,5,15,18,0,30,0,30,34
2014,5,15,19,0,0,0,0,32
2014,5,15,20,0,0,0,0,32
2014,5,15,21,0,0,0,0,31
2014,5,15,22,0,0,0,0,30
2014,5,15,23,0,0,0,0,29
2014,5,16,0,0,0,0,0,28
2014,5,16,1,0,0,0,0,28
2014,5,16,2,0,0,0,0,27
2014,5,16,3,0,0,0,0,26
2014,5,16,4,0,0,0,0,25
2014,5,16,5,0,0,0,0,26
2014,5,16,6,0,88,32,81,28
2014,5,16,7,0,296,249,192,32
2014,5,16,8,0,515,453,238,36
2014,5,16,9,0,704,550,278,39
2014,5,16,10,0,852,618,297,41
2014,5,16,11,0,940,646,314,42
2014,5,16,12,0,960,653,316,43
2014,5,16,13,0,911,637,309,43
2014,5,16,14,0,796,591,292,42
2014,5,16,15,0,629,528,253,41
2014,5,16,16,0,428,339,247,39
2014,5,16,17,0,47,0,47,37
2014,5,16,18,0,31,0,31,34
2014,5,16,19,0,0,0,0,33
2014,5,16,20,0,0,0,0,32
2014,5,16,21,0,0,0,0,31
2014,5,16,22,0,0,0,0,31
2014,5,16,23,0,0,0,0,30
2014,5,17,0,0,0,0,0,30
2014,5,17,1,0,0,0,0,29
2014,5,17,2,0,0,0,0,28
2014,5,17,3,0,0,0,0,28
2014,5,17,4,0,0,0,0,27
2014,5,17,5,0,0,0,0,28
2014,5,17,6,0,53,0,53,30
2014,5,17,7,0,286,203,201,34
2014,5,17,8,0,504,368,279,38
2014,5,17,9,0,388,73,331,40
2014,5,17,10,0,839,513,378,42
2014,5,17,11,0,905,547,374,43
2014,5,17,12,0,960,655,314,44
2014,5,17,13,0,911,637,308,44
2014,5,17,14,0,797,591,293,43
2014,5,17,15,0,630,529,253,42
2014,5,17,16,0,430,399,217,40
2014,5,17,17,0,215,167,160,38
2014,5,17,18,0,18,0,18,36
2014,5,17,19,0,0,0,0,35
2014,5,17,20,0,0,0,0,34
2014,5,17,21,0,0,0,0,33
2014,5,17,22,0,0,0,0,33
2014,5,17,23,0,0,0,0,32
2014,5,18,0,0,0,0,0,31
2014,5,18,1,0,0,0,0,30
2014,5,18,2,0,0,0,0,29
2014,5,18,3,0,0,0,0,28
2014,5,18,4,0,0,0,0,28
2014,5,18,5,0,0,0,0,28
2014,5,18,6,0,86,26,80,30
2014,5,18,7,0,299,252,193,35
2014,5,18,8,0,517,454,238,38
2014,5,18,9,0,703,544,280,40
2014,5,18,10,0,850,618,294,42
2014,5,18,11,0,940,646,313,44
2014,5,18,12,0,960,653,316,44
2014,5,18,13,0,912,635,311,44
2014,5,18,14,0,779,553,307,44
2014,5,18,15,0,631,529,254,42
2014,5,18,16,0,427,356,236,40
2014,5,18,17,0,158,55,139,38
2014,5,18,18,0,31,0,31,36
2014,5,18,19,0,0,0,0,34
2014,5,18,20,0,0,0,0,33
2014,5,18,21,0,0,0,0,33
2014,5,18,22,0,0,0,0,32
2014,5,18,23,0,0,0,0,31
2014,5,19,0,0,0,0,0,30
2014,5,19,1,0,0,0,0,30
2014,5,19,2,0,0,0,0,29
2014,5,19,3,0,0,0,0,28
2014,5,19,4,0,0,0,0,28
2014,5,19,5,0,0,0,0,28
2014,5,19,6,0,97,47,87,30
2014,5,19,7,0,310,282,191,34
2014,5,19,8,0,518,469,230,38
2014,5,19,9,0,707,551,278,41
2014,5,19,10,0,853,618,297,43
2014,5,19,11,0,941,646,314,44
2014,5,19,12,0,962,653,317,45
2014,5,19,13,0,912,638,307,44
2014,5,19,14,0,798,591,293,44
2014,5,19,15,0,632,529,254,42
2014,5,19,16,0,432,401,217,40
2014,5,19,17,0,218,172,160,38
2014,5,19,18,0,32,0,32,36
2014,5,19,19,0,0,0,0,34
2014,5,19,20,0,0,0,0,33
2014,5,19,21,0,0,0,0,32
2014,5,19,22,0,0,0,0,32
2014,5,19,23,0,0,0,0,31
2014,5,20,0,0,0,0,0,30
2014,5,20,1,0,0,0,0,30
2014,5,20,2,0,0,0,0,29
2014,5,20,3,0,0,0,0,28
2014,5,20,4,0,0,0,0,28
2014,5,20,5,0,0,0,0,28
2014,5,20,6,0,94,38,86,31
2014,5,20,7,0,311,282,192,35
2014,5,20,8,0,519,470,230,39
2014,5,20,9,0,707,551,278,41
2014,5,20,10,0,853,618,297,42
2014,5,20,11,0,941,646,313,44
2014,5,20,12,0,962,652,318,44
2014,5,20,13,0,913,638,308,44
2014,5,20,14,0,799,592,293,43
2014,5,20,15,0,633,530,254,42
2014,5,20,16,0,434,402,218,40
2014,5,20,17,0,215,160,161,38
2014,5,20,18,0,36,0,36,36
2014,5,20,19,0,0,0,0,34
2014,5,20,20,0,0,0,0,33
2014,5,20,21,0,0,0,0,33
2014,5,20,22,0,0,0,0,32
2014,5,20,23,0,0,0,0,31
2014,5,21,0,0,0,0,0,31
2014,5,21,1,0,0,0,0,30
2014,5,21,2,0,0,0,0,29
2014,5,21,3,0,0,0,0,29
2014,5,21,4,0,0,0,0,28
2014,5,21,5,0,0,0,0,29
2014,5,21,6,0,100,50,89,31
2014,5,21,7,0,312,283,192,36
2014,5,21,8,0,520,470,230,39
2014,5,21,9,0,708,551,279,41
2014,5,21,10,0,854,618,297,43
2014,5,21,11,0,942,646,314,44
2014,5,21,12,0,962,652,317,44
2014,5,21,13,0,913,638,307,44
2014,5,21,14,0,800,592,293,44
2014,5,21,15,0,634,530,254,42
2014,5,21,16,0,435,402,218,41
2014,5,21,17,0,222,175,163,39
2014,5,21,18,0,38,0,38,37
2014,5,21,19,0,0,0,0,35
2014,5,21,20,0,0,0,0,34
2014,5,21,21,0,0,0,0,33
2014,5,21,22,0,0,0,0,33
2014,5,21,23,0,0,0,0,32
2014,5,22,0,0,0,0,0,31
2014,5,22,1,0,0,0,0,30
2014,5,22,2,0,0,0,0,30
2014,5,22,3,0,0,0,0,29
2014,5,22,4,0,0,0,0,28
2014,5,22,5,0,0,0,0,29
2014,5,22,6,0,101,51,90,31
2014,5,22,7,0,313,284,193,36
2014,5,22,8,0,520,470,230,39
2014,5,22,9,0,708,551,278,41
2014,5,22,10,0,854,618,297,43
2014,5,22,11,0,942,646,314,44
2014,5,22,12,0,963,652,318,45
2014,5,22,13,0,914,638,308,45
2014,5,22,14,0,800,592,293,45
2014,5,22,15,0,635,530,255,43
2014,5,22,16,0,436,403,218,42
2014,5,22,17,0,223,204,154,40
2014,5,22,18,0,39,0,39,37
2014,5,22,19,0,0,0,0,36
2014,5,22,20,0,0,0,0,35
2014,5,22,21,0,0,0,0,34
2014,5,22,22,0,0,0,0,34
2014,5,22,23,0,0,0,0,33
2014,5,23,0,0,0,0,0,32
2014,5,23,1,0,0,0,0,32
2014,5,23,2,0,0,0,0,31
2014,5,23,3,0,0,0,0,30
2014,5,23,4,0,0,0,0,30
2014,5,23,5,0,0,0,0,30
2014,5,23,6,0,92,33,84,33
2014,5,23,7,0,310,274,194,37
2014,5,23,8,0,521,456,239,42
2014,5,23,9,0,709,551,279,45
2014,5,23,10,0,850,613,297,47
2014,5,23,11,0,932,641,309,49
2014,5,23,12,0,951,646,311,49
2014,5,23,13,0,903,630,304,48
2014,5,23,14,0,619,273,384,48
2014,5,23,15,0,373,65,326,46
2014,5,23,16,0,226,19,215,45
2014,5,23,17,0,100,0,100,43
2014,5,23,18,0,19,0,19,40
2014,5,23,19,0,0,0,0,39
2014,5,23,20,0,0,0,0,38
2014,5,23,21,0,0,0,0,37
2014,5,23,22,0,0,0,0,36
2014,5,23,23,0,0,0,0,36
2014,5,24,0,0,0,0,0,35
2014,5,24,1,0,0,0,0,34
2014,5,24,2,0,0,0,0,33
2014,5,24,3,0,0,0,0,33
2014,5,24,4,0,0,0,0,32
2014,5,24,5,0,0,0,0,33
2014,5,24,6,0,89,25,83,35
2014,5,24,7,0,311,276,193,39
2014,5,24,8,0,521,456,239,43
2014,5,24,9,0,709,551,279,45
2014,5,24,10,0,854,616,298,47
2014,5,24,11,0,939,646,310,48
2014,5,24,12,0,959,653,313,49
2014,5,24,13,0,914,638,307,49
2014,5,24,14,0,802,592,294,48
2014,5,24,15,0,637,531,255,46
2014,5,24,16,0,439,345,251,44
2014,5,24,17,0,105,0,105,42
2014,5,24,18,0,9,0,9,39
2014,5,24,19,0,0,0,0,37
2014,5,24,20,0,0,0,0,36
2014,5,24,21,0,0,0,0,35
2014,5,24,22,0,0,0,0,35
2014,5,24,23,0,0,0,0,34
2014,5,25,0,0,0,0,0,33
2014,5,25,1,0,0,0,0,32
2014,5,25,2,0,0,0,0,31
2014,5,25,3,0,0,0,0,31
2014,5,25,4,0,0,0,0,30
2014,5,25,5,0,0,0,0,30
2014,5,25,6,0,113,70,97,33
2014,5,25,7,0,315,286,193,37
2014,5,25,8,0,522,471,230,42
2014,5,25,9,0,709,551,278,44
2014,5,25,10,0,855,618,297,46
2014,5,25,11,0,942,646,313,47
2014,5,25,12,0,963,652,317,47
2014,5,25,13,0,915,638,308,47
2014,5,25,14,0,802,592,293,46
2014,5,25,15,0,638,532,255,45
2014,5,25,16,0,440,405,219,43
2014,5,25,17,0,228,197,160,40
2014,5,25,18,0,43,4,42,38
2014,5,25,19,0,0,0,0,36
2014,5,25,20,0,0,0,0,35
2014,5,25,21,0,0,0,0,34
2014,5,25,22,0,0,0,0,34
2014,5,25,23,0,0,0,0,33
2014,5,26,0,0,0,0,0,32
2014,5,26,1,0,0,0,0,32
2014,5,26,2,0,0,0,0,31
2014,5,26,3,0,0,0,0,30
2014,5,26,4,0,0,0,0,30
2014,5,26,5,0,0,0,0,30
2014,5,26,6,0,104,55,92,33
2014,5,26,7,0,316,286,194,37
2014,5,26,8,0,522,471,230,41
2014,5,26,9,0,709,551,278,43
2014,5,26,10,0,855,618,297,45
2014,5,26,11,0,943,646,314,46
2014,5,26,12,0,963,652,317,47
2014,5,26,13,0,915,638,308,47
2014,5,26,14,0,803,593,293,46
2014,5,26,15,0,639,532,255,44
2014,5,26,16,0,441,406,219,42
2014,5,26,17,0,229,198,160,40
2014,5,26,18,0,44,8,42,37
2014,5,26,19,0,0,0,0,36
2014,5,26,20,0,0,0,0,35
2014,5,26,21,0,0,0,0,34
2014,5,26,22,0,0,0,0,33
2014,5,26,23,0,0,0,0,33
2014,5,27,0,0,0,0,0,32
2014,5,27,1,0,0,0,0,31
2014,5,27,2,0,0,0,0,31
2014,5,27,3,0,0,0,0,30
2014,5,27,4,0,0,0,0,30
2014,5,27,5,0,0,0,0,30
2014,5,27,6,0,105,50,94,33
2014,5,27,7,0,317,287,194,37
2014,5,27,8,0,523,472,230,41
2014,5,27,9,0,710,551,279,43
2014,5,27,10,0,855,618,297,45
2014,5,27,11,0,943,646,313,46
2014,5,27,12,0,964,652,318,46
2014,5,27,13,0,916,638,308,46
2014,5,27,14,0,804,593,293,45
2014,5,27,15,0,640,532,256,44
2014,5,27,16,0,442,407,219,42
2014,5,27,17,0,225,172,165,40
2014,5,27,18,0,42,0,42,37
2014,5,27,19,0,0,0,0,36
2014,5,27,20,0,0,0,0,35
2014,5,27,21,0,0,0,0,34
2014,5,27,22,0,0,0,0,34
2014,5,27,23,0,0,0,0,33
2014,5,28,0,0,0,0,0,32
2014,5,28,1,0,0,0,0,32
2014,5,28,2,0,0,0,0,31
2014,5,28,3,0,0,0,0,30
2014,5,28,4,0,0,0,0,30
2014,5,28,5,0,0,0,0,30
2014,5,28,6,0,96,37,87,33
2014,5,28,7,0,313,276,195,37
2014,5,28,8,0,523,457,239,42
2014,5,28,9,0,710,551,279,45
2014,5,28,10,0,855,618,297,47
2014,5,28,11,0,943,646,313,48
2014,5,28,12,0,964,652,317,49
2014,5,28,13,0,916,638,308,48
2014,5,28,14,0,804,593,293,48
2014,5,28,15,0,641,533,255,46
2014,5,28,16,0,443,408,219,44
2014,5,28,17,0,232,202,162,42
2014,5,28,18,0,43,0,43,39
2014,5,28,19,0,0,0,0,38
2014,5,28,20,0,0,0,0,37
2014,5,28,21,0,0,0,0,36
2014,5,28,22,0,0,0,0,35
2014,5,28,23,0,0,0,0,35
2014,5,29,0,0,0,0,0,34
2014,5,29,1,0,0,0,0,34
2014,5,29,2,0,0,0,0,33
2014,5,29,3,0,0,0,0,32
2014,5,29,4,0,0,0,0,32
2014,5,29,5,0,0,0,0,32
2014,5,29,6,0,97,37,88,35
2014,5,29,7,0,308,259,197,39
2014,5,29,8,0,523,457,239,44
2014,5,29,9,0,710,551,279,47
2014,5,29,10,0,855,618,297,49
2014,5,29,11,0,942,646,312,50
2014,5,29,12,0,964,652,317,50
2014,5,29,13,0,916,638,307,50
2014,5,29,14,0,805,593,294,50
2014,5,29,15,0,642,533,256,48
2014,5,29,16,0,445,408,221,46
2014,5,29,17,0,229,189,163,44
2014,5,29,18,0,44,0,44,41
2014,5,29,19,0,0,0,0,40
2014,5,29,20,0,0,0,0,39
2014,5,29,21,0,0,0,0,38
2014,5,29,22,0,0,0,0,37
2014,5,29,23,0,0,0,0,36
2014,5,30,0,0,0,0,0,35
2014,5,30,1,0,0,0,0,35
2014,5,30,2,0,0,0,0,34
2014,5,30,3,0,0,0,0,33
2014,5,30,4,0,0,0,0,32
2014,5,30,5,0,0,0,0,33
2014,5,30,6,0,93,29,86,35
2014,5,30,7,0,297,228,199,40
2014,5,30,8,0,491,365,264,44
2014,5,30,9,0,663,462,301,47
2014,5,30,10,0,808,510,347,49
2014,5,30,11,0,914,563,365,50
2014,5,30,12,0,946,610,341,50
2014,5,30,13,0,908,632,305,50
2014,5,30,14,0,797,571,304,49
2014,5,30,15,0,618,475,273,48
2014,5,30,16,0,446,348,254,46
2014,5,30,17,0,41,0,41,44
2014,5,30,18,0,10,0,10,42
2014,5,30,19,0,0,0,0,40
2014,5,30,20,0,0,0,0,39
2014,5,30,21,0,0,0,0,38
2014,5,30,22,0,0,0,0,37
2014,5,30,23,0,0,0,0,36
2014,5,31,0,0,0,0,0,35
2014,5,31,1,0,0,0,0,35
2014,5,31,2,0,0,0,0,34
2014,5,31,3,0,0,0,0,33
2014,5,31,4,0,0,0,0,32
2014,5,31,5,0,0,0,0,33
2014,5,31,6,0,94,30,87,36
2014,5,31,7,0,309,260,197,40
2014,5,31,8,0,521,450,241,44
2014,5,31,9,0,704,551,272,47
2014,5,31,10,0,848,594,311,48
2014,5,31,11,0,933,640,308,50
2014,5,31,12,0,953,647,311,50
2014,5,31,13,0,908,632,305,50
2014,5,31,14,0,803,595,289,49
2014,5,31,15,0,645,528,262,48
2014,5,31,16,0,447,375,240,46
2014,5,31,17,0,205,126,160,43
2014,5,31,18,0,22,0,22,41
2014,5,31,19,0,0,0,0,40
2014,5,31,20,0,0,0,0,39
2014,5,31,21,0,0,0,0,38
2014,5,31,22,0,0,0,0,37
2014,5,31,23,0,0,0,0,37
2014,6,1,0,0,0,0,0,36
2014,6,1,1,0,0,0,0,35
2014,6,1,2,0,0,0,0,35
2014,6,1,3,0,0,0,0,34
2014,6,1,4,0,0,0,0,33
2014,6,1,5,0,0,0,0,34
2014,6,1,6,0,32,0,32,37
2014,6,1,7,0,61,0,61,41
2014,6,1,8,0,159,0,159,44
2014,6,1,9,0,191,5,187,47
2014,6,1,10,0,746,395,389,49
2014,6,1,11,0,885,541,357,50
2014,6,1,12,0,906,548,362,50
2014,6,1,13,0,860,532,352,50
2014,6,1,14,0,752,493,326,49
2014,6,1,15,0,594,423,286,48
2014,6,1,16,0,406,304,238,45
2014,6,1,17,0,207,117,165,43
2014,6,1,18,0,41,0,41,41
2014,6,1,19,0,0,0,0,39
2014,6,1,20,0,0,0,0,38
2014,6,1,21,0,0,0,0,38
2014,6,1,22,0,0,0,0,37
2014,6,1,23,0,0,0,0,36
2014,6,2,0,0,0,0,0,36
2014,6,2,1,0,0,0,0,35
2014,6,2,2,0,0,0,0,35
2014,6,2,3,0,0,0,0,35
2014,6,2,4,0,0,0,0,34
2014,6,2,5,0,0,0,0,34
2014,6,2,6,0,85,16,81,37
2014,6,2,7,0,282,191,200,41
2014,6,2,8,0,478,349,261,44
2014,6,2,9,0,658,453,303,46
2014,6,2,10,0,799,511,337,48
2014,6,2,11,0,885,541,357,49
2014,6,2,12,0,907,548,362,49
2014,6,2,13,0,861,532,352,48
2014,6,2,14,0,753,493,326,47
2014,6,2,15,0,595,424,286,46
2014,6,2,16,0,407,304,238,43
2014,6,2,17,0,209,118,167,41
2014,6,2,18,0,42,0,42,39
2014,6,2,19,0,0,0,0,37
2014,6,2,20,0,0,0,0,36
2014,6,2,21,0,0,0,0,36
2014,6,2,22,0,0,0,0,35
2014,6,2,23,0,0,0,0,34
2014,6,3,0,0,0,0,0,33
2014,6,3,1,0,0,0,0,33
2014,6,3,2,0,0,0,0,32
2014,6,3,3,0,0,0,0,31
2014,6,3,4,0,0,0,0,31
2014,6,3,5,0,0,0,0,31
2014,6,3,6,0,90,21,85,34
2014,6,3,7,0,284,196,199,38
2014,6,3,8,0,478,349,261,42
2014,6,3,9,0,658,453,303,45
2014,6,3,10,0,799,510,338,46
2014,6,3,11,0,885,541,357,48
2014,6,3,12,0,907,548,362,48
2014,6,3,13,0,861,532,352,48
2014,6,3,14,0,753,493,326,47
2014,6,3,15,0,596,424,287,46
2014,6,3,16,0,408,305,238,44
2014,6,3,17,0,215,129,169,42
2014,6,3,18,0,40,0,40,40
2014,6,3,19,0,0,0,0,38
2014,6,3,20,0,0,0,0,37
2014,6,3,21,0,0,0,0,36
2014,6,3,22,0,0,0,0,36
2014,6,3,23,0,0,0,0,35
2014,6,4,0,0,0,0,0,34
2014,6,4,1,0,0,0,0,33
2014,6,4,2,0,0,0,0,32
2014,6,4,3,0,0,0,0,32
2014,6,4,4,0,0,0,0,31
2014,6,4,5,0,0,0,0,31
2014,6,4,6,0,90,21,85,34
2014,6,4,7,0,284,196,199,38
2014,6,4,8,0,478,349,261,43
2014,6,4,9,0,657,453,302,46
2014,6,4,10,0,799,510,338,48
2014,6,4,11,0,885,541,357,49
2014,6,4,12,0,907,548,362,49
2014,6,4,13,0,861,533,351,49
2014,6,4,14,0,754,493,327,48
2014,6,4,15,0,597,424,287,47
2014,6,4,16,0,409,306,239,45
2014,6,4,17,0,211,121,167,43
2014,6,4,18,0,41,0,41,41
2014,6,4,19,0,0,0,0,39
2014,6,4,20,0,0,0,0,38
2014,6,4,21,0,0,0,0,38
2014,6,4,22,0,0,0,0,37
2014,6,4,23,0,0,0,0,36
2014,6,5,0,0,0,0,0,35
2014,6,5,1,0,0,0,0,34
2014,6,5,2,0,0,0,0,34
2014,6,5,3,0,0,0,0,33
2014,6,5,4,0,0,0,0,32
2014,6,5,5,0,0,0,0,33
2014,6,5,6,0,86,16,82,36
2014,6,5,7,0,284,196,199,40
2014,6,5,8,0,478,348,261,45
2014,6,5,9,0,657,453,302,48
2014,6,5,10,0,798,510,337,50
2014,6,5,11,0,885,540,358,52
2014,6,5,12,0,907,548,362,52
2014,6,5,13,0,861,533,351,52
2014,6,5,14,0,754,493,326,51
2014,6,5,15,0,597,425,286,49
2014,6,5,16,0,410,306,239,47
2014,6,5,17,0,213,122,169,45
2014,6,5,18,0,42,0,42,43
2014,6,5,19,0,0,0,0,41
2014,6,5,20,0,0,0,0,40
2014,6,5,21,0,0,0,0,39
2014,6,5,22,0,0,0,0,38
2014,6,5,23,0,0,0,0,37
2014,6,6,0,0,0,0,0,36
2014,6,6,1,0,0,0,0,35
2014,6,6,2,0,0,0,0,34
2014,6,6,3,0,0,0,0,34
2014,6,6,4,0,0,0,0,33
2014,6,6,5,0,0,0,0,33
2014,6,6,6,0,82,11,79,36
2014,6,6,7,0,284,196,199,40
2014,6,6,8,0,478,348,261,45
2014,6,6,9,0,657,453,302,48
2014,6,6,10,0,798,510,337,50
2014,6,6,11,0,885,540,358,51
2014,6,6,12,0,907,547,363,51
2014,6,6,13,0,862,533,352,51
2014,6,6,14,0,755,494,326,51
2014,6,6,15,0,598,425,287,49
2014,6,6,16,0,411,307,239,47
2014,6,6,17,0,209,114,168,45
2014,6,6,18,0,43,0,43,43
2014,6,6,19,0,0,0,0,42
2014,6,6,20,0,0,0,0,41
2014,6,6,21,0,0,0,0,40
2014,6,6,22,0,0,0,0,39
2014,6,6,23,0,0,0,0,38
2014,6,7,0,0,0,0,0,37
2014,6,7,1,0,0,0,0,36
2014,6,7,2,0,0,0,0,36
2014,6,7,3,0,0,0,0,35
2014,6,7,4,0,0,0,0,34
2014,6,7,5,0,0,0,0,34
2014,6,7,6,0,82,11,79,37
2014,6,7,7,0,276,165,205,41
2014,6,7,8,0,477,348,260,45
2014,6,7,9,0,657,452,303,47
2014,6,7,10,0,786,510,325,49
2014,6,7,11,0,873,540,346,50
2014,6,7,12,0,899,547,355,50
2014,6,7,13,0,861,533,350,50
2014,6,7,14,0,752,491,325,49
2014,6,7,15,0,593,407,295,48
2014,6,7,16,0,412,308,239,47
2014,6,7,17,0,206,105,168,45
2014,6,7,18,0,41,0,41,43
2014,6,7,19,0,0,0,0,41
2014,6,7,20,0,0,0,0,40
2014,6,7,21,0,0,0,0,39
2014,6,7,22,0,0,0,0,38
2014,6,7,23,0,0,0,0,37
2014,6,8,0,0,0,0,0,36
2014,6,8,1,0,0,0,0,36
2014,6,8,2,0,0,0,0,35
2014,6,8,3,0,0,0,0,34
2014,6,8,4,0,0,0,0,34
2014,6,8,5,0,0,0,0,34
2014,6,8,6,0,82,11,79,37
2014,6,8,7,0,276,165,205,38
2014,6,8,8,0,477,348,261,41
2014,6,8,9,0,652,445,303,44
2014,6,8,10,0,791,503,336,48
2014,6,8,11,0,879,540,352,49
2014,6,8,12,0,899,547,355,50
2014,6,8,13,0,862,533,351,50
2014,6,8,14,0,756,494,327,49
2014,6,8,15,0,558,306,333,48
2014,6,8,16,0,401,278,245,47
2014,6,8,17,0,207,119,163,45
2014,6,8,18,0,15,0,15,42
2014,6,8,19,0,0,0,0,41
2014,6,8,20,0,0,0,0,40
2014,6,8,21,0,0,0,0,39
2014,6,8,22,0,0,0,0,38
2014,6,8,23,0,0,0,0,37
2014,6,9,0,0,0,0,0,37
2014,6,9,1,0,0,0,0,36
2014,6,9,2,0,0,0,0,35
2014,6,9,3,0,0,0,0,34
2014,6,9,4,0,0,0,0,34
2014,6,9,5,0,0,0,0,34
2014,6,9,6,0,82,11,79,37
2014,6,9,7,0,276,165,205,41
2014,6,9,8,0,477,348,261,46
2014,6,9,9,0,656,452,302,48
2014,6,9,10,0,796,510,335,50
2014,6,9,11,0,884,540,357,51
2014,6,9,12,0,900,547,356,52
2014,6,9,13,0,863,533,352,51
2014,6,9,14,0,756,494,326,51
2014,6,9,15,0,540,270,341,49
2014,6,9,16,0,414,282,255,47
2014,6,9,17,0,165,38,151,45
2014,6,9,18,0,43,0,43,43
2014,6,9,19,0,0,0,0,41
2014,6,9,20,0,0,0,0,40
2014,6,9,21,0,0,0,0,39
2014,6,9,22,0,0,0,0,38
2014,6,9,23,0,0,0,0,37
2014,6,10,0,0,0,0,0,37
2014,6,10,1,0,0,0,0,36
2014,6,10,2,0,0,0,0,35
2014,6,10,3,0,0,0,0,34
2014,6,10,4,0,0,0,0,33
2014,6,10,5,0,0,0,0,33
2014,6,10,6,0,86,17,82,36
2014,6,10,7,0,283,196,198,40
2014,6,10,8,0,477,348,261,45
2014,6,10,9,0,656,452,302,47
2014,6,10,10,0,797,509,337,49
2014,6,10,11,0,884,540,357,50
2014,6,10,12,0,907,547,363,50
2014,6,10,13,0,863,533,352,50
2014,6,10,14,0,757,494,327,49
2014,6,10,15,0,597,412,294,48
2014,6,10,16,0,415,309,241,46
2014,6,10,17,0,210,110,169,44
2014,6,10,18,0,44,0,44,42
2014,6,10,19,0,0,0,0,41
2014,6,10,20,0,0,0,0,40
2014,6,10,21,0,0,0,0,39
2014,6,10,22,0,0,0,0,38
2014,6,10,23,0,0,0,0,37
2014,6,11,0,0,0,0,0,36
2014,6,11,1,0,0,0,0,35
2014,6,11,2,0,0,0,0,35
2014,6,11,3,0,0,0,0,34
2014,6,11,4,0,0,0,0,33
2014,6,11,5,0,0,0,0,34
2014,6,11,6,0,86,17,82,36
2014,6,11,7,0,276,165,205,40
2014,6,11,8,0,469,329,265,44
2014,6,11,9,0,651,445,303,47
2014,6,11,10,0,790,503,335,49
2014,6,11,11,0,878,540,351,50
2014,6,11,12,0,905,547,360,50
2014,6,11,13,0,863,533,352,50
2014,6,11,14,0,758,494,328,49
2014,6,11,15,0,602,427,288,48
2014,6,11,16,0,416,310,241,46
2014,6,11,17,0,216,121,171,44
2014,6,11,18,0,45,0,45,42
2014,6,11,19,0,0,0,0,40
2014,6,11,20,0,0,0,0,39
2014,6,11,21,0,0,0,0,39
2014,6,11,22,0,0,0,0,38
2014,6,11,23,0,0,0,0,37
2014,6,12,0,0,0,0,0,36
2014,6,12,1,0,0,0,0,35
2014,6,12,2,0,0,0,0,35
2014,6,12,3,0,0,0,0,34
2014,6,12,4,0,0,0,0,33
2014,6,12,5,0,0,0,0,34
2014,6,12,6,0,74,1,73,36
2014,6,12,7,0,243,102,199,40
2014,6,12,8,0,433,236,286,43
2014,6,12,9,0,634,400,321,46
2014,6,12,10,0,779,487,339,47
2014,6,12,11,0,857,540,330,49
2014,6,12,12,0,792,340,453,49
2014,6,12,13,0,447,77,373,49
2014,6,12,14,0,244,6,238,48
2014,6,12,15,0,128,0,128,47
2014,6,12,16,0,75,0,75,45
2014,6,12,17,0,47,0,47,44
2014,6,12,18,0,11,0,11,42
2014,6,12,19,0,0,0,0,40
2014,6,12,20,0,0,0,0,40
2014,6,12,21,0,0,0,0,39
2014,6,12,22,0,0,0,0,38
2014,6,12,23,0,0,0,0,38
2014,6,13,0,0,0,0,0,37
2014,6,13,1,0,0,0,0,37
2014,6,13,2,0,0,0,0,36
2014,6,13,3,0,0,0,0,34
2014,6,13,4,0,0,0,0,33
2014,6,13,5,0,0,0,0,32
2014,6,13,6,0,21,0,21,33
2014,6,13,7,0,69,0,69,37
2014,6,13,8,0,188,3,186,40
2014,6,13,9,0,225,1,224,43
2014,6,13,10,0,267,14,254,44
2014,6,13,11,0,754,309,452,45
2014,6,13,12,0,820,457,365,45
2014,6,13,13,0,864,533,352,45
2014,6,13,14,0,759,495,327,44
2014,6,13,15,0,604,427,289,43
2014,6,13,16,0,418,285,257,42
2014,6,13,17,0,189,76,161,40
2014,6,13,18,0,44,0,44,38
2014,6,13,19,0,0,0,0,37
2014,6,13,20,0,0,0,0,36
2014,6,13,21,0,0,0,0,35
2014,6,13,22,0,0,0,0,35
2014,6,13,23,0,0,0,0,34
2014,6,14,0,0,0,0,0,33
2014,6,14,1,0,0,0,0,33
2014,6,14,2,0,0,0,0,32
2014,6,14,3,0,0,0,0,32
2014,6,14,4,0,0,0,0,31
2014,6,14,5,0,0,0,0,32
2014,6,14,6,0,101,31,94,34
2014,6,14,7,0,247,93,207,39
2014,6,14,8,0,330,79,281,42
2014,6,14,9,0,429,77,368,44
2014,6,14,10,0,506,81,432,46
2014,6,14,11,0,554,109,447,48
2014,6,14,12,0,812,440,374,48
2014,6,14,13,0,789,474,334,48
2014,6,14,14,0,714,382,381,48
2014,6,14,15,0,104,0,104,46
2014,6,14,16,0,86,0,86,45
2014,6,14,17,0,62,0,62,43
2014,6,14,18,0,21,0,21,41
2014,6,14,19,0,0,0,0,40
2014,6,14,20,0,0,0,0,39
2014,6,14,21,0,0,0,0,38
2014,6,14,22,0,0,0,0,38
2014,6,14,23,0,0,0,0,37
2014,6,15,0,0,0,0,0,36
2014,6,15,1,0,0,0,0,36
2014,6,15,2,0,0,0,0,35
2014,6,15,3,0,0,0,0,35
2014,6,15,4,0,0,0,0,34
2014,6,15,5,0,0,0,0,34
2014,6,15,6,0,89,15,85,37
2014,6,15,7,0,236,92,196,40
2014,6,15,8,0,432,235,286,43
2014,6,15,9,0,469,129,368,45
2014,6,15,10,0,477,81,403,48
2014,6,15,11,0,867,539,341,49
2014,6,15,12,0,890,547,345,50
2014,6,15,13,0,817,508,329,50
2014,6,15,14,0,758,495,326,49
2014,6,15,15,0,584,365,314,47
2014,6,15,16,0,420,286,257,46
2014,6,15,17,0,162,26,152,43
2014,6,15,18,0,51,0,51,42
2014,6,15,19,0,0,0,0,40
2014,6,15,20,0,0,0,0,40
2014,6,15,21,0,0,0,0,39
2014,6,15,22,0,0,0,0,38
2014,6,15,23,0,0,0,0,38
2014,6,16,0,0,0,0,0,37
2014,6,16,1,0,0,0,0,36
2014,6,16,2,0,0,0,0,36
2014,6,16,3,0,0,0,0,35
2014,6,16,4,0,0,0,0,34
2014,6,16,5,0,0,0,0,35
2014,6,16,6,0,81,10,78,38
2014,6,16,7,0,268,152,203,42
2014,6,16,8,0,474,346,260,44
2014,6,16,9,0,667,449,316,47
2014,6,16,10,0,802,506,345,49
2014,6,16,11,0,885,537,361,50
2014,6,16,12,0,908,545,365,51
2014,6,16,13,0,836,525,331,50
2014,6,16,14,0,675,321,394,50
2014,6,16,15,0,585,366,314,48
2014,6,16,16,0,420,313,242,46
2014,6,16,17,0,227,137,176,44
2014,6,16,18,0,49,0,49,42
2014,6,16,19,0,0,0,0,41
2014,6,16,20,0,0,0,0,41
2014,6,16,21,0,0,0,0,40
2014,6,16,22,0,0,0,0,39
2014,6,16,23,0,0,0,0,39
2014,6,17,0,0,0,0,0,38
2014,6,17,1,0,0,0,0,38
2014,6,17,2,0,0,0,0,37
2014,6,17,3,0,0,0,0,36
2014,6,17,4,0,0,0,0,36
2014,6,17,5,0,0,0,0,36
2014,6,17,6,0,84,15,80,38
2014,6,17,7,0,280,194,197,40
2014,6,17,8,0,473,346,259,42
2014,6,17,9,0,662,445,314,45
2014,6,17,10,0,796,502,343,47
2014,6,17,11,0,879,533,358,49
2014,6,17,12,0,902,541,363,50
2014,6,17,13,0,863,528,356,50
2014,6,17,14,0,722,430,346,49
2014,6,17,15,0,606,371,331,48
2014,6,17,16,0,120,0,120,46
2014,6,17,17,0,82,0,82,44
2014,6,17,18,0,49,0,49,43
2014,6,17,19,0,0,0,0,42
2014,6,17,20,0,0,0,0,41
2014,6,17,21,0,0,0,0,40
2014,6,17,22,0,0,0,0,39
2014,6,17,23,0,0,0,0,39
2014,6,18,0,0,0,0,0,38
2014,6,18,1,0,0,0,0,37
2014,6,18,2,0,0,0,0,36
2014,6,18,3,0,0,0,0,36
2014,6,18,4,0,0,0,0,35
2014,6,18,5,0,0,0,0,35
2014,6,18,6,0,84,10,81,38
2014,6,18,7,0,256,129,201,40
2014,6,18,8,0,460,313,266,43
2014,6,18,9,0,637,414,314,45
2014,6,18,10,0,783,494,337,47
2014,6,18,11,0,885,538,361,49
2014,6,18,12,0,908,546,365,49
2014,6,18,13,0,869,532,358,49
2014,6,18,14,0,755,489,327,48
2014,6,18,15,0,607,429,289,47
2014,6,18,16,0,419,307,244,45
2014,6,18,17,0,214,109,173,43
2014,6,18,18,0,62,13,59,41
2014,6,18,19,0,0,0,0,40
2014,6,18,20,0,0,0,0,40
2014,6,18,21,0,0,0,0,39
2014,6,18,22,0,0,0,0,38
2014,6,18,23,0,0,0,0,38
2014,6,19,0,0,0,0,0,37
2014,6,19,1,0,0,0,0,36
2014,6,19,2,0,0,0,0,36
2014,6,19,3,0,0,0,0,35
2014,6,19,4,0,0,0,0,35
2014,6,19,5,0,0,0,0,35
2014,6,19,6,0,45,0,45,37
2014,6,19,7,0,201,47,181,40
2014,6,19,8,0,333,89,278,43
2014,6,19,9,0,651,441,307,46
2014,6,19,10,0,800,505,344,48
2014,6,19,11,0,884,537,360,49
2014,6,19,12,0,908,546,365,49
2014,6,19,13,0,870,532,358,49
2014,6,19,14,0,773,495,339,49
2014,6,19,15,0,606,410,302,47
2014,6,19,16,0,379,179,277,46
2014,6,19,17,0,210,101,172,44
2014,6,19,18,0,51,0,51,42
2014,6,19,19,0,0,0,0,41
2014,6,19,20,0,0,0,0,40
2014,6,19,21,0,0,0,0,40
2014,6,19,22,0,0,0,0,39
2014,6,19,23,0,0,0,0,38
2014,6,20,0,0,0,0,0,38
2014,6,20,1,0,0,0,0,37
2014,6,20,2,0,0,0,0,37
2014,6,20,3,0,0,0,0,36
2014,6,20,4,0,0,0,0,36
2014,6,20,5,0,0,0,0,36
2014,6,20,6,0,79,9,77,36
2014,6,20,7,0,271,161,202,39
2014,6,20,8,0,471,344,259,40
2014,6,20,9,0,660,445,314,43
2014,6,20,10,0,796,502,343,46
2014,6,20,11,0,879,533,359,48
2014,6,20,12,0,903,542,363,49
2014,6,20,13,0,865,529,356,50
2014,6,20,14,0,718,418,352,49
2014,6,20,15,0,595,386,308,48
2014,6,20,16,0,392,239,255,47
2014,6,20,17,0,221,121,175,45
2014,6,20,18,0,48,0,48,43
2014,6,20,19,0,0,0,0,42
2014,6,20,20,0,0,0,0,41
2014,6,20,21,0,0,0,0,41
2014,6,20,22,0,0,0,0,40
2014,6,20,23,0,0,0,0,39
2014,6,21,0,0,0,0,0,38
2014,6,21,1,0,0,0,0,38
2014,6,21,2,0,0,0,0,37
2014,6,21,3,0,0,0,0,36
2014,6,21,4,0,0,0,0,36
2014,6,21,5,0,0,0,0,36
2014,6,21,6,0,78,8,76,36
2014,6,21,7,0,254,127,200,37
2014,6,21,8,0,452,298,268,37
2014,6,21,9,0,641,432,304,38
2014,6,21,10,0,781,498,332,40
2014,6,21,11,0,746,331,423,44
2014,6,21,12,0,905,543,364,48
2014,6,21,13,0,869,532,358,49
2014,6,21,14,0,699,334,406,49
2014,6,21,15,0,315,39,286,48
2014,6,21,16,0,363,167,267,46
2014,6,21,17,0,149,15,143,44
2014,6,21,18,0,49,0,49,42
2014,6,21,19,0,0,0,0,41
2014,6,21,20,0,0,0,0,41
2014,6,21,21,0,0,0,0,40
2014,6,21,22,0,0,0,0,38
2014,6,21,23,0,0,0,0,37
2014,6,22,0,0,0,0,0,34
2014,6,22,1,0,0,0,0,34
2014,6,22,2,0,0,0,0,33
2014,6,22,3,0,0,0,0,33
2014,6,22,4,0,0,0,0,33
2014,6,22,5,0,0,0,0,33
2014,6,22,6,0,78,5,76,35
2014,6,22,7,0,248,116,198,38
2014,6,22,8,0,457,311,265,41
2014,6,22,9,0,635,412,314,43
2014,6,22,10,0,786,502,334,44
2014,6,22,11,0,884,537,360,45
2014,6,22,12,0,908,546,365,46
2014,6,22,13,0,865,533,352,46
2014,6,22,14,0,762,496,327,45
2014,6,22,15,0,609,430,289,44
2014,6,22,16,0,425,289,259,42
2014,6,22,17,0,173,42,157,40
2014,6,22,18,0,52,0,52,38
2014,6,22,19,0,0,0,0,37
2014,6,22,20,0,0,0,0,36
2014,6,22,21,0,0,0,0,36
2014,6,22,22,0,0,0,0,35
2014,6,22,23,0,0,0,0,34
2014,6,23,0,0,0,0,0,34
2014,6,23,1,0,0,0,0,33
2014,6,23,2,0,0,0,0,33
2014,6,23,3,0,0,0,0,33
2014,6,23,4,0,0,0,0,32
2014,6,23,5,0,0,0,0,33
2014,6,23,6,0,66,0,66,33
2014,6,23,7,0,220,72,189,36
2014,6,23,8,0,264,27,247,39
2014,6,23,9,0,287,12,277,42
2014,6,23,10,0,308,13,296,43
2014,6,23,11,0,545,104,443,45
2014,6,23,12,0,602,141,461,45
2014,6,23,13,0,858,533,345,45
2014,6,23,14,0,763,496,328,45
2014,6,23,15,0,609,430,289,44
2014,6,23,16,0,425,316,244,42
2014,6,23,17,0,224,138,172,40
2014,6,23,18,0,41,0,41,39
2014,6,23,19,0,0,0,0,37
2014,6,23,20,0,0,0,0,36
2014,6,23,21,0,0,0,0,36
2014,6,23,22,0,0,0,0,35
2014,6,23,23,0,0,0,0,34
2014,6,24,0,0,0,0,0,34
2014,6,24,1,0,0,0,0,34
2014,6,24,2,0,0,0,0,33
2014,6,24,3,0,0,0,0,33
2014,6,24,4,0,0,0,0,32
2014,6,24,5,0,0,0,0,33
2014,6,24,6,0,80,8,78,35
2014,6,24,7,0,132,0,132,38
2014,6,24,8,0,229,22,215,40
2014,6,24,9,0,648,419,322,41
2014,6,24,10,0,688,300,418,42
2014,6,24,11,0,883,537,360,43
2014,6,24,12,0,908,545,365,43
2014,6,24,13,0,866,533,353,44
2014,6,24,14,0,763,496,328,44
2014,6,24,15,0,610,431,289,43
2014,6,24,16,0,426,316,244,42
2014,6,24,17,0,220,115,176,40
2014,6,24,18,0,50,0,50,38
2014,6,24,19,0,0,0,0,37
2014,6,24,20,0,0,0,0,36
2014,6,24,21,0,0,0,0,35
2014,6,24,22,0,0,0,0,35
2014,6,24,23,0,0,0,0,34
2014,6,25,0,0,0,0,0,34
2014,6,25,1,0,0,0,0,33
2014,6,25,2,0,0,0,0,33
2014,6,25,3,0,0,0,0,32
2014,6,25,4,0,0,0,0,32
2014,6,25,5,0,0,0,0,33
2014,6,25,6,0,61,0,61,35
2014,6,25,7,0,145,3,143,39
2014,6,25,8,0,253,36,230,43
2014,6,25,9,0,616,327,362,45
2014,6,25,10,0,491,85,414,47
2014,6,25,11,0,629,185,448,48
2014,6,25,12,0,746,306,441,48
2014,6,25,13,0,864,533,351,48
2014,6,25,14,0,764,496,329,47
2014,6,25,15,0,574,333,326,46
2014,6,25,16,0,426,328,237,44
2014,6,25,17,0,235,162,173,42
2014,6,25,18,0,21,0,21,40
2014,6,25,19,0,0,0,0,39
2014,6,25,20,0,0,0,0,38
2014,6,25,21,0,0,0,0,37
2014,6,25,22,0,0,0,0,36
2014,6,25,23,0,0,0,0,36
2014,6,26,0,0,0,0,0,35
2014,6,26,1,0,0,0,0,34
2014,6,26,2,0,0,0,0,34
2014,6,26,3,0,0,0,0,33
2014,6,26,4,0,0,0,0,33
2014,6,26,5,0,0,0,0,33
2014,6,26,6,0,61,0,61,36
2014,6,26,7,0,80,0,80,41
2014,6,26,8,0,223,12,215,44
2014,6,26,9,0,403,79,341,46
2014,6,26,10,0,757,448,354,47
2014,6,26,11,0,884,537,361,48
2014,6,26,12,0,774,354,421,49
2014,6,26,13,0,853,533,340,49
2014,6,26,14,0,760,496,325,48
2014,6,26,15,0,611,431,290,47
2014,6,26,16,0,427,318,244,45
2014,6,26,17,0,226,126,178,42
2014,6,26,18,0,51,0,51,40
2014,6,26,19,0,0,0,0,39
2014,6,26,20,0,0,0,0,38
2014,6,26,21,0,0,0,0,37
2014,6,26,22,0,0,0,0,37
2014,6,26,23,0,0,0,0,36
2014,6,27,0,0,0,0,0,35
2014,6,27,1,0,0,0,0,35
2014,6,27,2,0,0,0,0,34
2014,6,27,3,0,0,0,0,34
2014,6,27,4,0,0,0,0,33
2014,6,27,5,0,0,0,0,34
2014,6,27,6,0,74,5,72,37
2014,6,27,7,0,248,123,196,41
2014,6,27,8,0,466,341,257,43
2014,6,27,9,0,642,441,300,45
2014,6,27,10,0,797,504,344,47
2014,6,27,11,0,881,535,360,48
2014,6,27,12,0,906,544,364,48
2014,6,27,13,0,869,531,357,48
2014,6,27,14,0,755,485,329,48
2014,6,27,15,0,601,396,306,46
2014,6,27,16,0,427,318,244,44
2014,6,27,17,0,217,107,176,42
2014,6,27,18,0,51,0,51,40
2014,6,27,19,0,0,0,0,39
2014,6,27,20,0,0,0,0,39
2014,6,27,21,0,0,0,0,38
2014,6,27,22,0,0,0,0,37
2014,6,27,23,0,0,0,0,36
2014,6,28,0,0,0,0,0,36
2014,6,28,1,0,0,0,0,35
2014,6,28,2,0,0,0,0,35
2014,6,28,3,0,0,0,0,34
2014,6,28,4,0,0,0,0,34
2014,6,28,5,0,0,0,0,34
2014,6,28,6,0,77,10,74,37
2014,6,28,7,0,269,166,199,41
2014,6,28,8,0,465,341,256,44
2014,6,28,9,0,636,426,306,46
2014,6,28,10,0,797,504,344,48
2014,6,28,11,0,883,536,360,49
2014,6,28,12,0,868,534,336,49
2014,6,28,13,0,816,503,331,49
2014,6,28,14,0,540,138,418,48
2014,6,28,15,0,453,134,353,47
2014,6,28,16,0,108,0,108,45
2014,6,28,17,0,227,142,173,43
2014,6,28,18,0,55,0,55,41
2014,6,28,19,0,0,0,0,40
2014,6,28,20,0,0,0,0,39
2014,6,28,21,0,0,0,0,38
2014,6,28,22,0,0,0,0,38
2014,6,28,23,0,0,0,0,37
2014,6,29,0,0,0,0,0,37
2014,6,29,1,0,0,0,0,36
2014,6,29,2,0,0,0,0,35
2014,6,29,3,0,0,0,0,35
2014,6,29,4,0,0,0,0,34
2014,6,29,5,0,0,0,0,35
2014,6,29,6,0,95,30,88,37
2014,6,29,7,0,241,93,202,41
2014,6,29,8,0,342,106,277,43
2014,6,29,9,0,630,399,321,45
2014,6,29,10,0,772,486,336,47
2014,6,29,11,0,877,532,358,48
2014,6,29,12,0,902,541,363,48
2014,6,29,13,0,865,528,356,48
2014,6,29,14,0,635,262,405,47
2014,6,29,15,0,545,272,342,44
2014,6,29,16,0,428,318,245,43
2014,6,29,17,0,223,118,178,41
2014,6,29,18,0,52,0,52,40
2014,6,29,19,0,0,0,0,40
2014,6,29,20,0,0,0,0,39
2014,6,29,21,0,0,0,0,38
2014,6,29,22,0,0,0,0,38
2014,6,29,23,0,0,0,0,37
2014,6,30,0,0,0,0,0,37
2014,6,30,1,0,0,0,0,36
2014,6,30,2,0,0,0,0,35
2014,6,30,3,0,0,0,0,35
2014,6,30,4,0,0,0,0,34
2014,6,30,5,0,0,0,0,35
2014,6,30,6,0,64,0,64,37
2014,6,30,7,0,270,173,198,39
2014,6,30,8,0,318,79,269,42
2014,6,30,9,0,562,255,365,45
2014,6,30,10,0,692,318,406,46
2014,6,30,11,0,812,485,340,48
2014,6,30,12,0,849,514,337,48
2014,6,30,13,0,790,455,351,48
2014,6,30,14,0,691,343,389,47
2014,6,30,15,0,559,297,337,46
2014,6,30,16,0,388,203,271,44
2014,6,30,17,0,198,73,170,42
2014,6,30,18,0,43,0,43,41
2014,6,30,19,0,0,0,0,39
2014,6,30,20,0,0,0,0,39
2014,6,30,21,0,0,0,0,38
2014,6,30,22,0,0,0,0,38
2014,6,30,23,0,0,0,0,37
2014,7,1,0,0,0,0,0,36
2014,7,1,1,0,0,0,0,36
2014,7,1,2,0,0,0,0,35
2014,7,1,3,0,0,0,0,35
2014,7,1,4,0,0,0,0,34
2014,7,1,5,0,0,0,0,35
2014,7,1,6,0,65,0,65,37
2014,7,1,7,0,213,75,181,40
2014,7,1,8,0,400,217,268,41
2014,7,1,9,0,372,41,340,42
2014,7,1,10,0,547,142,419,43
2014,7,1,11,0,786,446,352,43
2014,7,1,12,0,682,251,432,43
2014,7,1,13,0,808,515,312,43
2014,7,1,14,0,719,464,311,43
2014,7,1,15,0,588,392,295,43
2014,7,1,16,0,420,307,243,42
2014,7,1,17,0,205,94,169,40
2014,7,1,18,0,49,0,49,38
2014,7,1,19,0,0,0,0,37
2014,7,1,20,0,0,0,0,36
2014,7,1,21,0,0,0,0,36
2014,7,1,22,0,0,0,0,35
2014,7,1,23,0,0,0,0,35
2014,7,2,0,0,0,0,0,34
2014,7,2,1,0,0,0,0,34
2014,7,2,2,0,0,0,0,33
2014,7,2,3,0,0,0,0,33
2014,7,2,4,0,0,0,0,32
2014,7,2,5,0,0,0,0,33
2014,7,2,6,0,67,0,67,35
2014,7,2,7,0,259,167,189,39
2014,7,2,8,0,456,354,241,42
2014,7,2,9,0,630,452,281,45
2014,7,2,10,0,754,486,318,47
2014,7,2,11,0,866,551,330,48
2014,7,2,12,0,890,560,332,48
2014,7,2,13,0,560,147,418,48
2014,7,2,14,0,218,10,209,47
2014,7,2,15,0,135,0,135,45
2014,7,2,16,0,133,0,133,42
2014,7,2,17,0,143,16,136,40
2014,7,2,18,0,27,0,27,39
2014,7,2,19,0,0,0,0,38
2014,7,2,20,0,0,0,0,37
2014,7,2,21,0,0,0,0,36
2014,7,2,22,0,0,0,0,35
2014,7,2,23,0,0,0,0,35
2014,7,3,0,0,0,0,0,35
2014,7,3,1,0,0,0,0,34
2014,7,3,2,0,0,0,0,34
2014,7,3,3,0,0,0,0,34
2014,7,3,4,0,0,0,0,33
2014,7,3,5,0,0,0,0,33
2014,7,3,6,0,27,0,27,34
2014,7,3,7,0,143,5,140,38
2014,7,3,8,0,252,19,240,41
2014,7,3,9,0,365,39,334,43
2014,7,3,10,0,723,382,381,45
2014,7,3,11,0,571,134,440,45
2014,7,3,12,0,641,195,446,45
2014,7,3,13,0,439,53,387,45
2014,7,3,14,0,389,25,367,44
2014,7,3,15,0,221,18,207,42
2014,7,3,16,0,334,142,252,41
2014,7,3,17,0,235,178,167,39
2014,7,3,18,0,30,0,30,37
2014,7,3,19,0,0,0,0,36
2014,7,3,20,0,0,0,0,36
2014,7,3,21,0,0,0,0,35
2014,7,3,22,0,0,0,0,35
2014,7,3,23,0,0,0,0,34
2014,7,4,0,0,0,0,0,33
2014,7,4,1,0,0,0,0,33
2014,7,4,2,0,0,0,0,32
2014,7,4,3,0,0,0,0,32
2014,7,4,4,0,0,0,0,32
2014,7,4,5,0,0,0,0,32
2014,7,4,6,0,73,8,71,34
2014,7,4,7,0,246,141,187,37
2014,7,4,8,0,454,353,240,39
2014,7,4,9,0,653,457,301,43
2014,7,4,10,0,791,515,330,44
2014,7,4,11,0,876,546,345,46
2014,7,4,12,0,902,555,350,46
2014,7,4,13,0,768,401,381,45
2014,7,4,14,0,728,449,333,43
2014,7,4,15,0,476,168,350,40
2014,7,4,16,0,425,300,252,39
2014,7,4,17,0,148,20,140,38
2014,7,4,18,0,25,0,25,37
2014,7,4,19,0,0,0,0,37
2014,7,4,20,0,0,0,0,36
2014,7,4,21,0,0,0,0,35
2014,7,4,22,0,0,0,0,35
2014,7,4,23,0,0,0,0,34
2014,7,5,0,0,0,0,0,34
2014,7,5,1,0,0,0,0,33
2014,7,5,2,0,0,0,0,33
2014,7,5,3,0,0,0,0,32
2014,7,5,4,0,0,0,0,32
2014,7,5,5,0,0,0,0,33
2014,7,5,6,0,72,5,70,35
2014,7,5,7,0,224,98,183,40
2014,7,5,8,0,437,296,258,42
2014,7,5,9,0,612,391,311,45
2014,7,5,10,0,752,510,296,46
2014,7,5,11,0,817,549,283,48
2014,7,5,12,0,854,553,303,48
2014,7,5,13,0,768,408,375,48
2014,7,5,14,0,721,468,309,47
2014,7,5,15,0,596,375,316,46
2014,7,5,16,0,277,50,248,44
2014,7,5,17,0,171,24,161,42
2014,7,5,18,0,52,0,52,40
2014,7,5,19,0,0,0,0,39
2014,7,5,20,0,0,0,0,38
2014,7,5,21,0,0,0,0,38
2014,7,5,22,0,0,0,0,37
2014,7,5,23,0,0,0,0,36
2014,7,6,0,0,0,0,0,36
2014,7,6,1,0,0,0,0,35
2014,7,6,2,0,0,0,0,35
2014,7,6,3,0,0,0,0,34
2014,7,6,4,0,0,0,0,33
2014,7,6,5,0,0,0,0,34
2014,7,6,6,0,64,0,64,36
2014,7,6,7,0,233,117,185,41
2014,7,6,8,0,431,296,252,44
2014,7,6,9,0,605,383,310,46
2014,7,6,10,0,734,434,346,48
2014,7,6,11,0,616,209,413,48
2014,7,6,12,0,860,560,303,49
2014,7,6,13,0,197,10,187,49
2014,7,6,14,0,148,0,148,48
2014,7,6,15,0,172,7,166,46
2014,7,6,16,0,359,189,250,45
2014,7,6,17,0,195,86,162,43
2014,7,6,18,0,12,0,12,41
2014,7,6,19,0,0,0,0,40
2014,7,6,20,0,0,0,0,39
2014,7,6,21,0,0,0,0,38
2014,7,6,22,0,0,0,0,37
2014,7,6,23,0,0,0,0,37
2014,7,7,0,0,0,0,0,36
2014,7,7,1,0,0,0,0,35
2014,7,7,2,0,0,0,0,35
2014,7,7,3,0,0,0,0,34
2014,7,7,4,0,0,0,0,34
2014,7,7,5,0,0,0,0,34
2014,7,7,6,0,59,0,59,37
2014,7,7,7,0,248,149,187,41
2014,7,7,8,0,446,338,242,44
2014,7,7,9,0,626,450,280,46
2014,7,7,10,0,773,518,310,47
2014,7,7,11,0,864,550,330,48
2014,7,7,12,0,893,560,336,49
2014,7,7,13,0,855,547,328,49
2014,7,7,14,0,756,512,306,48
2014,7,7,15,0,607,448,272,47
2014,7,7,16,0,425,335,231,45
2014,7,7,17,0,220,126,172,43
2014,7,7,18,0,52,0,52,41
2014,7,7,19,0,0,0,0,40
2014,7,7,20,0,0,0,0,39
2014,7,7,21,0,0,0,0,38
2014,7,7,22,0,0,0,0,37
2014,7,7,23,0,0,0,0,37
2014,7,8,0,0,0,0,0,36
2014,7,8,1,0,0,0,0,35
2014,7,8,2,0,0,0,0,34
2014,7,8,3,0,0,0,0,34
2014,7,8,4,0,0,0,0,33
2014,7,8,5,0,0,0,0,34
2014,7,8,6,0,65,0,65,36
2014,7,8,7,0,236,125,185,40
2014,7,8,8,0,445,337,242,42
2014,7,8,9,0,620,431,289,44
2014,7,8,10,0,772,518,309,46
2014,7,8,11,0,862,550,328,47
2014,7,8,12,0,892,560,335,47
2014,7,8,13,0,855,547,328,47
2014,7,8,14,0,756,512,306,46
2014,7,8,15,0,607,448,272,45
2014,7,8,16,0,425,335,231,44
2014,7,8,17,0,220,126,172,42
2014,7,8,18,0,55,0,55,40
2014,7,8,19,0,0,0,0,39
2014,7,8,20,0,0,0,0,38
2014,7,8,21,0,0,0,0,37
2014,7,8,22,0,0,0,0,37
2014,7,8,23,0,0,0,0,36
2014,7,9,0,0,0,0,0,35
2014,7,9,1,0,0,0,0,34
2014,7,9,2,0,0,0,0,34
2014,7,9,3,0,0,0,0,33
2014,7,9,4,0,0,0,0,32
2014,7,9,5,0,0,0,0,33
2014,7,9,6,0,67,4,66,35
2014,7,9,7,0,250,158,185,38
2014,7,9,8,0,449,350,239,39
2014,7,9,9,0,628,458,277,41
2014,7,9,10,0,772,518,309,44
2014,7,9,11,0,856,550,322,47
2014,7,9,12,0,892,560,335,48
2014,7,9,13,0,855,547,328,48
2014,7,9,14,0,756,512,306,48
2014,7,9,15,0,607,448,272,47
2014,7,9,16,0,425,335,231,45
2014,7,9,17,0,220,126,172,43
2014,7,9,18,0,51,0,51,41
2014,7,9,19,0,0,0,0,40
2014,7,9,20,0,0,0,0,40
2014,7,9,21,0,0,0,0,39
2014,7,9,22,0,0,0,0,38
2014,7,9,23,0,0,0,0,38
2014,7,10,0,0,0,0,0,37
2014,7,10,1,0,0,0,0,36
2014,7,10,2,0,0,0,0,36
2014,7,10,3,0,0,0,0,35
2014,7,10,4,0,0,0,0,34
2014,7,10,5,0,0,0,0,35
2014,7,10,6,0,70,9,68,37
2014,7,10,7,0,254,169,185,40
2014,7,10,8,0,448,350,238,43
2014,7,10,9,0,627,458,276,45
2014,7,10,10,0,771,518,309,47
2014,7,10,11,0,863,550,329,49
2014,7,10,12,0,892,559,336,49
2014,7,10,13,0,855,547,328,49
2014,7,10,14,0,756,512,306,49
2014,7,10,15,0,607,448,272,48
2014,7,10,16,0,425,319,241,46
2014,7,10,17,0,170,48,151,44
2014,7,10,18,0,34,0,34,43
2014,7,10,19,0,0,0,0,41
2014,7,10,20,0,0,0,0,40
2014,7,10,21,0,0,0,0,40
2014,7,10,22,0,0,0,0,39
2014,7,10,23,0,0,0,0,38
2014,7,11,0,0,0,0,0,38
2014,7,11,1,0,0,0,0,37
2014,7,11,2,0,0,0,0,36
2014,7,11,3,0,0,0,0,36
2014,7,11,4,0,0,0,0,35
2014,7,11,5,0,0,0,0,35
2014,7,11,6,0,69,8,67,38
2014,7,11,7,0,253,168,185,41
2014,7,11,8,0,447,349,238,44
2014,7,11,9,0,650,456,301,46
2014,7,11,10,0,790,516,330,47
2014,7,11,11,0,878,548,346,49
2014,7,11,12,0,905,558,351,49
2014,7,11,13,0,871,546,345,49
2014,7,11,14,0,776,511,327,49
2014,7,11,15,0,607,448,272,48
2014,7,11,16,0,424,335,231,46
2014,7,11,17,0,229,147,173,44
2014,7,11,18,0,54,0,54,42
2014,7,11,19,0,0,0,0,41
2014,7,11,20,0,0,0,0,41
2014,7,11,21,0,0,0,0,40
2014,7,11,22,0,0,0,0,39
2014,7,11,23,0,0,0,0,38
2014,7,12,0,0,0,0,0,38
2014,7,12,1,0,0,0,0,37
2014,7,12,2,0,0,0,0,36
2014,7,12,3,0,0,0,0,35
2014,7,12,4,0,0,0,0,35
2014,7,12,5,0,0,0,0,35
2014,7,12,6,0,64,1,63,38
2014,7,12,7,0,246,154,184,42
2014,7,12,8,0,446,348,238,45
2014,7,12,9,0,650,456,301,47
2014,7,12,10,0,790,516,330,49
2014,7,12,11,0,878,549,346,51
2014,7,12,12,0,890,559,334,51
2014,7,12,13,0,824,547,297,51
2014,7,12,14,0,777,511,328,50
2014,7,12,15,0,606,448,271,49
2014,7,12,16,0,415,295,245,47
2014,7,12,17,0,175,52,155,45
2014,7,12,18,0,23,0,23,43
2014,7,12,19,0,0,0,0,42
2014,7,12,20,0,0,0,0,42
2014,7,12,21,0,0,0,0,41
2014,7,12,22,0,0,0,0,40
2014,7,12,23,0,0,0,0,40
2014,7,13,0,0,0,0,0,39
2014,7,13,1,0,0,0,0,38
2014,7,13,2,0,0,0,0,38
2014,7,13,3,0,0,0,0,37
2014,7,13,4,0,0,0,0,37
2014,7,13,5,0,0,0,0,37
2014,7,13,6,0,53,0,53,39
2014,7,13,7,0,254,194,176,43
2014,7,13,8,0,375,169,274,45
2014,7,13,9,0,593,337,336,48
2014,7,13,10,0,759,503,311,49
2014,7,13,11,0,872,545,344,51
2014,7,13,12,0,854,555,302,51
2014,7,13,13,0,790,434,372,51
2014,7,13,14,0,138,0,138,48
2014,7,13,15,0,108,0,108,45
2014,7,13,16,0,80,0,80,42
2014,7,13,17,0,44,0,44,39
2014,7,13,18,0,12,0,12,37
2014,7,13,19,0,0,0,0,36
2014,7,13,20,0,0,0,0,36
2014,7,13,21,0,0,0,0,35
2014,7,13,22,0,0,0,0,35
2014,7,13,23,0,0,0,0,34
2014,7,14,0,0,0,0,0,34
2014,7,14,1,0,0,0,0,33
2014,7,14,2,0,0,0,0,33
2014,7,14,3,0,0,0,0,33
2014,7,14,4,0,0,0,0,32
2014,7,14,5,0,0,0,0,32
2014,7,14,6,0,37,0,37,33
2014,7,14,7,0,233,143,175,34
2014,7,14,8,0,404,225,270,34
2014,7,14,9,0,609,391,311,34
2014,7,14,10,0,692,348,382,34
2014,7,14,11,0,743,357,397,34
2014,7,14,12,0,828,509,322,34
2014,7,14,13,0,748,373,389,34
2014,7,14,14,0,542,148,412,34
2014,7,14,15,0,490,189,349,34
2014,7,14,16,0,255,34,235,34
2014,7,14,17,0,120,0,120,34
2014,7,14,18,0,16,0,16,33
2014,7,14,19,0,0,0,0,33
2014,7,14,20,0,0,0,0,32
2014,7,14,21,0,0,0,0,32
2014,7,14,22,0,0,0,0,32
2014,7,14,23,0,0,0,0,32
2014,7,15,0,0,0,0,0,31
2014,7,15,1,0,0,0,0,31
2014,7,15,2,0,0,0,0,31
2014,7,15,3,0,0,0,0,31
2014,7,15,4,0,0,0,0,30
2014,7,15,5,0,0,0,0,31
2014,7,15,6,0,48,0,48,32
2014,7,15,7,0,216,107,173,34
2014,7,15,8,0,426,287,255,36
2014,7,15,9,0,619,429,292,39
2014,7,15,10,0,777,507,326,41
2014,7,15,11,0,826,537,306,42
2014,7,15,12,0,766,365,403,43
2014,7,15,13,0,859,538,341,42
2014,7,15,14,0,729,466,320,41
2014,7,15,15,0,606,433,283,40
2014,7,15,16,0,395,250,251,39
2014,7,15,17,0,154,28,143,38
2014,7,15,18,0,18,0,18,37
2014,7,15,19,0,0,0,0,36
2014,7,15,20,0,0,0,0,36
2014,7,15,21,0,0,0,0,35
2014,7,15,22,0,0,0,0,34
2014,7,15,23,0,0,0,0,34
2014,7,16,0,0,0,0,0,33
2014,7,16,1,0,0,0,0,33
2014,7,16,2,0,0,0,0,32
2014,7,16,3,0,0,0,0,32
2014,7,16,4,0,0,0,0,32
2014,7,16,5,0,0,0,0,32
2014,7,16,6,0,60,0,60,34
2014,7,16,7,0,164,15,158,35
2014,7,16,8,0,336,112,269,37
2014,7,16,9,0,441,104,361,38
2014,7,16,10,0,671,314,392,40
2014,7,16,11,0,722,333,400,41
2014,7,16,12,0,759,368,393,42
2014,7,16,13,0,726,333,405,41
2014,7,16,14,0,429,71,366,39
2014,7,16,15,0,596,356,330,38
2014,7,16,16,0,370,203,253,37
2014,7,16,17,0,187,67,161,35
2014,7,16,18,0,48,0,48,34
2014,7,16,19,0,0,0,0,33
2014,7,16,20,0,0,0,0,33
2014,7,16,21,0,0,0,0,32
2014,7,16,22,0,0,0,0,32
2014,7,16,23,0,0,0,0,32
2014,7,17,0,0,0,0,0,32
2014,7,17,1,0,0,0,0,31
2014,7,17,2,0,0,0,0,31
2014,7,17,3,0,0,0,0,31
2014,7,17,4,0,0,0,0,31
2014,7,17,5,0,0,0,0,31
2014,7,17,6,0,34,0,34,33
2014,7,17,7,0,224,126,174,34
2014,7,17,8,0,423,300,245,36
2014,7,17,9,0,590,365,312,38
2014,7,17,10,0,690,347,382,39
2014,7,17,11,0,708,316,402,40
2014,7,17,12,0,787,405,385,40
2014,7,17,13,0,560,130,435,39
2014,7,17,14,0,638,283,389,37
2014,7,17,15,0,376,86,311,36
2014,7,17,16,0,179,4,176,35
2014,7,17,17,0,77,0,77,33
2014,7,17,18,0,19,0,19,32
2014,7,17,19,0,0,0,0,32
2014,7,17,20,0,0,0,0,31
2014,7,17,21,0,0,0,0,31
2014,7,17,22,0,0,0,0,30
2014,7,17,23,0,0,0,0,30
2014,7,18,0,0,0,0,0,29
2014,7,18,1,0,0,0,0,29
2014,7,18,2,0,0,0,0,29
2014,7,18,3,0,0,0,0,29
2014,7,18,4,0,0,0,0,28
2014,7,18,5,0,0,0,0,28
2014,7,18,6,0,47,0,47,29
2014,7,18,7,0,126,0,126,30
2014,7,18,8,0,190,4,187,30
2014,7,18,9,0,224,6,219,30
2014,7,18,10,0,265,2,263,30
2014,7,18,11,0,301,8,293,31
2014,7,18,12,0,264,7,257,31
2014,7,18,13,0,258,4,254,31
2014,7,18,14,0,209,1,208,32
2014,7,18,15,0,170,2,168,32
2014,7,18,16,0,119,0,119,32
2014,7,18,17,0,171,49,152,31
2014,7,18,18,0,50,0,50,30
2014,7,18,19,0,0,0,0,30
2014,7,18,20,0,0,0,0,30
2014,7,18,21,0,0,0,0,29
2014,7,18,22,0,0,0,0,29
2014,7,18,23,0,0,0,0,29
2014,7,19,0,0,0,0,0,29
2014,7,19,1,0,0,0,0,28
2014,7,19,2,0,0,0,0,28
2014,7,19,3,0,0,0,0,28
2014,7,19,4,0,0,0,0,28
2014,7,19,5,0,0,0,0,28
2014,7,19,6,0,53,0,53,30
2014,7,19,7,0,142,6,139,33
2014,7,19,8,0,315,96,258,34
2014,7,19,9,0,533,241,350,36
2014,7,19,10,0,590,199,413,38
2014,7,19,11,0,572,138,438,40
2014,7,19,12,0,744,327,420,41
2014,7,19,13,0,861,540,342,42
2014,7,19,14,0,673,333,381,41
2014,7,19,15,0,569,352,307,40
2014,7,19,16,0,399,275,241,38
2014,7,19,17,0,219,146,164,37
2014,7,19,18,0,16,0,16,35
2014,7,19,19,0,0,0,0,34
2014,7,19,20,0,0,0,0,34
2014,7,19,21,0,0,0,0,32
2014,7,19,22,0,0,0,0,32
2014,7,19,23,0,0,0,0,31
2014,7,20,0,0,0,0,0,30
2014,7,20,1,0,0,0,0,30
2014,7,20,2,0,0,0,0,30
2014,7,20,3,0,0,0,0,30
2014,7,20,4,0,0,0,0,29
2014,7,20,5,0,0,0,0,30
2014,7,20,6,0,45,0,45,30
2014,7,20,7,0,188,63,163,30
2014,7,20,8,0,425,296,250,30
2014,7,20,9,0,444,109,361,32
2014,7,20,10,0,537,137,415,33
2014,7,20,11,0,748,367,393,33
2014,7,20,12,0,821,504,321,34
2014,7,20,13,0,755,390,380,34
2014,7,20,14,0,652,294,394,34
2014,7,20,15,0,562,310,331,33
2014,7,20,16,0,236,29,219,33
2014,7,20,17,0,179,63,155,32
2014,7,20,18,0,29,0,29,31
2014,7,20,19,0,0,0,0,31
2014,7,20,20,0,0,0,0,29
2014,7,20,21,0,0,0,0,29
2014,7,20,22,0,0,0,0,29
2014,7,20,23,0,0,0,0,29
2014,7,21,0,0,0,0,0,28
2014,7,21,1,0,0,0,0,28
2014,7,21,2,0,0,0,0,27
2014,7,21,3,0,0,0,0,27
2014,7,21,4,0,0,0,0,27
2014,7,21,5,0,0,0,0,28
2014,7,21,6,0,35,0,35,30
2014,7,21,7,0,197,71,169,34
2014,7,21,8,0,325,110,260,37
2014,7,21,9,0,598,359,326,40
2014,7,21,10,0,754,502,310,42
2014,7,21,11,0,865,541,343,43
2014,7,21,12,0,894,551,348,44
2014,7,21,13,0,860,540,342,44
2014,7,21,14,0,666,311,393,44
2014,7,21,15,0,495,188,355,43
2014,7,21,16,0,367,172,268,41
2014,7,21,17,0,154,21,146,39
2014,7,21,18,0,36,0,36,37
2014,7,21,19,0,0,0,0,36
2014,7,21,20,0,0,0,0,35
2014,7,21,21,0,0,0,0,34
2014,7,21,22,0,0,0,0,33
2014,7,21,23,0,0,0,0,32
2014,7,22,0,0,0,0,0,32
2014,7,22,1,0,0,0,0,31
2014,7,22,2,0,0,0,0,31
2014,7,22,3,0,0,0,0,30
2014,7,22,4,0,0,0,0,30
2014,7,22,5,0,0,0,0,30
2014,7,22,6,0,56,0,56,32
2014,7,22,7,0,232,141,177,35
2014,7,22,8,0,429,325,238,36
2014,7,22,9,0,550,279,339,37
2014,7,22,10,0,720,414,354,37
2014,7,22,11,0,591,182,415,37
2014,7,22,12,0,370,31,339,36
2014,7,22,13,0,490,80,413,36
2014,7,22,14,0,344,19,327,35
2014,7,22,15,0,190,5,186,36
2014,7,22,16,0,224,23,210,35
2014,7,22,17,0,226,168,163,35
2014,7,22,18,0,50,0,50,33
2014,7,22,19,0,0,0,0,33
2014,7,22,20,0,0,0,0,33
2014,7,22,21,0,0,0,0,32
2014,7,22,22,0,0,0,0,32
2014,7,22,23,0,0,0,0,31
2014,7,23,0,0,0,0,0,31
2014,7,23,1,0,0,0,0,30
2014,7,23,2,0,0,0,0,30
2014,7,23,3,0,0,0,0,30
2014,7,23,4,0,0,0,0,29
2014,7,23,5,0,0,0,0,30
2014,7,23,6,0,48,0,48,31
2014,7,23,7,0,242,184,170,33
2014,7,23,8,0,273,43,247,35
2014,7,23,9,0,479,163,356,37
2014,7,23,10,0,601,218,408,40
2014,7,23,11,0,533,105,431,41
2014,7,23,12,0,457,56,401,42
2014,7,23,13,0,534,107,431,43
2014,7,23,14,0,602,249,384,42
2014,7,23,15,0,198,12,189,41
2014,7,23,16,0,148,0,148,40
2014,7,23,17,0,109,0,109,38
2014,7,23,18,0,19,0,19,37
2014,7,23,19,0,0,0,0,36
2014,7,23,20,0,0,0,0,35
2014,7,23,21,0,0,0,0,34
2014,7,23,22,0,0,0,0,33
2014,7,23,23,0,0,0,0,32
2014,7,24,0,0,0,0,0,32
2014,7,24,1,0,0,0,0,31
2014,7,24,2,0,0,0,0,31
2014,7,24,3,0,0,0,0,31
2014,7,24,4,0,0,0,0,30
2014,7,24,5,0,0,0,0,30
2014,7,24,6,0,50,0,50,30
2014,7,24,7,0,204,86,170,30
2014,7,24,8,0,333,115,265,30
2014,7,24,9,0,376,50,338,31
2014,7,24,10,0,635,269,397,32
2014,7,24,11,0,558,124,438,34
2014,7,24,12,0,580,132,449,35
2014,7,24,13,0,734,351,397,36
2014,7,24,14,0,568,198,395,36
2014,7,24,15,0,235,14,224,35
2014,7,24,16,0,292,78,247,35
2014,7,24,17,0,97,0,97,34
2014,7,24,18,0,42,0,42,33
2014,7,24,19,0,0,0,0,32
2014,7,24,20,0,0,0,0,32
2014,7,24,21,0,0,0,0,31
2014,7,24,22,0,0,0,0,31
2014,7,24,23,0,0,0,0,30
2014,7,25,0,0,0,0,0,30
2014,7,25,1,0,0,0,0,29
2014,7,25,2,0,0,0,0,29
2014,7,25,3,0,0,0,0,29
2014,7,25,4,0,0,0,0,29
2014,7,25,5,0,0,0,0,29
2014,7,25,6,0,14,0,14,30
2014,7,25,7,0,218,128,168,31
2014,7,25,8,0,240,39,217,33
2014,7,25,9,0,517,221,350,36
2014,7,25,10,0,668,305,399,39
2014,7,25,11,0,604,175,435,40
2014,7,25,12,0,402,38,364,41
2014,7,25,13,0,251,6,245,42
2014,7,25,14,0,439,79,370,42
2014,7,25,15,0,480,181,346,41
2014,7,25,16,0,416,301,245,39
2014,7,25,17,0,223,150,168,37
2014,7,25,18,0,50,2,49,35
2014,7,25,19,0,0,0,0,34
2014,7,25,20,0,0,0,0,33
2014,7,25,21,0,0,0,0,32
2014,7,25,22,0,0,0,0,31
2014,7,25,23,0,0,0,0,31
2014,7,26,0,0,0,0,0,30
2014,7,26,1,0,0,0,0,30
2014,7,26,2,0,0,0,0,30
2014,7,26,3,0,0,0,0,29
2014,7,26,4,0,0,0,0,29
2014,7,26,5,0,0,0,0,29
2014,7,26,6,0,48,0,48,31
2014,7,26,7,0,196,76,166,33
2014,7,26,8,0,431,323,243,35
2014,7,26,9,0,613,391,319,38
2014,7,26,10,0,426,67,366,39
2014,7,26,11,0,742,361,395,41
2014,7,26,12,0,782,402,385,42
2014,7,26,13,0,806,525,303,42
2014,7,26,14,0,716,464,311,42
2014,7,26,15,0,599,410,296,41
2014,7,26,16,0,338,144,256,40
2014,7,26,17,0,69,0,69,38
2014,7,26,18,0,43,0,43,36
2014,7,26,19,0,0,0,0,35
2014,7,26,20,0,0,0,0,34
2014,7,26,21,0,0,0,0,34
2014,7,26,22,0,0,0,0,33
2014,7,26,23,0,0,0,0,32
2014,7,27,0,0,0,0,0,31
2014,7,27,1,0,0,0,0,31
2014,7,27,2,0,0,0,0,30
2014,7,27,3,0,0,0,0,30
2014,7,27,4,0,0,0,0,29
2014,7,27,5,0,0,0,0,30
2014,7,27,6,0,38,0,38,32
2014,7,27,7,0,231,148,174,34
2014,7,27,8,0,379,195,265,35
2014,7,27,9,0,606,396,308,36
2014,7,27,10,0,523,137,402,37
2014,7,27,11,0,860,539,342,38
2014,7,27,12,0,889,549,347,38
2014,7,27,13,0,855,537,341,37
2014,7,27,14,0,716,431,340,37
2014,7,27,15,0,499,213,341,36
2014,7,27,16,0,284,63,248,36
2014,7,27,17,0,220,164,160,35
2014,7,27,18,0,48,0,48,33
2014,7,27,19,0,0,0,0,33
2014,7,27,20,0,0,0,0,31
2014,7,27,21,0,0,0,0,31
2014,7,27,22,0,0,0,0,30
2014,7,27,23,0,0,0,0,30
2014,7,28,0,0,0,0,0,29
2014,7,28,1,0,0,0,0,30
2014,7,28,2,0,0,0,0,29
2014,7,28,3,0,0,0,0,29
2014,7,28,4,0,0,0,0,29
2014,7,28,5,0,0,0,0,30
2014,7,28,6,0,46,0,46,32
2014,7,28,7,0,164,26,154,34
2014,7,28,8,0,401,254,253,34
2014,7,28,9,0,535,236,358,35
2014,7,28,10,0,491,98,404,35
2014,7,28,11,0,666,260,416,35
2014,7,28,12,0,796,437,365,35
2014,7,28,13,0,663,260,414,36
2014,7,28,14,0,456,76,389,36
2014,7,28,15,0,525,275,322,35
2014,7,28,16,0,244,37,223,34
2014,7,28,17,0,38,0,38,33
2014,7,28,18,0,12,0,12,32
2014,7,28,19,0,0,0,0,31
2014,7,28,20,0,0,0,0,31
2014,7,28,21,0,0,0,0,30
2014,7,28,22,0,0,0,0,30
2014,7,28,23,0,0,0,0,30
2014,7,29,0,0,0,0,0,29
2014,7,29,1,0,0,0,0,29
2014,7,29,2,0,0,0,0,28
2014,7,29,3,0,0,0,0,28
2014,7,29,4,0,0,0,0,28
2014,7,29,5,0,0,0,0,28
2014,7,29,6,0,25,0,25,29
2014,7,29,7,0,153,25,143,31
2014,7,29,8,0,359,175,257,33
2014,7,29,9,0,547,270,344,35
2014,7,29,10,0,754,495,319,37
2014,7,29,11,0,756,391,380,39
2014,7,29,12,0,768,392,381,39
2014,7,29,13,0,720,325,409,40
2014,7,29,14,0,566,182,407,39
2014,7,29,15,0,271,15,259,38
2014,7,29,16,0,212,9,206,36
2014,7,29,17,0,149,21,141,35
2014,7,29,18,0,34,0,34,34
2014,7,29,19,0,0,0,0,33
2014,7,29,20,0,0,0,0,32
2014,7,29,21,0,0,0,0,32
2014,7,29,22,0,0,0,0,31
2014,7,29,23,0,0,0,0,30
2014,7,30,0,0,0,0,0,30
2014,7,30,1,0,0,0,0,30
2014,7,30,2,0,0,0,0,29
2014,7,30,3,0,0,0,0,29
2014,7,30,4,0,0,0,0,29
2014,7,30,5,0,0,0,0,29
2014,7,30,6,0,57,6,56,31
2014,7,30,7,0,202,76,173,34
2014,7,30,8,0,322,106,260,37
2014,7,30,9,0,508,196,361,39
2014,7,30,10,0,628,263,397,40
2014,7,30,11,0,859,539,342,41
2014,7,30,12,0,823,516,315,41
2014,7,30,13,0,854,538,341,42
2014,7,30,14,0,747,499,313,42
2014,7,30,15,0,483,191,342,41
2014,7,30,16,0,315,101,258,40
2014,7,30,17,0,130,7,127,38
2014,7,30,18,0,22,0,22,36
2014,7,30,19,0,0,0,0,35
2014,7,30,20,0,0,0,0,35
2014,7,30,21,0,0,0,0,34
2014,7,30,22,0,0,0,0,33
2014,7,30,23,0,0,0,0,32
2014,7,31,0,0,0,0,0,31
2014,7,31,1,0,0,0,0,31
2014,7,31,2,0,0,0,0,30
2014,7,31,3,0,0,0,0,30
2014,7,31,4,0,0,0,0,29
2014,7,31,5,0,0,0,0,30
2014,7,31,6,0,26,0,26,32
2014,7,31,7,0,180,61,157,35
2014,7,31,8,0,404,266,250,35
2014,7,31,9,0,539,271,336,36
2014,7,31,10,0,514,119,409,36
2014,7,31,11,0,489,79,413,36
2014,7,31,12,0,661,228,436,36
2014,7,31,13,0,585,155,437,36
2014,7,31,14,0,593,221,401,36
2014,7,31,15,0,563,331,320,36
2014,7,31,16,0,307,103,249,36
2014,7,31,17,0,48,0,48,35
2014,7,31,18,0,10,0,10,34
2014,7,31,19,0,0,0,0,33
2014,7,31,20,0,0,0,0,33
2014,7,31,21,0,0,0,0,32
2014,7,31,22,0,0,0,0,32
2014,7,31,23,0,0,0,0,31
2014,8,1,0,0,0,0,0,31
2014,8,1,1,0,0,0,0,30
2014,8,1,2,0,0,0,0,30
2014,8,1,3,0,0,0,0,30
2014,8,1,4,0,0,0,0,29
2014,8,1,5,0,0,0,0,30
2014,8,1,6,0,54,15,51,32
2014,8,1,7,0,241,216,160,35
2014,8,1,8,0,461,442,207,36
2014,8,1,9,0,605,448,271,37
2014,8,1,10,0,787,597,264,39
2014,8,1,11,0,751,397,371,40
2014,8,1,12,0,798,462,343,41
2014,8,1,13,0,875,628,278,41
2014,8,1,14,0,768,591,256,42
2014,8,1,15,0,609,462,271,41
2014,8,1,16,0,354,172,258,39
2014,8,1,17,0,234,236,150,37
2014,8,1,18,0,58,31,53,34
2014,8,1,19,0,0,0,0,34
2014,8,1,20,0,0,0,0,33
2014,8,1,21,0,0,0,0,34
2014,8,1,22,0,0,0,0,32
2014,8,1,23,0,0,0,0,32
2014,8,2,0,0,0,0,0,31
2014,8,2,1,0,0,0,0,31
2014,8,2,2,0,0,0,0,31
2014,8,2,3,0,0,0,0,30
2014,8,2,4,0,0,0,0,30
2014,8,2,5,0,0,0,0,30
2014,8,2,6,0,60,18,57,32
2014,8,2,7,0,208,118,164,35
2014,8,2,8,0,443,372,229,37
2014,8,2,9,0,569,352,306,38
2014,8,2,10,0,653,306,385,39
2014,8,2,11,0,492,124,373,39
2014,8,2,12,0,168,3,165,39
2014,8,2,13,0,167,3,164,38
2014,8,2,14,0,327,31,300,37
2014,8,2,15,0,124,0,124,36
2014,8,2,16,0,102,0,102,35
2014,8,2,17,0,94,0,94,34
2014,8,2,18,0,29,0,29,33
2014,8,2,19,0,0,0,0,32
2014,8,2,20,0,0,0,0,32
2014,8,2,21,0,0,0,0,31
2014,8,2,22,0,0,0,0,30
2014,8,2,23,0,0,0,0,30
2014,8,3,0,0,0,0,0,30
2014,8,3,1,0,0,0,0,29
2014,8,3,2,0,0,0,0,29
2014,8,3,3,0,0,0,0,28
2014,8,3,4,0,0,0,0,28
2014,8,3,5,0,0,0,0,28
2014,8,3,6,0,55,9,53,30
2014,8,3,7,0,223,156,165,32
2014,8,3,8,0,426,360,220,33
2014,8,3,9,0,605,451,269,34
2014,8,3,10,0,733,509,288,35
2014,8,3,11,0,878,628,278,35
2014,8,3,12,0,908,638,282,35
2014,8,3,13,0,784,459,348,35
2014,8,3,14,0,401,61,348,35
2014,8,3,15,0,475,185,340,35
2014,8,3,16,0,425,342,235,34
2014,8,3,17,0,101,0,101,34
2014,8,3,18,0,14,0,14,32
2014,8,3,19,0,0,0,0,32
2014,8,3,20,0,0,0,0,31
2014,8,3,21,0,0,0,0,31
2014,8,3,22,0,0,0,0,31
2014,8,3,23,0,0,0,0,30
2014,8,4,0,0,0,0,0,30
2014,8,4,1,0,0,0,0,29
2014,8,4,2,0,0,0,0,29
2014,8,4,3,0,0,0,0,28
2014,8,4,4,0,0,0,0,28
2014,8,4,5,0,0,0,0,28
2014,8,4,6,0,44,0,44,30
2014,8,4,7,0,206,117,162,32
2014,8,4,8,0,431,345,234,33
2014,8,4,9,0,530,260,336,34
2014,8,4,10,0,733,515,283,34
2014,8,4,11,0,834,596,265,35
2014,8,4,12,0,907,638,282,35
2014,8,4,13,0,511,112,404,35
2014,8,4,14,0,551,180,395,35
2014,8,4,15,0,516,271,318,35
2014,8,4,16,0,107,0,107,35
2014,8,4,17,0,71,0,71,34
2014,8,4,18,0,9,0,9,32
2014,8,4,19,0,0,0,0,31
2014,8,4,20,0,0,0,0,31
2014,8,4,21,0,0,0,0,30
2014,8,4,22,0,0,0,0,30
2014,8,4,23,0,0,0,0,30
2014,8,5,0,0,0,0,0,29
2014,8,5,1,0,0,0,0,29
2014,8,5,2,0,0,0,0,29
2014,8,5,3,0,0,0,0,28
2014,8,5,4,0,0,0,0,28
2014,8,5,5,0,0,0,0,28
2014,8,5,6,0,40,0,40,31
2014,8,5,7,0,149,19,142,32
2014,8,5,8,0,185,5,182,33
2014,8,5,9,0,383,72,329,34
2014,8,5,10,0,340,20,322,36
2014,8,5,11,0,450,44,408,37
2014,8,5,12,0,389,52,338,37
2014,8,5,13,0,716,313,419,37
2014,8,5,14,0,594,244,383,37
2014,8,5,15,0,350,45,317,36
2014,8,5,16,0,297,76,255,35
2014,8,5,17,0,152,32,140,34
2014,8,5,18,0,30,0,30,32
2014,8,5,19,0,0,0,0,32
2014,8,5,20,0,0,0,0,31
2014,8,5,21,0,0,0,0,31
2014,8,5,22,0,0,0,0,31
2014,8,5,23,0,0,0,0,30
2014,8,6,0,0,0,0,0,30
2014,8,6,1,0,0,0,0,30
2014,8,6,2,0,0,0,0,29
2014,8,6,3,0,0,0,0,29
2014,8,6,4,0,0,0,0,29
2014,8,6,5,0,0,0,0,29
2014,8,6,6,0,45,0,45,30
2014,8,6,7,0,152,23,143,32
2014,8,6,8,0,365,176,265,35
2014,8,6,9,0,365,48,329,38
2014,8,6,10,0,400,35,369,41
2014,8,6,11,0,739,345,410,42
2014,8,6,12,0,505,86,420,43
2014,8,6,13,0,429,77,356,43
2014,8,6,14,0,729,489,308,43
2014,8,6,15,0,622,529,239,42
2014,8,6,16,0,386,298,222,41
2014,8,6,17,0,214,196,146,38
2014,8,6,18,0,23,0,23,35
2014,8,6,19,0,0,0,0,35
2014,8,6,20,0,0,0,0,34
2014,8,6,21,0,0,0,0,34
2014,8,6,22,0,0,0,0,34
2014,8,6,23,0,0,0,0,33
2014,8,7,0,0,0,0,0,32
2014,8,7,1,0,0,0,0,31
2014,8,7,2,0,0,0,0,31
2014,8,7,3,0,0,0,0,30
2014,8,7,4,0,0,0,0,30
2014,8,7,5,0,0,0,0,30
2014,8,7,6,0,54,12,52,31
2014,8,7,7,0,247,256,153,33
2014,8,7,8,0,394,291,229,35
2014,8,7,9,0,522,230,351,37
2014,8,7,10,0,708,430,333,40
2014,8,7,11,0,542,122,425,41
2014,8,7,12,0,426,33,393,42
2014,8,7,13,0,404,44,362,43
2014,8,7,14,0,636,283,393,42
2014,8,7,15,0,377,80,319,41
2014,8,7,16,0,417,361,219,39
2014,8,7,17,0,206,158,152,38
2014,8,7,18,0,40,0,40,36
2014,8,7,19,0,0,0,0,35
2014,8,7,20,0,0,0,0,33
2014,8,7,21,0,0,0,0,32
2014,8,7,22,0,0,0,0,32
2014,8,7,23,0,0,0,0,31
2014,8,8,0,0,0,0,0,31
2014,8,8,1,0,0,0,0,30
2014,8,8,2,0,0,0,0,30
2014,8,8,3,0,0,0,0,29
2014,8,8,4,0,0,0,0,29
2014,8,8,5,0,0,0,0,29
2014,8,8,6,0,53,10,51,31
2014,8,8,7,0,232,195,161,33
2014,8,8,8,0,273,44,248,35
2014,8,8,9,0,380,58,337,37
2014,8,8,10,0,470,89,392,39
2014,8,8,11,0,466,50,418,40
2014,8,8,12,0,568,129,442,40
2014,8,8,13,0,602,193,419,40
2014,8,8,14,0,763,555,287,39
2014,8,8,15,0,516,240,343,38
2014,8,8,16,0,206,19,195,37
2014,8,8,17,0,187,130,142,36
2014,8,8,18,0,34,0,34,35
2014,8,8,19,0,0,0,0,34
2014,8,8,20,0,0,0,0,34
2014,8,8,21,0,0,0,0,33
2014,8,8,22,0,0,0,0,33
2014,8,8,23,0,0,0,0,32
2014,8,9,0,0,0,0,0,31
2014,8,9,1,0,0,0,0,31
2014,8,9,2,0,0,0,0,31
2014,8,9,3,0,0,0,0,30
2014,8,9,4,0,0,0,0,30
2014,8,9,5,0,0,0,0,30
2014,8,9,6,0,55,17,52,31
2014,8,9,7,0,236,223,155,33
2014,8,9,8,0,421,373,210,34
2014,8,9,9,0,572,371,298,34
2014,8,9,10,0,749,536,283,34
2014,8,9,11,0,587,194,402,34
2014,8,9,12,0,798,482,328,34
2014,8,9,13,0,853,582,304,34
2014,8,9,14,0,475,112,379,34
2014,8,9,15,0,275,28,254,34
2014,8,9,16,0,423,364,225,33
2014,8,9,17,0,222,214,149,33
2014,8,9,18,0,29,0,29,30
2014,8,9,19,0,0,0,0,29
2014,8,9,20,0,0,0,0,29
2014,8,9,21,0,0,0,0,30
2014,8,9,22,0,0,0,0,29
2014,8,9,23,0,0,0,0,29
2014,8,10,0,0,0,0,0,29
2014,8,10,1,0,0,0,0,29
2014,8,10,2,0,0,0,0,29
2014,8,10,3,0,0,0,0,28
2014,8,10,4,0,0,0,0,28
2014,8,10,5,0,0,0,0,28
2014,8,10,6,0,40,0,40,31
2014,8,10,7,0,177,67,152,33
2014,8,10,8,0,426,344,232,34
2014,8,10,9,0,493,204,342,35
2014,8,10,10,0,358,40,323,36
2014,8,10,11,0,224,5,219,37
2014,8,10,12,0,200,5,195,39
2014,8,10,13,0,167,6,161,39
2014,8,10,14,0,572,376,250,39
2014,8,10,15,0,222,12,213,38
2014,8,10,16,0,80,0,80,37
2014,8,10,17,0,38,0,38,35
2014,8,10,18,0,8,0,8,33
2014,8,10,19,0,0,0,0,32
2014,8,10,20,0,0,0,0,31
2014,8,10,21,0,0,0,0,31
2014,8,10,22,0,0,0,0,30
2014,8,10,23,0,0,0,0,30
2014,8,11,0,0,0,0,0,29
2014,8,11,1,0,0,0,0,29
2014,8,11,2,0,0,0,0,28
2014,8,11,3,0,0,0,0,28
2014,8,11,4,0,0,0,0,28
2014,8,11,5,0,0,0,0,28
2014,8,11,6,0,10,0,10,30
2014,8,11,7,0,109,0,109,32
2014,8,11,8,0,365,205,249,34
2014,8,11,9,0,630,507,257,35
2014,8,11,10,0,783,597,265,36
2014,8,11,11,0,875,629,278,37
2014,8,11,12,0,904,639,282,37
2014,8,11,13,0,807,575,266,37
2014,8,11,14,0,736,551,266,37
2014,8,11,15,0,552,339,309,37
2014,8,11,16,0,301,117,238,36
2014,8,11,17,0,80,0,80,35
2014,8,11,18,0,7,0,7,33
2014,8,11,19,0,0,0,0,33
2014,8,11,20,0,0,0,0,32
2014,8,11,21,0,0,0,0,31
2014,8,11,22,0,0,0,0,31
2014,8,11,23,0,0,0,0,30
2014,8,12,0,0,0,0,0,30
2014,8,12,1,0,0,0,0,29
2014,8,12,2,0,0,0,0,29
2014,8,12,3,0,0,0,0,28
2014,8,12,4,0,0,0,0,28
2014,8,12,5,0,0,0,0,28
2014,8,12,6,0,41,0,41,30
2014,8,12,7,0,195,106,157,33
2014,8,12,8,0,423,342,231,35
2014,8,12,9,0,636,536,242,35
2014,8,12,10,0,782,596,265,36
2014,8,12,11,0,873,629,278,36
2014,8,12,12,0,902,638,282,36
2014,8,12,13,0,865,626,277,36
2014,8,12,14,0,711,503,283,36
2014,8,12,15,0,571,397,288,36
2014,8,12,16,0,350,193,246,36
2014,8,12,17,0,176,115,138,35
2014,8,12,18,0,18,0,18,34
2014,8,12,19,0,0,0,0,33
2014,8,12,20,0,0,0,0,32
2014,8,12,21,0,0,0,0,32
2014,8,12,22,0,0,0,0,31
2014,8,12,23,0,0,0,0,31
2014,8,13,0,0,0,0,0,30
2014,8,13,1,0,0,0,0,30
2014,8,13,2,0,0,0,0,30
2014,8,13,3,0,0,0,0,29
2014,8,13,4,0,0,0,0,29
2014,8,13,5,0,0,0,0,28
2014,8,13,6,0,34,0,34,29
2014,8,13,7,0,178,72,152,30
2014,8,13,8,0,393,266,244,32
2014,8,13,9,0,592,414,288,35
2014,8,13,10,0,751,560,267,36
2014,8,13,11,0,870,626,277,36
2014,8,13,12,0,898,636,281,36
2014,8,13,13,0,825,606,256,36
2014,8,13,14,0,731,576,242,37
2014,8,13,15,0,588,472,252,38
2014,8,13,16,0,354,171,262,38
2014,8,13,17,0,200,173,143,37
2014,8,13,18,0,25,0,25,35
2014,8,13,19,0,0,0,0,34
2014,8,13,20,0,0,0,0,33
2014,8,13,21,0,0,0,0,33
2014,8,13,22,0,0,0,0,32
2014,8,13,23,0,0,0,0,31
2014,8,14,0,0,0,0,0,30
2014,8,14,1,0,0,0,0,30
2014,8,14,2,0,0,0,0,29
2014,8,14,3,0,0,0,0,29
2014,8,14,4,0,0,0,0,28
2014,8,14,5,0,0,0,0,28
2014,8,14,6,0,52,18,49,30
2014,8,14,7,0,224,199,153,32
2014,8,14,8,0,430,403,205,35
2014,8,14,9,0,635,537,242,36
2014,8,14,10,0,782,598,265,36
2014,8,14,11,0,874,631,278,36
2014,8,14,12,0,903,640,282,36
2014,8,14,13,0,866,628,277,36
2014,8,14,14,0,766,593,263,36
2014,8,14,15,0,544,311,323,36
2014,8,14,16,0,191,13,184,36
2014,8,14,17,0,202,179,144,35
2014,8,14,18,0,26,0,26,34
2014,8,14,19,0,0,0,0,33
2014,8,14,20,0,0,0,0,32
2014,8,14,21,0,0,0,0,31
2014,8,14,22,0,0,0,0,31
2014,8,14,23,0,0,0,0,30
2014,8,15,0,0,0,0,0,29
2014,8,15,1,0,0,0,0,29
2014,8,15,2,0,0,0,0,29
2014,8,15,3,0,0,0,0,28
2014,8,15,4,0,0,0,0,28
2014,8,15,5,0,0,0,0,28
2014,8,15,6,0,54,24,50,30
2014,8,15,7,0,212,153,157,32
2014,8,15,8,0,419,369,213,34
2014,8,15,9,0,583,411,282,34
2014,8,15,10,0,726,511,285,34
2014,8,15,11,0,838,614,259,34
2014,8,15,12,0,628,205,429,34
2014,8,15,13,0,577,165,422,33
2014,8,15,14,0,635,323,362,32
2014,8,15,15,0,513,294,305,32
2014,8,15,16,0,341,155,259,32
2014,8,15,17,0,167,93,137,31
2014,8,15,18,0,21,0,21,31
2014,8,15,19,0,0,0,0,30
2014,8,15,20,0,0,0,0,30
2014,8,15,21,0,0,0,0,29
2014,8,15,22,0,0,0,0,29
2014,8,15,23,0,0,0,0,28
2014,8,16,0,0,0,0,0,28
2014,8,16,1,0,0,0,0,28
2014,8,16,2,0,0,0,0,27
2014,8,16,3,0,0,0,0,27
2014,8,16,4,0,0,0,0,27
2014,8,16,5,0,0,0,0,27
2014,8,16,6,0,49,10,47,28
2014,8,16,7,0,195,94,161,30
2014,8,16,8,0,371,161,281,32
2014,8,16,9,0,499,203,351,32
2014,8,16,10,0,527,149,398,33
2014,8,16,11,0,664,280,400,33
2014,8,16,12,0,649,235,421,33
2014,8,16,13,0,397,62,339,34
2014,8,16,14,0,703,458,316,33
2014,8,16,15,0,525,314,303,33
2014,8,16,16,0,345,218,230,32
2014,8,16,17,0,69,0,69,32
2014,8,16,18,0,19,0,19,29
2014,8,16,19,0,0,0,0,29
2014,8,16,20,0,0,0,0,28
2014,8,16,21,0,0,0,0,28
2014,8,16,22,0,0,0,0,28
2014,8,16,23,0,0,0,0,27
2014,8,17,0,0,0,0,0,27
2014,8,17,1,0,0,0,0,26
2014,8,17,2,0,0,0,0,26
2014,8,17,3,0,0,0,0,26
2014,8,17,4,0,0,0,0,26
2014,8,17,5,0,0,0,0,26
2014,8,17,6,0,51,22,48,28
2014,8,17,7,0,229,225,150,32
2014,8,17,8,0,438,437,195,33
2014,8,17,9,0,637,540,243,34
2014,8,17,10,0,784,602,267,35
2014,8,17,11,0,877,635,279,36
2014,8,17,12,0,905,644,283,36
2014,8,17,13,0,866,631,278,36
2014,8,17,14,0,600,275,368,36
2014,8,17,15,0,557,373,295,35
2014,8,17,16,0,355,222,239,34
2014,8,17,17,0,140,44,126,33
2014,8,17,18,0,20,0,20,32
2014,8,17,19,0,0,0,0,31
2014,8,17,20,0,0,0,0,30
2014,8,17,21,0,0,0,0,30
2014,8,17,22,0,0,0,0,29
2014,8,17,23,0,0,0,0,29
2014,8,18,0,0,0,0,0,28
2014,8,18,1,0,0,0,0,28
2014,8,18,2,0,0,0,0,27
2014,8,18,3,0,0,0,0,27
2014,8,18,4,0,0,0,0,26
2014,8,18,5,0,0,0,0,26
2014,8,18,6,0,50,20,47,28
2014,8,18,7,0,213,163,156,32
2014,8,18,8,0,430,415,200,36
2014,8,18,9,0,639,544,244,38
2014,8,18,10,0,789,607,268,41
2014,8,18,11,0,810,579,266,42
2014,8,18,12,0,849,602,269,43
2014,8,18,13,0,877,642,281,43
2014,8,18,14,0,705,509,277,42
2014,8,18,15,0,512,292,307,41
2014,8,18,16,0,358,288,208,39
2014,8,18,17,0,179,152,131,37
2014,8,18,18,0,15,0,15,34
2014,8,18,19,0,0,0,0,33
2014,8,18,20,0,0,0,0,33
2014,8,18,21,0,0,0,0,32
2014,8,18,22,0,0,0,0,31
2014,8,18,23,0,0,0,0,30
2014,8,19,0,0,0,0,0,30
2014,8,19,1,0,0,0,0,29
2014,8,19,2,0,0,0,0,28
2014,8,19,3,0,0,0,0,28
2014,8,19,4,0,0,0,0,27
2014,8,19,5,0,0,0,0,27
2014,8,19,6,0,46,10,44,29
2014,8,19,7,0,216,175,155,32
2014,8,19,8,0,429,414,200,36
2014,8,19,9,0,621,547,224,39
2014,8,19,10,0,761,589,256,41
2014,8,19,11,0,789,541,281,43
2014,8,19,12,0,827,597,252,43
2014,8,19,13,0,793,568,266,43
2014,8,19,14,0,772,604,266,43
2014,8,19,15,0,585,499,237,41
2014,8,19,16,0,348,181,254,40
2014,8,19,17,0,176,148,130,38
2014,8,19,18,0,16,0,16,35
2014,8,19,19,0,0,0,0,34
2014,8,19,20,0,0,0,0,33
2014,8,19,21,0,0,0,0,33
2014,8,19,22,0,0,0,0,32
2014,8,19,23,0,0,0,0,31
2014,8,20,0,0,0,0,0,31
2014,8,20,1,0,0,0,0,30
2014,8,20,2,0,0,0,0,29
2014,8,20,3,0,0,0,0,28
2014,8,20,4,0,0,0,0,28
2014,8,20,5,0,0,0,0,27
2014,8,20,6,0,41,1,40,29
2014,8,20,7,0,152,31,141,32
2014,8,20,8,0,428,379,219,37
2014,8,20,9,0,642,547,245,40
2014,8,20,10,0,791,609,269,42
2014,8,20,11,0,883,642,281,44
2014,8,20,12,0,910,651,285,45
2014,8,20,13,0,870,638,280,45
2014,8,20,14,0,766,600,265,44
2014,8,20,15,0,581,495,237,43
2014,8,20,16,0,377,347,198,42
2014,8,20,17,0,183,129,143,40
2014,8,20,18,0,14,0,14,37
2014,8,20,19,0,0,0,0,36
2014,8,20,20,0,0,0,0,35
2014,8,20,21,0,0,0,0,34
2014,8,20,22,0,0,0,0,33
2014,8,20,23,0,0,0,0,32
2014,8,21,0,0,0,0,0,32
2014,8,21,1,0,0,0,0,31
2014,8,21,2,0,0,0,0,30
2014,8,21,3,0,0,0,0,30
2014,8,21,4,0,0,0,0,29
2014,8,21,5,0,0,0,0,29
2014,8,21,6,0,43,7,42,30
2014,8,21,7,0,218,202,148,34
2014,8,21,8,0,431,427,196,37
2014,8,21,9,0,641,548,245,40
2014,8,21,10,0,792,611,269,42
2014,8,21,11,0,885,644,282,44
2014,8,21,12,0,912,653,286,45
2014,8,21,13,0,871,640,280,45
2014,8,21,14,0,766,601,265,44
2014,8,21,15,0,606,531,239,43
2014,8,21,16,0,393,406,185,42
2014,8,21,17,0,179,153,132,39
2014,8,21,18,0,14,0,14,37
2014,8,21,19,0,0,0,0,36
2014,8,21,20,0,0,0,0,35
2014,8,21,21,0,0,0,0,34
2014,8,21,22,0,0,0,0,33
2014,8,21,23,0,0,0,0,32
2014,8,22,0,0,0,0,0,31
2014,8,22,1,0,0,0,0,31
2014,8,22,2,0,0,0,0,30
2014,8,22,3,0,0,0,0,30
2014,8,22,4,0,0,0,0,29
2014,8,22,5,0,0,0,0,29
2014,8,22,6,0,42,6,41,31
2014,8,22,7,0,226,230,147,34
2014,8,22,8,0,431,433,194,37
2014,8,22,9,0,639,546,244,40
2014,8,22,10,0,787,608,268,42
2014,8,22,11,0,879,640,281,43
2014,8,22,12,0,905,648,284,44
2014,8,22,13,0,864,634,279,44
2014,8,22,14,0,758,596,264,44
2014,8,22,15,0,599,526,237,43
2014,8,22,16,0,390,404,185,42
2014,8,22,17,0,175,147,131,40
2014,8,22,18,0,12,0,12,37
2014,8,22,19,0,0,0,0,36
2014,8,22,20,0,0,0,0,35
2014,8,22,21,0,0,0,0,35
2014,8,22,22,0,0,0,0,34
2014,8,22,23,0,0,0,0,33
2014,8,23,0,0,0,0,0,32
2014,8,23,1,0,0,0,0,32
2014,8,23,2,0,0,0,0,31
2014,8,23,3,0,0,0,0,30
2014,8,23,4,0,0,0,0,30
2014,8,23,5,0,0,0,0,29
2014,8,23,6,0,41,17,38,31
2014,8,23,7,0,224,242,141,35
2014,8,23,8,0,430,432,194,39
2014,8,23,9,0,639,547,245,42
2014,8,23,10,0,789,610,269,43
2014,8,23,11,0,882,644,282,44
2014,8,23,12,0,909,653,285,45
2014,8,23,13,0,868,639,280,45
2014,8,23,14,0,725,571,252,44
2014,8,23,15,0,602,530,238,43
2014,8,23,16,0,387,402,184,41
2014,8,23,17,0,176,157,129,39
2014,8,23,18,0,10,0,10,37
2014,8,23,19,0,0,0,0,36
2014,8,23,20,0,0,0,0,35
2014,8,23,21,0,0,0,0,34
2014,8,23,22,0,0,0,0,33
2014,8,23,23,0,0,0,0,32
2014,8,24,0,0,0,0,0,32
2014,8,24,1,0,0,0,0,31
2014,8,24,2,0,0,0,0,31
2014,8,24,3,0,0,0,0,30
2014,8,24,4,0,0,0,0,30
2014,8,24,5,0,0,0,0,30
2014,8,24,6,0,40,11,38,31
2014,8,24,7,0,222,239,140,33
2014,8,24,8,0,429,431,194,36
2014,8,24,9,0,634,543,244,40
2014,8,24,10,0,784,606,268,42
2014,8,24,11,0,876,640,281,44
2014,8,24,12,0,903,649,284,45
2014,8,24,13,0,863,636,279,46
2014,8,24,14,0,758,598,264,45
2014,8,24,15,0,598,527,237,44
2014,8,24,16,0,384,400,183,42
2014,8,24,17,0,172,151,128,40
2014,8,24,18,0,9,0,9,37
2014,8,24,19,0,0,0,0,36
2014,8,24,20,0,0,0,0,36
2014,8,24,21,0,0,0,0,35
2014,8,24,22,0,0,0,0,35
2014,8,24,23,0,0,0,0,34
2014,8,25,0,0,0,0,0,33
2014,8,25,1,0,0,0,0,32
2014,8,25,2,0,0,0,0,32
2014,8,25,3,0,0,0,0,31
2014,8,25,4,0,0,0,0,30
2014,8,25,5,0,0,0,0,30
2014,8,25,6,0,38,4,37,32
2014,8,25,7,0,220,235,140,36
2014,8,25,8,0,427,431,192,40
2014,8,25,9,0,638,548,245,42
2014,8,25,10,0,788,611,269,44
2014,8,25,11,0,881,645,282,46
2014,8,25,12,0,908,654,286,46
2014,8,25,13,0,866,640,280,46
2014,8,25,14,0,724,577,249,46
2014,8,25,15,0,595,526,237,45
2014,8,25,16,0,380,398,182,43
2014,8,25,17,0,173,178,121,40
2014,8,25,18,0,7,0,7,38
2014,8,25,19,0,0,0,0,37
2014,8,25,20,0,0,0,0,36
2014,8,25,21,0,0,0,0,35
2014,8,25,22,0,0,0,0,34
2014,8,25,23,0,0,0,0,33
2014,8,26,0,0,0,0,0,32
2014,8,26,1,0,0,0,0,32
2014,8,26,2,0,0,0,0,31
2014,8,26,3,0,0,0,0,31
2014,8,26,4,0,0,0,0,31
2014,8,26,5,0,0,0,0,31
2014,8,26,6,0,37,0,37,32
2014,8,26,7,0,218,232,139,34
2014,8,26,8,0,435,429,203,36
2014,8,26,9,0,624,534,241,39
2014,8,26,10,0,770,596,265,41
2014,8,26,11,0,861,629,278,44
2014,8,26,12,0,887,638,281,45
2014,8,26,13,0,846,624,276,45
2014,8,26,14,0,741,585,260,44
2014,8,26,15,0,537,391,272,43
2014,8,26,16,0,357,341,188,42
2014,8,26,17,0,169,126,133,40
2014,8,26,18,0,7,0,7,37
2014,8,26,19,0,0,0,0,37
2014,8,26,20,0,0,0,0,36
2014,8,26,21,0,0,0,0,35
2014,8,26,22,0,0,0,0,34
2014,8,26,23,0,0,0,0,34
2014,8,27,0,0,0,0,0,33
2014,8,27,1,0,0,0,0,33
2014,8,27,2,0,0,0,0,32
2014,8,27,3,0,0,0,0,32
2014,8,27,4,0,0,0,0,31
2014,8,27,5,0,0,0,0,31
2014,8,27,6,0,36,0,36,33
2014,8,27,7,0,217,229,140,35
2014,8,27,8,0,415,397,200,38
2014,8,27,9,0,623,534,241,41
2014,8,27,10,0,771,598,265,43
2014,8,27,11,0,863,631,278,44
2014,8,27,12,0,889,641,282,45
2014,8,27,13,0,848,627,276,45
2014,8,27,14,0,742,588,261,45
2014,8,27,15,0,582,516,234,44
2014,8,27,16,0,365,364,186,42
2014,8,27,17,0,160,132,123,40
2014,8,27,18,0,8,0,8,38
2014,8,27,19,0,0,0,0,37
2014,8,27,20,0,0,0,0,36
2014,8,27,21,0,0,0,0,35
2014,8,27,22,0,0,0,0,34
2014,8,27,23,0,0,0,0,34
2014,8,28,0,0,0,0,0,33
2014,8,28,1,0,0,0,0,32
2014,8,28,2,0,0,0,0,31
2014,8,28,3,0,0,0,0,31
2014,8,28,4,0,0,0,0,30
2014,8,28,5,0,0,0,0,30
2014,8,28,6,0,20,0,20,31
2014,8,28,7,0,149,48,133,33
2014,8,28,8,0,408,346,221,34
2014,8,28,9,0,525,279,326,35
2014,8,28,10,0,768,596,265,35
2014,8,28,11,0,859,629,278,37
2014,8,28,12,0,836,598,270,38
2014,8,28,13,0,703,335,398,40
2014,8,28,14,0,126,0,126,40
2014,8,28,15,0,102,0,102,40
2014,8,28,16,0,70,0,70,38
2014,8,28,17,0,31,0,31,36
2014,8,28,18,0,2,0,2,34
2014,8,28,19,0,0,0,0,33
2014,8,28,20,0,0,0,0,32
2014,8,28,21,0,0,0,0,32
2014,8,28,22,0,0,0,0,31
2014,8,28,23,0,0,0,0,30
2014,8,29,0,0,0,0,0,30
2014,8,29,1,0,0,0,0,29
2014,8,29,2,0,0,0,0,29
2014,8,29,3,0,0,0,0,29
2014,8,29,4,0,0,0,0,29
2014,8,29,5,0,0,0,0,28
2014,8,29,6,0,37,2,36,29
2014,8,29,7,0,189,105,154,30
2014,8,29,8,0,324,110,264,32
2014,8,29,9,0,470,177,344,37
2014,8,29,10,0,471,112,376,37
2014,8,29,11,0,243,13,231,37
2014,8,29,12,0,477,112,371,37
2014,8,29,13,0,677,296,408,36
2014,8,29,14,0,701,551,253,35
2014,8,29,15,0,569,505,231,35
2014,8,29,16,0,357,322,201,34
2014,8,29,17,0,147,105,118,33
2014,8,29,18,0,2,0,2,32
2014,8,29,19,0,0,0,0,32
2014,8,29,20,0,0,0,0,31
2014,8,29,21,0,0,0,0,31
2014,8,29,22,0,0,0,0,30
2014,8,29,23,0,0,0,0,30
2014,8,30,0,0,0,0,0,29
2014,8,30,1,0,0,0,0,29
2014,8,30,2,0,0,0,0,29
2014,8,30,3,0,0,0,0,28
2014,8,30,4,0,0,0,0,28
2014,8,30,5,0,0,0,0,28
2014,8,30,6,0,24,0,24,29
2014,8,30,7,0,151,54,133,32
2014,8,30,8,0,111,0,111,34
2014,8,30,9,0,321,33,297,35
2014,8,30,10,0,420,46,381,35
2014,8,30,11,0,607,216,408,35
2014,8,30,12,0,818,582,270,36
2014,8,30,13,0,813,555,311,36
2014,8,30,14,0,124,0,124,37
2014,8,30,15,0,105,0,105,36
2014,8,30,16,0,68,0,68,35
2014,8,30,17,0,28,0,28,34
2014,8,30,18,0,2,0,2,31
2014,8,30,19,0,0,0,0,31
2014,8,30,20,0,0,0,0,30
2014,8,30,21,0,0,0,0,30
2014,8,30,22,0,0,0,0,30
2014,8,30,23,0,0,0,0,30
2014,8,31,0,0,0,0,0,29
2014,8,31,1,0,0,0,0,29
2014,8,31,2,0,0,0,0,28
2014,8,31,3,0,0,0,0,28
2014,8,31,4,0,0,0,0,28
2014,8,31,5,0,0,0,0,28
2014,8,31,6,0,28,0,28,30
2014,8,31,7,0,196,153,145,33
2014,8,31,8,0,333,157,249,34
2014,8,31,9,0,570,359,315,35
2014,8,31,10,0,306,27,283,36
2014,8,31,11,0,166,2,164,36
2014,8,31,12,0,141,0,141,36
2014,8,31,13,0,138,0,138,35
2014,8,31,14,0,179,3,176,35
2014,8,31,15,0,288,29,268,35
2014,8,31,16,0,258,93,213,34
2014,8,31,17,0,79,0,79,33
2014,8,31,18,0,2,0,2,32
2014,8,31,19,0,0,0,0,31
2014,8,31,20,0,0,0,0,31
2014,8,31,21,0,0,0,0,30
2014,8,31,22,0,0,0,0,30
2014,8,31,23,0,0,0,0,29
2014,9,1,0,0,0,0,0,29
2014,9,1,1,0,0,0,0,28
2014,9,1,2,0,0,0,0,27
2014,9,1,3,0,0,0,0,27
2014,9,1,4,0,0,0,0,27
2014,9,1,5,0,0,0,0,27
2014,9,1,6,0,38,11,36,27
2014,9,1,7,0,229,332,120,28
2014,9,1,8,0,439,506,169,29
2014,9,1,9,0,628,608,199,31
2014,9,1,10,0,775,666,217,33
2014,9,1,11,0,865,696,227,35
2014,9,1,12,0,756,414,368,38
2014,9,1,13,0,840,619,283,39
2014,9,1,14,0,726,647,206,39
2014,9,1,15,0,576,577,196,38
2014,9,1,16,0,377,465,157,37
2014,9,1,17,0,92,13,88,35
2014,9,1,18,0,2,0,2,33
2014,9,1,19,0,0,0,0,32
2014,9,1,20,0,0,0,0,32
2014,9,1,21,0,0,0,0,31
2014,9,1,22,0,0,0,0,30
2014,9,1,23,0,0,0,0,30
2014,9,2,0,0,0,0,0,29
2014,9,2,1,0,0,0,0,29
2014,9,2,2,0,0,0,0,28
2014,9,2,3,0,0,0,0,28
2014,9,2,4,0,0,0,0,28
2014,9,2,5,0,0,0,0,28
2014,9,2,6,0,33,0,33,29
2014,9,2,7,0,166,84,138,30
2014,9,2,8,0,231,37,211,31
2014,9,2,9,0,612,489,267,33
2014,9,2,10,0,750,579,266,35
2014,9,2,11,0,513,124,399,35
2014,9,2,12,0,729,330,420,35
2014,9,2,13,0,461,86,383,36
2014,9,2,14,0,624,309,376,36
2014,9,2,15,0,146,0,146,35
2014,9,2,16,0,88,0,88,34
2014,9,2,17,0,49,0,49,33
2014,9,2,18,0,1,0,1,32
2014,9,2,19,0,0,0,0,31
2014,9,2,20,0,0,0,0,31
2014,9,2,21,0,0,0,0,30
2014,9,2,22,0,0,0,0,29
2014,9,2,23,0,0,0,0,29
2014,9,3,0,0,0,0,0,28
2014,9,3,1,0,0,0,0,28
2014,9,3,2,0,0,0,0,27
2014,9,3,3,0,0,0,0,27
2014,9,3,4,0,0,0,0,27
2014,9,3,5,0,0,0,0,27
2014,9,3,6,0,31,0,31,27
2014,9,3,7,0,170,95,139,29
2014,9,3,8,0,275,72,236,29
2014,9,3,9,0,489,213,339,30
2014,9,3,10,0,598,271,371,30
2014,9,3,11,0,368,50,322,30
2014,9,3,12,0,473,53,423,30
2014,9,3,13,0,512,108,415,30
2014,9,3,14,0,676,499,278,30
2014,9,3,15,0,498,307,297,30
2014,9,3,16,0,100,0,100,30
2014,9,3,17,0,36,0,36,29
2014,9,3,18,0,1,0,1,29
2014,9,3,19,0,0,0,0,28
2014,9,3,20,0,0,0,0,28
2014,9,3,21,0,0,0,0,28
2014,9,3,22,0,0,0,0,27
2014,9,3,23,0,0,0,0,27
2014,9,4,0,0,0,0,0,27
2014,9,4,1,0,0,0,0,26
2014,9,4,2,0,0,0,0,26
2014,9,4,3,0,0,0,0,26
2014,9,4,4,0,0,0,0,26
2014,9,4,5,0,0,0,0,26
2014,9,4,6,0,23,0,23,26
2014,9,4,7,0,77,0,77,28
2014,9,4,8,0,273,78,231,29
2014,9,4,9,0,536,317,313,29
2014,9,4,10,0,552,219,369,29
2014,9,4,11,0,259,14,246,30
2014,9,4,12,0,327,36,293,29
2014,9,4,13,0,732,372,400,29
2014,9,4,14,0,274,39,243,29
2014,9,4,15,0,509,346,284,29
2014,9,4,16,0,202,28,189,28
2014,9,4,17,0,85,1,84,28
2014,9,4,18,0,1,0,1,27
2014,9,4,19,0,0,0,0,27
2014,9,4,20,0,0,0,0,27
2014,9,4,21,0,0,0,0,27
2014,9,4,22,0,0,0,0,26
2014,9,4,23,0,0,0,0,26
2014,9,5,0,0,0,0,0,26
2014,9,5,1,0,0,0,0,26
2014,9,5,2,0,0,0,0,26
2014,9,5,3,0,0,0,0,26
2014,9,5,4,0,0,0,0,26
2014,9,5,5,0,0,0,0,26
2014,9,5,6,0,22,0,22,26
2014,9,5,7,0,161,78,136,27
2014,9,5,8,0,309,94,259,27
2014,9,5,9,0,464,178,339,28
2014,9,5,10,0,638,326,367,29
2014,9,5,11,0,472,121,362,29
2014,9,5,12,0,712,309,425,29
2014,9,5,13,0,431,68,370,30
2014,9,5,14,0,158,1,157,30
2014,9,5,15,0,112,0,112,29
2014,9,5,16,0,165,8,161,29
2014,9,5,17,0,90,6,88,29
2014,9,5,18,0,1,0,1,28
2014,9,5,19,0,0,0,0,28
2014,9,5,20,0,0,0,0,28
2014,9,5,21,0,0,0,0,27
2014,9,5,22,0,0,0,0,27
2014,9,5,23,0,0,0,0,27
2014,9,6,0,0,0,0,0,26
2014,9,6,1,0,0,0,0,26
2014,9,6,2,0,0,0,0,26
2014,9,6,3,0,0,0,0,26
2014,9,6,4,0,0,0,0,26
2014,9,6,5,0,0,0,0,26
2014,9,6,6,0,35,11,33,26
2014,9,6,7,0,104,0,104,26
2014,9,6,8,0,235,21,223,27
2014,9,6,9,0,292,24,275,28
2014,9,6,10,0,533,177,386,29
2014,9,6,11,0,557,142,428,30
2014,9,6,12,0,878,702,229,30
2014,9,6,13,0,833,688,224,31
2014,9,6,14,0,724,650,211,31
2014,9,6,15,0,468,277,290,31
2014,9,6,16,0,267,110,217,30
2014,9,6,17,0,134,102,109,30
2014,9,6,18,0,0,0,0,29
2014,9,6,19,0,0,0,0,28
2014,9,6,20,0,0,0,0,28
2014,9,6,21,0,0,0,0,28
2014,9,6,22,0,0,0,0,28
2014,9,6,23,0,0,0,0,27
2014,9,7,0,0,0,0,0,27
2014,9,7,1,0,0,0,0,26
2014,9,7,2,0,0,0,0,26
2014,9,7,3,0,0,0,0,26
2014,9,7,4,0,0,0,0,26
2014,9,7,5,0,0,0,0,25
2014,9,7,6,0,30,0,30,26
2014,9,7,7,0,214,234,139,28
2014,9,7,8,0,337,172,247,30
2014,9,7,9,0,613,544,234,32
2014,9,7,10,0,766,665,217,32
2014,9,7,11,0,823,596,284,32
2014,9,7,12,0,877,702,229,33
2014,9,7,13,0,712,383,374,33
2014,9,7,14,0,720,648,211,33
2014,9,7,15,0,463,272,289,33
2014,9,7,16,0,324,327,176,33
2014,9,7,17,0,129,95,106,31
2014,9,7,18,0,0,0,0,30
2014,9,7,19,0,0,0,0,30
2014,9,7,20,0,0,0,0,29
2014,9,7,21,0,0,0,0,29
2014,9,7,22,0,0,0,0,28
2014,9,7,23,0,0,0,0,28
2014,9,8,0,0,0,0,0,28
2014,9,8,1,0,0,0,0,27
2014,9,8,2,0,0,0,0,27
2014,9,8,3,0,0,0,0,27
2014,9,8,4,0,0,0,0,26
2014,9,8,5,0,0,0,0,26
2014,9,8,6,0,32,6,31,27
2014,9,8,7,0,219,321,117,29
2014,9,8,8,0,428,499,167,31
2014,9,8,9,0,617,603,197,32
2014,9,8,10,0,763,663,216,32
2014,9,8,11,0,661,284,405,32
2014,9,8,12,0,817,583,280,33
2014,9,8,13,0,771,547,290,33
2014,9,8,14,0,715,646,210,33
2014,9,8,15,0,550,572,188,32
2014,9,8,16,0,350,444,151,32
2014,9,8,17,0,141,189,97,31
2014,9,8,18,0,0,0,0,30
2014,9,8,19,0,0,0,0,30
2014,9,8,20,0,0,0,0,29
2014,9,8,21,0,0,0,0,29
2014,9,8,22,0,0,0,0,28
2014,9,8,23,0,0,0,0,28
2014,9,9,0,0,0,0,0,28
2014,9,9,1,0,0,0,0,27
2014,9,9,2,0,0,0,0,27
2014,9,9,3,0,0,0,0,26
2014,9,9,4,0,0,0,0,26
2014,9,9,5,0,0,0,0,26
2014,9,9,6,0,31,3,30,27
2014,9,9,7,0,218,320,117,29
2014,9,9,8,0,426,499,167,31
2014,9,9,9,0,585,512,230,32
2014,9,9,10,0,751,625,236,33
2014,9,9,11,0,808,574,292,33
2014,9,9,12,0,842,644,251,33
2014,9,9,13,0,823,685,223,33
2014,9,9,14,0,469,140,360,33
2014,9,9,15,0,365,119,290,32
2014,9,9,16,0,168,12,162,32
2014,9,9,17,0,56,0,56,31
2014,9,9,18,0,0,0,0,29
2014,9,9,19,0,0,0,0,28
2014,9,9,20,0,0,0,0,28
2014,9,9,21,0,0,0,0,28
2014,9,9,22,0,0,0,0,28
2014,9,9,23,0,0,0,0,28
2014,9,10,0,0,0,0,0,27
2014,9,10,1,0,0,0,0,27
2014,9,10,2,0,0,0,0,27
2014,9,10,3,0,0,0,0,26
2014,9,10,4,0,0,0,0,26
2014,9,10,5,0,0,0,0,26
2014,9,10,6,0,29,0,29,27
2014,9,10,7,0,216,318,117,29
2014,9,10,8,0,424,492,169,31
2014,9,10,9,0,606,585,201,32
2014,9,10,10,0,759,662,216,32
2014,9,10,11,0,847,692,226,32
2014,9,10,12,0,867,699,228,32
2014,9,10,13,0,345,33,316,32
2014,9,10,14,0,148,0,148,31
2014,9,10,15,0,101,0,101,31
2014,9,10,16,0,73,0,73,31
2014,9,10,17,0,31,0,31,29
2014,9,10,18,0,0,0,0,28
2014,9,10,19,0,0,0,0,28
2014,9,10,20,0,0,0,0,28
2014,9,10,21,0,0,0,0,28
2014,9,10,22,0,0,0,0,27
2014,9,10,23,0,0,0,0,27
2014,9,11,0,0,0,0,0,27
2014,9,11,1,0,0,0,0,26
2014,9,11,2,0,0,0,0,26
2014,9,11,3,0,0,0,0,26
2014,9,11,4,0,0,0,0,26
2014,9,11,5,0,0,0,0,25
2014,9,11,6,0,28,0,28,26
2014,9,11,7,0,184,172,130,27
2014,9,11,8,0,199,19,189,29
2014,9,11,9,0,429,152,324,30
2014,9,11,10,0,384,60,334,31
2014,9,11,11,0,173,3,170,31
2014,9,11,12,0,191,3,188,31
2014,9,11,13,0,441,80,371,31
2014,9,11,14,0,126,0,126,31
2014,9,11,15,0,362,128,282,31
2014,9,11,16,0,337,272,219,30
2014,9,11,17,0,49,0,49,30
2014,9,11,18,0,0,0,0,28
2014,9,11,19,0,0,0,0,28
2014,9,11,20,0,0,0,0,27
2014,9,11,21,0,0,0,0,27
2014,9,11,22,0,0,0,0,27
2014,9,11,23,0,0,0,0,26
2014,9,12,0,0,0,0,0,26
2014,9,12,1,0,0,0,0,26
2014,9,12,2,0,0,0,0,25
2014,9,12,3,0,0,0,0,25
2014,9,12,4,0,0,0,0,25
2014,9,12,5,0,0,0,0,24
2014,9,12,6,0,27,0,27,25
2014,9,12,7,0,194,210,129,27
2014,9,12,8,0,425,494,171,31
2014,9,12,9,0,616,608,198,33
2014,9,12,10,0,763,668,217,34
2014,9,12,11,0,814,597,281,34
2014,9,12,12,0,867,678,250,34
2014,9,12,13,0,778,585,271,33
2014,9,12,14,0,705,645,210,33
2014,9,12,15,0,489,389,248,32
2014,9,12,16,0,335,434,148,31
2014,9,12,17,0,122,147,90,30
2014,9,12,18,0,0,0,0,29
2014,9,12,19,0,0,0,0,28
2014,9,12,20,0,0,0,0,28
2014,9,12,21,0,0,0,0,27
2014,9,12,22,0,0,0,0,27
2014,9,12,23,0,0,0,0,27
2014,9,13,0,0,0,0,0,26
2014,9,13,1,0,0,0,0,26
2014,9,13,2,0,0,0,0,25
2014,9,13,3,0,0,0,0,25
2014,9,13,4,0,0,0,0,25
2014,9,13,5,0,0,0,0,24
2014,9,13,6,0,26,0,26,25
2014,9,13,7,0,197,228,127,28
2014,9,13,8,0,423,491,171,31
2014,9,13,9,0,623,617,200,33
2014,9,13,10,0,772,679,219,35
2014,9,13,11,0,861,710,229,36
2014,9,13,12,0,881,717,231,37
2014,9,13,13,0,831,701,226,37
2014,9,13,14,0,716,659,212,36
2014,9,13,15,0,544,579,188,35
2014,9,13,16,0,337,441,149,34
2014,9,13,17,0,117,122,91,32
2014,9,13,18,0,0,0,0,31
2014,9,13,19,0,0,0,0,30
2014,9,13,20,0,0,0,0,30
2014,9,13,21,0,0,0,0,29
2014,9,13,22,0,0,0,0,28
2014,9,13,23,0,0,0,0,28
2014,9,14,0,0,0,0,0,27
2014,9,14,1,0,0,0,0,27
2014,9,14,2,0,0,0,0,26
2014,9,14,3,0,0,0,0,26
2014,9,14,4,0,0,0,0,26
2014,9,14,5,0,0,0,0,25
2014,9,14,6,0,24,0,24,26
2014,9,14,7,0,195,225,126,29
2014,9,14,8,0,290,117,230,32
2014,9,14,9,0,616,610,198,35
2014,9,14,10,0,763,671,217,36
2014,9,14,11,0,850,702,227,37
2014,9,14,12,0,817,579,294,37
2014,9,14,13,0,800,644,246,37
2014,9,14,14,0,669,574,232,36
2014,9,14,15,0,530,564,185,35
2014,9,14,16,0,329,431,147,34
2014,9,14,17,0,107,92,88,32
2014,9,14,18,0,0,0,0,31
2014,9,14,19,0,0,0,0,30
2014,9,14,20,0,0,0,0,29
2014,9,14,21,0,0,0,0,29
2014,9,14,22,0,0,0,0,28
2014,9,14,23,0,0,0,0,27
2014,9,15,0,0,0,0,0,27
2014,9,15,1,0,0,0,0,26
2014,9,15,2,0,0,0,0,26
2014,9,15,3,0,0,0,0,25
2014,9,15,4,0,0,0,0,25
2014,9,15,5,0,0,0,0,25
2014,9,15,6,0,23,0,23,26
2014,9,15,7,0,209,317,113,29
2014,9,15,8,0,429,511,169,32
2014,9,15,9,0,621,617,200,34
2014,9,15,10,0,766,677,218,35
2014,9,15,11,0,851,705,228,36
2014,9,15,12,0,868,709,229,35
2014,9,15,13,0,816,691,224,35
2014,9,15,14,0,699,647,210,34
2014,9,15,15,0,530,567,186,34
2014,9,15,16,0,326,430,147,33
2014,9,15,17,0,107,103,86,32
2014,9,15,18,0,0,0,0,30
2014,9,15,19,0,0,0,0,29
2014,9,15,20,0,0,0,0,29
2014,9,15,21,0,0,0,0,28
2014,9,15,22,0,0,0,0,27
2014,9,15,23,0,0,0,0,27
2014,9,16,0,0,0,0,0,26
2014,9,16,1,0,0,0,0,26
2014,9,16,2,0,0,0,0,25
2014,9,16,3,0,0,0,0,25
2014,9,16,4,0,0,0,0,25
2014,9,16,5,0,0,0,0,24
2014,9,16,6,0,22,0,22,26
2014,9,16,7,0,202,289,115,28
2014,9,16,8,0,421,462,186,33
2014,9,16,9,0,507,291,309,35
2014,9,16,10,0,714,576,249,37
2014,9,16,11,0,813,617,269,38
2014,9,16,12,0,809,574,294,39
2014,9,16,13,0,820,685,235,39
2014,9,16,14,0,674,603,220,39
2014,9,16,15,0,529,553,195,38
2014,9,16,16,0,274,227,180,36
2014,9,16,17,0,103,79,87,34
2014,9,16,18,0,0,0,0,32
2014,9,16,19,0,0,0,0,32
2014,9,16,20,0,0,0,0,31
2014,9,16,21,0,0,0,0,30
2014,9,16,22,0,0,0,0,30
2014,9,16,23,0,0,0,0,29
2014,9,17,0,0,0,0,0,29
2014,9,17,1,0,0,0,0,28
2014,9,17,2,0,0,0,0,27
2014,9,17,3,0,0,0,0,27
2014,9,17,4,0,0,0,0,26
2014,9,17,5,0,0,0,0,26
2014,9,17,6,0,24,0,24,27
2014,9,17,7,0,205,309,112,29
2014,9,17,8,0,422,504,167,33
2014,9,17,9,0,613,611,198,36
2014,9,17,10,0,759,672,217,38
2014,9,17,11,0,845,703,227,39
2014,9,17,12,0,863,709,229,40
2014,9,17,13,0,812,692,224,40
2014,9,17,14,0,668,597,220,39
2014,9,17,15,0,525,568,185,38
2014,9,17,16,0,320,428,146,37
2014,9,17,17,0,103,104,83,35
2014,9,17,18,0,0,0,0,33
2014,9,17,19,0,0,0,0,32
2014,9,17,20,0,0,0,0,31
2014,9,17,21,0,0,0,0,31
2014,9,17,22,0,0,0,0,30
2014,9,17,23,0,0,0,0,29
2014,9,18,0,0,0,0,0,29
2014,9,18,1,0,0,0,0,28
2014,9,18,2,0,0,0,0,27
2014,9,18,3,0,0,0,0,27
2014,9,18,4,0,0,0,0,26
2014,9,18,5,0,0,0,0,26
2014,9,18,6,0,23,0,23,27
2014,9,18,7,0,209,316,115,29
2014,9,18,8,0,422,505,167,33
2014,9,18,9,0,614,614,199,36
2014,9,18,10,0,760,676,218,39
2014,9,18,11,0,847,707,228,40
2014,9,18,12,0,866,713,230,41
2014,9,18,13,0,814,697,224,41
2014,9,18,14,0,698,653,210,40
2014,9,18,15,0,526,571,186,39
2014,9,18,16,0,316,397,155,38
2014,9,18,17,0,98,93,80,35
2014,9,18,18,0,0,0,0,33
2014,9,18,19,0,0,0,0,32
2014,9,18,20,0,0,0,0,32
2014,9,18,21,0,0,0,0,31
2014,9,18,22,0,0,0,0,30
2014,9,18,23,0,0,0,0,30
2014,9,19,0,0,0,0,0,29
2014,9,19,1,0,0,0,0,28
2014,9,19,2,0,0,0,0,28
2014,9,19,3,0,0,0,0,27
2014,9,19,4,0,0,0,0,26
2014,9,19,5,0,0,0,0,26
2014,9,19,6,0,21,0,21,27
2014,9,19,7,0,210,319,116,29
2014,9,19,8,0,424,511,168,33
2014,9,19,9,0,616,619,200,37
2014,9,19,10,0,763,680,219,39
2014,9,19,11,0,848,709,228,40
2014,9,19,12,0,864,714,230,41
2014,9,19,13,0,810,695,224,41
2014,9,19,14,0,691,649,209,40
2014,9,19,15,0,519,566,185,39
2014,9,19,16,0,312,393,155,38
2014,9,19,17,0,93,83,77,35
2014,9,19,18,0,0,0,0,33
2014,9,19,19,0,0,0,0,32
2014,9,19,20,0,0,0,0,32
2014,9,19,21,0,0,0,0,31
2014,9,19,22,0,0,0,0,30
2014,9,19,23,0,0,0,0,30
2014,9,20,0,0,0,0,0,29
2014,9,20,1,0,0,0,0,28
2014,9,20,2,0,0,0,0,28
2014,9,20,3,0,0,0,0,27
2014,9,20,4,0,0,0,0,26
2014,9,20,5,0,0,0,0,26
2014,9,20,6,0,20,0,20,27
2014,9,20,7,0,198,294,111,29
2014,9,20,8,0,422,509,168,33
2014,9,20,9,0,615,619,200,37
2014,9,20,10,0,762,681,219,39
2014,9,20,11,0,849,712,229,41
2014,9,20,12,0,867,719,231,41
2014,9,20,13,0,782,613,267,41
2014,9,20,14,0,625,463,283,40
2014,9,20,15,0,404,237,265,39
2014,9,20,16,0,304,375,155,37
2014,9,20,17,0,83,63,71,35
2014,9,20,18,0,0,0,0,33
2014,9,20,19,0,0,0,0,32
2014,9,20,20,0,0,0,0,31
2014,9,20,21,0,0,0,0,30
2014,9,20,22,0,0,0,0,30
2014,9,20,23,0,0,0,0,29
2014,9,21,0,0,0,0,0,28
2014,9,21,1,0,0,0,0,27
2014,9,21,2,0,0,0,0,26
2014,9,21,3,0,0,0,0,26
2014,9,21,4,0,0,0,0,25
2014,9,21,5,0,0,0,0,24
2014,9,21,6,0,16,0,16,25
2014,9,21,7,0,196,289,111,28
2014,9,21,8,0,413,507,161,32
2014,9,21,9,0,605,619,191,36
2014,9,21,10,0,762,683,219,38
2014,9,21,11,0,849,714,229,40
2014,9,21,12,0,866,720,231,41
2014,9,21,13,0,812,702,225,41
2014,9,21,14,0,692,656,210,40
2014,9,21,15,0,517,571,185,39
2014,9,21,16,0,303,386,152,38
2014,9,21,17,0,84,72,71,35
2014,9,21,18,0,0,0,0,33
2014,9,21,19,0,0,0,0,32
2014,9,21,20,0,0,0,0,31
2014,9,21,21,0,0,0,0,30
2014,9,21,22,0,0,0,0,30
2014,9,21,23,0,0,0,0,29
2014,9,22,0,0,0,0,0,28
2014,9,22,1,0,0,0,0,27
2014,9,22,2,0,0,0,0,27
2014,9,22,3,0,0,0,0,26
2014,9,22,4,0,0,0,0,26
2014,9,22,5,0,0,0,0,25
2014,9,22,6,0,18,0,18,26
2014,9,22,7,0,204,311,114,29
2014,9,22,8,0,417,505,167,33
2014,9,22,9,0,609,616,199,36
2014,9,22,10,0,756,679,218,38
2014,9,22,11,0,842,710,228,40
2014,9,22,12,0,859,716,230,41
2014,9,22,13,0,806,699,224,41
2014,9,22,14,0,687,654,210,40
2014,9,22,15,0,514,569,185,39
2014,9,22,16,0,298,380,151,37
2014,9,22,17,0,79,61,68,35
2014,9,22,18,0,0,0,0,33
2014,9,22,19,0,0,0,0,32
2014,9,22,20,0,0,0,0,31
2014,9,22,21,0,0,0,0,30
2014,9,22,22,0,0,0,0,30
2014,9,22,23,0,0,0,0,29
2014,9,23,0,0,0,0,0,28
2014,9,23,1,0,0,0,0,27
2014,9,23,2,0,0,0,0,26
2014,9,23,3,0,0,0,0,26
2014,9,23,4,0,0,0,0,25
2014,9,23,5,0,0,0,0,25
2014,9,23,6,0,17,0,17,26
2014,9,23,7,0,196,303,108,29
2014,9,23,8,0,418,508,167,32
2014,9,23,9,0,600,617,190,36
2014,9,23,10,0,760,684,219,38
2014,9,23,11,0,847,717,229,40
2014,9,23,12,0,864,723,231,41
2014,9,23,13,0,810,705,225,41
2014,9,23,14,0,688,658,211,41
2014,9,23,15,0,512,571,185,40
2014,9,23,16,0,295,379,150,38
2014,9,23,17,0,80,72,68,35
2014,9,23,18,0,0,0,0,33
2014,9,23,19,0,0,0,0,32
2014,9,23,20,0,0,0,0,31
2014,9,23,21,0,0,0,0,30
2014,9,23,22,0,0,0,0,29
2014,9,23,23,0,0,0,0,28
2014,9,24,0,0,0,0,0,28
2014,9,24,1,0,0,0,0,27
2014,9,24,2,0,0,0,0,26
2014,9,24,3,0,0,0,0,26
2014,9,24,4,0,0,0,0,25
2014,9,24,5,0,0,0,0,25
2014,9,24,6,0,15,0,15,26
2014,9,24,7,0,194,299,108,29
2014,9,24,8,0,416,507,167,33
2014,9,24,9,0,598,617,190,36
2014,9,24,10,0,755,681,219,38
2014,9,24,11,0,841,712,229,40
2014,9,24,12,0,857,718,230,41
2014,9,24,13,0,802,700,224,41
2014,9,24,14,0,681,653,210,40
2014,9,24,15,0,506,566,184,39
2014,9,24,16,0,290,375,148,37
2014,9,24,17,0,75,61,65,34
2014,9,24,18,0,0,0,0,33
2014,9,24,19,0,0,0,0,32
2014,9,24,20,0,0,0,0,31
2014,9,24,21,0,0,0,0,30
2014,9,24,22,0,0,0,0,29
2014,9,24,23,0,0,0,0,28
2014,9,25,0,0,0,0,0,28
2014,9,25,1,0,0,0,0,27
2014,9,25,2,0,0,0,0,26
2014,9,25,3,0,0,0,0,26
2014,9,25,4,0,0,0,0,25
2014,9,25,5,0,0,0,0,25
2014,9,25,6,0,14,0,14,26
2014,9,25,7,0,198,303,112,29
2014,9,25,8,0,409,498,166,33
2014,9,25,9,0,600,610,198,36
2014,9,25,10,0,746,674,217,37
2014,9,25,11,0,830,705,227,39
2014,9,25,12,0,846,710,229,39
2014,9,25,13,0,791,692,223,39
2014,9,25,14,0,671,645,208,39
2014,9,25,15,0,496,557,182,38
2014,9,25,16,0,286,371,147,36
2014,9,25,17,0,70,52,61,34
2014,9,25,18,0,0,0,0,32
2014,9,25,19,0,0,0,0,31
2014,9,25,20,0,0,0,0,31
2014,9,25,21,0,0,0,0,30
2014,9,25,22,0,0,0,0,29
2014,9,25,23,0,0,0,0,28
2014,9,26,0,0,0,0,0,27
2014,9,26,1,0,0,0,0,27
2014,9,26,2,0,0,0,0,26
2014,9,26,3,0,0,0,0,25
2014,9,26,4,0,0,0,0,25
2014,9,26,5,0,0,0,0,24
2014,9,26,6,0,13,0,13,25
2014,9,26,7,0,196,302,111,28
2014,9,26,8,0,407,497,165,32
2014,9,26,9,0,597,608,197,35
2014,9,26,10,0,740,670,217,37
2014,9,26,11,0,824,700,226,38
2014,9,26,12,0,773,573,277,38
2014,9,26,13,0,770,638,248,38
2014,9,26,14,0,627,574,217,37
2014,9,26,15,0,456,427,216,37
2014,9,26,16,0,275,340,149,35
2014,9,26,17,0,66,43,59,33
2014,9,26,18,0,0,0,0,32
2014,9,26,19,0,0,0,0,31
2014,9,26,20,0,0,0,0,30
2014,9,26,21,0,0,0,0,30
2014,9,26,22,0,0,0,0,29
2014,9,26,23,0,0,0,0,28
2014,9,27,0,0,0,0,0,27
2014,9,27,1,0,0,0,0,27
2014,9,27,2,0,0,0,0,26
2014,9,27,3,0,0,0,0,25
2014,9,27,4,0,0,0,0,25
2014,9,27,5,0,0,0,0,24
2014,9,27,6,0,12,0,12,25
2014,9,27,7,0,188,285,108,28
2014,9,27,8,0,408,501,166,32
2014,9,27,9,0,599,612,198,35
2014,9,27,10,0,743,674,217,37
2014,9,27,11,0,825,704,227,37
2014,9,27,12,0,829,702,224,37
2014,9,27,13,0,726,564,267,37
2014,9,27,14,0,534,290,328,36
2014,9,27,15,0,450,428,212,35
2014,9,27,16,0,277,363,145,34
2014,9,27,17,0,62,34,57,32
2014,9,27,18,0,0,0,0,31
2014,9,27,19,0,0,0,0,30
2014,9,27,20,0,0,0,0,30
2014,9,27,21,0,0,0,0,29
2014,9,27,22,0,0,0,0,28
2014,9,27,23,0,0,0,0,28
2014,9,28,0,0,0,0,0,27
2014,9,28,1,0,0,0,0,27
2014,9,28,2,0,0,0,0,26
2014,9,28,3,0,0,0,0,25
2014,9,28,4,0,0,0,0,25
2014,9,28,5,0,0,0,0,24
2014,9,28,6,0,14,0,14,25
2014,9,28,7,0,185,281,107,28
2014,9,28,8,0,404,497,165,32
2014,9,28,9,0,595,609,198,36
2014,9,28,10,0,739,673,217,38
2014,9,28,11,0,823,704,227,39
2014,9,28,12,0,838,710,229,40
2014,9,28,13,0,781,690,222,40
2014,9,28,14,0,623,582,212,39
2014,9,28,15,0,483,550,180,38
2014,9,28,16,0,269,345,145,36
2014,9,28,17,0,57,27,53,34
2014,9,28,18,0,0,0,0,32
2014,9,28,19,0,0,0,0,31
2014,9,28,20,0,0,0,0,31
2014,9,28,21,0,0,0,0,30
2014,9,28,22,0,0,0,0,29
2014,9,28,23,0,0,0,0,28
2014,9,29,0,0,0,0,0,27
2014,9,29,1,0,0,0,0,27
2014,9,29,2,0,0,0,0,26
2014,9,29,3,0,0,0,0,25
2014,9,29,4,0,0,0,0,25
2014,9,29,5,0,0,0,0,24
2014,9,29,6,0,13,0,13,25
2014,9,29,7,0,183,276,107,28
2014,9,29,8,0,399,490,164,32
2014,9,29,9,0,588,604,196,35
2014,9,29,10,0,732,668,216,38
2014,9,29,11,0,816,700,226,39
2014,9,29,12,0,830,706,228,39
2014,9,29,13,0,775,687,221,39
2014,9,29,14,0,646,609,219,39
2014,9,29,15,0,430,357,234,38
2014,9,29,16,0,231,216,154,36
2014,9,29,17,0,53,19,50,34
2014,9,29,18,0,0,0,0,32
2014,9,29,19,0,0,0,0,31
2014,9,29,20,0,0,0,0,30
2014,9,29,21,0,0,0,0,29
2014,9,29,22,0,0,0,0,29
2014,9,29,23,0,0,0,0,28
2014,9,30,0,0,0,0,0,27
2014,9,30,1,0,0,0,0,26
2014,9,30,2,0,0,0,0,26
2014,9,30,3,0,0,0,0,25
2014,9,30,4,0,0,0,0,25
2014,9,30,5,0,0,0,0,24
2014,9,30,6,0,11,0,11,25
2014,9,30,7,0,181,271,107,28
2014,9,30,8,0,396,488,163,33
2014,9,30,9,0,584,601,196,36
2014,9,30,10,0,727,664,215,38
2014,9,30,11,0,809,695,225,39
2014,9,30,12,0,822,700,227,40
2014,9,30,13,0,765,680,220,40
2014,9,30,14,0,643,630,204,40
2014,9,30,15,0,469,538,177,39
2014,9,30,16,0,258,325,144,37
2014,9,30,17,0,49,12,47,35
2014,9,30,18,0,0,0,0,33
2014,9,30,19,0,0,0,0,32
2014,9,30,20,0,0,0,0,31
2014,9,30,21,0,0,0,0,30
2014,9,30,22,0,0,0,0,29
2014,9,30,23,0,0,0,0,29
2014,10,1,0,0,0,0,0,28
2014,10,1,1,0,0,0,0,28
2014,10,1,2,0,0,0,0,28
2014,10,1,3,0,0,0,0,27
2014,10,1,4,0,0,0,0,27
2014,10,1,5,0,0,0,0,27
2014,10,1,6,0,7,0,7,27
2014,10,1,7,0,161,100,133,29
2014,10,1,8,0,368,335,209,33
2014,10,1,9,0,551,448,263,35
2014,10,1,10,0,690,515,295,36
2014,10,1,11,0,770,549,311,35
2014,10,1,12,0,782,553,313,35
2014,10,1,13,0,672,396,356,34
2014,10,1,14,0,607,477,276,33
2014,10,1,15,0,438,383,232,33
2014,10,1,16,0,238,174,177,33
2014,10,1,17,0,35,0,35,31
2014,10,1,18,0,0,0,0,30
2014,10,1,19,0,0,0,0,29
2014,10,1,20,0,0,0,0,29
2014,10,1,21,0,0,0,0,28
2014,10,1,22,0,0,0,0,28
2014,10,1,23,0,0,0,0,27
2014,10,2,0,0,0,0,0,27
2014,10,2,1,0,0,0,0,27
2014,10,2,2,0,0,0,0,26
2014,10,2,3,0,0,0,0,26
2014,10,2,4,0,0,0,0,25
2014,10,2,5,0,0,0,0,25
2014,10,2,6,0,6,0,6,26
2014,10,2,7,0,159,97,132,29
2014,10,2,8,0,361,300,219,33
2014,10,2,9,0,543,441,260,33
2014,10,2,10,0,680,508,292,34
2014,10,2,11,0,759,541,308,34
2014,10,2,12,0,573,189,413,33
2014,10,2,13,0,716,524,300,33
2014,10,2,14,0,598,471,274,32
2014,10,2,15,0,430,376,229,32
2014,10,2,16,0,233,227,156,31
2014,10,2,17,0,32,0,32,30
2014,10,2,18,0,0,0,0,28
2014,10,2,19,0,0,0,0,28
2014,10,2,20,0,0,0,0,28
2014,10,2,21,0,0,0,0,28
2014,10,2,22,0,0,0,0,28
2014,10,2,23,0,0,0,0,27
2014,10,3,0,0,0,0,0,27
2014,10,3,1,0,0,0,0,27
2014,10,3,2,0,0,0,0,26
2014,10,3,3,0,0,0,0,26
2014,10,3,4,0,0,0,0,25
2014,10,3,5,0,0,0,0,25
2014,10,3,6,0,6,0,6,26
2014,10,3,7,0,113,24,106,29
2014,10,3,8,0,347,245,232,33
2014,10,3,9,0,547,447,262,35
2014,10,3,10,0,686,515,294,36
2014,10,3,11,0,764,548,310,36
2014,10,3,12,0,776,552,312,36
2014,10,3,13,0,719,529,301,35
2014,10,3,14,0,540,282,347,35
2014,10,3,15,0,429,377,229,34
2014,10,3,16,0,226,158,172,34
2014,10,3,17,0,32,0,32,30
2014,10,3,18,0,0,0,0,30
2014,10,3,19,0,0,0,0,30
2014,10,3,20,0,0,0,0,30
2014,10,3,21,0,0,0,0,29
2014,10,3,22,0,0,0,0,28
2014,10,3,23,0,0,0,0,28
2014,10,4,0,0,0,0,0,28
2014,10,4,1,0,0,0,0,27
2014,10,4,2,0,0,0,0,27
2014,10,4,3,0,0,0,0,26
2014,10,4,4,0,0,0,0,26
2014,10,4,5,0,0,0,0,25
2014,10,4,6,0,5,0,5,26
2014,10,4,7,0,154,92,129,29
2014,10,4,8,0,361,329,207,33
2014,10,4,9,0,542,443,261,35
2014,10,4,10,0,680,511,293,36
2014,10,4,11,0,759,545,309,36
2014,10,4,12,0,771,550,311,37
2014,10,4,13,0,714,526,300,36
2014,10,4,14,0,594,471,274,36
2014,10,4,15,0,425,374,228,36
2014,10,4,16,0,227,166,171,34
2014,10,4,17,0,29,0,29,32
2014,10,4,18,0,0,0,0,31
2014,10,4,19,0,0,0,0,30
2014,10,4,20,0,0,0,0,30
2014,10,4,21,0,0,0,0,29
2014,10,4,22,0,0,0,0,28
2014,10,4,23,0,0,0,0,28
2014,10,5,0,0,0,0,0,27
2014,10,5,1,0,0,0,0,26
2014,10,5,2,0,0,0,0,26
2014,10,5,3,0,0,0,0,25
2014,10,5,4,0,0,0,0,25
2014,10,5,5,0,0,0,0,25
2014,10,5,6,0,4,0,4,26
2014,10,5,7,0,152,90,128,28
2014,10,5,8,0,360,330,207,33
2014,10,5,9,0,541,443,261,35
2014,10,5,10,0,680,512,293,36
2014,10,5,11,0,759,546,309,37
2014,10,5,12,0,771,552,312,37
2014,10,5,13,0,714,529,300,37
2014,10,5,14,0,594,473,274,36
2014,10,5,15,0,424,376,228,35
2014,10,5,16,0,215,145,167,34
2014,10,5,17,0,26,0,26,32
2014,10,5,18,0,0,0,0,30
2014,10,5,19,0,0,0,0,30
2014,10,5,20,0,0,0,0,29
2014,10,5,21,0,0,0,0,29
2014,10,5,22,0,0,0,0,28
2014,10,5,23,0,0,0,0,27
2014,10,6,0,0,0,0,0,27
2014,10,6,1,0,0,0,0,26
2014,10,6,2,0,0,0,0,26
2014,10,6,3,0,0,0,0,25
2014,10,6,4,0,0,0,0,25
2014,10,6,5,0,0,0,0,25
2014,10,6,6,0,4,0,4,26
2014,10,6,7,0,150,87,127,28
2014,10,6,8,0,359,288,226,33
2014,10,6,9,0,542,446,261,35
2014,10,6,10,0,680,514,294,37
2014,10,6,11,0,758,548,310,37
2014,10,6,12,0,769,552,312,38
2014,10,6,13,0,711,529,300,37
2014,10,6,14,0,591,472,273,37
2014,10,6,15,0,420,362,233,36
2014,10,6,16,0,204,144,157,35
2014,10,6,17,0,23,0,23,32
2014,10,6,18,0,0,0,0,31
2014,10,6,19,0,0,0,0,31
2014,10,6,20,0,0,0,0,30
2014,10,6,21,0,0,0,0,29
2014,10,6,22,0,0,0,0,29
2014,10,6,23,0,0,0,0,28
2014,10,7,0,0,0,0,0,27
2014,10,7,1,0,0,0,0,27
2014,10,7,2,0,0,0,0,26
2014,10,7,3,0,0,0,0,26
2014,10,7,4,0,0,0,0,25
2014,10,7,5,0,0,0,0,25
2014,10,7,6,0,3,0,3,25
2014,10,7,7,0,143,75,123,28
2014,10,7,8,0,351,272,226,33
2014,10,7,9,0,533,420,269,35
2014,10,7,10,0,679,515,294,36
2014,10,7,11,0,758,549,310,36
2014,10,7,12,0,769,554,312,36
2014,10,7,13,0,712,529,302,36
2014,10,7,14,0,538,319,325,36
2014,10,7,15,0,400,316,238,35
2014,10,7,16,0,198,137,154,34
2014,10,7,17,0,21,0,21,31
2014,10,7,18,0,0,0,0,30
2014,10,7,19,0,0,0,0,30
2014,10,7,20,0,0,0,0,29
2014,10,7,21,0,0,0,0,28
2014,10,7,22,0,0,0,0,28
2014,10,7,23,0,0,0,0,27
2014,10,8,0,0,0,0,0,26
2014,10,8,1,0,0,0,0,26
2014,10,8,2,0,0,0,0,25
2014,10,8,3,0,0,0,0,25
2014,10,8,4,0,0,0,0,24
2014,10,8,5,0,0,0,0,24
2014,10,8,6,0,3,0,3,25
2014,10,8,7,0,136,53,122,28
2014,10,8,8,0,259,83,221,32
2014,10,8,9,0,507,318,308,36
2014,10,8,10,0,675,513,293,37
2014,10,8,11,0,754,547,309,38
2014,10,8,12,0,765,552,311,39
2014,10,8,13,0,706,528,300,38
2014,10,8,14,0,585,471,272,37
2014,10,8,15,0,411,356,230,36
2014,10,8,16,0,205,139,161,34
2014,10,8,17,0,18,0,18,32
2014,10,8,18,0,0,0,0,30
2014,10,8,19,0,0,0,0,29
2014,10,8,20,0,0,0,0,28
2014,10,8,21,0,0,0,0,28
2014,10,8,22,0,0,0,0,27
2014,10,8,23,0,0,0,0,26
2014,10,9,0,0,0,0,0,26
2014,10,9,1,0,0,0,0,25
2014,10,9,2,0,0,0,0,24
2014,10,9,3,0,0,0,0,24
2014,10,9,4,0,0,0,0,23
2014,10,9,5,0,0,0,0,23
2014,10,9,6,0,2,0,2,24
2014,10,9,7,0,147,88,124,26
2014,10,9,8,0,353,312,211,31
2014,10,9,9,0,541,449,262,34
2014,10,9,10,0,680,519,295,36
2014,10,9,11,0,759,554,311,38
2014,10,9,12,0,770,559,313,38
2014,10,9,13,0,711,535,301,38
2014,10,9,14,0,584,477,269,37
2014,10,9,15,0,406,353,228,36
2014,10,9,16,0,199,132,158,34
2014,10,9,17,0,18,0,18,31
2014,10,9,18,0,0,0,0,29
2014,10,9,19,0,0,0,0,29
2014,10,9,20,0,0,0,0,28
2014,10,9,21,0,0,0,0,27
2014,10,9,22,0,0,0,0,26
2014,10,9,23,0,0,0,0,25
2014,10,10,0,0,0,0,0,24
2014,10,10,1,0,0,0,0,24
2014,10,10,2,0,0,0,0,23
2014,10,10,3,0,0,0,0,23
2014,10,10,4,0,0,0,0,22
2014,10,10,5,0,0,0,0,22
2014,10,10,6,0,2,0,2,22
2014,10,10,7,0,144,86,122,26
2014,10,10,8,0,350,310,210,30
2014,10,10,9,0,536,451,257,34
2014,10,10,10,0,680,525,292,36
2014,10,10,11,0,760,561,308,37
2014,10,10,12,0,771,565,312,38
2014,10,10,13,0,708,526,307,38
2014,10,10,14,0,579,475,268,38
2014,10,10,15,0,402,349,227,36
2014,10,10,16,0,194,126,155,34
2014,10,10,17,0,16,0,16,31
2014,10,10,18,0,0,0,0,30
2014,10,10,19,0,0,0,0,29
2014,10,10,20,0,0,0,0,28
2014,10,10,21,0,0,0,0,27
2014,10,10,22,0,0,0,0,26
2014,10,10,23,0,0,0,0,26
2014,10,11,0,0,0,0,0,25
2014,10,11,1,0,0,0,0,24
2014,10,11,2,0,0,0,0,24
2014,10,11,3,0,0,0,0,23
2014,10,11,4,0,0,0,0,22
2014,10,11,5,0,0,0,0,22
2014,10,11,6,0,1,0,1,23
2014,10,11,7,0,142,83,121,26
2014,10,11,8,0,347,308,208,30
2014,10,11,9,0,533,449,257,34
2014,10,11,10,0,673,519,291,36
2014,10,11,11,0,755,557,308,38
2014,10,11,12,0,767,564,311,39
2014,10,11,13,0,703,524,306,39
2014,10,11,14,0,574,472,267,38
2014,10,11,15,0,397,346,225,37
2014,10,11,16,0,189,138,147,35
2014,10,11,17,0,14,0,14,31
2014,10,11,18,0,0,0,0,30
2014,10,11,19,0,0,0,0,29
2014,10,11,20,0,0,0,0,28
2014,10,11,21,0,0,0,0,27
2014,10,11,22,0,0,0,0,27
2014,10,11,23,0,0,0,0,26
2014,10,12,0,0,0,0,0,25
2014,10,12,1,0,0,0,0,24
2014,10,12,2,0,0,0,0,23
2014,10,12,3,0,0,0,0,23
2014,10,12,4,0,0,0,0,22
2014,10,12,5,0,0,0,0,22
2014,10,12,6,0,1,0,1,22
2014,10,12,7,0,140,80,120,25
2014,10,12,8,0,344,306,207,29
2014,10,12,9,0,529,447,255,35
2014,10,12,10,0,672,522,290,37
2014,10,12,11,0,750,553,309,39
2014,10,12,12,0,762,562,309,39
2014,10,12,13,0,698,522,305,39
2014,10,12,14,0,569,470,265,39
2014,10,12,15,0,392,343,223,37
2014,10,12,16,0,184,117,149,34
2014,10,12,17,0,12,0,12,31
2014,10,12,18,0,0,0,0,30
2014,10,12,19,0,0,0,0,29
2014,10,12,20,0,0,0,0,28
2014,10,12,21,0,0,0,0,27
2014,10,12,22,0,0,0,0,26
2014,10,12,23,0,0,0,0,26
2014,10,13,0,0,0,0,0,25
2014,10,13,1,0,0,0,0,24
2014,10,13,2,0,0,0,0,23
2014,10,13,3,0,0,0,0,22
2014,10,13,4,0,0,0,0,22
2014,10,13,5,0,0,0,0,21
2014,10,13,6,0,1,0,1,22
2014,10,13,7,0,141,86,120,25
2014,10,13,8,0,342,303,207,29
2014,10,13,9,0,526,445,255,33
2014,10,13,10,0,668,521,288,36
2014,10,13,11,0,750,554,310,37
2014,10,13,12,0,737,503,334,38
2014,10,13,13,0,474,122,382,38
2014,10,13,14,0,445,184,327,37
2014,10,13,15,0,376,307,226,36
2014,10,13,16,0,190,167,141,34
2014,10,13,17,0,10,0,10,31
2014,10,13,18,0,0,0,0,29
2014,10,13,19,0,0,0,0,28
2014,10,13,20,0,0,0,0,27
2014,10,13,21,0,0,0,0,26
2014,10,13,22,0,0,0,0,26
2014,10,13,23,0,0,0,0,25
2014,10,14,0,0,0,0,0,25
2014,10,14,1,0,0,0,0,25
2014,10,14,2,0,0,0,0,24
2014,10,14,3,0,0,0,0,24
2014,10,14,4,0,0,0,0,24
2014,10,14,5,0,0,0,0,23
2014,10,14,6,0,1,0,1,23
2014,10,14,7,0,130,73,112,24
2014,10,14,8,0,149,2,148,25
2014,10,14,9,0,331,73,286,26
2014,10,14,10,0,542,225,379,28
2014,10,14,11,0,437,77,376,29
2014,10,14,12,0,492,116,399,31
2014,10,14,13,0,440,92,371,33
2014,10,14,14,0,555,454,266,33
2014,10,14,15,0,384,308,235,32
2014,10,14,16,0,150,66,130,30
2014,10,14,17,0,10,0,10,27
2014,10,14,18,0,0,0,0,26
2014,10,14,19,0,0,0,0,26
2014,10,14,20,0,0,0,0,25
2014,10,14,21,0,0,0,0,24
2014,10,14,22,0,0,0,0,24
2014,10,14,23,0,0,0,0,24
2014,10,15,0,0,0,0,0,23
2014,10,15,1,0,0,0,0,23
2014,10,15,2,0,0,0,0,22
2014,10,15,3,0,0,0,0,22
2014,10,15,4,0,0,0,0,21
2014,10,15,5,0,0,0,0,21
2014,10,15,6,0,0,0,0,21
2014,10,15,7,0,132,72,114,24
2014,10,15,8,0,334,269,216,28
2014,10,15,9,0,517,434,255,32
2014,10,15,10,0,664,515,292,34
2014,10,15,11,0,717,508,317,35
2014,10,15,12,0,652,344,379,36
2014,10,15,13,0,623,351,363,36
2014,10,15,14,0,411,150,316,35
2014,10,15,15,0,128,0,128,33
2014,10,15,16,0,151,71,130,31
2014,10,15,17,0,4,0,4,28
2014,10,15,18,0,0,0,0,27
2014,10,15,19,0,0,0,0,26
2014,10,15,20,0,0,0,0,26
2014,10,15,21,0,0,0,0,25
2014,10,15,22,0,0,0,0,24
2014,10,15,23,0,0,0,0,24
2014,10,16,0,0,0,0,0,23
2014,10,16,1,0,0,0,0,22
2014,10,16,2,0,0,0,0,22
2014,10,16,3,0,0,0,0,21
2014,10,16,4,0,0,0,0,20
2014,10,16,5,0,0,0,0,20
2014,10,16,6,0,0,0,0,20
2014,10,16,7,0,134,78,115,23
2014,10,16,8,0,333,297,204,27
2014,10,16,9,0,516,439,253,32
2014,10,16,10,0,655,512,287,34
2014,10,16,11,0,734,548,305,35
2014,10,16,12,0,744,555,306,35
2014,10,16,13,0,680,514,301,35
2014,10,16,14,0,551,460,261,35
2014,10,16,15,0,372,295,232,33
2014,10,16,16,0,164,93,137,31
2014,10,16,17,0,7,0,7,28
2014,10,16,18,0,0,0,0,27
2014,10,16,19,0,0,0,0,26
2014,10,16,20,0,0,0,0,25
2014,10,16,21,0,0,0,0,24
2014,10,16,22,0,0,0,0,24
2014,10,16,23,0,0,0,0,23
2014,10,17,0,0,0,0,0,23
2014,10,17,1,0,0,0,0,22
2014,10,17,2,0,0,0,0,21
2014,10,17,3,0,0,0,0,21
2014,10,17,4,0,0,0,0,20
2014,10,17,5,0,0,0,0,20
2014,10,17,6,0,0,0,0,20
2014,10,17,7,0,131,75,113,24
2014,10,17,8,0,330,294,203,27
2014,10,17,9,0,509,426,255,32
2014,10,17,10,0,645,497,290,34
2014,10,17,11,0,724,550,295,35
2014,10,17,12,0,739,553,305,36
2014,10,17,13,0,675,512,300,36
2014,10,17,14,0,546,457,260,35
2014,10,17,15,0,370,326,217,34
2014,10,17,16,0,165,99,137,31
2014,10,17,17,0,5,0,5,28
2014,10,17,18,0,0,0,0,27
2014,10,17,19,0,0,0,0,26
2014,10,17,20,0,0,0,0,26
2014,10,17,21,0,0,0,0,25
2014,10,17,22,0,0,0,0,24
2014,10,17,23,0,0,0,0,23
2014,10,18,0,0,0,0,0,23
2014,10,18,1,0,0,0,0,22
2014,10,18,2,0,0,0,0,21
2014,10,18,3,0,0,0,0,21
2014,10,18,4,0,0,0,0,20
2014,10,18,5,0,0,0,0,20
2014,10,18,6,0,0,0,0,20
2014,10,18,7,0,129,72,112,23
2014,10,18,8,0,327,292,201,27
2014,10,18,9,0,509,435,251,32
2014,10,18,10,0,645,492,295,34
2014,10,18,11,0,718,548,293,36
2014,10,18,12,0,727,551,296,36
2014,10,18,13,0,670,510,298,36
2014,10,18,14,0,541,454,259,36
2014,10,18,15,0,360,307,217,34
2014,10,18,16,0,160,93,134,31
2014,10,18,17,0,4,0,4,28
2014,10,18,18,0,0,0,0,27
2014,10,18,19,0,0,0,0,26
2014,10,18,20,0,0,0,0,25
2014,10,18,21,0,0,0,0,25
2014,10,18,22,0,0,0,0,24
2014,10,18,23,0,0,0,0,23
2014,10,19,0,0,0,0,0,23
2014,10,19,1,0,0,0,0,22
2014,10,19,2,0,0,0,0,21
2014,10,19,3,0,0,0,0,21
2014,10,19,4,0,0,0,0,20
2014,10,19,5,0,0,0,0,20
2014,10,19,6,0,0,0,0,20
2014,10,19,7,0,122,61,108,23
2014,10,19,8,0,321,254,212,27
2014,10,19,9,0,500,416,254,32
2014,10,19,10,0,636,489,290,35
2014,10,19,11,0,713,546,292,36
2014,10,19,12,0,721,549,294,37
2014,10,19,13,0,665,508,297,37
2014,10,19,14,0,537,452,258,36
2014,10,19,15,0,361,291,227,35
2014,10,19,16,0,155,88,131,32
2014,10,19,17,0,4,0,4,29
2014,10,19,18,0,0,0,0,27
2014,10,19,19,0,0,0,0,27
2014,10,19,20,0,0,0,0,26
2014,10,19,21,0,0,0,0,25
2014,10,19,22,0,0,0,0,24
2014,10,19,23,0,0,0,0,24
2014,10,20,0,0,0,0,0,23
2014,10,20,1,0,0,0,0,22
2014,10,20,2,0,0,0,0,22
2014,10,20,3,0,0,0,0,21
2014,10,20,4,0,0,0,0,20
2014,10,20,5,0,0,0,0,20
2014,10,20,6,0,0,0,0,20
2014,10,20,7,0,119,58,105,24
2014,10,20,8,0,307,246,203,27
2014,10,20,9,0,481,363,268,32
2014,10,20,10,0,620,460,296,36
2014,10,20,11,0,696,523,294,37
2014,10,20,12,0,709,539,292,38
2014,10,20,13,0,659,502,297,38
2014,10,20,14,0,530,443,258,37
2014,10,20,15,0,349,267,227,36
2014,10,20,16,0,145,71,126,33
2014,10,20,17,0,2,0,2,30
2014,10,20,18,0,0,0,0,29
2014,10,20,19,0,0,0,0,28
2014,10,20,20,0,0,0,0,27
2014,10,20,21,0,0,0,0,26
2014,10,20,22,0,0,0,0,25
2014,10,20,23,0,0,0,0,24
2014,10,21,0,0,0,0,0,24
2014,10,21,1,0,0,0,0,23
2014,10,21,2,0,0,0,0,22
2014,10,21,3,0,0,0,0,22
2014,10,21,4,0,0,0,0,21
2014,10,21,5,0,0,0,0,21
2014,10,21,6,0,0,0,0,21
2014,10,21,7,0,135,138,104,24
2014,10,21,8,0,336,324,200,27
2014,10,21,9,0,520,448,259,33
2014,10,21,10,0,657,521,293,36
2014,10,21,11,0,734,556,309,38
2014,10,21,12,0,741,559,311,38
2014,10,21,13,0,644,0,644,38
2014,10,21,14,0,551,467,267,37
2014,10,21,15,0,374,354,214,36
2014,10,21,16,0,172,178,126,33
2014,10,21,17,0,7,0,7,30
2014,10,21,18,0,0,0,0,29
2014,10,21,19,0,0,0,0,28
2014,10,21,20,0,0,0,0,27
2014,10,21,21,0,0,0,0,26
2014,10,21,22,0,0,0,0,25
2014,10,21,23,0,0,0,0,24
2014,10,22,0,0,0,0,0,24
2014,10,22,1,0,0,0,0,23
2014,10,22,2,0,0,0,0,22
2014,10,22,3,0,0,0,0,22
2014,10,22,4,0,0,0,0,21
2014,10,22,5,0,0,0,0,21
2014,10,22,6,0,0,0,0,21
2014,10,22,7,0,126,78,108,24
2014,10,22,8,0,315,282,197,28
2014,10,22,9,0,494,423,249,33
2014,10,22,10,0,621,465,297,37
2014,10,22,11,0,697,499,318,38
2014,10,22,12,0,710,517,314,39
2014,10,22,13,0,652,502,294,39
2014,10,22,14,0,523,444,255,38
2014,10,22,15,0,349,284,221,36
2014,10,22,16,0,142,72,123,33
2014,10,22,17,0,2,0,2,30
2014,10,22,18,0,0,0,0,29
2014,10,22,19,0,0,0,0,28
2014,10,22,20,0,0,0,0,27
2014,10,22,21,0,0,0,0,26
2014,10,22,22,0,0,0,0,25
2014,10,22,23,0,0,0,0,24
2014,10,23,0,0,0,0,0,24
2014,10,23,1,0,0,0,0,23
2014,10,23,2,0,0,0,0,22
2014,10,23,3,0,0,0,0,22
2014,10,23,4,0,0,0,0,21
2014,10,23,5,0,0,0,0,21
2014,10,23,6,0,0,0,0,21
2014,10,23,7,0,112,50,101,24
2014,10,23,8,0,301,227,207,28
2014,10,23,9,0,479,377,261,33
2014,10,23,10,0,616,474,287,37
2014,10,23,11,0,686,484,320,38
2014,10,23,12,0,698,499,318,39
2014,10,23,13,0,647,511,285,38
2014,10,23,14,0,512,420,260,38
2014,10,23,15,0,339,265,221,36
2014,10,23,16,0,138,67,121,33
2014,10,23,17,0,1,0,1,30
2014,10,23,18,0,0,0,0,29
2014,10,23,19,0,0,0,0,28
2014,10,23,20,0,0,0,0,27
2014,10,23,21,0,0,0,0,26
2014,10,23,22,0,0,0,0,25
2014,10,23,23,0,0,0,0,24
2014,10,24,0,0,0,0,0,24
2014,10,24,1,0,0,0,0,23
2014,10,24,2,0,0,0,0,22
2014,10,24,3,0,0,0,0,22
2014,10,24,4,0,0,0,0,21
2014,10,24,5,0,0,0,0,21
2014,10,24,6,0,0,0,0,21
2014,10,24,7,0,109,47,98,24
2014,10,24,8,0,293,210,206,28
2014,10,24,9,0,469,350,268,33
2014,10,24,10,0,606,456,291,36
2014,10,24,11,0,681,481,319,37
2014,10,24,12,0,693,496,317,38
2014,10,24,13,0,643,498,292,37
2014,10,24,14,0,514,437,253,37
2014,10,24,15,0,334,259,219,35
2014,10,24,16,0,128,52,115,32
2014,10,24,17,0,1,0,1,29
2014,10,24,18,0,0,0,0,28
2014,10,24,19,0,0,0,0,27
2014,10,24,20,0,0,0,0,26
2014,10,24,21,0,0,0,0,26
2014,10,24,22,0,0,0,0,25
2014,10,24,23,0,0,0,0,24
2014,10,25,0,0,0,0,0,23
2014,10,25,1,0,0,0,0,23
2014,10,25,2,0,0,0,0,22
2014,10,25,3,0,0,0,0,21
2014,10,25,4,0,0,0,0,21
2014,10,25,5,0,0,0,0,20
2014,10,25,6,0,0,0,0,20
2014,10,25,7,0,111,43,101,24
2014,10,25,8,0,272,130,219,27
2014,10,25,9,0,442,303,269,32
2014,10,25,10,0,565,347,327,36
2014,10,25,11,0,644,416,332,37
2014,10,25,12,0,667,450,328,37
2014,10,25,13,0,608,424,311,37
2014,10,25,14,0,486,348,280,36
2014,10,25,15,0,308,203,219,35
2014,10,25,16,0,119,39,109,32
2014,10,25,17,0,1,0,1,29
2014,10,25,18,0,0,0,0,28
2014,10,25,19,0,0,0,0,27
2014,10,25,20,0,0,0,0,26
2014,10,25,21,0,0,0,0,25
2014,10,25,22,0,0,0,0,25
2014,10,25,23,0,0,0,0,24
2014,10,26,0,0,0,0,0,23
2014,10,26,1,0,0,0,0,22
2014,10,26,2,0,0,0,0,21
2014,10,26,3,0,0,0,0,20
2014,10,26,4,0,0,0,0,20
2014,10,26,5,0,0,0,0,19
2014,10,26,6,0,0,0,0,19
2014,10,26,7,0,99,34,91,22
2014,10,26,8,0,274,176,202,26
2014,10,26,9,0,450,317,270,30
2014,10,26,10,0,585,414,302,34
2014,10,26,11,0,671,486,309,35
2014,10,26,12,0,688,501,312,36
2014,10,26,13,0,631,487,292,36
2014,10,26,14,0,502,407,262,35
2014,10,26,15,0,324,246,217,34
2014,10,26,16,0,125,54,111,31
2014,10,26,17,0,1,0,1,28
2014,10,26,18,0,0,0,0,27
2014,10,26,19,0,0,0,0,26
2014,10,26,20,0,0,0,0,26
2014,10,26,21,0,0,0,0,25
2014,10,26,22,0,0,0,0,24
2014,10,26,23,0,0,0,0,23
2014,10,27,0,0,0,0,0,23
2014,10,27,1,0,0,0,0,22
2014,10,27,2,0,0,0,0,21
2014,10,27,3,0,0,0,0,21
2014,10,27,4,0,0,0,0,20
2014,10,27,5,0,0,0,0,20
2014,10,27,6,0,0,0,0,20
2014,10,27,7,0,101,39,93,23
2014,10,27,8,0,282,199,202,27
2014,10,27,9,0,451,328,266,32
2014,10,27,10,0,592,443,291,35
2014,10,27,11,0,671,482,314,36
2014,10,27,12,0,682,496,312,36
2014,10,27,13,0,629,491,289,36
2014,10,27,14,0,501,431,249,35
2014,10,27,15,0,325,257,214,34
2014,10,27,16,0,127,60,112,31
2014,10,27,17,0,1,0,1,28
2014,10,27,18,0,0,0,0,27
2014,10,27,19,0,0,0,0,27
2014,10,27,20,0,0,0,0,26
2014,10,27,21,0,0,0,0,25
2014,10,27,22,0,0,0,0,24
2014,10,27,23,0,0,0,0,23
2014,10,28,0,0,0,0,0,23
2014,10,28,1,0,0,0,0,22
2014,10,28,2,0,0,0,0,21
2014,10,28,3,0,0,0,0,20
2014,10,28,4,0,0,0,0,20
2014,10,28,5,0,0,0,0,19
2014,10,28,6,0,0,0,0,20
2014,10,28,7,0,103,44,94,23
2014,10,28,8,0,283,207,200,27
2014,10,28,9,0,457,352,260,33
2014,10,28,10,0,592,453,286,35
2014,10,28,11,0,666,478,314,36
2014,10,28,12,0,677,491,313,37
2014,10,28,13,0,625,501,280,37
2014,10,28,14,0,491,391,264,36
2014,10,28,15,0,313,234,213,34
2014,10,28,16,0,123,55,110,32
2014,10,28,17,0,1,0,1,28
2014,10,28,18,0,0,0,0,27
2014,10,28,19,0,0,0,0,26
2014,10,28,20,0,0,0,0,26
2014,10,28,21,0,0,0,0,25
2014,10,28,22,0,0,0,0,24
2014,10,28,23,0,0,0,0,24
2014,10,29,0,0,0,0,0,23
2014,10,29,1,0,0,0,0,22
2014,10,29,2,0,0,0,0,22
2014,10,29,3,0,0,0,0,21
2014,10,29,4,0,0,0,0,21
2014,10,29,5,0,0,0,0,20
2014,10,29,6,0,0,0,0,20
2014,10,29,7,0,96,28,90,23
2014,10,29,8,0,204,46,185,27
2014,10,29,9,0,346,110,284,32
2014,10,29,10,0,266,22,251,35
2014,10,29,11,0,429,92,361,36
2014,10,29,12,0,644,404,346,37
2014,10,29,13,0,613,483,282,37
2014,10,29,14,0,492,423,248,36
2014,10,29,15,0,315,244,212,34
2014,10,29,16,0,104,28,97,31
2014,10,29,17,0,0,0,0,28
2014,10,29,18,0,0,0,0,27
2014,10,29,19,0,0,0,0,26
2014,10,29,20,0,0,0,0,25
2014,10,29,21,0,0,0,0,24
2014,10,29,22,0,0,0,0,23
2014,10,29,23,0,0,0,0,23
2014,10,30,0,0,0,0,0,22
2014,10,30,1,0,0,0,0,21
2014,10,30,2,0,0,0,0,20
2014,10,30,3,0,0,0,0,20
2014,10,30,4,0,0,0,0,19
2014,10,30,5,0,0,0,0,19
2014,10,30,6,0,0,0,0,19
2014,10,30,7,0,93,31,86,22
2014,10,30,8,0,265,173,197,26
2014,10,30,9,0,432,303,264,31
2014,10,30,10,0,559,367,314,34
2014,10,30,11,0,637,438,317,35
2014,10,30,12,0,617,369,346,36
2014,10,30,13,0,593,439,294,36
2014,10,30,14,0,465,309,288,35
2014,10,30,15,0,189,22,179,33
2014,10,30,16,0,85,3,84,30
2014,10,30,17,0,0,0,0,27
2014,10,30,18,0,0,0,0,26
2014,10,30,19,0,0,0,0,25
2014,10,30,20,0,0,0,0,24
2014,10,30,21,0,0,0,0,23
2014,10,30,22,0,0,0,0,22
2014,10,30,23,0,0,0,0,22
2014,10,31,0,0,0,0,0,21
2014,10,31,1,0,0,0,0,20
2014,10,31,2,0,0,0,0,20
2014,10,31,3,0,0,0,0,19
2014,10,31,4,0,0,0,0,19
2014,10,31,5,0,0,0,0,18
2014,10,31,6,0,0,0,0,18
2014,10,31,7,0,81,16,77,22
2014,10,31,8,0,255,144,199,25
2014,10,31,9,0,415,270,266,30
2014,10,31,10,0,548,350,315,33
2014,10,31,11,0,619,387,338,34
2014,10,31,12,0,613,351,357,34
2014,10,31,13,0,475,183,351,34
2014,10,31,14,0,438,282,277,33
2014,10,31,15,0,299,217,209,32
2014,10,31,16,0,97,22,92,30
2014,10,31,17,0,0,0,0,27
2014,10,31,18,0,0,0,0,26
2014,10,31,19,0,0,0,0,25
2014,10,31,20,0,0,0,0,24
2014,10,31,21,0,0,0,0,23
2014,10,31,22,0,0,0,0,23
2014,10,31,23,0,0,0,0,22
2014,11,1,0,0,0,0,0,22
2014,11,1,1,0,0,0,0,22
2014,11,1,2,0,0,0,0,21
2014,11,1,3,0,0,0,0,21
2014,11,1,4,0,0,0,0,20
2014,11,1,5,0,0,0,0,19
2014,11,1,6,0,0,0,0,19
2014,11,1,7,0,113,144,86,22
2014,11,1,8,0,288,270,184,25
2014,11,1,9,0,396,224,273,30
2014,11,1,10,0,556,362,317,33
2014,11,1,11,0,631,421,327,34
2014,11,1,12,0,694,559,288,34
2014,11,1,13,0,635,496,301,34
2014,11,1,14,0,412,205,296,33
2014,11,1,15,0,331,314,201,32
2014,11,1,16,0,128,85,109,30
2014,11,1,17,0,0,0,0,26
2014,11,1,18,0,0,0,0,25
2014,11,1,19,0,0,0,0,24
2014,11,1,20,0,0,0,0,23
2014,11,1,21,0,0,0,0,22
2014,11,1,22,0,0,0,0,22
2014,11,1,23,0,0,0,0,21
2014,11,2,0,0,0,0,0,20
2014,11,2,1,0,0,0,0,20
2014,11,2,2,0,0,0,0,19
2014,11,2,3,0,0,0,0,18
2014,11,2,4,0,0,0,0,18
2014,11,2,5,0,0,0,0,17
2014,11,2,6,0,0,0,0,17
2014,11,2,7,0,103,63,91,21
2014,11,2,8,0,300,287,190,24
2014,11,2,9,0,479,471,224,29
2014,11,2,10,0,615,546,257,33
2014,11,2,11,0,691,586,270,34
2014,11,2,12,0,696,589,271,35
2014,11,2,13,0,630,554,259,35
2014,11,2,14,0,502,486,229,34
2014,11,2,15,0,328,311,201,33
2014,11,2,16,0,124,79,106,30
2014,11,2,17,0,0,0,0,27
2014,11,2,18,0,0,0,0,26
2014,11,2,19,0,0,0,0,25
2014,11,2,20,0,0,0,0,24
2014,11,2,21,0,0,0,0,23
2014,11,2,22,0,0,0,0,22
2014,11,2,23,0,0,0,0,22
2014,11,3,0,0,0,0,0,21
2014,11,3,1,0,0,0,0,21
2014,11,3,2,0,0,0,0,20
2014,11,3,3,0,0,0,0,20
2014,11,3,4,0,0,0,0,19
2014,11,3,5,0,0,0,0,19
2014,11,3,6,0,0,0,0,19
2014,11,3,7,0,96,42,88,22
2014,11,3,8,0,249,121,203,25
2014,11,3,9,0,442,315,272,31
2014,11,3,10,0,611,505,281,33
2014,11,3,11,0,686,584,269,35
2014,11,3,12,0,692,587,270,35
2014,11,3,13,0,626,552,259,35
2014,11,3,14,0,498,483,228,35
2014,11,3,15,0,324,308,199,33
2014,11,3,16,0,121,74,105,31
2014,11,3,17,0,0,0,0,27
2014,11,3,18,0,0,0,0,26
2014,11,3,19,0,0,0,0,25
2014,11,3,20,0,0,0,0,24
2014,11,3,21,0,0,0,0,23
2014,11,3,22,0,0,0,0,22
2014,11,3,23,0,0,0,0,22
2014,11,4,0,0,0,0,0,21
2014,11,4,1,0,0,0,0,20
2014,11,4,2,0,0,0,0,20
2014,11,4,3,0,0,0,0,19
2014,11,4,4,0,0,0,0,19
2014,11,4,5,0,0,0,0,18
2014,11,4,6,0,0,0,0,18
2014,11,4,7,0,93,46,84,21
2014,11,4,8,0,293,280,187,25
2014,11,4,9,0,471,465,222,30
2014,11,4,10,0,607,542,255,33
2014,11,4,11,0,683,581,270,34
2014,11,4,12,0,687,583,271,35
2014,11,4,13,0,622,550,258,35
2014,11,4,14,0,494,481,227,34
2014,11,4,15,0,321,334,187,33
2014,11,4,16,0,123,93,103,30
2014,11,4,17,0,0,0,0,27
2014,11,4,18,0,0,0,0,26
2014,11,4,19,0,0,0,0,25
2014,11,4,20,0,0,0,0,24
2014,11,4,21,0,0,0,0,24
2014,11,4,22,0,0,0,0,23
2014,11,4,23,0,0,0,0,22
2014,11,5,0,0,0,0,0,21
2014,11,5,1,0,0,0,0,21
2014,11,5,2,0,0,0,0,20
2014,11,5,3,0,0,0,0,20
2014,11,5,4,0,0,0,0,19
2014,11,5,5,0,0,0,0,19
2014,11,5,6,0,0,0,0,19
2014,11,5,7,0,90,42,82,22
2014,11,5,8,0,278,242,188,26
2014,11,5,9,0,445,381,242,30
2014,11,5,10,0,589,510,260,33
2014,11,5,11,0,666,548,279,35
2014,11,5,12,0,683,582,269,35
2014,11,5,13,0,618,548,257,35
2014,11,5,14,0,490,478,226,34
2014,11,5,15,0,318,303,197,32
2014,11,5,16,0,114,64,100,30
2014,11,5,17,0,0,0,0,27
2014,11,5,18,0,0,0,0,26
2014,11,5,19,0,0,0,0,25
2014,11,5,20,0,0,0,0,24
2014,11,5,21,0,0,0,0,23
2014,11,5,22,0,0,0,0,22
2014,11,5,23,0,0,0,0,21
2014,11,6,0,0,0,0,0,21
2014,11,6,1,0,0,0,0,20
2014,11,6,2,0,0,0,0,19
2014,11,6,3,0,0,0,0,19
2014,11,6,4,0,0,0,0,18
2014,11,6,5,0,0,0,0,18
2014,11,6,6,0,0,0,0,18
2014,11,6,7,0,91,48,82,21
2014,11,6,8,0,287,276,185,24
2014,11,6,9,0,463,460,220,30
2014,11,6,10,0,599,538,254,33
2014,11,6,11,0,673,577,267,35
2014,11,6,12,0,679,580,269,35
2014,11,6,13,0,614,546,257,35
2014,11,6,14,0,487,476,226,34
2014,11,6,15,0,315,300,196,33
2014,11,6,16,0,116,73,100,30
2014,11,6,17,0,0,0,0,27
2014,11,6,18,0,0,0,0,26
2014,11,6,19,0,0,0,0,25
2014,11,6,20,0,0,0,0,24
2014,11,6,21,0,0,0,0,23
2014,11,6,22,0,0,0,0,22
2014,11,6,23,0,0,0,0,22
2014,11,7,0,0,0,0,0,21
2014,11,7,1,0,0,0,0,20
2014,11,7,2,0,0,0,0,20
2014,11,7,3,0,0,0,0,19
2014,11,7,4,0,0,0,0,19
2014,11,7,5,0,0,0,0,18
2014,11,7,6,0,0,0,0,18
2014,11,7,7,0,84,36,77,21
2014,11,7,8,0,263,215,184,25
2014,11,7,9,0,436,360,247,30
2014,11,7,10,0,573,484,264,34
2014,11,7,11,0,649,514,289,36
2014,11,7,12,0,668,559,275,36
2014,11,7,13,0,606,535,258,36
2014,11,7,14,0,483,474,225,35
2014,11,7,15,0,311,297,194,34
2014,11,7,16,0,107,55,95,31
2014,11,7,17,0,0,0,0,28
2014,11,7,18,0,0,0,0,27
2014,11,7,19,0,0,0,0,26
2014,11,7,20,0,0,0,0,25
2014,11,7,21,0,0,0,0,24
2014,11,7,22,0,0,0,0,23
2014,11,7,23,0,0,0,0,23
2014,11,8,0,0,0,0,0,22
2014,11,8,1,0,0,0,0,21
2014,11,8,2,0,0,0,0,20
2014,11,8,3,0,0,0,0,20
2014,11,8,4,0,0,0,0,19
2014,11,8,5,0,0,0,0,19
2014,11,8,6,0,0,0,0,19
2014,11,8,7,0,81,36,74,22
2014,11,8,8,0,266,227,183,26
2014,11,8,9,0,431,370,238,31
2014,11,8,10,0,568,480,263,34
2014,11,8,11,0,657,538,283,36
2014,11,8,12,0,669,572,268,36
2014,11,8,13,0,606,542,255,36
2014,11,8,14,0,479,471,224,35
2014,11,8,15,0,308,295,193,33
2014,11,8,16,0,104,57,92,30
2014,11,8,17,0,0,0,0,27
2014,11,8,18,0,0,0,0,26
2014,11,8,19,0,0,0,0,25
2014,11,8,20,0,0,0,0,24
2014,11,8,21,0,0,0,0,23
2014,11,8,22,0,0,0,0,23
2014,11,8,23,0,0,0,0,22
2014,11,9,0,0,0,0,0,21
2014,11,9,1,0,0,0,0,21
2014,11,9,2,0,0,0,0,20
2014,11,9,3,0,0,0,0,20
2014,11,9,4,0,0,0,0,19
2014,11,9,5,0,0,0,0,18
2014,11,9,6,0,0,0,0,18
2014,11,9,7,0,78,33,72,21
2014,11,9,8,0,261,222,181,25
2014,11,9,9,0,439,389,237,30
2014,11,9,10,0,576,509,255,33
2014,11,9,11,0,652,546,274,34
2014,11,9,12,0,664,567,269,35
2014,11,9,13,0,596,522,260,34
2014,11,9,14,0,475,467,223,33
2014,11,9,15,0,305,292,192,32
2014,11,9,16,0,101,53,90,29
2014,11,9,17,0,0,0,0,26
2014,11,9,18,0,0,0,0,25
2014,11,9,19,0,0,0,0,24
2014,11,9,20,0,0,0,0,23
2014,11,9,21,0,0,0,0,22
2014,11,9,22,0,0,0,0,22
2014,11,9,23,0,0,0,0,21
2014,11,10,0,0,0,0,0,20
2014,11,10,1,0,0,0,0,19
2014,11,10,2,0,0,0,0,18
2014,11,10,3,0,0,0,0,17
2014,11,10,4,0,0,0,0,17
2014,11,10,5,0,0,0,0,16
2014,11,10,6,0,0,0,0,16
2014,11,10,7,0,76,30,71,19
2014,11,10,8,0,257,217,179,23
2014,11,10,9,0,434,382,237,28
2014,11,10,10,0,564,487,258,31
2014,11,10,11,0,646,541,273,33
2014,11,10,12,0,651,542,275,33
2014,11,10,13,0,598,537,254,33
2014,11,10,14,0,470,459,224,32
2014,11,10,15,0,303,290,191,30
2014,11,10,16,0,98,49,88,27
2014,11,10,17,0,0,0,0,24
2014,11,10,18,0,0,0,0,23
2014,11,10,19,0,0,0,0,22
2014,11,10,20,0,0,0,0,21
2014,11,10,21,0,0,0,0,20
2014,11,10,22,0,0,0,0,20
2014,11,10,23,0,0,0,0,19
2014,11,11,0,0,0,0,0,18
2014,11,11,1,0,0,0,0,17
2014,11,11,2,0,0,0,0,17
2014,11,11,3,0,0,0,0,16
2014,11,11,4,0,0,0,0,15
2014,11,11,5,0,0,0,0,15
2014,11,11,6,0,0,0,0,15
2014,11,11,7,0,82,45,74,18
2014,11,11,8,0,264,244,178,22
2014,11,11,9,0,435,413,224,27
2014,11,11,10,0,546,443,269,31
2014,11,11,11,0,635,525,275,32
2014,11,11,12,0,653,555,270,33
2014,11,11,13,0,593,531,254,32
2014,11,11,14,0,469,465,221,31
2014,11,11,15,0,300,287,190,30
2014,11,11,16,0,101,52,90,27
2014,11,11,17,0,0,0,0,23
2014,11,11,18,0,0,0,0,22
2014,11,11,19,0,0,0,0,21
2014,11,11,20,0,0,0,0,20
2014,11,11,21,0,0,0,0,19
2014,11,11,22,0,0,0,0,18
2014,11,11,23,0,0,0,0,18
2014,11,12,0,0,0,0,0,17
2014,11,12,1,0,0,0,0,16
2014,11,12,2,0,0,0,0,15
2014,11,12,3,0,0,0,0,15
2014,11,12,4,0,0,0,0,14
2014,11,12,5,0,0,0,0,14
2014,11,12,6,0,0,0,0,14
2014,11,12,7,0,74,32,68,17
2014,11,12,8,0,243,190,176,21
2014,11,12,9,0,418,355,238,25
2014,11,12,10,0,554,476,259,30
2014,11,12,11,0,629,506,284,32
2014,11,12,12,0,633,504,287,33
2014,11,12,13,0,580,498,264,33
2014,11,12,14,0,453,415,233,32
2014,11,12,15,0,283,245,190,30
2014,11,12,16,0,87,30,81,27
2014,11,12,17,0,0,0,0,23
2014,11,12,18,0,0,0,0,22
2014,11,12,19,0,0,0,0,21
2014,11,12,20,0,0,0,0,20
2014,11,12,21,0,0,0,0,19
2014,11,12,22,0,0,0,0,19
2014,11,12,23,0,0,0,0,18
2014,11,13,0,0,0,0,0,17
2014,11,13,1,0,0,0,0,17
2014,11,13,2,0,0,0,0,16
2014,11,13,3,0,0,0,0,15
2014,11,13,4,0,0,0,0,14
2014,11,13,5,0,0,0,0,14
2014,11,13,6,0,0,0,0,14
2014,11,13,7,0,72,29,67,17
2014,11,13,8,0,239,185,175,21
2014,11,13,9,0,414,350,237,25
2014,11,13,10,0,543,439,272,30
2014,11,13,11,0,603,463,289,31
2014,11,13,12,0,643,531,280,32
2014,11,13,13,0,583,520,255,32
2014,11,13,14,0,456,437,226,30
2014,11,13,15,0,287,261,189,29
2014,11,13,16,0,96,45,87,26
2014,11,13,17,0,0,0,0,23
2014,11,13,18,0,0,0,0,22
2014,11,13,19,0,0,0,0,20
2014,11,13,20,0,0,0,0,19
2014,11,13,21,0,0,0,0,19
2014,11,13,22,0,0,0,0,18
2014,11,13,23,0,0,0,0,17
2014,11,14,0,0,0,0,0,16
2014,11,14,1,0,0,0,0,16
2014,11,14,2,0,0,0,0,15
2014,11,14,3,0,0,0,0,14
2014,11,14,4,0,0,0,0,14
2014,11,14,5,0,0,0,0,13
2014,11,14,6,0,0,0,0,13
2014,11,14,7,0,69,25,65,16
2014,11,14,8,0,258,243,174,20
2014,11,14,9,0,432,438,213,24
2014,11,14,10,0,557,487,258,28
2014,11,14,11,0,626,514,279,29
2014,11,14,12,0,638,526,280,30
2014,11,14,13,0,538,403,285,30
2014,11,14,14,0,446,393,240,29
2014,11,14,15,0,253,163,192,28
2014,11,14,16,0,58,0,58,25
2014,11,14,17,0,0,0,0,22
2014,11,14,18,0,0,0,0,21
2014,11,14,19,0,0,0,0,20
2014,11,14,20,0,0,0,0,19
2014,11,14,21,0,0,0,0,18
2014,11,14,22,0,0,0,0,17
2014,11,14,23,0,0,0,0,16
2014,11,15,0,0,0,0,0,15
2014,11,15,1,0,0,0,0,14
2014,11,15,2,0,0,0,0,13
2014,11,15,3,0,0,0,0,12
2014,11,15,4,0,0,0,0,12
2014,11,15,5,0,0,0,0,11
2014,11,15,6,0,0,0,0,11
2014,11,15,7,0,74,40,68,14
2014,11,15,8,0,257,264,167,19
2014,11,15,9,0,429,436,212,23
2014,11,15,10,0,562,518,246,28
2014,11,15,11,0,634,550,265,30
2014,11,15,12,0,640,553,266,31
2014,11,15,13,0,580,528,250,31
2014,11,15,14,0,455,453,219,30
2014,11,15,15,0,290,278,187,29
2014,11,15,16,0,91,44,82,25
2014,11,15,17,0,0,0,0,22
2014,11,15,18,0,0,0,0,20
2014,11,15,19,0,0,0,0,20
2014,11,15,20,0,0,0,0,19
2014,11,15,21,0,0,0,0,18
2014,11,15,22,0,0,0,0,17
2014,11,15,23,0,0,0,0,17
2014,11,16,0,0,0,0,0,16
2014,11,16,1,0,0,0,0,15
2014,11,16,2,0,0,0,0,15
2014,11,16,3,0,0,0,0,14
2014,11,16,4,0,0,0,0,13
2014,11,16,5,0,0,0,0,13
2014,11,16,6,0,0,0,0,13
2014,11,16,7,0,68,28,63,16
2014,11,16,8,0,254,260,166,20
2014,11,16,9,0,426,434,212,24
2014,11,16,10,0,558,515,245,29
2014,11,16,11,0,623,529,270,31
2014,11,16,12,0,635,549,265,32
2014,11,16,13,0,577,525,250,32
2014,11,16,14,0,452,447,220,31
2014,11,16,15,0,284,268,185,29
2014,11,16,16,0,89,41,81,25
2014,11,16,17,0,0,0,0,22
2014,11,16,18,0,0,0,0,21
2014,11,16,19,0,0,0,0,20
2014,11,16,20,0,0,0,0,19
2014,11,16,21,0,0,0,0,18
2014,11,16,22,0,0,0,0,17
2014,11,16,23,0,0,0,0,17
2014,11,17,0,0,0,0,0,16
2014,11,17,1,0,0,0,0,15
2014,11,17,2,0,0,0,0,15
2014,11,17,3,0,0,0,0,14
2014,11,17,4,0,0,0,0,13
2014,11,17,5,0,0,0,0,13
2014,11,17,6,0,0,0,0,13
2014,11,17,7,0,65,25,61,16
2014,11,17,8,0,250,257,164,20
2014,11,17,9,0,419,420,213,24
2014,11,17,10,0,554,501,252,29
2014,11,17,11,0,629,555,260,31
2014,11,17,12,0,636,559,261,32
2014,11,17,13,0,573,511,256,32
2014,11,17,14,0,448,443,219,31
2014,11,17,15,0,285,274,184,29
2014,11,17,16,0,87,39,79,25
2014,11,17,17,0,0,0,0,22
2014,11,17,18,0,0,0,0,21
2014,11,17,19,0,0,0,0,20
2014,11,17,20,0,0,0,0,19
2014,11,17,21,0,0,0,0,18
2014,11,17,22,0,0,0,0,17
2014,11,17,23,0,0,0,0,17
2014,11,18,0,0,0,0,0,16
2014,11,18,1,0,0,0,0,15
2014,11,18,2,0,0,0,0,15
2014,11,18,3,0,0,0,0,14
2014,11,18,4,0,0,0,0,13
2014,11,18,5,0,0,0,0,13
2014,11,18,6,0,0,0,0,13
2014,11,18,7,0,62,22,58,15
2014,11,18,8,0,247,253,163,20
2014,11,18,9,0,418,428,209,24
2014,11,18,10,0,550,498,251,29
2014,11,18,11,0,625,553,259,31
2014,11,18,12,0,632,557,260,32
2014,11,18,13,0,570,520,249,32
2014,11,18,14,0,449,451,217,31
2014,11,18,15,0,283,272,184,29
2014,11,18,16,0,86,37,79,25
2014,11,18,17,0,0,0,0,21
2014,11,18,18,0,0,0,0,20
2014,11,18,19,0,0,0,0,19
2014,11,18,20,0,0,0,0,18
2014,11,18,21,0,0,0,0,18
2014,11,18,22,0,0,0,0,17
2014,11,18,23,0,0,0,0,16
2014,11,19,0,0,0,0,0,15
2014,11,19,1,0,0,0,0,14
2014,11,19,2,0,0,0,0,14
2014,11,19,3,0,0,0,0,13
2014,11,19,4,0,0,0,0,13
2014,11,19,5,0,0,0,0,12
2014,11,19,6,0,0,0,0,12
2014,11,19,7,0,60,19,57,15
2014,11,19,8,0,239,233,163,20
2014,11,19,9,0,411,398,218,23
2014,11,19,10,0,546,496,250,28
2014,11,19,11,0,617,537,263,31
2014,11,19,12,0,629,555,260,32
2014,11,19,13,0,566,516,249,31
2014,11,19,14,0,446,449,216,30
2014,11,19,15,0,281,271,182,28
2014,11,19,16,0,84,35,77,23
2014,11,19,17,0,0,0,0,20
2014,11,19,18,0,0,0,0,19
2014,11,19,19,0,0,0,0,17
2014,11,19,20,0,0,0,0,16
2014,11,19,21,0,0,0,0,16
2014,11,19,22,0,0,0,0,15
2014,11,19,23,0,0,0,0,14
2014,11,20,0,0,0,0,0,13
2014,11,20,1,0,0,0,0,13
2014,11,20,2,0,0,0,0,12
2014,11,20,3,0,0,0,0,12
2014,11,20,4,0,0,0,0,12
2014,11,20,5,0,0,0,0,11
2014,11,20,6,0,0,0,0,11
2014,11,20,7,0,61,25,57,14
2014,11,20,8,0,240,244,161,19
2014,11,20,9,0,411,423,208,23
2014,11,20,10,0,542,502,244,28
2014,11,20,11,0,612,534,262,30
2014,11,20,12,0,626,554,260,31
2014,11,20,13,0,565,519,248,31
2014,11,20,14,0,443,447,215,30
2014,11,20,15,0,279,269,182,28
2014,11,20,16,0,82,33,76,23
2014,11,20,17,0,0,0,0,20
2014,11,20,18,0,0,0,0,19
2014,11,20,19,0,0,0,0,18
2014,11,20,20,0,0,0,0,17
2014,11,20,21,0,0,0,0,16
2014,11,20,22,0,0,0,0,16
2014,11,20,23,0,0,0,0,16
2014,11,21,0,0,0,0,0,15
2014,11,21,1,0,0,0,0,15
2014,11,21,2,0,0,0,0,14
2014,11,21,3,0,0,0,0,14
2014,11,21,4,0,0,0,0,13
2014,11,21,5,0,0,0,0,13
2014,11,21,6,0,0,0,0,12
2014,11,21,7,0,59,22,56,15
2014,11,21,8,0,231,223,159,20
2014,11,21,9,0,403,389,217,23
2014,11,21,10,0,538,506,239,28
2014,11,21,11,0,615,548,258,30
2014,11,21,12,0,622,552,258,31
2014,11,21,13,0,562,518,247,30
2014,11,21,14,0,441,445,215,29
2014,11,21,15,0,277,267,181,27
2014,11,21,16,0,81,31,75,23
2014,11,21,17,0,0,0,0,20
2014,11,21,18,0,0,0,0,18
2014,11,21,19,0,0,0,0,17
2014,11,21,20,0,0,0,0,16
2014,11,21,21,0,0,0,0,15
2014,11,21,22,0,0,0,0,15
2014,11,21,23,0,0,0,0,14
2014,11,22,0,0,0,0,0,14
2014,11,22,1,0,0,0,0,13
2014,11,22,2,0,0,0,0,13
2014,11,22,3,0,0,0,0,12
2014,11,22,4,0,0,0,0,12
2014,11,22,5,0,0,0,0,11
2014,11,22,6,0,0,0,0,11
2014,11,22,7,0,56,19,53,14
2014,11,22,8,0,233,235,158,19
2014,11,22,9,0,404,417,206,23
2014,11,22,10,0,534,503,239,27
2014,11,22,11,0,611,545,257,30
2014,11,22,12,0,619,550,258,30
2014,11,22,13,0,559,506,252,30
2014,11,22,14,0,433,423,219,29
2014,11,22,15,0,276,266,181,27
2014,11,22,16,0,85,41,77,23
2014,11,22,17,0,0,0,0,20
2014,11,22,18,0,0,0,0,19
2014,11,22,19,0,0,0,0,18
2014,11,22,20,0,0,0,0,17
2014,11,22,21,0,0,0,0,16
2014,11,22,22,0,0,0,0,15
2014,11,22,23,0,0,0,0,15
2014,11,23,0,0,0,0,0,14
2014,11,23,1,0,0,0,0,13
2014,11,23,2,0,0,0,0,12
2014,11,23,3,0,0,0,0,12
2014,11,23,4,0,0,0,0,11
2014,11,23,5,0,0,0,0,11
2014,11,23,6,0,0,0,0,11
2014,11,23,7,0,54,17,51,13
2014,11,23,8,0,229,230,156,18
2014,11,23,9,0,390,380,211,22
2014,11,23,10,0,533,491,246,27
2014,11,23,11,0,608,544,256,29
2014,11,23,12,0,616,547,259,30
2014,11,23,13,0,556,515,245,30
2014,11,23,14,0,437,442,215,29
2014,11,23,15,0,274,264,180,27
2014,11,23,16,0,78,28,73,23
2014,11,23,17,0,0,0,0,20
2014,11,23,18,0,0,0,0,19
2014,11,23,19,0,0,0,0,18
2014,11,23,20,0,0,0,0,17
2014,11,23,21,0,0,0,0,16
2014,11,23,22,0,0,0,0,15
2014,11,23,23,0,0,0,0,14
2014,11,24,0,0,0,0,0,13
2014,11,24,1,0,0,0,0,12
2014,11,24,2,0,0,0,0,12
2014,11,24,3,0,0,0,0,11
2014,11,24,4,0,0,0,0,10
2014,11,24,5,0,0,0,0,10
2014,11,24,6,0,0,0,0,9
2014,11,24,7,0,51,14,49,12
2014,11,24,8,0,226,225,156,17
2014,11,24,9,0,397,412,204,21
2014,11,24,10,0,526,497,237,26
2014,11,24,11,0,604,540,257,28
2014,11,24,12,0,613,546,258,29
2014,11,24,13,0,554,513,245,29
2014,11,24,14,0,435,441,214,28
2014,11,24,15,0,273,263,180,26
2014,11,24,16,0,77,26,72,22
2014,11,24,17,0,0,0,0,19
2014,11,24,18,0,0,0,0,18
2014,11,24,19,0,0,0,0,17
2014,11,24,20,0,0,0,0,16
2014,11,24,21,0,0,0,0,16
2014,11,24,22,0,0,0,0,15
2014,11,24,23,0,0,0,0,14
2014,11,25,0,0,0,0,0,14
2014,11,25,1,0,0,0,0,13
2014,11,25,2,0,0,0,0,12
2014,11,25,3,0,0,0,0,12
2014,11,25,4,0,0,0,0,11
2014,11,25,5,0,0,0,0,11
2014,11,25,6,0,0,0,0,10
2014,11,25,7,0,49,12,47,13
2014,11,25,8,0,225,230,154,17
2014,11,25,9,0,394,409,204,21
2014,11,25,10,0,526,503,235,26
2014,11,25,11,0,600,538,255,29
2014,11,25,12,0,610,546,256,29
2014,11,25,13,0,551,512,244,29
2014,11,25,14,0,433,439,214,28
2014,11,25,15,0,271,262,178,27
2014,11,25,16,0,82,36,75,23
2014,11,25,17,0,0,0,0,20
2014,11,25,18,0,0,0,0,19
2014,11,25,19,0,0,0,0,18
2014,11,25,20,0,0,0,0,17
2014,11,25,21,0,0,0,0,16
2014,11,25,22,0,0,0,0,16
2014,11,25,23,0,0,0,0,15
2014,11,26,0,0,0,0,0,14
2014,11,26,1,0,0,0,0,14
2014,11,26,2,0,0,0,0,13
2014,11,26,3,0,0,0,0,13
2014,11,26,4,0,0,0,0,13
2014,11,26,5,0,0,0,0,12
2014,11,26,6,0,0,0,0,12
2014,11,26,7,0,47,10,45,14
2014,11,26,8,0,223,227,153,18
2014,11,26,9,0,390,405,203,22
2014,11,26,10,0,519,491,236,27
2014,11,26,11,0,597,536,255,29
2014,11,26,12,0,607,542,257,29
2014,11,26,13,0,549,511,244,29
2014,11,26,14,0,431,438,213,29
2014,11,26,15,0,270,260,178,27
2014,11,26,16,0,81,35,75,23
2014,11,26,17,0,0,0,0,20
2014,11,26,18,0,0,0,0,19
2014,11,26,19,0,0,0,0,19
2014,11,26,20,0,0,0,0,18
2014,11,26,21,0,0,0,0,17
2014,11,26,22,0,0,0,0,17
2014,11,26,23,0,0,0,0,16
2014,11,27,0,0,0,0,0,15
2014,11,27,1,0,0,0,0,15
2014,11,27,2,0,0,0,0,14
2014,11,27,3,0,0,0,0,14
2014,11,27,4,0,0,0,0,13
2014,11,27,5,0,0,0,0,13
2014,11,27,6,0,0,0,0,13
2014,11,27,7,0,48,14,46,15
2014,11,27,8,0,220,224,152,19
2014,11,27,9,0,387,404,201,23
2014,11,27,10,0,519,499,233,28
2014,11,27,11,0,595,537,254,31
2014,11,27,12,0,605,543,256,31
2014,11,27,13,0,547,509,244,31
2014,11,27,14,0,429,437,212,30
2014,11,27,15,0,269,259,178,28
2014,11,27,16,0,80,34,74,24
2014,11,27,17,0,0,0,0,22
2014,11,27,18,0,0,0,0,21
2014,11,27,19,0,0,0,0,20
2014,11,27,20,0,0,0,0,19
2014,11,27,21,0,0,0,0,19
2014,11,27,22,0,0,0,0,18
2014,11,27,23,0,0,0,0,17
2014,11,28,0,0,0,0,0,17
2014,11,28,1,0,0,0,0,16
2014,11,28,2,0,0,0,0,15
2014,11,28,3,0,0,0,0,15
2014,11,28,4,0,0,0,0,14
2014,11,28,5,0,0,0,0,14
2014,11,28,6,0,0,0,0,14
2014,11,28,7,0,46,12,44,16
2014,11,28,8,0,217,220,151,20
2014,11,28,9,0,383,400,200,24
2014,11,28,10,0,512,429,268,28
2014,11,28,11,0,460,217,322,32
2014,11,28,12,0,602,479,295,33
2014,11,28,13,0,545,508,243,33
2014,11,28,14,0,428,435,213,32
2014,11,28,15,0,268,258,178,30
2014,11,28,16,0,80,33,74,26
2014,11,28,17,0,0,0,0,23
2014,11,28,18,0,0,0,0,22
2014,11,28,19,0,0,0,0,21
2014,11,28,20,0,0,0,0,21
2014,11,28,21,0,0,0,0,20
2014,11,28,22,0,0,0,0,19
2014,11,28,23,0,0,0,0,18
2014,11,29,0,0,0,0,0,18
2014,11,29,1,0,0,0,0,17
2014,11,29,2,0,0,0,0,16
2014,11,29,3,0,0,0,0,16
2014,11,29,4,0,0,0,0,15
2014,11,29,5,0,0,0,0,15
2014,11,29,6,0,0,0,0,14
2014,11,29,7,0,40,4,39,16
2014,11,29,8,0,214,217,149,21
2014,11,29,9,0,380,395,201,24
2014,11,29,10,0,513,495,232,29
2014,11,29,11,0,589,534,252,32
2014,11,29,12,0,600,540,255,32
2014,11,29,13,0,543,507,243,32
2014,11,29,14,0,426,434,212,31
2014,11,29,15,0,267,257,177,29
2014,11,29,16,0,79,33,73,25
2014,11,29,17,0,0,0,0,22
2014,11,29,18,0,0,0,0,21
2014,11,29,19,0,0,0,0,20
2014,11,29,20,0,0,0,0,19
2014,11,29,21,0,0,0,0,19
2014,11,29,22,0,0,0,0,18
2014,11,29,23,0,0,0,0,17
2014,11,30,0,0,0,0,0,16
2014,11,30,1,0,0,0,0,16
2014,11,30,2,0,0,0,0,15
2014,11,30,3,0,0,0,0,14
2014,11,30,4,0,0,0,0,14
2014,11,30,5,0,0,0,0,13
2014,11,30,6,0,0,0,0,13
2014,11,30,7,0,42,8,41,15
2014,11,30,8,0,211,214,148,19
2014,11,30,9,0,378,396,200,23
2014,11,30,10,0,510,493,232,28
2014,11,30,11,0,586,533,251,29
2014,11,30,12,0,597,539,254,30
2014,11,30,13,0,541,496,248,29
2014,11,30,14,0,417,406,217,28
2014,11,30,15,0,266,256,177,26
2014,11,30,16,0,79,32,73,23
2014,11,30,17,0,0,0,0,20
2014,11,30,18,0,0,0,0,19
2014,11,30,19,0,0,0,0,18
2014,11,30,20,0,0,0,0,17
2014,11,30,21,0,0,0,0,16
2014,11,30,22,0,0,0,0,16
2014,11,30,23,0,0,0,0,15
2014,12,1,0,0,0,0,0,14
2014,12,1,1,0,0,0,0,13
2014,12,1,2,0,0,0,0,13
2014,12,1,3,0,0,0,0,12
2014,12,1,4,0,0,0,0,12
2014,12,1,5,0,0,0,0,11
2014,12,1,6,0,0,0,0,11
2014,12,1,7,0,44,16,42,14
2014,12,1,8,0,220,262,144,17
2014,12,1,9,0,390,444,191,22
2014,12,1,10,0,524,543,219,26
2014,12,1,11,0,602,589,234,28
2014,12,1,12,0,613,595,235,29
2014,12,1,13,0,557,563,226,29
2014,12,1,14,0,440,479,205,28
2014,12,1,15,0,278,307,171,26
2014,12,1,16,0,86,55,76,23
2014,12,1,17,0,0,0,0,20
2014,12,1,18,0,0,0,0,19
2014,12,1,19,0,0,0,0,18
2014,12,1,20,0,0,0,0,17
2014,12,1,21,0,0,0,0,16
2014,12,1,22,0,0,0,0,15
2014,12,1,23,0,0,0,0,14
2014,12,2,0,0,0,0,0,14
2014,12,2,1,0,0,0,0,13
2014,12,2,2,0,0,0,0,12
2014,12,2,3,0,0,0,0,12
2014,12,2,4,0,0,0,0,11
2014,12,2,5,0,0,0,0,11
2014,12,2,6,0,0,0,0,11
2014,12,2,7,0,42,14,40,13
2014,12,2,8,0,206,219,143,16
2014,12,2,9,0,387,418,201,21
2014,12,2,10,0,521,541,219,25
2014,12,2,11,0,599,588,233,28
2014,12,2,12,0,608,586,237,29
2014,12,2,13,0,555,562,225,29
2014,12,2,14,0,438,478,204,29
2014,12,2,15,0,277,306,171,27
2014,12,2,16,0,86,54,77,23
2014,12,2,17,0,0,0,0,21
2014,12,2,18,0,0,0,0,20
2014,12,2,19,0,0,0,0,19
2014,12,2,20,0,0,0,0,18
2014,12,2,21,0,0,0,0,17
2014,12,2,22,0,0,0,0,16
2014,12,2,23,0,0,0,0,15
2014,12,3,0,0,0,0,0,15
2014,12,3,1,0,0,0,0,14
2014,12,3,2,0,0,0,0,13
2014,12,3,3,0,0,0,0,13
2014,12,3,4,0,0,0,0,12
2014,12,3,5,0,0,0,0,11
2014,12,3,6,0,0,0,0,11
2014,12,3,7,0,39,11,37,13
2014,12,3,8,0,214,255,141,17
2014,12,3,9,0,384,440,189,21
2014,12,3,10,0,519,540,218,26
2014,12,3,11,0,595,581,234,28
2014,12,3,12,0,609,593,235,29
2014,12,3,13,0,553,561,225,29
2014,12,3,14,0,437,478,204,28
2014,12,3,15,0,277,306,171,27
2014,12,3,16,0,86,54,77,23
2014,12,3,17,0,0,0,0,20
2014,12,3,18,0,0,0,0,19
2014,12,3,19,0,0,0,0,19
2014,12,3,20,0,0,0,0,18
2014,12,3,21,0,0,0,0,17
2014,12,3,22,0,0,0,0,16
2014,12,3,23,0,0,0,0,16
2014,12,4,0,0,0,0,0,15
2014,12,4,1,0,0,0,0,14
2014,12,4,2,0,0,0,0,14
2014,12,4,3,0,0,0,0,13
2014,12,4,4,0,0,0,0,13
2014,12,4,5,0,0,0,0,12
2014,12,4,6,0,0,0,0,12
2014,12,4,7,0,33,1,32,14
2014,12,4,8,0,212,252,141,18
2014,12,4,9,0,382,438,189,22
2014,12,4,10,0,516,538,218,27
2014,12,4,11,0,594,585,232,29
2014,12,4,12,0,607,592,235,29
2014,12,4,13,0,552,560,225,29
2014,12,4,14,0,436,477,204,28
2014,12,4,15,0,276,305,171,27
2014,12,4,16,0,86,54,77,23
2014,12,4,17,0,0,0,0,20
2014,12,4,18,0,0,0,0,19
2014,12,4,19,0,0,0,0,18
2014,12,4,20,0,0,0,0,17
2014,12,4,21,0,0,0,0,16
2014,12,4,22,0,0,0,0,16
2014,12,4,23,0,0,0,0,15
2014,12,5,0,0,0,0,0,14
2014,12,5,1,0,0,0,0,14
2014,12,5,2,0,0,0,0,13
2014,12,5,3,0,0,0,0,12
2014,12,5,4,0,0,0,0,12
2014,12,5,5,0,0,0,0,11
2014,12,5,6,0,0,0,0,11
2014,12,5,7,0,35,6,34,14
2014,12,5,8,0,202,223,139,18
2014,12,5,9,0,377,436,186,22
2014,12,5,10,0,503,497,229,27
2014,12,5,11,0,592,584,232,29
2014,12,5,12,0,605,591,234,30
2014,12,5,13,0,550,560,224,30
2014,12,5,14,0,435,476,203,29
2014,12,5,15,0,276,305,171,27
2014,12,5,16,0,86,54,77,23
2014,12,5,17,0,0,0,0,20
2014,12,5,18,0,0,0,0,19
2014,12,5,19,0,0,0,0,18
2014,12,5,20,0,0,0,0,17
2014,12,5,21,0,0,0,0,17
2014,12,5,22,0,0,0,0,16
2014,12,5,23,0,0,0,0,15
2014,12,6,0,0,0,0,0,14
2014,12,6,1,0,0,0,0,14
2014,12,6,2,0,0,0,0,13
2014,12,6,3,0,0,0,0,12
2014,12,6,4,0,0,0,0,12
2014,12,6,5,0,0,0,0,11
2014,12,6,6,0,0,0,0,11
2014,12,6,7,0,33,4,32,13
2014,12,6,8,0,206,245,138,17
2014,12,6,9,0,376,442,184,21
2014,12,6,10,0,511,535,217,26
2014,12,6,11,0,590,583,232,28
2014,12,6,12,0,603,590,234,29
2014,12,6,13,0,549,557,225,29
2014,12,6,14,0,435,476,204,28
2014,12,6,15,0,276,305,171,27
2014,12,6,16,0,86,54,77,23
2014,12,6,17,0,0,0,0,20
2014,12,6,18,0,0,0,0,19
2014,12,6,19,0,0,0,0,18
2014,12,6,20,0,0,0,0,17
2014,12,6,21,0,0,0,0,16
2014,12,6,22,0,0,0,0,15
2014,12,6,23,0,0,0,0,14
2014,12,7,0,0,0,0,0,14
2014,12,7,1,0,0,0,0,13
2014,12,7,2,0,0,0,0,12
2014,12,7,3,0,0,0,0,12
2014,12,7,4,0,0,0,0,11
2014,12,7,5,0,0,0,0,11
2014,12,7,6,0,0,0,0,11
2014,12,7,7,0,35,9,34,13
2014,12,7,8,0,204,242,137,17
2014,12,7,9,0,370,403,196,21
2014,12,7,10,0,490,485,224,25
2014,12,7,11,0,588,570,239,27
2014,12,7,12,0,602,589,234,28
2014,12,7,13,0,548,558,224,28
2014,12,7,14,0,433,471,204,27
2014,12,7,15,0,276,305,171,25
2014,12,7,16,0,80,39,73,22
2014,12,7,17,0,0,0,0,19
2014,12,7,18,0,0,0,0,18
2014,12,7,19,0,0,0,0,17
2014,12,7,20,0,0,0,0,16
2014,12,7,21,0,0,0,0,15
2014,12,7,22,0,0,0,0,14
2014,12,7,23,0,0,0,0,13
2014,12,8,0,0,0,0,0,12
2014,12,8,1,0,0,0,0,12
2014,12,8,2,0,0,0,0,11
2014,12,8,3,0,0,0,0,11
2014,12,8,4,0,0,0,0,10
2014,12,8,5,0,0,0,0,10
2014,12,8,6,0,0,0,0,9
2014,12,8,7,0,29,0,29,11
2014,12,8,8,0,201,255,131,16
2014,12,8,9,0,371,438,183,20
2014,12,8,10,0,506,532,216,24
2014,12,8,11,0,586,580,231,27
2014,12,8,12,0,600,588,234,27
2014,12,8,13,0,546,555,224,27
2014,12,8,14,0,434,475,204,26
2014,12,8,15,0,276,305,171,24
2014,12,8,16,0,86,55,76,20
2014,12,8,17,0,0,0,0,17
2014,12,8,18,0,0,0,0,17
2014,12,8,19,0,0,0,0,16
2014,12,8,20,0,0,0,0,15
2014,12,8,21,0,0,0,0,14
2014,12,8,22,0,0,0,0,14
2014,12,8,23,0,0,0,0,13
2014,12,9,0,0,0,0,0,12
2014,12,9,1,0,0,0,0,12
2014,12,9,2,0,0,0,0,11
2014,12,9,3,0,0,0,0,11
2014,12,9,4,0,0,0,0,10
2014,12,9,5,0,0,0,0,10
2014,12,9,6,0,0,0,0,9
2014,12,9,7,0,27,0,27,11
2014,12,9,8,0,195,247,128,16
2014,12,9,9,0,368,436,181,20
2014,12,9,10,0,503,530,215,24
2014,12,9,11,0,584,579,231,28
2014,12,9,12,0,599,588,233,29
2014,12,9,13,0,546,557,224,28
2014,12,9,14,0,433,475,203,27
2014,12,9,15,0,276,305,171,25
2014,12,9,16,0,87,56,77,20
2014,12,9,17,0,0,0,0,18
2014,12,9,18,0,0,0,0,17
2014,12,9,19,0,0,0,0,16
2014,12,9,20,0,0,0,0,15
2014,12,9,21,0,0,0,0,14
2014,12,9,22,0,0,0,0,13
2014,12,9,23,0,0,0,0,13
2014,12,10,0,0,0,0,0,12
2014,12,10,1,0,0,0,0,11
2014,12,10,2,0,0,0,0,11
2014,12,10,3,0,0,0,0,10
2014,12,10,4,0,0,0,0,9
2014,12,10,5,0,0,0,0,9
2014,12,10,6,0,0,0,0,9
2014,12,10,7,0,25,0,25,11
2014,12,10,8,0,197,249,130,16
2014,12,10,9,0,366,434,181,19
2014,12,10,10,0,501,529,215,24
2014,12,10,11,0,582,578,231,27
2014,12,10,12,0,597,587,233,28
2014,12,10,13,0,544,554,224,28
2014,12,10,14,0,432,473,203,27
2014,12,10,15,0,276,305,171,25
2014,12,10,16,0,88,58,78,20
2014,12,10,17,0,0,0,0,17
2014,12,10,18,0,0,0,0,16
2014,12,10,19,0,0,0,0,15
2014,12,10,20,0,0,0,0,14
2014,12,10,21,0,0,0,0,14
2014,12,10,22,0,0,0,0,13
2014,12,10,23,0,0,0,0,12
2014,12,11,0,0,0,0,0,11
2014,12,11,1,0,0,0,0,11
2014,12,11,2,0,0,0,0,10
2014,12,11,3,0,0,0,0,9
2014,12,11,4,0,0,0,0,9
2014,12,11,5,0,0,0,0,8
2014,12,11,6,0,0,0,0,7
2014,12,11,7,0,27,0,27,10
2014,12,11,8,0,194,246,128,14
2014,12,11,9,0,364,432,181,18
2014,12,11,10,0,499,527,215,23
2014,12,11,11,0,580,577,230,26
2014,12,11,12,0,596,586,233,27
2014,12,11,13,0,545,556,224,27
2014,12,11,14,0,433,475,203,26
2014,12,11,15,0,276,305,171,24
2014,12,11,16,0,88,60,77,19
2014,12,11,17,0,0,0,0,17
2014,12,11,18,0,0,0,0,15
2014,12,11,19,0,0,0,0,15
2014,12,11,20,0,0,0,0,14
2014,12,11,21,0,0,0,0,13
2014,12,11,22,0,0,0,0,12
2014,12,11,23,0,0,0,0,11
2014,12,12,0,0,0,0,0,11
2014,12,12,1,0,0,0,0,10
2014,12,12,2,0,0,0,0,10
2014,12,12,3,0,0,0,0,9
2014,12,12,4,0,0,0,0,8
2014,12,12,5,0,0,0,0,8
2014,12,12,6,0,0,0,0,8
2014,12,12,7,0,22,0,22,10
2014,12,12,8,0,192,243,128,15
2014,12,12,9,0,361,430,180,18
2014,12,12,10,0,497,526,214,23
2014,12,12,11,0,579,565,237,26
2014,12,12,12,0,568,515,249,27
2014,12,12,13,0,511,462,244,27
2014,12,12,14,0,433,475,203,26
2014,12,12,15,0,276,306,170,24
2014,12,12,16,0,90,62,79,20
2014,12,12,17,0,0,0,0,17
2014,12,12,18,0,0,0,0,17
2014,12,12,19,0,0,0,0,16
2014,12,12,20,0,0,0,0,15
2014,12,12,21,0,0,0,0,15
2014,12,12,22,0,0,0,0,15
2014,12,12,23,0,0,0,0,14
2014,12,13,0,0,0,0,0,14
2014,12,13,1,0,0,0,0,14
2014,12,13,2,0,0,0,0,14
2014,12,13,3,0,0,0,0,14
2014,12,13,4,0,0,0,0,14
2014,12,13,5,0,0,0,0,14
2014,12,13,6,0,0,0,0,14
2014,12,13,7,0,20,0,20,15
2014,12,13,8,0,103,12,99,16
2014,12,13,9,0,293,179,218,18
2014,12,13,10,0,258,40,236,20
2014,12,13,11,0,422,181,312,24
2014,12,13,12,0,517,321,319,25
2014,12,13,13,0,98,0,98,25
2014,12,13,14,0,83,0,83,25
2014,12,13,15,0,100,0,100,24
2014,12,13,16,0,22,0,22,21
2014,12,13,17,0,0,0,0,19
2014,12,13,18,0,0,0,0,19
2014,12,13,19,0,0,0,0,18
2014,12,13,20,0,0,0,0,17
2014,12,13,21,0,0,0,0,17
2014,12,13,22,0,0,0,0,16
2014,12,13,23,0,0,0,0,16
2014,12,14,0,0,0,0,0,15
2014,12,14,1,0,0,0,0,14
2014,12,14,2,0,0,0,0,13
2014,12,14,3,0,0,0,0,13
2014,12,14,4,0,0,0,0,12
2014,12,14,5,0,0,0,0,12
2014,12,14,6,0,0,0,0,11
2014,12,14,7,0,19,0,19,12
2014,12,14,8,0,111,12,107,14
2014,12,14,9,0,165,9,161,15
2014,12,14,10,0,276,47,250,17
2014,12,14,11,0,212,6,208,18
2014,12,14,12,0,173,0,173,18
2014,12,14,13,0,203,5,200,18
2014,12,14,14,0,190,6,187,18
2014,12,14,15,0,89,0,89,18
2014,12,14,16,0,20,0,20,17
2014,12,14,17,0,0,0,0,16
2014,12,14,18,0,0,0,0,16
2014,12,14,19,0,0,0,0,16
2014,12,14,20,0,0,0,0,16
2014,12,14,21,0,0,0,0,15
2014,12,14,22,0,0,0,0,15
2014,12,14,23,0,0,0,0,14
2014,12,15,0,0,0,0,0,13
2014,12,15,1,0,0,0,0,13
2014,12,15,2,0,0,0,0,12
2014,12,15,3,0,0,0,0,12
2014,12,15,4,0,0,0,0,12
2014,12,15,5,0,0,0,0,11
2014,12,15,6,0,0,0,0,11
2014,12,15,7,0,14,0,14,13
2014,12,15,8,0,74,0,74,15
2014,12,15,9,0,288,174,215,19
2014,12,15,10,0,473,412,253,22
2014,12,15,11,0,558,490,263,23
2014,12,15,12,0,524,369,296,23
2014,12,15,13,0,468,320,283,23
2014,12,15,14,0,350,225,241,23
2014,12,15,15,0,250,239,167,22
2014,12,15,16,0,93,44,85,19
2014,12,15,17,0,0,0,0,17
2014,12,15,18,0,0,0,0,16
2014,12,15,19,0,0,0,0,16
2014,12,15,20,0,0,0,0,15
2014,12,15,21,0,0,0,0,15
2014,12,15,22,0,0,0,0,14
2014,12,15,23,0,0,0,0,14
2014,12,16,0,0,0,0,0,13
2014,12,16,1,0,0,0,0,13
2014,12,16,2,0,0,0,0,12
2014,12,16,3,0,0,0,0,11
2014,12,16,4,0,0,0,0,11
2014,12,16,5,0,0,0,0,10
2014,12,16,6,0,0,0,0,10
2014,12,16,7,0,19,0,19,12
2014,12,16,8,0,183,231,124,15
2014,12,16,9,0,353,422,178,19
2014,12,16,10,0,490,521,213,23
2014,12,16,11,0,570,564,231,25
2014,12,16,12,0,589,581,232,26
2014,12,16,13,0,542,556,222,26
2014,12,16,14,0,428,466,202,25
2014,12,16,15,0,276,297,173,24
2014,12,16,16,0,88,52,79,21
2014,12,16,17,0,0,0,0,18
2014,12,16,18,0,0,0,0,17
2014,12,16,19,0,0,0,0,17
2014,12,16,20,0,0,0,0,16
2014,12,16,21,0,0,0,0,15
2014,12,16,22,0,0,0,0,14
2014,12,16,23,0,0,0,0,13
2014,12,17,0,0,0,0,0,12
2014,12,17,1,0,0,0,0,11
2014,12,17,2,0,0,0,0,11
2014,12,17,3,0,0,0,0,10
2014,12,17,4,0,0,0,0,9
2014,12,17,5,0,0,0,0,9
2014,12,17,6,0,0,0,0,9
2014,12,17,7,0,18,0,18,11
2014,12,17,8,0,176,214,122,14
2014,12,17,9,0,346,385,187,18
2014,12,17,10,0,488,512,216,22
2014,12,17,11,0,569,564,231,24
2014,12,17,12,0,591,584,232,25
2014,12,17,13,0,543,556,223,25
2014,12,17,14,0,435,476,204,24
2014,12,17,15,0,280,309,172,23
2014,12,17,16,0,96,66,84,19
2014,12,17,17,0,0,0,0,16
2014,12,17,18,0,0,0,0,15
2014,12,17,19,0,0,0,0,14
2014,12,17,20,0,0,0,0,13
2014,12,17,21,0,0,0,0,13
2014,12,17,22,0,0,0,0,12
2014,12,17,23,0,0,0,0,11
2014,12,18,0,0,0,0,0,10
2014,12,18,1,0,0,0,0,9
2014,12,18,2,0,0,0,0,9
2014,12,18,3,0,0,0,0,8
2014,12,18,4,0,0,0,0,8
2014,12,18,5,0,0,0,0,7
2014,12,18,6,0,0,0,0,7
2014,12,18,7,0,10,0,10,9
2014,12,18,8,0,59,0,59,13
2014,12,18,9,0,246,111,200,17
2014,12,18,10,0,461,385,257,21
2014,12,18,11,0,541,492,246,24
2014,12,18,12,0,580,540,248,25
2014,12,18,13,0,544,556,224,25
2014,12,18,14,0,435,451,216,24
2014,12,18,15,0,262,251,174,22
2014,12,18,16,0,73,18,69,18
2014,12,18,17,0,0,0,0,16
2014,12,18,18,0,0,0,0,15
2014,12,18,19,0,0,0,0,14
2014,12,18,20,0,0,0,0,13
2014,12,18,21,0,0,0,0,12
2014,12,18,22,0,0,0,0,12
2014,12,18,23,0,0,0,0,12
2014,12,19,0,0,0,0,0,11
2014,12,19,1,0,0,0,0,11
2014,12,19,2,0,0,0,0,10
2014,12,19,3,0,0,0,0,10
2014,12,19,4,0,0,0,0,10
2014,12,19,5,0,0,0,0,10
2014,12,19,6,0,0,0,0,9
2014,12,19,7,0,12,0,12,11
2014,12,19,8,0,96,4,95,14
2014,12,19,9,0,180,19,172,17
2014,12,19,10,0,400,234,276,21
2014,12,19,11,0,439,200,319,23
2014,12,19,12,0,514,332,310,24
2014,12,19,13,0,377,143,294,24
2014,12,19,14,0,239,23,227,23
2014,12,19,15,0,160,18,153,21
2014,12,19,16,0,74,14,71,18
2014,12,19,17,0,0,0,0,15
2014,12,19,18,0,0,0,0,14
2014,12,19,19,0,0,0,0,13
2014,12,19,20,0,0,0,0,12
2014,12,19,21,0,0,0,0,11
2014,12,19,22,0,0,0,0,11
2014,12,19,23,0,0,0,0,10
2014,12,20,0,0,0,0,0,9
2014,12,20,1,0,0,0,0,8
2014,12,20,2,0,0,0,0,7
2014,12,20,3,0,0,0,0,7
2014,12,20,4,0,0,0,0,6
2014,12,20,5,0,0,0,0,5
2014,12,20,6,0,0,0,0,5
2014,12,20,7,0,14,0,14,7
2014,12,20,8,0,111,30,103,11
2014,12,20,9,0,292,211,206,15
2014,12,20,10,0,421,309,258,19
2014,12,20,11,0,553,486,263,22
2014,12,20,12,0,547,449,271,24
2014,12,20,13,0,544,547,229,24
2014,12,20,14,0,437,478,204,23
2014,12,20,15,0,283,312,173,21
2014,12,20,16,0,94,64,82,16
2014,12,20,17,0,0,0,0,14
2014,12,20,18,0,0,0,0,13
2014,12,20,19,0,0,0,0,12
2014,12,20,20,0,0,0,0,11
2014,12,20,21,0,0,0,0,10
2014,12,20,22,0,0,0,0,10
2014,12,20,23,0,0,0,0,9
2014,12,21,0,0,0,0,0,9
2014,12,21,1,0,0,0,0,8
2014,12,21,2,0,0,0,0,8
2014,12,21,3,0,0,0,0,7
2014,12,21,4,0,0,0,0,7
2014,12,21,5,0,0,0,0,6
2014,12,21,6,0,0,0,0,6
2014,12,21,7,0,10,0,10,8
2014,12,21,8,0,103,9,100,12
2014,12,21,9,0,176,12,171,16
2014,12,21,10,0,314,88,267,21
2014,12,21,11,0,469,267,309,24
2014,12,21,12,0,539,423,279,25
2014,12,21,13,0,504,425,259,25
2014,12,21,14,0,399,334,236,24
2014,12,21,15,0,267,258,176,22
2014,12,21,16,0,90,45,81,17
2014,12,21,17,0,0,0,0,15
2014,12,21,18,0,0,0,0,14
2014,12,21,19,0,0,0,0,14
2014,12,21,20,0,0,0,0,14
2014,12,21,21,0,0,0,0,13
2014,12,21,22,0,0,0,0,12
2014,12,21,23,0,0,0,0,11
2014,12,22,0,0,0,0,0,10
2014,12,22,1,0,0,0,0,10
2014,12,22,2,0,0,0,0,9
2014,12,22,3,0,0,0,0,9
2014,12,22,4,0,0,0,0,8
2014,12,22,5,0,0,0,0,8
2014,12,22,6,0,0,0,0,8
2014,12,22,7,0,12,0,12,10
2014,12,22,8,0,107,24,101,14
2014,12,22,9,0,163,7,160,18
2014,12,22,10,0,197,5,194,22
2014,12,22,11,0,304,65,265,24
2014,12,22,12,0,555,421,296,25
2014,12,22,13,0,539,528,234,25
2014,12,22,14,0,435,463,209,24
2014,12,22,15,0,286,343,165,22
2014,12,22,16,0,111,122,89,17
2014,12,22,17,0,0,0,0,14
2014,12,22,18,0,0,0,0,13
2014,12,22,19,0,0,0,0,12
2014,12,22,20,0,0,0,0,12
2014,12,22,21,0,0,0,0,11
2014,12,22,22,0,0,0,0,10
2014,12,22,23,0,0,0,0,9
2014,12,23,0,0,0,0,0,9
2014,12,23,1,0,0,0,0,8
2014,12,23,2,0,0,0,0,8
2014,12,23,3,0,0,0,0,7
2014,12,23,4,0,0,0,0,6
2014,12,23,5,0,0,0,0,6
2014,12,23,6,0,0,0,0,6
2014,12,23,7,0,8,0,8,8
2014,12,23,8,0,106,19,101,13
2014,12,23,9,0,185,17,178,16
2014,12,23,10,0,290,71,252,21
2014,12,23,11,0,530,425,276,24
2014,12,23,12,0,586,559,242,25
2014,12,23,13,0,546,558,223,25
2014,12,23,14,0,440,480,205,24
2014,12,23,15,0,288,316,176,22
2014,12,23,16,0,100,66,88,17
2014,12,23,17,0,0,0,0,15
2014,12,23,18,0,0,0,0,14
2014,12,23,19,0,0,0,0,13
2014,12,23,20,0,0,0,0,12
2014,12,23,21,0,0,0,0,11
2014,12,23,22,0,0,0,0,11
2014,12,23,23,0,0,0,0,10
2014,12,24,0,0,0,0,0,9
2014,12,24,1,0,0,0,0,9
2014,12,24,2,0,0,0,0,8
2014,12,24,3,0,0,0,0,8
2014,12,24,4,0,0,0,0,7
2014,12,24,5,0,0,0,0,7
2014,12,24,6,0,0,0,0,6
2014,12,24,7,0,10,0,10,9
2014,12,24,8,0,157,152,120,14
2014,12,24,9,0,250,96,211,17
2014,12,24,10,0,362,156,280,22
2014,12,24,11,0,522,401,283,25
2014,12,24,12,0,572,516,255,26
2014,12,24,13,0,547,549,229,25
2014,12,24,14,0,442,481,206,24
2014,12,24,15,0,289,318,176,22
2014,12,24,16,0,96,59,85,17
2014,12,24,17,0,0,0,0,15
2014,12,24,18,0,0,0,0,14
2014,12,24,19,0,0,0,0,13
2014,12,24,20,0,0,0,0,12
2014,12,24,21,0,0,0,0,11
2014,12,24,22,0,0,0,0,11
2014,12,24,23,0,0,0,0,10
2014,12,25,0,0,0,0,0,9
2014,12,25,1,0,0,0,0,9
2014,12,25,2,0,0,0,0,8
2014,12,25,3,0,0,0,0,7
2014,12,25,4,0,0,0,0,7
2014,12,25,5,0,0,0,0,6
2014,12,25,6,0,0,0,0,6
2014,12,25,7,0,7,0,7,8
2014,12,25,8,0,103,10,100,13
2014,12,25,9,0,183,20,174,17
2014,12,25,10,0,255,30,239,21
2014,12,25,11,0,467,248,319,24
2014,12,25,12,0,572,489,271,25
2014,12,25,13,0,548,549,230,25
2014,12,25,14,0,443,482,206,24
2014,12,25,15,0,291,297,185,21
2014,12,25,16,0,52,0,52,17
2014,12,25,17,0,0,0,0,14
2014,12,25,18,0,0,0,0,13
2014,12,25,19,0,0,0,0,12
2014,12,25,20,0,0,0,0,11
2014,12,25,21,0,0,0,0,11
2014,12,25,22,0,0,0,0,10
2014,12,25,23,0,0,0,0,9
2014,12,26,0,0,0,0,0,9
2014,12,26,1,0,0,0,0,8
2014,12,26,2,0,0,0,0,7
2014,12,26,3,0,0,0,0,7
2014,12,26,4,0,0,0,0,6
2014,12,26,5,0,0,0,0,6
2014,12,26,6,0,0,0,0,5
2014,12,26,7,0,9,0,9,8
2014,12,26,8,0,136,84,115,12
2014,12,26,9,0,297,236,202,16
2014,12,26,10,0,451,404,240,21
2014,12,26,11,0,550,508,247,23
2014,12,26,12,0,588,571,236,24
2014,12,26,13,0,549,560,224,25
2014,12,26,14,0,445,484,206,24
2014,12,26,15,0,293,321,178,22
2014,12,26,16,0,107,85,91,18
2014,12,26,17,0,0,0,0,15
2014,12,26,18,0,0,0,0,14
2014,12,26,19,0,0,0,0,13
2014,12,26,20,0,0,0,0,12
2014,12,26,21,0,0,0,0,11
2014,12,26,22,0,0,0,0,11
2014,12,26,23,0,0,0,0,10
2014,12,27,0,0,0,0,0,9
2014,12,27,1,0,0,0,0,8
2014,12,27,2,0,0,0,0,8
2014,12,27,3,0,0,0,0,7
2014,12,27,4,0,0,0,0,6
2014,12,27,5,0,0,0,0,6
2014,12,27,6,0,0,0,0,6
2014,12,27,7,0,8,0,8,8
2014,12,27,8,0,141,80,121,12
2014,12,27,9,0,289,236,194,16
2014,12,27,10,0,458,429,234,21
2014,12,27,11,0,550,507,248,24
2014,12,27,12,0,589,572,236,25
2014,12,27,13,0,551,560,225,25
2014,12,27,14,0,446,485,206,24
2014,12,27,15,0,295,323,178,22
2014,12,27,16,0,109,90,92,18
2014,12,27,17,0,0,0,0,15
2014,12,27,18,0,0,0,0,14
2014,12,27,19,0,0,0,0,13
2014,12,27,20,0,0,0,0,13
2014,12,27,21,0,0,0,0,12
2014,12,27,22,0,0,0,0,11
2014,12,27,23,0,0,0,0,10
2014,12,28,0,0,0,0,0,10
2014,12,28,1,0,0,0,0,9
2014,12,28,2,0,0,0,0,9
2014,12,28,3,0,0,0,0,8
2014,12,28,4,0,0,0,0,7
2014,12,28,5,0,0,0,0,7
2014,12,28,6,0,0,0,0,7
2014,12,28,7,0,7,0,7,9
2014,12,28,8,0,105,17,100,13
2014,12,28,9,0,199,35,185,17
2014,12,28,10,0,308,84,264,22
2014,12,28,11,0,544,463,268,24
2014,12,28,12,0,590,561,244,25
2014,12,28,13,0,552,561,225,25
2014,12,28,14,0,448,486,207,24
2014,12,28,15,0,297,325,179,22
2014,12,28,16,0,105,67,92,17
2014,12,28,17,0,0,0,0,15
2014,12,28,18,0,0,0,0,14
2014,12,28,19,0,0,0,0,13
2014,12,28,20,0,0,0,0,12
2014,12,28,21,0,0,0,0,11
2014,12,28,22,0,0,0,0,11
2014,12,28,23,0,0,0,0,10
2014,12,29,0,0,0,0,0,9
2014,12,29,1,0,0,0,0,8
2014,12,29,2,0,0,0,0,8
2014,12,29,3,0,0,0,0,7
2014,12,29,4,0,0,0,0,6
2014,12,29,5,0,0,0,0,6
2014,12,29,6,0,0,0,0,6
2014,12,29,7,0,7,0,7,8
2014,12,29,8,0,145,135,113,12
2014,12,29,9,0,301,251,200,16
2014,12,29,10,0,476,470,230,21
2014,12,29,11,0,564,556,232,24
2014,12,29,12,0,595,586,233,25
2014,12,29,13,0,554,562,226,25
2014,12,29,14,0,450,487,208,24
2014,12,29,15,0,299,327,180,22
2014,12,29,16,0,108,72,94,17
2014,12,29,17,0,0,0,0,14
2014,12,29,18,0,0,0,0,13
2014,12,29,19,0,0,0,0,13
2014,12,29,20,0,0,0,0,12
2014,12,29,21,0,0,0,0,11
2014,12,29,22,0,0,0,0,10
2014,12,29,23,0,0,0,0,9
2014,12,30,0,0,0,0,0,9
2014,12,30,1,0,0,0,0,8
2014,12,30,2,0,0,0,0,8
2014,12,30,3,0,0,0,0,7
2014,12,30,4,0,0,0,0,7
2014,12,30,5,0,0,0,0,6
2014,12,30,6,0,0,0,0,6
2014,12,30,7,0,9,0,9,8
2014,12,30,8,0,132,87,111,13
2014,12,30,9,0,327,328,196,16
2014,12,30,10,0,476,496,217,21
2014,12,30,11,0,570,572,228,24
2014,12,30,12,0,596,587,233,25
2014,12,30,13,0,555,563,225,25
2014,12,30,14,0,452,489,208,24
2014,12,30,15,0,301,359,169,22
2014,12,30,16,0,117,105,96,17
2014,12,30,17,0,0,0,0,15
2014,12,30,18,0,0,0,0,14
2014,12,30,19,0,0,0,0,13
2014,12,30,20,0,0,0,0,12
2014,12,30,21,0,0,0,0,12
2014,12,30,22,0,0,0,0,11
2014,12,30,23,0,0,0,0,10
2014,12,31,0,0,0,0,0,10
2014,12,31,1,0,0,0,0,9
2014,12,31,2,0,0,0,0,8
2014,12,31,3,0,0,0,0,8
2014,12,31,4,0,0,0,0,7
2014,12,31,5,0,0,0,0,6
2014,12,31,6,0,0,0,0,6
2014,12,31,7,0,6,0,6,8
2014,12,31,8,0,154,172,113,13
2014,12,31,9,0,326,371,178,17
2014,12,31,10,0,457,442,226,22
2014,12,31,11,0,552,508,248,24
2014,12,31,12,0,586,553,243,25
2014,12,31,13,0,557,564,226,25
2014,12,31,14,0,454,490,208,24
2014,12,31,15,0,303,331,181,22
2014,12,31,16,0,113,80,97,18
2014,12,31,17,0,0,0,0,16
2014,12,31,18,0,0,0,0,15
2014,12,31,19,0,0,0,0,14
2014,12,31,20,0,0,0,0,14
2014,12,31,21,0,0,0,0,13
2014,12,31,22,0,0,0,0,13
2014,12,31,23,0,0,0,0,12
