Source,Location ID,City,State,Country,Latitude,Longitude,Time Zone,Elevation,Local Time Zone,Clearsky DHI Units,Clearsky DNI Units,Clearsky GHI Units,Dew Point Units,DHI Units,DHI Perez Units,DNI Units,DNI Perez Units,GHI Units,GHI Perez Units,Solar Zenith Angle Units,Temperature Units,Pressure Units,Relative Humidity Units,Precipitable Water Units,Wind Direction Units,Wind Speed Units,Snow Depth Units,Fill Flag 0,Fill Flag 1,Fill Flag 2,Fill Flag 3,Fill Flag 4,Fill Flag 5,Version
NSRDB,33896,-,-,-,28.65,77.25,5.5,0,5.5,w/m2,w/m2,w/m2,c,w/m2,w/m2,w/m2,w/m2,w/m2,w/m2,Degree,c,mbar,%,cm,Degrees,m/s,m,N/A,Missing Image,Low Irradiance,Exceeds Clearsky,Missing CLoud Properties,Rayleigh Violation,unknown
Year,Month,Day,Hour,Minute,GHI,DNI,DHI,Temperature
2012,1,1,0,0,0,0,0,10
2012,1,1,1,0,0,0,0,10
2012,1,1,2,0,0,0,0,9
2012,1,1,3,0,0,0,0,8
2012,1,1,4,0,0,0,0,8
2012,1,1,5,0,0,0,0,14
2012,1,1,6,0,0,0,0,14
2012,1,1,7,0,5,0,5,15
2012,1,1,8,0,86,9,83,17
2012,1,1,9,0,319,285,205,18
2012,1,1,10,0,418,264,280,21
2012,1,1,11,0,248,25,233,22
2012,1,1,12,0,187,2,185,23
2012,1,1,13,0,107,0,107,23
2012,1,1,14,0,140,0,140,22
2012,1,1,15,0,59,0,59,21
2012,1,1,16,0,25,0,25,19
2012,1,1,17,0,0,0,0,17
2012,1,1,18,0,0,0,0,16
2012,1,1,19,0,0,0,0,15
2012,1,1,20,0,0,0,0,14
2012,1,1,21,0,0,0,0,14
2012,1,1,22,0,0,0,0,13
2012,1,1,23,0,0,0,0,13
2012,1,2,0,0,0,0,0,12
2012,1,2,1,0,0,0,0,12
2012,1,2,2,0,0,0,0,11
2012,1,2,3,0,0,0,0,11
2012,1,2,4,0,0,0,0,10
2012,1,2,5,0,0,0,0,10
2012,1,2,6,0,0,0,0,10
2012,1,2,7,0,5,0,5,12
2012,1,2,8,0,107,25,101,15
2012,1,2,9,0,236,81,203,19
2012,1,2,10,0,300,63,267,23
2012,1,2,11,0,307,41,282,25
2012,1,2,12,0,501,289,321,25
2012,1,2,13,0,455,266,298,25
2012,1,2,14,0,344,127,280,24
2012,1,2,15,0,212,69,186,22
2012,1,2,16,0,91,22,86,19
2012,1,2,17,0,0,0,0,17
2012,1,2,18,0,0,0,0,16
2012,1,2,19,0,0,0,0,16
2012,1,2,20,0,0,0,0,15
2012,1,2,21,0,0,0,0,14
2012,1,2,22,0,0,0,0,14
2012,1,2,23,0,0,0,0,13
2012,1,3,0,0,0,0,0,12
2012,1,3,1,0,0,0,0,11
2012,1,3,2,0,0,0,0,11
2012,1,3,3,0,0,0,0,10
2012,1,3,4,0,0,0,0,10
2012,1,3,5,0,0,0,0,9
2012,1,3,6,0,0,0,0,9
2012,1,3,7,0,5,0,5,11
2012,1,3,8,0,148,152,112,14
2012,1,3,9,0,319,334,186,18
2012,1,3,10,0,460,454,222,22
2012,1,3,11,0,555,510,249,24
2012,1,3,12,0,590,555,244,24
2012,1,3,13,0,562,566,227,24
2012,1,3,14,0,460,493,210,23
2012,1,3,15,0,308,331,184,21
2012,1,3,16,0,119,97,99,19
2012,1,3,17,0,0,0,0,17
2012,1,3,18,0,0,0,0,16
2012,1,3,19,0,0,0,0,15
2012,1,3,20,0,0,0,0,14
2012,1,3,21,0,0,0,0,14
2012,1,3,22,0,0,0,0,13
2012,1,3,23,0,0,0,0,12
2012,1,4,0,0,0,0,0,12
2012,1,4,1,0,0,0,0,12
2012,1,4,2,0,0,0,0,11
2012,1,4,3,0,0,0,0,11
2012,1,4,4,0,0,0,0,11
2012,1,4,5,0,0,0,0,10
2012,1,4,6,0,0,0,0,10
2012,1,4,7,0,4,0,4,12
2012,1,4,8,0,147,151,111,15
2012,1,4,9,0,313,313,188,19
2012,1,4,10,0,461,454,223,23
2012,1,4,11,0,562,529,244,24
2012,1,4,12,0,592,546,251,25
2012,1,4,13,0,537,495,243,25
2012,1,4,14,0,463,495,211,24
2012,1,4,15,0,304,311,187,22
2012,1,4,16,0,116,75,100,19
2012,1,4,17,0,0,0,0,17
2012,1,4,18,0,0,0,0,16
2012,1,4,19,0,0,0,0,15
2012,1,4,20,0,0,0,0,15
2012,1,4,21,0,0,0,0,14
2012,1,4,22,0,0,0,0,13
2012,1,4,23,0,0,0,0,13
2012,1,5,0,0,0,0,0,12
2012,1,5,1,0,0,0,0,11
2012,1,5,2,0,0,0,0,11
2012,1,5,3,0,0,0,0,10
2012,1,5,4,0,0,0,0,10
2012,1,5,5,0,0,0,0,9
2012,1,5,6,0,0,0,0,9
2012,1,5,7,0,4,0,4,11
2012,1,5,8,0,100,15,96,14
2012,1,5,9,0,191,27,180,19
2012,1,5,10,0,261,23,248,23
2012,1,5,11,0,366,105,302,25
2012,1,5,12,0,556,421,292,25
2012,1,5,13,0,540,498,244,25
2012,1,5,14,0,462,504,205,24
2012,1,5,15,0,307,346,176,23
2012,1,5,16,0,126,109,103,20
2012,1,5,17,0,0,0,0,18
2012,1,5,18,0,0,0,0,17
2012,1,5,19,0,0,0,0,16
2012,1,5,20,0,0,0,0,16
2012,1,5,21,0,0,0,0,15
2012,1,5,22,0,0,0,0,14
2012,1,5,23,0,0,0,0,14
2012,1,6,0,0,0,0,0,13
2012,1,6,1,0,0,0,0,13
2012,1,6,2,0,0,0,0,12
2012,1,6,3,0,0,0,0,12
2012,1,6,4,0,0,0,0,11
2012,1,6,5,0,0,0,0,11
2012,1,6,6,0,0,0,0,10
2012,1,6,7,0,4,0,4,12
2012,1,6,8,0,111,32,103,15
2012,1,6,9,0,191,22,182,19
2012,1,6,10,0,262,24,249,22
2012,1,6,11,0,266,15,256,24
2012,1,6,12,0,285,20,272,24
2012,1,6,13,0,257,14,248,23
2012,1,6,14,0,157,0,157,22
2012,1,6,15,0,61,0,61,21
2012,1,6,16,0,28,0,28,19
2012,1,6,17,0,1,0,1,18
2012,1,6,18,0,0,0,0,18
2012,1,6,19,0,0,0,0,17
2012,1,6,20,0,0,0,0,17
2012,1,6,21,0,0,0,0,17
2012,1,6,22,0,0,0,0,16
2012,1,6,23,0,0,0,0,15
2012,1,7,0,0,0,0,0,15
2012,1,7,1,0,0,0,0,14
2012,1,7,2,0,0,0,0,13
2012,1,7,3,0,0,0,0,12
2012,1,7,4,0,0,0,0,12
2012,1,7,5,0,0,0,0,11
2012,1,7,6,0,0,0,0,11
2012,1,7,7,0,4,0,4,12
2012,1,7,8,0,117,42,107,13
2012,1,7,9,0,217,53,195,14
2012,1,7,10,0,332,110,274,15
2012,1,7,11,0,262,19,250,16
2012,1,7,12,0,174,1,173,17
2012,1,7,13,0,241,21,228,16
2012,1,7,14,0,403,246,276,16
2012,1,7,15,0,236,94,199,16
2012,1,7,16,0,106,37,98,16
2012,1,7,17,0,1,0,1,15
2012,1,7,18,0,0,0,0,15
2012,1,7,19,0,0,0,0,14
2012,1,7,20,0,0,0,0,13
2012,1,7,21,0,0,0,0,13
2012,1,7,22,0,0,0,0,13
2012,1,7,23,0,0,0,0,12
2012,1,8,0,0,0,0,0,12
2012,1,8,1,0,0,0,0,12
2012,1,8,2,0,0,0,0,12
2012,1,8,3,0,0,0,0,12
2012,1,8,4,0,0,0,0,12
2012,1,8,5,0,0,0,0,12
2012,1,8,6,0,0,0,0,12
2012,1,8,7,0,4,0,4,12
2012,1,8,8,0,84,1,83,13
2012,1,8,9,0,174,13,168,14
2012,1,8,10,0,264,25,250,16
2012,1,8,11,0,282,27,265,19
2012,1,8,12,0,401,123,323,20
2012,1,8,13,0,516,368,295,20
2012,1,8,14,0,441,399,234,20
2012,1,8,15,0,287,238,195,19
2012,1,8,16,0,116,63,102,17
2012,1,8,17,0,1,0,1,15
2012,1,8,18,0,0,0,0,14
2012,1,8,19,0,0,0,0,14
2012,1,8,20,0,0,0,0,13
2012,1,8,21,0,0,0,0,13
2012,1,8,22,0,0,0,0,13
2012,1,8,23,0,0,0,0,12
2012,1,9,0,0,0,0,0,12
2012,1,9,1,0,0,0,0,11
2012,1,9,2,0,0,0,0,10
2012,1,9,3,0,0,0,0,9
2012,1,9,4,0,0,0,0,9
2012,1,9,5,0,0,0,0,8
2012,1,9,6,0,0,0,0,8
2012,1,9,7,0,4,0,4,9
2012,1,9,8,0,117,42,107,12
2012,1,9,9,0,238,98,198,17
2012,1,9,10,0,453,362,262,19
2012,1,9,11,0,571,538,245,21
2012,1,9,12,0,605,572,243,21
2012,1,9,13,0,576,575,229,21
2012,1,9,14,0,476,504,214,20
2012,1,9,15,0,324,375,178,19
2012,1,9,16,0,140,136,110,16
2012,1,9,17,0,1,0,1,14
2012,1,9,18,0,0,0,0,13
2012,1,9,19,0,0,0,0,12
2012,1,9,20,0,0,0,0,11
2012,1,9,21,0,0,0,0,10
2012,1,9,22,0,0,0,0,10
2012,1,9,23,0,0,0,0,9
2012,1,10,0,0,0,0,0,8
2012,1,10,1,0,0,0,0,8
2012,1,10,2,0,0,0,0,7
2012,1,10,3,0,0,0,0,7
2012,1,10,4,0,0,0,0,6
2012,1,10,5,0,0,0,0,6
2012,1,10,6,0,0,0,0,5
2012,1,10,7,0,6,0,6,8
2012,1,10,8,0,158,190,113,11
2012,1,10,9,0,338,394,180,15
2012,1,10,10,0,485,508,216,19
2012,1,10,11,0,583,578,231,20
2012,1,10,12,0,615,595,238,21
2012,1,10,13,0,579,576,230,21
2012,1,10,14,0,479,506,215,20
2012,1,10,15,0,329,385,178,19
2012,1,10,16,0,144,143,112,15
2012,1,10,17,0,1,0,1,13
2012,1,10,18,0,0,0,0,12
2012,1,10,19,0,0,0,0,11
2012,1,10,20,0,0,0,0,11
2012,1,10,21,0,0,0,0,10
2012,1,10,22,0,0,0,0,9
2012,1,10,23,0,0,0,0,9
2012,1,11,0,0,0,0,0,8
2012,1,11,1,0,0,0,0,8
2012,1,11,2,0,0,0,0,7
2012,1,11,3,0,0,0,0,6
2012,1,11,4,0,0,0,0,6
2012,1,11,5,0,0,0,0,6
2012,1,11,6,0,0,0,0,5
2012,1,11,7,0,3,0,3,8
2012,1,11,8,0,158,191,113,11
2012,1,11,9,0,335,394,177,15
2012,1,11,10,0,476,489,217,19
2012,1,11,11,0,577,556,238,21
2012,1,11,12,0,612,582,242,21
2012,1,11,13,0,582,578,231,21
2012,1,11,14,0,482,508,215,20
2012,1,11,15,0,332,388,179,19
2012,1,11,16,0,141,130,111,16
2012,1,11,17,0,1,0,1,13
2012,1,11,18,0,0,0,0,12
2012,1,11,19,0,0,0,0,12
2012,1,11,20,0,0,0,0,11
2012,1,11,21,0,0,0,0,10
2012,1,11,22,0,0,0,0,9
2012,1,11,23,0,0,0,0,9
2012,1,12,0,0,0,0,0,8
2012,1,12,1,0,0,0,0,7
2012,1,12,2,0,0,0,0,7
2012,1,12,3,0,0,0,0,6
2012,1,12,4,0,0,0,0,6
2012,1,12,5,0,0,0,0,5
2012,1,12,6,0,0,0,0,5
2012,1,12,7,0,6,0,6,7
2012,1,12,8,0,159,194,113,11
2012,1,12,9,0,340,395,181,15
2012,1,12,10,0,484,498,219,19
2012,1,12,11,0,586,580,231,21
2012,1,12,12,0,620,599,237,22
2012,1,12,13,0,585,579,232,22
2012,1,12,14,0,485,510,216,21
2012,1,12,15,0,335,391,179,20
2012,1,12,16,0,145,138,113,16
2012,1,12,17,0,1,0,1,13
2012,1,12,18,0,0,0,0,12
2012,1,12,19,0,0,0,0,11
2012,1,12,20,0,0,0,0,11
2012,1,12,21,0,0,0,0,10
2012,1,12,22,0,0,0,0,9
2012,1,12,23,0,0,0,0,8
2012,1,13,0,0,0,0,0,8
2012,1,13,1,0,0,0,0,7
2012,1,13,2,0,0,0,0,6
2012,1,13,3,0,0,0,0,6
2012,1,13,4,0,0,0,0,5
2012,1,13,5,0,0,0,0,5
2012,1,13,6,0,0,0,0,5
2012,1,13,7,0,6,0,6,7
2012,1,13,8,0,160,195,114,11
2012,1,13,9,0,341,396,181,15
2012,1,13,10,0,491,514,217,20
2012,1,13,11,0,589,582,232,22
2012,1,13,12,0,623,600,239,23
2012,1,13,13,0,588,581,232,23
2012,1,13,14,0,489,512,217,22
2012,1,13,15,0,338,394,180,21
2012,1,13,16,0,149,145,115,17
2012,1,13,17,0,2,0,2,14
2012,1,13,18,0,0,0,0,13
2012,1,13,19,0,0,0,0,12
2012,1,13,20,0,0,0,0,12
2012,1,13,21,0,0,0,0,11
2012,1,13,22,0,0,0,0,11
2012,1,13,23,0,0,0,0,10
2012,1,14,0,0,0,0,0,10
2012,1,14,1,0,0,0,0,9
2012,1,14,2,0,0,0,0,9
2012,1,14,3,0,0,0,0,8
2012,1,14,4,0,0,0,0,8
2012,1,14,5,0,0,0,0,7
2012,1,14,6,0,0,0,0,7
2012,1,14,7,0,4,0,4,10
2012,1,14,8,0,161,197,114,14
2012,1,14,9,0,342,397,181,17
2012,1,14,10,0,492,515,217,22
2012,1,14,11,0,591,583,232,23
2012,1,14,12,0,625,602,238,24
2012,1,14,13,0,591,583,232,24
2012,1,14,14,0,492,514,218,23
2012,1,14,15,0,342,397,182,21
2012,1,14,16,0,153,153,117,19
2012,1,14,17,0,2,0,2,17
2012,1,14,18,0,0,0,0,16
2012,1,14,19,0,0,0,0,15
2012,1,14,20,0,0,0,0,14
2012,1,14,21,0,0,0,0,13
2012,1,14,22,0,0,0,0,12
2012,1,14,23,0,0,0,0,12
2012,1,15,0,0,0,0,0,11
2012,1,15,1,0,0,0,0,11
2012,1,15,2,0,0,0,0,10
2012,1,15,3,0,0,0,0,10
2012,1,15,4,0,0,0,0,10
2012,1,15,5,0,0,0,0,9
2012,1,15,6,0,0,0,0,9
2012,1,15,7,0,4,0,4,12
2012,1,15,8,0,133,91,111,14
2012,1,15,9,0,339,413,172,18
2012,1,15,10,0,445,352,256,22
2012,1,15,11,0,492,280,319,24
2012,1,15,12,0,616,587,237,26
2012,1,15,13,0,583,570,230,26
2012,1,15,14,0,475,464,226,26
2012,1,15,15,0,339,412,171,25
2012,1,15,16,0,150,138,117,21
2012,1,15,17,0,2,0,2,19
2012,1,15,18,0,0,0,0,19
2012,1,15,19,0,0,0,0,18
2012,1,15,20,0,0,0,0,17
2012,1,15,21,0,0,0,0,17
2012,1,15,22,0,0,0,0,16
2012,1,15,23,0,0,0,0,15
2012,1,16,0,0,0,0,0,15
2012,1,16,1,0,0,0,0,14
2012,1,16,2,0,0,0,0,14
2012,1,16,3,0,0,0,0,13
2012,1,16,4,0,0,0,0,13
2012,1,16,5,0,0,0,0,13
2012,1,16,6,0,0,0,0,12
2012,1,16,7,0,4,0,4,13
2012,1,16,8,0,99,21,94,15
2012,1,16,9,0,276,162,210,18
2012,1,16,10,0,387,200,279,21
2012,1,16,11,0,151,0,151,23
2012,1,16,12,0,437,161,332,23
2012,1,16,13,0,354,73,308,23
2012,1,16,14,0,313,78,271,23
2012,1,16,15,0,95,0,95,21
2012,1,16,16,0,127,69,110,19
2012,1,16,17,0,2,0,2,18
2012,1,16,18,0,0,0,0,17
2012,1,16,19,0,0,0,0,16
2012,1,16,20,0,0,0,0,15
2012,1,16,21,0,0,0,0,14
2012,1,16,22,0,0,0,0,13
2012,1,16,23,0,0,0,0,12
2012,1,17,0,0,0,0,0,11
2012,1,17,1,0,0,0,0,11
2012,1,17,2,0,0,0,0,10
2012,1,17,3,0,0,0,0,9
2012,1,17,4,0,0,0,0,9
2012,1,17,5,0,0,0,0,8
2012,1,17,6,0,0,0,0,8
2012,1,17,7,0,4,0,4,11
2012,1,17,8,0,106,26,99,14
2012,1,17,9,0,156,5,153,19
2012,1,17,10,0,207,6,203,22
2012,1,17,11,0,179,0,179,23
2012,1,17,12,0,183,1,182,24
2012,1,17,13,0,194,4,191,24
2012,1,17,14,0,288,59,256,23
2012,1,17,15,0,313,256,207,21
2012,1,17,16,0,145,100,120,18
2012,1,17,17,0,3,0,3,16
2012,1,17,18,0,0,0,0,15
2012,1,17,19,0,0,0,0,14
2012,1,17,20,0,0,0,0,13
2012,1,17,21,0,0,0,0,13
2012,1,17,22,0,0,0,0,12
2012,1,17,23,0,0,0,0,11
2012,1,18,0,0,0,0,0,11
2012,1,18,1,0,0,0,0,10
2012,1,18,2,0,0,0,0,10
2012,1,18,3,0,0,0,0,9
2012,1,18,4,0,0,0,0,8
2012,1,18,5,0,0,0,0,8
2012,1,18,6,0,0,0,0,7
2012,1,18,7,0,5,0,5,10
2012,1,18,8,0,107,23,101,13
2012,1,18,9,0,225,59,200,18
2012,1,18,10,0,362,137,288,22
2012,1,18,11,0,550,412,293,23
2012,1,18,12,0,617,538,266,24
2012,1,18,13,0,578,522,251,23
2012,1,18,14,0,506,523,221,23
2012,1,18,15,0,343,367,190,21
2012,1,18,16,0,163,180,118,18
2012,1,18,17,0,3,0,3,16
2012,1,18,18,0,0,0,0,15
2012,1,18,19,0,0,0,0,14
2012,1,18,20,0,0,0,0,13
2012,1,18,21,0,0,0,0,12
2012,1,18,22,0,0,0,0,12
2012,1,18,23,0,0,0,0,11
2012,1,19,0,0,0,0,0,11
2012,1,19,1,0,0,0,0,10
2012,1,19,2,0,0,0,0,10
2012,1,19,3,0,0,0,0,9
2012,1,19,4,0,0,0,0,9
2012,1,19,5,0,0,0,0,8
2012,1,19,6,0,0,0,0,8
2012,1,19,7,0,5,0,5,11
2012,1,19,8,0,120,48,108,14
2012,1,19,9,0,275,154,211,19
2012,1,19,10,0,456,364,258,21
2012,1,19,11,0,554,441,278,22
2012,1,19,12,0,582,417,308,23
2012,1,19,13,0,437,174,327,23
2012,1,19,14,0,460,330,279,22
2012,1,19,15,0,348,342,204,20
2012,1,19,16,0,153,125,121,17
2012,1,19,17,0,3,0,3,15
2012,1,19,18,0,0,0,0,14
2012,1,19,19,0,0,0,0,13
2012,1,19,20,0,0,0,0,12
2012,1,19,21,0,0,0,0,12
2012,1,19,22,0,0,0,0,11
2012,1,19,23,0,0,0,0,10
2012,1,20,0,0,0,0,0,10
2012,1,20,1,0,0,0,0,9
2012,1,20,2,0,0,0,0,9
2012,1,20,3,0,0,0,0,8
2012,1,20,4,0,0,0,0,8
2012,1,20,5,0,0,0,0,7
2012,1,20,6,0,0,0,0,7
2012,1,20,7,0,5,0,5,10
2012,1,20,8,0,104,12,101,13
2012,1,20,9,0,178,12,173,17
2012,1,20,10,0,269,22,257,20
2012,1,20,11,0,384,97,323,21
2012,1,20,12,0,384,90,324,21
2012,1,20,13,0,604,506,284,21
2012,1,20,14,0,513,536,217,20
2012,1,20,15,0,362,415,187,19
2012,1,20,16,0,172,179,126,16
2012,1,20,17,0,5,0,5,13
2012,1,20,18,0,0,0,0,12
2012,1,20,19,0,0,0,0,11
2012,1,20,20,0,0,0,0,11
2012,1,20,21,0,0,0,0,10
2012,1,20,22,0,0,0,0,9
2012,1,20,23,0,0,0,0,9
2012,1,21,0,0,0,0,0,8
2012,1,21,1,0,0,0,0,7
2012,1,21,2,0,0,0,0,7
2012,1,21,3,0,0,0,0,6
2012,1,21,4,0,0,0,0,6
2012,1,21,5,0,0,0,0,5
2012,1,21,6,0,0,0,0,5
2012,1,21,7,0,6,0,6,8
2012,1,21,8,0,169,213,117,11
2012,1,21,9,0,353,407,184,16
2012,1,21,10,0,507,524,220,19
2012,1,21,11,0,610,593,236,21
2012,1,21,12,0,647,613,242,22
2012,1,21,13,0,615,596,236,22
2012,1,21,14,0,517,530,223,21
2012,1,21,15,0,366,418,188,20
2012,1,21,16,0,176,187,128,16
2012,1,21,17,0,6,0,6,13
2012,1,21,18,0,0,0,0,12
2012,1,21,19,0,0,0,0,11
2012,1,21,20,0,0,0,0,11
2012,1,21,21,0,0,0,0,10
2012,1,21,22,0,0,0,0,9
2012,1,21,23,0,0,0,0,8
2012,1,22,0,0,0,0,0,8
2012,1,22,1,0,0,0,0,7
2012,1,22,2,0,0,0,0,6
2012,1,22,3,0,0,0,0,6
2012,1,22,4,0,0,0,0,6
2012,1,22,5,0,0,0,0,5
2012,1,22,6,0,0,0,0,5
2012,1,22,7,0,6,0,6,8
2012,1,22,8,0,107,20,102,12
2012,1,22,9,0,226,53,203,16
2012,1,22,10,0,308,67,271,20
2012,1,22,11,0,572,418,307,22
2012,1,22,12,0,362,68,316,23
2012,1,22,13,0,402,118,326,23
2012,1,22,14,0,431,231,302,22
2012,1,22,15,0,144,0,144,20
2012,1,22,16,0,45,0,45,17
2012,1,22,17,0,4,0,4,14
2012,1,22,18,0,0,0,0,14
2012,1,22,19,0,0,0,0,13
2012,1,22,20,0,0,0,0,12
2012,1,22,21,0,0,0,0,12
2012,1,22,22,0,0,0,0,11
2012,1,22,23,0,0,0,0,10
2012,1,23,0,0,0,0,0,10
2012,1,23,1,0,0,0,0,9
2012,1,23,2,0,0,0,0,9
2012,1,23,3,0,0,0,0,8
2012,1,23,4,0,0,0,0,8
2012,1,23,5,0,0,0,0,8
2012,1,23,6,0,0,0,0,8
2012,1,23,7,0,9,0,9,11
2012,1,23,8,0,172,217,118,14
2012,1,23,9,0,357,410,185,18
2012,1,23,10,0,513,527,222,22
2012,1,23,11,0,616,596,237,23
2012,1,23,12,0,654,616,243,24
2012,1,23,13,0,623,600,238,24
2012,1,23,14,0,525,534,225,23
2012,1,23,15,0,373,424,190,22
2012,1,23,16,0,185,226,125,18
2012,1,23,17,0,7,0,7,15
2012,1,23,18,0,0,0,0,14
2012,1,23,19,0,0,0,0,13
2012,1,23,20,0,0,0,0,13
2012,1,23,21,0,0,0,0,12
2012,1,23,22,0,0,0,0,11
2012,1,23,23,0,0,0,0,10
2012,1,24,0,0,0,0,0,9
2012,1,24,1,0,0,0,0,9
2012,1,24,2,0,0,0,0,8
2012,1,24,3,0,0,0,0,8
2012,1,24,4,0,0,0,0,7
2012,1,24,5,0,0,0,0,7
2012,1,24,6,0,0,0,0,6
2012,1,24,7,0,7,0,7,9
2012,1,24,8,0,176,219,122,12
2012,1,24,9,0,359,427,180,17
2012,1,24,10,0,515,528,223,22
2012,1,24,11,0,619,598,237,24
2012,1,24,12,0,658,618,244,25
2012,1,24,13,0,626,602,238,25
2012,1,24,14,0,529,536,226,24
2012,1,24,15,0,377,442,184,23
2012,1,24,16,0,194,245,129,19
2012,1,24,17,0,8,0,8,16
2012,1,24,18,0,0,0,0,15
2012,1,24,19,0,0,0,0,14
2012,1,24,20,0,0,0,0,13
2012,1,24,21,0,0,0,0,12
2012,1,24,22,0,0,0,0,12
2012,1,24,23,0,0,0,0,11
2012,1,25,0,0,0,0,0,10
2012,1,25,1,0,0,0,0,10
2012,1,25,2,0,0,0,0,9
2012,1,25,3,0,0,0,0,9
2012,1,25,4,0,0,0,0,8
2012,1,25,5,0,0,0,0,8
2012,1,25,6,0,0,0,0,8
2012,1,25,7,0,8,0,8,11
2012,1,25,8,0,176,201,126,14
2012,1,25,9,0,339,348,192,19
2012,1,25,10,0,518,502,239,23
2012,1,25,11,0,598,516,267,25
2012,1,25,12,0,662,605,255,25
2012,1,25,13,0,630,604,239,25
2012,1,25,14,0,533,539,227,24
2012,1,25,15,0,381,430,192,23
2012,1,25,16,0,194,245,128,20
2012,1,25,17,0,10,0,10,17
2012,1,25,18,0,0,0,0,16
2012,1,25,19,0,0,0,0,15
2012,1,25,20,0,0,0,0,15
2012,1,25,21,0,0,0,0,14
2012,1,25,22,0,0,0,0,13
2012,1,25,23,0,0,0,0,12
2012,1,26,0,0,0,0,0,11
2012,1,26,1,0,0,0,0,10
2012,1,26,2,0,0,0,0,10
2012,1,26,3,0,0,0,0,9
2012,1,26,4,0,0,0,0,9
2012,1,26,5,0,0,0,0,8
2012,1,26,6,0,0,0,0,8
2012,1,26,7,0,9,0,9,11
2012,1,26,8,0,156,147,119,14
2012,1,26,9,0,328,272,212,19
2012,1,26,10,0,521,504,239,23
2012,1,26,11,0,622,576,251,24
2012,1,26,12,0,629,507,286,25
2012,1,26,13,0,547,333,330,25
2012,1,26,14,0,537,513,244,24
2012,1,26,15,0,385,439,191,22
2012,1,26,16,0,199,253,130,19
2012,1,26,17,0,11,0,11,16
2012,1,26,18,0,0,0,0,15
2012,1,26,19,0,0,0,0,14
2012,1,26,20,0,0,0,0,13
2012,1,26,21,0,0,0,0,12
2012,1,26,22,0,0,0,0,11
2012,1,26,23,0,0,0,0,11
2012,1,27,0,0,0,0,0,10
2012,1,27,1,0,0,0,0,10
2012,1,27,2,0,0,0,0,9
2012,1,27,3,0,0,0,0,9
2012,1,27,4,0,0,0,0,8
2012,1,27,5,0,0,0,0,7
2012,1,27,6,0,0,0,0,7
2012,1,27,7,0,9,0,9,10
2012,1,27,8,0,152,106,125,13
2012,1,27,9,0,357,351,207,17
2012,1,27,10,0,524,534,224,21
2012,1,27,11,0,630,603,239,23
2012,1,27,12,0,669,624,245,24
2012,1,27,13,0,638,608,240,24
2012,1,27,14,0,541,543,229,23
2012,1,27,15,0,388,418,202,21
2012,1,27,16,0,196,235,131,18
2012,1,27,17,0,13,0,13,15
2012,1,27,18,0,0,0,0,14
2012,1,27,19,0,0,0,0,13
2012,1,27,20,0,0,0,0,12
2012,1,27,21,0,0,0,0,11
2012,1,27,22,0,0,0,0,10
2012,1,27,23,0,0,0,0,10
2012,1,28,0,0,0,0,0,9
2012,1,28,1,0,0,0,0,9
2012,1,28,2,0,0,0,0,8
2012,1,28,3,0,0,0,0,7
2012,1,28,4,0,0,0,0,7
2012,1,28,5,0,0,0,0,6
2012,1,28,6,0,0,0,0,6
2012,1,28,7,0,10,0,10,9
2012,1,28,8,0,177,217,122,13
2012,1,28,9,0,369,420,189,18
2012,1,28,10,0,527,535,225,21
2012,1,28,11,0,633,605,239,23
2012,1,28,12,0,673,626,245,23
2012,1,28,13,0,643,610,241,23
2012,1,28,14,0,545,546,229,22
2012,1,28,15,0,392,421,203,21
2012,1,28,16,0,201,245,132,18
2012,1,28,17,0,15,0,15,14
2012,1,28,18,0,0,0,0,13
2012,1,28,19,0,0,0,0,13
2012,1,28,20,0,0,0,0,12
2012,1,28,21,0,0,0,0,11
2012,1,28,22,0,0,0,0,10
2012,1,28,23,0,0,0,0,10
2012,1,29,0,0,0,0,0,9
2012,1,29,1,0,0,0,0,8
2012,1,29,2,0,0,0,0,8
2012,1,29,3,0,0,0,0,7
2012,1,29,4,0,0,0,0,7
2012,1,29,5,0,0,0,0,6
2012,1,29,6,0,0,0,0,6
2012,1,29,7,0,11,0,11,9
2012,1,29,8,0,174,181,127,13
2012,1,29,9,0,369,411,192,17
2012,1,29,10,0,528,530,227,22
2012,1,29,11,0,635,602,241,23
2012,1,29,12,0,677,628,246,24
2012,1,29,13,0,647,612,242,24
2012,1,29,14,0,549,548,230,24
2012,1,29,15,0,396,423,204,22
2012,1,29,16,0,206,257,133,19
2012,1,29,17,0,17,0,17,15
2012,1,29,18,0,0,0,0,14
2012,1,29,19,0,0,0,0,13
2012,1,29,20,0,0,0,0,13
2012,1,29,21,0,0,0,0,12
2012,1,29,22,0,0,0,0,11
2012,1,29,23,0,0,0,0,10
2012,1,30,0,0,0,0,0,9
2012,1,30,1,0,0,0,0,9
2012,1,30,2,0,0,0,0,8
2012,1,30,3,0,0,0,0,7
2012,1,30,4,0,0,0,0,7
2012,1,30,5,0,0,0,0,6
2012,1,30,6,0,0,0,0,6
2012,1,30,7,0,12,0,12,9
2012,1,30,8,0,183,227,124,13
2012,1,30,9,0,375,425,190,18
2012,1,30,10,0,534,539,227,22
2012,1,30,11,0,641,609,241,24
2012,1,30,12,0,681,630,247,25
2012,1,30,13,0,651,614,243,25
2012,1,30,14,0,553,550,231,24
2012,1,30,15,0,400,450,195,23
2012,1,30,16,0,211,209,151,19
2012,1,30,17,0,16,0,16,15
2012,1,30,18,0,0,0,0,14
2012,1,30,19,0,0,0,0,13
2012,1,30,20,0,0,0,0,13
2012,1,30,21,0,0,0,0,12
2012,1,30,22,0,0,0,0,11
2012,1,30,23,0,0,0,0,10
2012,1,31,0,0,0,0,0,9
2012,1,31,1,0,0,0,0,9
2012,1,31,2,0,0,0,0,8
2012,1,31,3,0,0,0,0,8
2012,1,31,4,0,0,0,0,7
2012,1,31,5,0,0,0,0,7
2012,1,31,6,0,0,0,0,7
2012,1,31,7,0,13,0,13,10
2012,1,31,8,0,185,232,124,14
2012,1,31,9,0,378,427,191,18
2012,1,31,10,0,537,539,228,23
2012,1,31,11,0,645,611,241,24
2012,1,31,12,0,686,632,248,25
2012,1,31,13,0,655,616,243,25
2012,1,31,14,0,557,552,232,24
2012,1,31,15,0,404,452,196,22
2012,1,31,16,0,216,217,153,19
2012,1,31,17,0,18,0,18,16
2012,1,31,18,0,0,0,0,15
2012,1,31,19,0,0,0,0,14
2012,1,31,20,0,0,0,0,13
2012,1,31,21,0,0,0,0,12
2012,1,31,22,0,0,0,0,11
2012,1,31,23,0,0,0,0,10
2012,2,1,0,0,0,0,0,10
2012,2,1,1,0,0,0,0,9
2012,2,1,2,0,0,0,0,9
2012,2,1,3,0,0,0,0,8
2012,2,1,4,0,0,0,0,8
2012,2,1,5,0,0,0,0,7
2012,2,1,6,0,0,0,0,7
2012,2,1,7,0,15,0,15,10
2012,2,1,8,0,186,235,124,13
2012,2,1,9,0,377,420,192,18
2012,2,1,10,0,535,532,229,23
2012,2,1,11,0,640,593,246,24
2012,2,1,12,0,684,624,249,25
2012,2,1,13,0,661,629,238,25
2012,2,1,14,0,564,569,227,24
2012,2,1,15,0,409,403,222,23
2012,2,1,16,0,171,112,138,20
2012,2,1,17,0,27,0,27,16
2012,2,1,18,0,0,0,0,15
2012,2,1,19,0,0,0,0,14
2012,2,1,20,0,0,0,0,13
2012,2,1,21,0,0,0,0,12
2012,2,1,22,0,0,0,0,11
2012,2,1,23,0,0,0,0,11
2012,2,2,0,0,0,0,0,10
2012,2,2,1,0,0,0,0,9
2012,2,2,2,0,0,0,0,9
2012,2,2,3,0,0,0,0,9
2012,2,2,4,0,0,0,0,9
2012,2,2,5,0,0,0,0,9
2012,2,2,6,0,0,0,0,9
2012,2,2,7,0,17,0,17,11
2012,2,2,8,0,196,259,127,13
2012,2,2,9,0,386,452,186,19
2012,2,2,10,0,545,562,220,23
2012,2,2,11,0,651,615,241,24
2012,2,2,12,0,697,634,253,25
2012,2,2,13,0,635,531,276,25
2012,2,2,14,0,538,486,248,25
2012,2,2,15,0,407,458,193,23
2012,2,2,16,0,220,222,154,20
2012,2,2,17,0,29,0,29,16
2012,2,2,18,0,0,0,0,15
2012,2,2,19,0,0,0,0,14
2012,2,2,20,0,0,0,0,14
2012,2,2,21,0,0,0,0,14
2012,2,2,22,0,0,0,0,14
2012,2,2,23,0,0,0,0,13
2012,2,3,0,0,0,0,0,13
2012,2,3,1,0,0,0,0,13
2012,2,3,2,0,0,0,0,12
2012,2,3,3,0,0,0,0,12
2012,2,3,4,0,0,0,0,12
2012,2,3,5,0,0,0,0,11
2012,2,3,6,0,0,0,0,11
2012,2,3,7,0,12,0,12,14
2012,2,3,8,0,124,39,113,16
2012,2,3,9,0,318,209,225,20
2012,2,3,10,0,506,378,286,24
2012,2,3,11,0,285,49,252,26
2012,2,3,12,0,696,533,321,27
2012,2,3,13,0,666,633,236,26
2012,2,3,14,0,568,582,219,24
2012,2,3,15,0,415,482,188,23
2012,2,3,16,0,226,308,134,21
2012,2,3,17,0,20,0,20,18
2012,2,3,18,0,0,0,0,17
2012,2,3,19,0,0,0,0,17
2012,2,3,20,0,0,0,0,16
2012,2,3,21,0,0,0,0,16
2012,2,3,22,0,0,0,0,15
2012,2,3,23,0,0,0,0,15
2012,2,4,0,0,0,0,0,14
2012,2,4,1,0,0,0,0,14
2012,2,4,2,0,0,0,0,13
2012,2,4,3,0,0,0,0,13
2012,2,4,4,0,0,0,0,12
2012,2,4,5,0,0,0,0,12
2012,2,4,6,0,0,0,0,12
2012,2,4,7,0,16,0,16,15
2012,2,4,8,0,146,59,130,17
2012,2,4,9,0,245,57,219,21
2012,2,4,10,0,285,34,265,25
2012,2,4,11,0,171,1,170,26
2012,2,4,12,0,365,67,317,27
2012,2,4,13,0,562,290,364,27
2012,2,4,14,0,349,93,292,27
2012,2,4,15,0,92,0,92,26
2012,2,4,16,0,45,0,45,23
2012,2,4,17,0,9,0,9,20
2012,2,4,18,0,0,0,0,19
2012,2,4,19,0,0,0,0,18
2012,2,4,20,0,0,0,0,17
2012,2,4,21,0,0,0,0,16
2012,2,4,22,0,0,0,0,15
2012,2,4,23,0,0,0,0,14
2012,2,5,0,0,0,0,0,13
2012,2,5,1,0,0,0,0,12
2012,2,5,2,0,0,0,0,11
2012,2,5,3,0,0,0,0,10
2012,2,5,4,0,0,0,0,10
2012,2,5,5,0,0,0,0,9
2012,2,5,6,0,0,0,0,9
2012,2,5,7,0,15,0,15,12
2012,2,5,8,0,187,215,128,15
2012,2,5,9,0,376,378,205,20
2012,2,5,10,0,536,517,232,24
2012,2,5,11,0,649,565,266,26
2012,2,5,12,0,701,630,253,27
2012,2,5,13,0,680,641,240,27
2012,2,5,14,0,581,589,223,26
2012,2,5,15,0,426,482,196,24
2012,2,5,16,0,235,247,159,22
2012,2,5,17,0,33,0,33,18
2012,2,5,18,0,0,0,0,17
2012,2,5,19,0,0,0,0,16
2012,2,5,20,0,0,0,0,15
2012,2,5,21,0,0,0,0,14
2012,2,5,22,0,0,0,0,13
2012,2,5,23,0,0,0,0,12
2012,2,6,0,0,0,0,0,11
2012,2,6,1,0,0,0,0,10
2012,2,6,2,0,0,0,0,10
2012,2,6,3,0,0,0,0,9
2012,2,6,4,0,0,0,0,8
2012,2,6,5,0,0,0,0,8
2012,2,6,6,0,0,0,0,7
2012,2,6,7,0,20,0,20,10
2012,2,6,8,0,191,221,130,14
2012,2,6,9,0,386,404,202,20
2012,2,6,10,0,553,540,233,23
2012,2,6,11,0,666,620,244,25
2012,2,6,12,0,713,656,244,26
2012,2,6,13,0,684,643,240,26
2012,2,6,14,0,586,591,225,25
2012,2,6,15,0,430,483,198,23
2012,2,6,16,0,240,255,161,21
2012,2,6,17,0,36,0,36,17
2012,2,6,18,0,0,0,0,16
2012,2,6,19,0,0,0,0,15
2012,2,6,20,0,0,0,0,14
2012,2,6,21,0,0,0,0,13
2012,2,6,22,0,0,0,0,12
2012,2,6,23,0,0,0,0,12
2012,2,7,0,0,0,0,0,11
2012,2,7,1,0,0,0,0,10
2012,2,7,2,0,0,0,0,9
2012,2,7,3,0,0,0,0,9
2012,2,7,4,0,0,0,0,8
2012,2,7,5,0,0,0,0,8
2012,2,7,6,0,0,0,0,8
2012,2,7,7,0,25,0,25,11
2012,2,7,8,0,206,273,130,14
2012,2,7,9,0,401,459,191,20
2012,2,7,10,0,558,554,228,23
2012,2,7,11,0,665,607,249,25
2012,2,7,12,0,712,641,251,26
2012,2,7,13,0,689,645,241,26
2012,2,7,14,0,578,457,297,25
2012,2,7,15,0,131,0,131,24
2012,2,7,16,0,55,0,55,21
2012,2,7,17,0,30,0,30,17
2012,2,7,18,0,0,0,0,16
2012,2,7,19,0,0,0,0,15
2012,2,7,20,0,0,0,0,14
2012,2,7,21,0,0,0,0,13
2012,2,7,22,0,0,0,0,12
2012,2,7,23,0,0,0,0,11
2012,2,8,0,0,0,0,0,10
2012,2,8,1,0,0,0,0,10
2012,2,8,2,0,0,0,0,9
2012,2,8,3,0,0,0,0,8
2012,2,8,4,0,0,0,0,8
2012,2,8,5,0,0,0,0,7
2012,2,8,6,0,0,0,0,7
2012,2,8,7,0,27,1,26,9
2012,2,8,8,0,179,151,136,13
2012,2,8,9,0,406,401,221,18
2012,2,8,10,0,568,575,223,20
2012,2,8,11,0,677,629,244,21
2012,2,8,12,0,718,646,251,22
2012,2,8,13,0,680,608,255,22
2012,2,8,14,0,584,566,234,21
2012,2,8,15,0,433,470,204,20
2012,2,8,16,0,242,247,164,17
2012,2,8,17,0,37,0,37,14
2012,2,8,18,0,0,0,0,12
2012,2,8,19,0,0,0,0,11
2012,2,8,20,0,0,0,0,10
2012,2,8,21,0,0,0,0,9
2012,2,8,22,0,0,0,0,8
2012,2,8,23,0,0,0,0,7
2012,2,9,0,0,0,0,0,7
2012,2,9,1,0,0,0,0,6
2012,2,9,2,0,0,0,0,6
2012,2,9,3,0,0,0,0,5
2012,2,9,4,0,0,0,0,4
2012,2,9,5,0,0,0,0,4
2012,2,9,6,0,0,0,0,4
2012,2,9,7,0,25,0,25,7
2012,2,9,8,0,213,284,132,11
2012,2,9,9,0,410,470,192,17
2012,2,9,10,0,573,568,231,21
2012,2,9,11,0,685,643,240,22
2012,2,9,12,0,728,664,246,23
2012,2,9,13,0,698,649,242,23
2012,2,9,14,0,599,598,227,22
2012,2,9,15,0,442,493,200,21
2012,2,9,16,0,247,254,166,18
2012,2,9,17,0,40,0,40,14
2012,2,9,18,0,0,0,0,13
2012,2,9,19,0,0,0,0,12
2012,2,9,20,0,0,0,0,11
2012,2,9,21,0,0,0,0,10
2012,2,9,22,0,0,0,0,10
2012,2,9,23,0,0,0,0,9
2012,2,10,0,0,0,0,0,8
2012,2,10,1,0,0,0,0,8
2012,2,10,2,0,0,0,0,7
2012,2,10,3,0,0,0,0,6
2012,2,10,4,0,0,0,0,6
2012,2,10,5,0,0,0,0,6
2012,2,10,6,0,0,0,0,6
2012,2,10,7,0,27,0,27,9
2012,2,10,8,0,217,288,134,13
2012,2,10,9,0,414,472,193,19
2012,2,10,10,0,579,587,223,22
2012,2,10,11,0,687,638,243,24
2012,2,10,12,0,732,666,246,24
2012,2,10,13,0,702,652,242,25
2012,2,10,14,0,603,601,227,24
2012,2,10,15,0,446,496,200,23
2012,2,10,16,0,251,302,153,20
2012,2,10,17,0,47,11,45,16
2012,2,10,18,0,0,0,0,15
2012,2,10,19,0,0,0,0,14
2012,2,10,20,0,0,0,0,13
2012,2,10,21,0,0,0,0,12
2012,2,10,22,0,0,0,0,12
2012,2,10,23,0,0,0,0,11
2012,2,11,0,0,0,0,0,10
2012,2,11,1,0,0,0,0,10
2012,2,11,2,0,0,0,0,9
2012,2,11,3,0,0,0,0,8
2012,2,11,4,0,0,0,0,8
2012,2,11,5,0,0,0,0,8
2012,2,11,6,0,0,0,0,8
2012,2,11,7,0,26,0,26,11
2012,2,11,8,0,215,278,134,13
2012,2,11,9,0,418,412,224,17
2012,2,11,10,0,486,304,300,21
2012,2,11,11,0,599,363,345,23
2012,2,11,12,0,515,174,387,24
2012,2,11,13,0,595,344,351,24
2012,2,11,14,0,540,376,303,23
2012,2,11,15,0,239,41,218,22
2012,2,11,16,0,81,0,81,20
2012,2,11,17,0,17,0,17,17
2012,2,11,18,0,0,0,0,17
2012,2,11,19,0,0,0,0,16
2012,2,11,20,0,0,0,0,15
2012,2,11,21,0,0,0,0,15
2012,2,11,22,0,0,0,0,14
2012,2,11,23,0,0,0,0,14
2012,2,12,0,0,0,0,0,13
2012,2,12,1,0,0,0,0,12
2012,2,12,2,0,0,0,0,12
2012,2,12,3,0,0,0,0,11
2012,2,12,4,0,0,0,0,11
2012,2,12,5,0,0,0,0,10
2012,2,12,6,0,0,0,0,10
2012,2,12,7,0,17,0,17,14
2012,2,12,8,0,219,223,153,17
2012,2,12,9,0,412,440,203,22
2012,2,12,10,0,587,580,231,25
2012,2,12,11,0,698,648,242,27
2012,2,12,12,0,719,590,284,27
2012,2,12,13,0,711,656,243,27
2012,2,12,14,0,612,605,229,27
2012,2,12,15,0,454,501,202,25
2012,2,12,16,0,261,319,156,23
2012,2,12,17,0,48,9,46,19
2012,2,12,18,0,0,0,0,18
2012,2,12,19,0,0,0,0,17
2012,2,12,20,0,0,0,0,16
2012,2,12,21,0,0,0,0,16
2012,2,12,22,0,0,0,0,15
2012,2,12,23,0,0,0,0,14
2012,2,13,0,0,0,0,0,13
2012,2,13,1,0,0,0,0,13
2012,2,13,2,0,0,0,0,12
2012,2,13,3,0,0,0,0,11
2012,2,13,4,0,0,0,0,10
2012,2,13,5,0,0,0,0,9
2012,2,13,6,0,0,0,0,9
2012,2,13,7,0,30,0,30,12
2012,2,13,8,0,185,142,142,16
2012,2,13,9,0,423,408,228,20
2012,2,13,10,0,576,547,238,24
2012,2,13,11,0,679,580,269,27
2012,2,13,12,0,733,633,264,28
2012,2,13,13,0,716,658,244,28
2012,2,13,14,0,616,607,229,28
2012,2,13,15,0,458,477,217,27
2012,2,13,16,0,235,194,170,24
2012,2,13,17,0,46,13,44,20
2012,2,13,18,0,0,0,0,19
2012,2,13,19,0,0,0,0,18
2012,2,13,20,0,0,0,0,17
2012,2,13,21,0,0,0,0,16
2012,2,13,22,0,0,0,0,15
2012,2,13,23,0,0,0,0,14
2012,2,14,0,0,0,0,0,13
2012,2,14,1,0,0,0,0,12
2012,2,14,2,0,0,0,0,11
2012,2,14,3,0,0,0,0,11
2012,2,14,4,0,0,0,0,11
2012,2,14,5,0,0,0,0,11
2012,2,14,6,0,0,0,0,11
2012,2,14,7,0,25,0,25,13
2012,2,14,8,0,189,133,149,16
2012,2,14,9,0,361,264,234,20
2012,2,14,10,0,555,468,264,23
2012,2,14,11,0,617,419,319,25
2012,2,14,12,0,685,433,362,27
2012,2,14,13,0,352,52,314,27
2012,2,14,14,0,404,122,325,26
2012,2,14,15,0,274,51,248,25
2012,2,14,16,0,175,43,160,22
2012,2,14,17,0,54,11,52,18
2012,2,14,18,0,0,0,0,18
2012,2,14,19,0,0,0,0,17
2012,2,14,20,0,0,0,0,16
2012,2,14,21,0,0,0,0,15
2012,2,14,22,0,0,0,0,15
2012,2,14,23,0,0,0,0,15
2012,2,15,0,0,0,0,0,14
2012,2,15,1,0,0,0,0,13
2012,2,15,2,0,0,0,0,13
2012,2,15,3,0,0,0,0,12
2012,2,15,4,0,0,0,0,12
2012,2,15,5,0,0,0,0,11
2012,2,15,6,0,0,0,0,11
2012,2,15,7,0,41,44,37,13
2012,2,15,8,0,232,315,136,16
2012,2,15,9,0,433,496,192,22
2012,2,15,10,0,598,592,228,25
2012,2,15,11,0,709,647,246,26
2012,2,15,12,0,738,623,271,27
2012,2,15,13,0,723,655,248,27
2012,2,15,14,0,625,612,230,26
2012,2,15,15,0,466,509,205,24
2012,2,15,16,0,268,318,160,22
2012,2,15,17,0,57,20,54,18
2012,2,15,18,0,0,0,0,17
2012,2,15,19,0,0,0,0,16
2012,2,15,20,0,0,0,0,15
2012,2,15,21,0,0,0,0,14
2012,2,15,22,0,0,0,0,14
2012,2,15,23,0,0,0,0,13
2012,2,16,0,0,0,0,0,12
2012,2,16,1,0,0,0,0,12
2012,2,16,2,0,0,0,0,11
2012,2,16,3,0,0,0,0,10
2012,2,16,4,0,0,0,0,10
2012,2,16,5,0,0,0,0,10
2012,2,16,6,0,0,0,0,10
2012,2,16,7,0,38,7,37,13
2012,2,16,8,0,236,285,148,17
2012,2,16,9,0,438,489,199,22
2012,2,16,10,0,605,589,235,25
2012,2,16,11,0,717,658,244,27
2012,2,16,12,0,760,678,249,27
2012,2,16,13,0,728,660,247,27
2012,2,16,14,0,624,585,245,26
2012,2,16,15,0,460,419,243,25
2012,2,16,16,0,226,167,168,22
2012,2,16,17,0,55,13,53,19
2012,2,16,18,0,0,0,0,17
2012,2,16,19,0,0,0,0,16
2012,2,16,20,0,0,0,0,15
2012,2,16,21,0,0,0,0,14
2012,2,16,22,0,0,0,0,13
2012,2,16,23,0,0,0,0,12
2012,2,17,0,0,0,0,0,11
2012,2,17,1,0,0,0,0,11
2012,2,17,2,0,0,0,0,10
2012,2,17,3,0,0,0,0,10
2012,2,17,4,0,0,0,0,9
2012,2,17,5,0,0,0,0,9
2012,2,17,6,0,0,0,0,9
2012,2,17,7,0,32,0,32,13
2012,2,17,8,0,222,229,150,17
2012,2,17,9,0,383,310,230,22
2012,2,17,10,0,557,422,290,24
2012,2,17,11,0,464,131,369,24
2012,2,17,12,0,749,569,318,24
2012,2,17,13,0,710,594,274,25
2012,2,17,14,0,612,458,313,25
2012,2,17,15,0,215,19,205,24
2012,2,17,16,0,154,22,146,21
2012,2,17,17,0,26,0,26,18
2012,2,17,18,0,0,0,0,17
2012,2,17,19,0,0,0,0,17
2012,2,17,20,0,0,0,0,16
2012,2,17,21,0,0,0,0,14
2012,2,17,22,0,0,0,0,13
2012,2,17,23,0,0,0,0,13
2012,2,18,0,0,0,0,0,12
2012,2,18,1,0,0,0,0,11
2012,2,18,2,0,0,0,0,11
2012,2,18,3,0,0,0,0,11
2012,2,18,4,0,0,0,0,10
2012,2,18,5,0,0,0,0,9
2012,2,18,6,0,0,0,0,9
2012,2,18,7,0,44,14,42,12
2012,2,18,8,0,239,278,151,16
2012,2,18,9,0,446,469,213,22
2012,2,18,10,0,614,593,236,25
2012,2,18,11,0,726,662,245,27
2012,2,18,12,0,770,682,251,28
2012,2,18,13,0,739,668,247,28
2012,2,18,14,0,638,618,233,27
2012,2,18,15,0,478,517,207,25
2012,2,18,16,0,281,321,169,23
2012,2,18,17,0,66,32,61,19
2012,2,18,18,0,0,0,0,18
2012,2,18,19,0,0,0,0,17
2012,2,18,20,0,0,0,0,16
2012,2,18,21,0,0,0,0,15
2012,2,18,22,0,0,0,0,14
2012,2,18,23,0,0,0,0,13
2012,2,19,0,0,0,0,0,13
2012,2,19,1,0,0,0,0,12
2012,2,19,2,0,0,0,0,11
2012,2,19,3,0,0,0,0,11
2012,2,19,4,0,0,0,0,10
2012,2,19,5,0,0,0,0,10
2012,2,19,6,0,0,0,0,10
2012,2,19,7,0,47,18,45,13
2012,2,19,8,0,248,333,141,17
2012,2,19,9,0,450,498,201,22
2012,2,19,10,0,608,564,247,25
2012,2,19,11,0,669,484,315,27
2012,2,19,12,0,766,674,250,28
2012,2,19,13,0,734,660,245,28
2012,2,19,14,0,635,614,230,28
2012,2,19,15,0,477,524,201,27
2012,2,19,16,0,281,366,152,25
2012,2,19,17,0,64,24,60,21
2012,2,19,18,0,0,0,0,19
2012,2,19,19,0,0,0,0,18
2012,2,19,20,0,0,0,0,17
2012,2,19,21,0,0,0,0,17
2012,2,19,22,0,0,0,0,16
2012,2,19,23,0,0,0,0,15
2012,2,20,0,0,0,0,0,15
2012,2,20,1,0,0,0,0,15
2012,2,20,2,0,0,0,0,15
2012,2,20,3,0,0,0,0,15
2012,2,20,4,0,0,0,0,14
2012,2,20,5,0,0,0,0,14
2012,2,20,6,0,0,0,0,14
2012,2,20,7,0,41,4,40,17
2012,2,20,8,0,248,292,153,21
2012,2,20,9,0,399,288,254,25
2012,2,20,10,0,614,602,226,28
2012,2,20,11,0,724,654,243,30
2012,2,20,12,0,766,672,250,31
2012,2,20,13,0,728,597,283,31
2012,2,20,14,0,638,615,230,30
2012,2,20,15,0,480,526,202,29
2012,2,20,16,0,236,160,179,26
2012,2,20,17,0,56,29,51,22
2012,2,20,18,0,0,0,0,21
2012,2,20,19,0,0,0,0,20
2012,2,20,20,0,0,0,0,19
2012,2,20,21,0,0,0,0,19
2012,2,20,22,0,0,0,0,19
2012,2,20,23,0,0,0,0,18
2012,2,21,0,0,0,0,0,18
2012,2,21,1,0,0,0,0,18
2012,2,21,2,0,0,0,0,17
2012,2,21,3,0,0,0,0,16
2012,2,21,4,0,0,0,0,16
2012,2,21,5,0,0,0,0,16
2012,2,21,6,0,0,0,0,16
2012,2,21,7,0,53,26,49,19
2012,2,21,8,0,253,300,155,22
2012,2,21,9,0,457,497,204,27
2012,2,21,10,0,625,611,228,30
2012,2,21,11,0,736,664,246,32
2012,2,21,12,0,675,415,354,33
2012,2,21,13,0,734,576,303,33
2012,2,21,14,0,649,625,233,32
2012,2,21,15,0,490,524,210,31
2012,2,21,16,0,290,378,155,28
2012,2,21,17,0,64,20,60,24
2012,2,21,18,0,0,0,0,23
2012,2,21,19,0,0,0,0,22
2012,2,21,20,0,0,0,0,21
2012,2,21,21,0,0,0,0,20
2012,2,21,22,0,0,0,0,20
2012,2,21,23,0,0,0,0,19
2012,2,22,0,0,0,0,0,18
2012,2,22,1,0,0,0,0,17
2012,2,22,2,0,0,0,0,16
2012,2,22,3,0,0,0,0,16
2012,2,22,4,0,0,0,0,15
2012,2,22,5,0,0,0,0,14
2012,2,22,6,0,0,0,0,15
2012,2,22,7,0,52,20,49,19
2012,2,22,8,0,257,307,155,23
2012,2,22,9,0,462,515,198,28
2012,2,22,10,0,628,612,229,31
2012,2,22,11,0,738,662,246,32
2012,2,22,12,0,779,679,251,33
2012,2,22,13,0,747,665,247,33
2012,2,22,14,0,647,619,231,32
2012,2,22,15,0,487,529,203,31
2012,2,22,16,0,288,371,154,28
2012,2,22,17,0,72,36,66,25
2012,2,22,18,0,0,0,0,23
2012,2,22,19,0,0,0,0,22
2012,2,22,20,0,0,0,0,21
2012,2,22,21,0,0,0,0,21
2012,2,22,22,0,0,0,0,20
2012,2,22,23,0,0,0,0,19
2012,2,23,0,0,0,0,0,18
2012,2,23,1,0,0,0,0,18
2012,2,23,2,0,0,0,0,17
2012,2,23,3,0,0,0,0,16
2012,2,23,4,0,0,0,0,16
2012,2,23,5,0,0,0,0,15
2012,2,23,6,0,0,0,0,15
2012,2,23,7,0,55,25,51,18
2012,2,23,8,0,256,293,158,22
2012,2,23,9,0,466,518,199,26
2012,2,23,10,0,634,616,230,30
2012,2,23,11,0,746,668,247,31
2012,2,23,12,0,789,686,253,32
2012,2,23,13,0,759,674,249,32
2012,2,23,14,0,659,628,236,31
2012,2,23,15,0,497,528,212,30
2012,2,23,16,0,297,336,174,28
2012,2,23,17,0,70,28,65,24
2012,2,23,18,0,0,0,0,22
2012,2,23,19,0,0,0,0,21
2012,2,23,20,0,0,0,0,20
2012,2,23,21,0,0,0,0,19
2012,2,23,22,0,0,0,0,18
2012,2,23,23,0,0,0,0,17
2012,2,24,0,0,0,0,0,16
2012,2,24,1,0,0,0,0,15
2012,2,24,2,0,0,0,0,14
2012,2,24,3,0,0,0,0,13
2012,2,24,4,0,0,0,0,13
2012,2,24,5,0,0,0,0,12
2012,2,24,6,0,0,0,0,12
2012,2,24,7,0,49,10,47,15
2012,2,24,8,0,249,258,161,19
2012,2,24,9,0,361,140,288,23
2012,2,24,10,0,519,284,331,26
2012,2,24,11,0,552,191,408,27
2012,2,24,12,0,642,311,397,28
2012,2,24,13,0,766,611,301,28
2012,2,24,14,0,663,630,236,27
2012,2,24,15,0,501,530,213,25
2012,2,24,16,0,300,339,175,24
2012,2,24,17,0,73,32,67,20
2012,2,24,18,0,0,0,0,18
2012,2,24,19,0,0,0,0,17
2012,2,24,20,0,0,0,0,16
2012,2,24,21,0,0,0,0,15
2012,2,24,22,0,0,0,0,14
2012,2,24,23,0,0,0,0,13
2012,2,25,0,0,0,0,0,13
2012,2,25,1,0,0,0,0,12
2012,2,25,2,0,0,0,0,12
2012,2,25,3,0,0,0,0,12
2012,2,25,4,0,0,0,0,12
2012,2,25,5,0,0,0,0,11
2012,2,25,6,0,0,0,0,12
2012,2,25,7,0,39,0,39,15
2012,2,25,8,0,162,43,147,18
2012,2,25,9,0,477,416,259,23
2012,2,25,10,0,647,608,243,26
2012,2,25,11,0,760,677,248,28
2012,2,25,12,0,803,694,255,29
2012,2,25,13,0,771,682,250,29
2012,2,25,14,0,667,631,237,28
2012,2,25,15,0,505,533,213,27
2012,2,25,16,0,297,318,179,24
2012,2,25,17,0,81,50,72,20
2012,2,25,18,0,0,0,0,18
2012,2,25,19,0,0,0,0,17
2012,2,25,20,0,0,0,0,17
2012,2,25,21,0,0,0,0,16
2012,2,25,22,0,0,0,0,15
2012,2,25,23,0,0,0,0,14
2012,2,26,0,0,0,0,0,13
2012,2,26,1,0,0,0,0,12
2012,2,26,2,0,0,0,0,11
2012,2,26,3,0,0,0,0,10
2012,2,26,4,0,0,0,0,10
2012,2,26,5,0,0,0,0,9
2012,2,26,6,0,0,0,0,10
2012,2,26,7,0,65,39,59,13
2012,2,26,8,0,277,317,167,18
2012,2,26,9,0,482,518,208,23
2012,2,26,10,0,652,610,244,27
2012,2,26,11,0,765,679,249,29
2012,2,26,12,0,807,696,255,30
2012,2,26,13,0,775,683,251,30
2012,2,26,14,0,671,634,237,30
2012,2,26,15,0,508,535,213,28
2012,2,26,16,0,307,344,178,26
2012,2,26,17,0,84,54,75,21
2012,2,26,18,0,0,0,0,19
2012,2,26,19,0,0,0,0,18
2012,2,26,20,0,0,0,0,17
2012,2,26,21,0,0,0,0,16
2012,2,26,22,0,0,0,0,15
2012,2,26,23,0,0,0,0,15
2012,2,27,0,0,0,0,0,14
2012,2,27,1,0,0,0,0,13
2012,2,27,2,0,0,0,0,13
2012,2,27,3,0,0,0,0,12
2012,2,27,4,0,0,0,0,12
2012,2,27,5,0,0,0,0,11
2012,2,27,6,0,0,0,0,12
2012,2,27,7,0,64,32,59,15
2012,2,27,8,0,281,321,168,20
2012,2,27,9,0,487,521,210,25
2012,2,27,10,0,657,627,235,28
2012,2,27,11,0,770,681,250,29
2012,2,27,12,0,798,658,273,30
2012,2,27,13,0,780,685,251,30
2012,2,27,14,0,676,636,238,29
2012,2,27,15,0,512,537,215,28
2012,2,27,16,0,304,329,180,26
2012,2,27,17,0,76,31,70,22
2012,2,27,18,0,0,0,0,20
2012,2,27,19,0,0,0,0,19
2012,2,27,20,0,0,0,0,18
2012,2,27,21,0,0,0,0,17
2012,2,27,22,0,0,0,0,16
2012,2,27,23,0,0,0,0,16
2012,2,28,0,0,0,0,0,15
2012,2,28,1,0,0,0,0,14
2012,2,28,2,0,0,0,0,14
2012,2,28,3,0,0,0,0,13
2012,2,28,4,0,0,0,0,13
2012,2,28,5,0,0,0,0,12
2012,2,28,6,0,0,0,0,13
2012,2,28,7,0,68,38,62,16
2012,2,28,8,0,275,289,172,20
2012,2,28,9,0,488,514,212,26
2012,2,28,10,0,651,584,255,28
2012,2,28,11,0,774,683,250,29
2012,2,28,12,0,817,699,257,30
2012,2,28,13,0,784,686,252,30
2012,2,28,14,0,680,638,238,29
2012,2,28,15,0,516,539,216,28
2012,2,28,16,0,313,350,180,26
2012,2,28,17,0,84,48,75,22
2012,2,28,18,0,0,0,0,20
2012,2,28,19,0,0,0,0,19
2012,2,28,20,0,0,0,0,19
2012,2,28,21,0,0,0,0,18
2012,2,28,22,0,0,0,0,17
2012,2,28,23,0,0,0,0,16
2012,3,1,0,0,0,0,0,15
2012,3,1,1,0,0,0,0,15
2012,3,1,2,0,0,0,0,14
2012,3,1,3,0,0,0,0,13
2012,3,1,4,0,0,0,0,13
2012,3,1,5,0,0,0,0,12
2012,3,1,6,0,0,0,0,13
2012,3,1,7,0,66,21,62,17
2012,3,1,8,0,270,239,183,21
2012,3,1,9,0,470,437,232,27
2012,3,1,10,0,638,518,283,30
2012,3,1,11,0,750,586,295,31
2012,3,1,12,0,787,594,306,32
2012,3,1,13,0,757,587,297,32
2012,3,1,14,0,650,516,289,31
2012,3,1,15,0,490,444,240,30
2012,3,1,16,0,290,249,194,27
2012,3,1,17,0,78,24,73,23
2012,3,1,18,0,0,0,0,22
2012,3,1,19,0,0,0,0,21
2012,3,1,20,0,0,0,0,20
2012,3,1,21,0,0,0,0,19
2012,3,1,22,0,0,0,0,18
2012,3,1,23,0,0,0,0,17
2012,3,2,0,0,0,0,0,16
2012,3,2,1,0,0,0,0,16
2012,3,2,2,0,0,0,0,15
2012,3,2,3,0,0,0,0,14
2012,3,2,4,0,0,0,0,13
2012,3,2,5,0,0,0,0,13
2012,3,2,6,0,0,0,0,13
2012,3,2,7,0,70,24,66,18
2012,3,2,8,0,274,243,185,22
2012,3,2,9,0,475,440,233,28
2012,3,2,10,0,640,512,287,30
2012,3,2,11,0,750,576,301,31
2012,3,2,12,0,793,598,307,32
2012,3,2,13,0,755,572,305,32
2012,3,2,14,0,647,519,282,31
2012,3,2,15,0,494,450,239,30
2012,3,2,16,0,297,262,195,28
2012,3,2,17,0,81,27,76,23
2012,3,2,18,0,0,0,0,22
2012,3,2,19,0,0,0,0,21
2012,3,2,20,0,0,0,0,20
2012,3,2,21,0,0,0,0,19
2012,3,2,22,0,0,0,0,18
2012,3,2,23,0,0,0,0,18
2012,3,3,0,0,0,0,0,17
2012,3,3,1,0,0,0,0,16
2012,3,3,2,0,0,0,0,15
2012,3,3,3,0,0,0,0,14
2012,3,3,4,0,0,0,0,14
2012,3,3,5,0,0,0,0,13
2012,3,3,6,0,0,0,0,14
2012,3,3,7,0,65,13,62,18
2012,3,3,8,0,264,207,187,23
2012,3,3,9,0,471,396,252,28
2012,3,3,10,0,640,521,278,31
2012,3,3,11,0,750,565,307,32
2012,3,3,12,0,792,586,313,33
2012,3,3,13,0,761,577,305,33
2012,3,3,14,0,653,524,283,32
2012,3,3,15,0,491,415,254,31
2012,3,3,16,0,291,241,196,29
2012,3,3,17,0,78,21,74,25
2012,3,3,18,0,0,0,0,23
2012,3,3,19,0,0,0,0,22
2012,3,3,20,0,0,0,0,21
2012,3,3,21,0,0,0,0,20
2012,3,3,22,0,0,0,0,20
2012,3,3,23,0,0,0,0,19
2012,3,4,0,0,0,0,0,18
2012,3,4,1,0,0,0,0,18
2012,3,4,2,0,0,0,0,17
2012,3,4,3,0,0,0,0,17
2012,3,4,4,0,0,0,0,16
2012,3,4,5,0,0,0,0,16
2012,3,4,6,0,0,0,0,16
2012,3,4,7,0,69,17,66,21
2012,3,4,8,0,251,168,188,25
2012,3,4,9,0,446,315,270,30
2012,3,4,10,0,616,454,299,33
2012,3,4,11,0,737,527,321,35
2012,3,4,12,0,784,556,328,36
2012,3,4,13,0,751,545,318,36
2012,3,4,14,0,650,510,288,36
2012,3,4,15,0,488,396,261,34
2012,3,4,16,0,288,227,198,32
2012,3,4,17,0,76,16,73,28
2012,3,4,18,0,0,0,0,27
2012,3,4,19,0,0,0,0,26
2012,3,4,20,0,0,0,0,25
2012,3,4,21,0,0,0,0,24
2012,3,4,22,0,0,0,0,23
2012,3,4,23,0,0,0,0,22
2012,3,5,0,0,0,0,0,22
2012,3,5,1,0,0,0,0,21
2012,3,5,2,0,0,0,0,20
2012,3,5,3,0,0,0,0,19
2012,3,5,4,0,0,0,0,19
2012,3,5,5,0,0,0,0,18
2012,3,5,6,0,0,0,0,19
2012,3,5,7,0,68,13,65,22
2012,3,5,8,0,275,219,192,26
2012,3,5,9,0,476,389,257,31
2012,3,5,10,0,640,503,286,35
2012,3,5,11,0,749,544,318,36
2012,3,5,12,0,790,561,327,37
2012,3,5,13,0,764,568,311,37
2012,3,5,14,0,663,517,294,36
2012,3,5,15,0,500,428,253,35
2012,3,5,16,0,292,232,200,32
2012,3,5,17,0,74,12,71,29
2012,3,5,18,0,0,0,0,27
2012,3,5,19,0,0,0,0,25
2012,3,5,20,0,0,0,0,24
2012,3,5,21,0,0,0,0,23
2012,3,5,22,0,0,0,0,22
2012,3,5,23,0,0,0,0,21
2012,3,6,0,0,0,0,0,20
2012,3,6,1,0,0,0,0,19
2012,3,6,2,0,0,0,0,19
2012,3,6,3,0,0,0,0,18
2012,3,6,4,0,0,0,0,17
2012,3,6,5,0,0,0,0,16
2012,3,6,6,0,0,0,0,17
2012,3,6,7,0,67,10,65,20
2012,3,6,8,0,250,140,196,25
2012,3,6,9,0,437,278,279,29
2012,3,6,10,0,607,397,326,32
2012,3,6,11,0,735,507,331,33
2012,3,6,12,0,782,560,318,33
2012,3,6,13,0,762,555,317,33
2012,3,6,14,0,660,519,288,32
2012,3,6,15,0,497,410,259,31
2012,3,6,16,0,289,219,201,29
2012,3,6,17,0,81,20,77,26
2012,3,6,18,0,0,0,0,23
2012,3,6,19,0,0,0,0,22
2012,3,6,20,0,0,0,0,22
2012,3,6,21,0,0,0,0,21
2012,3,6,22,0,0,0,0,20
2012,3,6,23,0,0,0,0,19
2012,3,7,0,0,0,0,0,18
2012,3,7,1,0,0,0,0,17
2012,3,7,2,0,0,0,0,16
2012,3,7,3,0,0,0,0,15
2012,3,7,4,0,0,0,0,14
2012,3,7,5,0,0,0,0,13
2012,3,7,6,0,0,0,0,14
2012,3,7,7,0,80,29,74,18
2012,3,7,8,0,291,247,195,23
2012,3,7,9,0,499,439,248,28
2012,3,7,10,0,663,535,282,30
2012,3,7,11,0,767,569,312,31
2012,3,7,12,0,808,588,319,31
2012,3,7,13,0,775,578,310,31
2012,3,7,14,0,673,526,295,31
2012,3,7,15,0,509,455,244,29
2012,3,7,16,0,306,261,201,27
2012,3,7,17,0,88,32,81,23
2012,3,7,18,0,0,0,0,21
2012,3,7,19,0,0,0,0,20
2012,3,7,20,0,0,0,0,19
2012,3,7,21,0,0,0,0,18
2012,3,7,22,0,0,0,0,18
2012,3,7,23,0,0,0,0,17
2012,3,8,0,0,0,0,0,16
2012,3,8,1,0,0,0,0,15
2012,3,8,2,0,0,0,0,14
2012,3,8,3,0,0,0,0,13
2012,3,8,4,0,0,0,0,12
2012,3,8,5,0,0,0,0,12
2012,3,8,6,0,0,0,0,13
2012,3,8,7,0,80,22,76,17
2012,3,8,8,0,273,192,197,22
2012,3,8,9,0,481,369,269,27
2012,3,8,10,0,652,503,292,29
2012,3,8,11,0,760,542,324,31
2012,3,8,12,0,800,557,334,31
2012,3,8,13,0,765,545,325,31
2012,3,8,14,0,662,497,303,30
2012,3,8,15,0,506,421,260,28
2012,3,8,16,0,296,228,203,26
2012,3,8,17,0,91,31,84,21
2012,3,8,18,0,0,0,0,19
2012,3,8,19,0,0,0,0,19
2012,3,8,20,0,0,0,0,18
2012,3,8,21,0,0,0,0,17
2012,3,8,22,0,0,0,0,16
2012,3,8,23,0,0,0,0,15
2012,3,9,0,0,0,0,0,14
2012,3,9,1,0,0,0,0,13
2012,3,9,2,0,0,0,0,12
2012,3,9,3,0,0,0,0,11
2012,3,9,4,0,0,0,0,11
2012,3,9,5,0,0,0,0,10
2012,3,9,6,0,0,0,0,11
2012,3,9,7,0,84,29,78,15
2012,3,9,8,0,290,229,199,20
2012,3,9,9,0,499,418,257,26
2012,3,9,10,0,669,518,296,29
2012,3,9,11,0,772,562,318,30
2012,3,9,12,0,812,580,325,30
2012,3,9,13,0,778,569,316,30
2012,3,9,14,0,682,549,284,29
2012,3,9,15,0,518,466,244,28
2012,3,9,16,0,313,271,202,25
2012,3,9,17,0,94,38,86,21
2012,3,9,18,0,0,0,0,19
2012,3,9,19,0,0,0,0,18
2012,3,9,20,0,0,0,0,17
2012,3,9,21,0,0,0,0,16
2012,3,9,22,0,0,0,0,15
2012,3,9,23,0,0,0,0,15
2012,3,10,0,0,0,0,0,14
2012,3,10,1,0,0,0,0,13
2012,3,10,2,0,0,0,0,13
2012,3,10,3,0,0,0,0,12
2012,3,10,4,0,0,0,0,11
2012,3,10,5,0,0,0,0,11
2012,3,10,6,0,0,0,0,12
2012,3,10,7,0,97,47,88,17
2012,3,10,8,0,309,272,200,22
2012,3,10,9,0,513,463,243,27
2012,3,10,10,0,681,539,291,29
2012,3,10,11,0,789,598,303,30
2012,3,10,12,0,830,617,310,30
2012,3,10,13,0,790,592,307,30
2012,3,10,14,0,679,520,300,30
2012,3,10,15,0,521,469,244,28
2012,3,10,16,0,319,280,204,26
2012,3,10,17,0,96,40,88,22
2012,3,10,18,0,0,0,0,20
2012,3,10,19,0,0,0,0,19
2012,3,10,20,0,0,0,0,18
2012,3,10,21,0,0,0,0,17
2012,3,10,22,0,0,0,0,16
2012,3,10,23,0,0,0,0,15
2012,3,11,0,0,0,0,0,15
2012,3,11,1,0,0,0,0,14
2012,3,11,2,0,0,0,0,13
2012,3,11,3,0,0,0,0,13
2012,3,11,4,0,0,0,0,12
2012,3,11,5,0,0,0,0,12
2012,3,11,6,0,0,0,0,13
2012,3,11,7,0,101,51,91,18
2012,3,11,8,0,314,276,202,22
2012,3,11,9,0,517,466,243,28
2012,3,11,10,0,686,541,292,30
2012,3,11,11,0,796,603,304,32
2012,3,11,12,0,836,618,312,32
2012,3,11,13,0,799,605,304,32
2012,3,11,14,0,690,541,294,31
2012,3,11,15,0,524,471,244,30
2012,3,11,16,0,322,283,205,28
2012,3,11,17,0,104,48,94,23
2012,3,11,18,0,0,0,0,21
2012,3,11,19,0,0,0,0,20
2012,3,11,20,0,0,0,0,19
2012,3,11,21,0,0,0,0,18
2012,3,11,22,0,0,0,0,18
2012,3,11,23,0,0,0,0,17
2012,3,12,0,0,0,0,0,16
2012,3,12,1,0,0,0,0,15
2012,3,12,2,0,0,0,0,15
2012,3,12,3,0,0,0,0,14
2012,3,12,4,0,0,0,0,13
2012,3,12,5,0,0,0,0,13
2012,3,12,6,0,0,0,0,14
2012,3,12,7,0,101,46,91,19
2012,3,12,8,0,318,280,203,23
2012,3,12,9,0,522,469,244,29
2012,3,12,10,0,691,543,294,31
2012,3,12,11,0,799,602,305,33
2012,3,12,12,0,840,620,312,34
2012,3,12,13,0,803,606,305,34
2012,3,12,14,0,695,520,313,33
2012,3,12,15,0,498,344,293,32
2012,3,12,16,0,281,162,213,30
2012,3,12,17,0,62,0,62,26
2012,3,12,18,0,0,0,0,24
2012,3,12,19,0,0,0,0,23
2012,3,12,20,0,0,0,0,22
2012,3,12,21,0,0,0,0,22
2012,3,12,22,0,0,0,0,21
2012,3,12,23,0,0,0,0,20
2012,3,13,0,0,0,0,0,19
2012,3,13,1,0,0,0,0,18
2012,3,13,2,0,0,0,0,18
2012,3,13,3,0,0,0,0,17
2012,3,13,4,0,0,0,0,16
2012,3,13,5,0,0,0,0,15
2012,3,13,6,0,0,0,0,16
2012,3,13,7,0,25,0,25,18
2012,3,13,8,0,322,262,213,20
2012,3,13,9,0,496,370,275,23
2012,3,13,10,0,695,520,312,26
2012,3,13,11,0,803,606,303,27
2012,3,13,12,0,842,623,310,28
2012,3,13,13,0,807,607,306,29
2012,3,13,14,0,698,547,294,29
2012,3,13,15,0,524,394,288,28
2012,3,13,16,0,169,17,161,26
2012,3,13,17,0,87,18,83,23
2012,3,13,18,0,0,0,0,21
2012,3,13,19,0,0,0,0,20
2012,3,13,20,0,0,0,0,19
2012,3,13,21,0,0,0,0,18
2012,3,13,22,0,0,0,0,18
2012,3,13,23,0,0,0,0,17
2012,3,14,0,0,0,0,0,17
2012,3,14,1,0,0,0,0,16
2012,3,14,2,0,0,0,0,15
2012,3,14,3,0,0,0,0,14
2012,3,14,4,0,0,0,0,13
2012,3,14,5,0,0,0,0,12
2012,3,14,6,0,0,0,0,14
2012,3,14,7,0,114,65,100,18
2012,3,14,8,0,316,257,208,23
2012,3,14,9,0,531,458,256,27
2012,3,14,10,0,695,535,299,29
2012,3,14,11,0,803,594,311,30
2012,3,14,12,0,848,623,313,31
2012,3,14,13,0,807,604,307,31
2012,3,14,14,0,701,548,295,31
2012,3,14,15,0,533,476,246,30
2012,3,14,16,0,329,289,207,28
2012,3,14,17,0,106,52,95,24
2012,3,14,18,0,0,0,0,22
2012,3,14,19,0,0,0,0,21
2012,3,14,20,0,0,0,0,20
2012,3,14,21,0,0,0,0,19
2012,3,14,22,0,0,0,0,18
2012,3,14,23,0,0,0,0,18
2012,3,15,0,0,0,0,0,17
2012,3,15,1,0,0,0,0,16
2012,3,15,2,0,0,0,0,15
2012,3,15,3,0,0,0,0,15
2012,3,15,4,0,0,0,0,14
2012,3,15,5,0,0,0,0,14
2012,3,15,6,0,0,0,0,15
2012,3,15,7,0,113,61,100,20
2012,3,15,8,0,310,232,212,24
2012,3,15,9,0,531,448,260,28
2012,3,15,10,0,700,540,298,31
2012,3,15,11,0,806,591,314,32
2012,3,15,12,0,847,617,315,33
2012,3,15,13,0,812,609,306,33
2012,3,15,14,0,705,550,296,32
2012,3,15,15,0,536,477,247,31
2012,3,15,16,0,332,290,209,29
2012,3,15,17,0,108,55,96,26
2012,3,15,18,0,0,0,0,24
2012,3,15,19,0,0,0,0,23
2012,3,15,20,0,0,0,0,22
2012,3,15,21,0,0,0,0,21
2012,3,15,22,0,0,0,0,20
2012,3,15,23,0,0,0,0,19
2012,3,16,0,0,0,0,0,18
2012,3,16,1,0,0,0,0,17
2012,3,16,2,0,0,0,0,17
2012,3,16,3,0,0,0,0,16
2012,3,16,4,0,0,0,0,16
2012,3,16,5,0,0,0,0,15
2012,3,16,6,0,0,0,0,17
2012,3,16,7,0,113,56,100,21
2012,3,16,8,0,327,270,211,25
2012,3,16,9,0,531,453,255,31
2012,3,16,10,0,695,518,307,33
2012,3,16,11,0,782,549,323,35
2012,3,16,12,0,818,557,336,36
2012,3,16,13,0,779,518,346,36
2012,3,16,14,0,656,449,320,36
2012,3,16,15,0,539,464,257,34
2012,3,16,16,0,329,279,210,32
2012,3,16,17,0,100,36,92,28
2012,3,16,18,0,0,0,0,26
2012,3,16,19,0,0,0,0,25
2012,3,16,20,0,0,0,0,24
2012,3,16,21,0,0,0,0,23
2012,3,16,22,0,0,0,0,23
2012,3,16,23,0,0,0,0,22
2012,3,17,0,0,0,0,0,21
2012,3,17,1,0,0,0,0,20
2012,3,17,2,0,0,0,0,19
2012,3,17,3,0,0,0,0,19
2012,3,17,4,0,0,0,0,18
2012,3,17,5,0,0,0,0,17
2012,3,17,6,0,0,0,0,19
2012,3,17,7,0,118,61,104,23
2012,3,17,8,0,333,276,214,28
2012,3,17,9,0,537,460,255,33
2012,3,17,10,0,700,521,308,36
2012,3,17,11,0,813,591,317,38
2012,3,17,12,0,858,626,314,39
2012,3,17,13,0,821,612,308,38
2012,3,17,14,0,711,553,296,38
2012,3,17,15,0,542,465,258,36
2012,3,17,16,0,332,283,211,34
2012,3,17,17,0,107,50,96,29
2012,3,17,18,0,0,0,0,27
2012,3,17,19,0,0,0,0,26
2012,3,17,20,0,0,0,0,25
2012,3,17,21,0,0,0,0,24
2012,3,17,22,0,0,0,0,24
2012,3,17,23,0,0,0,0,23
2012,3,18,0,0,0,0,0,22
2012,3,18,1,0,0,0,0,21
2012,3,18,2,0,0,0,0,20
2012,3,18,3,0,0,0,0,20
2012,3,18,4,0,0,0,0,19
2012,3,18,5,0,0,0,0,18
2012,3,18,6,0,0,0,0,20
2012,3,18,7,0,122,66,107,24
2012,3,18,8,0,338,282,215,29
2012,3,18,9,0,548,465,261,34
2012,3,18,10,0,717,553,299,37
2012,3,18,11,0,827,614,309,38
2012,3,18,12,0,864,628,316,39
2012,3,18,13,0,825,613,309,39
2012,3,18,14,0,714,554,297,38
2012,3,18,15,0,545,482,250,37
2012,3,18,16,0,339,296,211,35
2012,3,18,17,0,110,53,98,30
2012,3,18,18,0,0,0,0,28
2012,3,18,19,0,0,0,0,27
2012,3,18,20,0,0,0,0,26
2012,3,18,21,0,0,0,0,25
2012,3,18,22,0,0,0,0,24
2012,3,18,23,0,0,0,0,24
2012,3,19,0,0,0,0,0,23
2012,3,19,1,0,0,0,0,22
2012,3,19,2,0,0,0,0,21
2012,3,19,3,0,0,0,0,21
2012,3,19,4,0,0,0,0,20
2012,3,19,5,0,0,0,0,19
2012,3,19,6,0,0,0,0,21
2012,3,19,7,0,127,71,110,26
2012,3,19,8,0,343,288,216,30
2012,3,19,9,0,554,487,251,36
2012,3,19,10,0,717,543,304,39
2012,3,19,11,0,831,615,310,40
2012,3,19,12,0,868,629,317,41
2012,3,19,13,0,828,614,310,41
2012,3,19,14,0,717,556,297,40
2012,3,19,15,0,547,483,250,39
2012,3,19,16,0,341,298,212,37
2012,3,19,17,0,118,61,104,32
2012,3,19,18,0,0,0,0,30
2012,3,19,19,0,0,0,0,29
2012,3,19,20,0,0,0,0,28
2012,3,19,21,0,0,0,0,27
2012,3,19,22,0,0,0,0,26
2012,3,19,23,0,0,0,0,25
2012,3,20,0,0,0,0,0,24
2012,3,20,1,0,0,0,0,23
2012,3,20,2,0,0,0,0,22
2012,3,20,3,0,0,0,0,21
2012,3,20,4,0,0,0,0,21
2012,3,20,5,0,0,0,0,20
2012,3,20,6,0,0,0,0,21
2012,3,20,7,0,131,77,113,25
2012,3,20,8,0,354,307,217,30
2012,3,20,9,0,559,490,252,35
2012,3,20,10,0,710,533,303,38
2012,3,20,11,0,774,481,365,39
2012,3,20,12,0,792,486,365,39
2012,3,20,13,0,741,432,375,39
2012,3,20,14,0,639,370,358,37
2012,3,20,15,0,457,237,310,35
2012,3,20,16,0,271,121,218,33
2012,3,20,17,0,84,8,82,29
2012,3,20,18,0,0,0,0,26
2012,3,20,19,0,0,0,0,24
2012,3,20,20,0,0,0,0,23
2012,3,20,21,0,0,0,0,21
2012,3,20,22,0,0,0,0,20
2012,3,20,23,0,0,0,0,19
2012,3,21,0,0,0,0,0,17
2012,3,21,1,0,0,0,0,16
2012,3,21,2,0,0,0,0,15
2012,3,21,3,0,0,0,0,14
2012,3,21,4,0,0,0,0,13
2012,3,21,5,0,0,0,0,12
2012,3,21,6,0,0,0,0,13
2012,3,21,7,0,116,42,106,17
2012,3,21,8,0,330,238,223,23
2012,3,21,9,0,535,394,287,27
2012,3,21,10,0,703,510,311,30
2012,3,21,11,0,815,557,339,32
2012,3,21,12,0,857,587,339,33
2012,3,21,13,0,817,574,329,33
2012,3,21,14,0,717,555,295,32
2012,3,21,15,0,547,472,254,31
2012,3,21,16,0,338,280,215,29
2012,3,21,17,0,112,50,100,25
2012,3,21,18,0,0,0,0,22
2012,3,21,19,0,0,0,0,21
2012,3,21,20,0,0,0,0,20
2012,3,21,21,0,0,0,0,19
2012,3,21,22,0,0,0,0,18
2012,3,21,23,0,0,0,0,17
2012,3,22,0,0,0,0,0,16
2012,3,22,1,0,0,0,0,16
2012,3,22,2,0,0,0,0,15
2012,3,22,3,0,0,0,0,14
2012,3,22,4,0,0,0,0,14
2012,3,22,5,0,0,0,0,13
2012,3,22,6,0,0,0,0,14
2012,3,22,7,0,125,56,111,18
2012,3,22,8,0,348,275,223,24
2012,3,22,9,0,559,455,271,28
2012,3,22,10,0,727,542,309,31
2012,3,22,11,0,833,596,322,33
2012,3,22,12,0,868,610,328,34
2012,3,22,13,0,837,618,310,34
2012,3,22,14,0,726,559,299,34
2012,3,22,15,0,555,488,251,33
2012,3,22,16,0,348,303,215,31
2012,3,22,17,0,114,53,102,27
2012,3,22,18,0,0,0,0,23
2012,3,22,19,0,0,0,0,22
2012,3,22,20,0,0,0,0,21
2012,3,22,21,0,0,0,0,20
2012,3,22,22,0,0,0,0,19
2012,3,22,23,0,0,0,0,19
2012,3,23,0,0,0,0,0,18
2012,3,23,1,0,0,0,0,17
2012,3,23,2,0,0,0,0,16
2012,3,23,3,0,0,0,0,16
2012,3,23,4,0,0,0,0,15
2012,3,23,5,0,0,0,0,15
2012,3,23,6,0,1,0,1,17
2012,3,23,7,0,135,71,117,21
2012,3,23,8,0,365,312,222,26
2012,3,23,9,0,570,492,256,31
2012,3,23,10,0,738,561,303,33
2012,3,23,11,0,844,617,313,35
2012,3,23,12,0,880,633,318,36
2012,3,23,13,0,841,619,311,36
2012,3,23,14,0,729,561,299,36
2012,3,23,15,0,558,489,252,35
2012,3,23,16,0,350,305,215,33
2012,3,23,17,0,122,61,108,29
2012,3,23,18,0,0,0,0,26
2012,3,23,19,0,0,0,0,25
2012,3,23,20,0,0,0,0,24
2012,3,23,21,0,0,0,0,23
2012,3,23,22,0,0,0,0,22
2012,3,23,23,0,0,0,0,21
2012,3,24,0,0,0,0,0,20
2012,3,24,1,0,0,0,0,20
2012,3,24,2,0,0,0,0,19
2012,3,24,3,0,0,0,0,18
2012,3,24,4,0,0,0,0,18
2012,3,24,5,0,0,0,0,17
2012,3,24,6,0,1,0,1,19
2012,3,24,7,0,140,77,120,24
2012,3,24,8,0,371,318,224,28
2012,3,24,9,0,576,497,257,33
2012,3,24,10,0,743,565,303,36
2012,3,24,11,0,849,622,312,37
2012,3,24,12,0,884,634,319,38
2012,3,24,13,0,838,607,317,38
2012,3,24,14,0,732,562,300,37
2012,3,24,15,0,560,490,253,36
2012,3,24,16,0,352,306,216,34
2012,3,24,17,0,124,64,109,30
2012,3,24,18,0,0,0,0,27
2012,3,24,19,0,0,0,0,26
2012,3,24,20,0,0,0,0,25
2012,3,24,21,0,0,0,0,24
2012,3,24,22,0,0,0,0,23
2012,3,24,23,0,0,0,0,23
2012,3,25,0,0,0,0,0,23
2012,3,25,1,0,0,0,0,22
2012,3,25,2,0,0,0,0,22
2012,3,25,3,0,0,0,0,21
2012,3,25,4,0,0,0,0,20
2012,3,25,5,0,0,0,0,19
2012,3,25,6,0,1,0,1,21
2012,3,25,7,0,139,71,120,25
2012,3,25,8,0,346,246,231,30
2012,3,25,9,0,569,455,275,35
2012,3,25,10,0,737,540,314,37
2012,3,25,11,0,847,572,351,38
2012,3,25,12,0,800,420,424,39
2012,3,25,13,0,406,90,328,39
2012,3,25,14,0,700,464,342,38
2012,3,25,15,0,563,492,253,37
2012,3,25,16,0,355,308,217,35
2012,3,25,17,0,121,62,106,31
2012,3,25,18,0,0,0,0,28
2012,3,25,19,0,0,0,0,27
2012,3,25,20,0,0,0,0,26
2012,3,25,21,0,0,0,0,25
2012,3,25,22,0,0,0,0,25
2012,3,25,23,0,0,0,0,24
2012,3,26,0,0,0,0,0,23
2012,3,26,1,0,0,0,0,23
2012,3,26,2,0,0,0,0,22
2012,3,26,3,0,0,0,0,22
2012,3,26,4,0,0,0,0,21
2012,3,26,5,0,0,0,0,21
2012,3,26,6,0,3,0,3,22
2012,3,26,7,0,113,26,106,24
2012,3,26,8,0,139,0,139,27
2012,3,26,9,0,556,365,319,31
2012,3,26,10,0,637,314,390,37
2012,3,26,11,0,846,560,358,39
2012,3,26,12,0,886,627,323,39
2012,3,26,13,0,851,621,314,39
2012,3,26,14,0,737,564,301,38
2012,3,26,15,0,565,493,253,37
2012,3,26,16,0,353,300,218,35
2012,3,26,17,0,123,65,107,31
2012,3,26,18,0,0,0,0,28
2012,3,26,19,0,0,0,0,27
2012,3,26,20,0,0,0,0,26
2012,3,26,21,0,0,0,0,26
2012,3,26,22,0,0,0,0,25
2012,3,26,23,0,0,0,0,24
2012,3,27,0,0,0,0,0,23
2012,3,27,1,0,0,0,0,22
2012,3,27,2,0,0,0,0,21
2012,3,27,3,0,0,0,0,20
2012,3,27,4,0,0,0,0,20
2012,3,27,5,0,0,0,0,19
2012,3,27,6,0,4,0,4,21
2012,3,27,7,0,112,25,105,24
2012,3,27,8,0,331,197,237,28
2012,3,27,9,0,568,433,285,32
2012,3,27,10,0,735,537,311,34
2012,3,27,11,0,772,446,382,35
2012,3,27,12,0,719,295,453,36
2012,3,27,13,0,696,303,433,38
2012,3,27,14,0,650,375,359,38
2012,3,27,15,0,497,278,320,37
2012,3,27,16,0,264,96,220,34
2012,3,27,17,0,94,9,91,30
2012,3,27,18,0,0,0,0,28
2012,3,27,19,0,0,0,0,28
2012,3,27,20,0,0,0,0,27
2012,3,27,21,0,0,0,0,26
2012,3,27,22,0,0,0,0,25
2012,3,27,23,0,0,0,0,24
2012,3,28,0,0,0,0,0,24
2012,3,28,1,0,0,0,0,23
2012,3,28,2,0,0,0,0,22
2012,3,28,3,0,0,0,0,21
2012,3,28,4,0,0,0,0,21
2012,3,28,5,0,0,0,0,20
2012,3,28,6,0,5,0,5,22
2012,3,28,7,0,158,98,131,26
2012,3,28,8,0,381,311,232,31
2012,3,28,9,0,591,502,261,35
2012,3,28,10,0,758,568,307,37
2012,3,28,11,0,866,627,316,38
2012,3,28,12,0,899,638,323,39
2012,3,28,13,0,856,616,320,38
2012,3,28,14,0,703,495,317,38
2012,3,28,15,0,500,295,312,36
2012,3,28,16,0,338,251,224,34
2012,3,28,17,0,111,38,101,31
2012,3,28,18,0,0,0,0,28
2012,3,28,19,0,0,0,0,27
2012,3,28,20,0,0,0,0,27
2012,3,28,21,0,0,0,0,26
2012,3,28,22,0,0,0,0,25
2012,3,28,23,0,0,0,0,24
2012,3,29,0,0,0,0,0,23
2012,3,29,1,0,0,0,0,22
2012,3,29,2,0,0,0,0,22
2012,3,29,3,0,0,0,0,21
2012,3,29,4,0,0,0,0,20
2012,3,29,5,0,0,0,0,20
2012,3,29,6,0,5,0,5,21
2012,3,29,7,0,168,129,132,25
2012,3,29,8,0,393,366,216,30
2012,3,29,9,0,599,511,261,33
2012,3,29,10,0,764,576,305,35
2012,3,29,11,0,870,628,317,36
2012,3,29,12,0,902,639,323,37
2012,3,29,13,0,859,624,315,37
2012,3,29,14,0,745,567,302,37
2012,3,29,15,0,572,496,255,36
2012,3,29,16,0,363,314,220,34
2012,3,29,17,0,141,90,119,32
2012,3,29,18,0,0,0,0,29
2012,3,29,19,0,0,0,0,28
2012,3,29,20,0,0,0,0,27
2012,3,29,21,0,0,0,0,26
2012,3,29,22,0,0,0,0,25
2012,3,29,23,0,0,0,0,24
2012,3,30,0,0,0,0,0,24
2012,3,30,1,0,0,0,0,23
2012,3,30,2,0,0,0,0,22
2012,3,30,3,0,0,0,0,21
2012,3,30,4,0,0,0,0,20
2012,3,30,5,0,0,0,0,20
2012,3,30,6,0,7,0,7,22
2012,3,30,7,0,172,135,134,25
2012,3,30,8,0,397,369,217,31
2012,3,30,9,0,603,513,262,35
2012,3,30,10,0,768,578,305,37
2012,3,30,11,0,873,629,317,39
2012,3,30,12,0,906,640,324,39
2012,3,30,13,0,862,625,315,40
2012,3,30,14,0,747,568,302,39
2012,3,30,15,0,574,498,255,38
2012,3,30,16,0,365,344,208,36
2012,3,30,17,0,143,92,120,32
2012,3,30,18,0,0,0,0,29
2012,3,30,19,0,0,0,0,28
2012,3,30,20,0,0,0,0,28
2012,3,30,21,0,0,0,0,27
2012,3,30,22,0,0,0,0,26
2012,3,30,23,0,0,0,0,25
2012,3,31,0,0,0,0,0,24
2012,3,31,1,0,0,0,0,24
2012,3,31,2,0,0,0,0,23
2012,3,31,3,0,0,0,0,22
2012,3,31,4,0,0,0,0,21
2012,3,31,5,0,0,0,0,21
2012,3,31,6,0,10,0,10,23
2012,3,31,7,0,176,140,136,27
2012,3,31,8,0,401,372,219,32
2012,3,31,9,0,607,498,274,37
2012,3,31,10,0,772,580,306,40
2012,3,31,11,0,877,630,318,41
2012,3,31,12,0,909,641,324,42
2012,3,31,13,0,865,626,316,42
2012,3,31,14,0,749,569,302,41
2012,3,31,15,0,576,499,255,40
2012,3,31,16,0,367,346,208,37
2012,3,31,17,0,145,95,121,34
2012,3,31,18,0,1,0,1,31
2012,3,31,19,0,0,0,0,30
2012,3,31,20,0,0,0,0,29
2012,3,31,21,0,0,0,0,28
2012,3,31,22,0,0,0,0,27
2012,3,31,23,0,0,0,0,26
2012,4,1,0,0,0,0,0,26
2012,4,1,1,0,0,0,0,25
2012,4,1,2,0,0,0,0,24
2012,4,1,3,0,0,0,0,23
2012,4,1,4,0,0,0,0,23
2012,4,1,5,0,0,0,0,22
2012,4,1,6,0,13,0,13,24
2012,4,1,7,0,171,133,133,28
2012,4,1,8,0,160,5,157,33
2012,4,1,9,0,582,399,314,38
2012,4,1,10,0,686,417,349,40
2012,4,1,11,0,852,543,369,41
2012,4,1,12,0,918,675,301,42
2012,4,1,13,0,873,671,283,43
2012,4,1,14,0,762,631,265,42
2012,4,1,15,0,589,535,244,41
2012,4,1,16,0,379,366,210,39
2012,4,1,17,0,144,101,119,35
2012,4,1,18,0,1,0,1,32
2012,4,1,19,0,0,0,0,31
2012,4,1,20,0,0,0,0,30
2012,4,1,21,0,0,0,0,29
2012,4,1,22,0,0,0,0,28
2012,4,1,23,0,0,0,0,28
2012,4,2,0,0,0,0,0,27
2012,4,2,1,0,0,0,0,26
2012,4,2,2,0,0,0,0,25
2012,4,2,3,0,0,0,0,24
2012,4,2,4,0,0,0,0,24
2012,4,2,5,0,0,0,0,23
2012,4,2,6,0,10,0,10,26
2012,4,2,7,0,105,14,100,30
2012,4,2,8,0,402,312,246,35
2012,4,2,9,0,538,320,322,39
2012,4,2,10,0,720,482,329,41
2012,4,2,11,0,869,579,352,43
2012,4,2,12,0,909,680,286,43
2012,4,2,13,0,866,665,280,43
2012,4,2,14,0,756,622,264,42
2012,4,2,15,0,380,106,311,41
2012,4,2,16,0,375,326,224,39
2012,4,2,17,0,151,132,118,36
2012,4,2,18,0,1,0,1,33
2012,4,2,19,0,0,0,0,32
2012,4,2,20,0,0,0,0,31
2012,4,2,21,0,0,0,0,31
2012,4,2,22,0,0,0,0,30
2012,4,2,23,0,0,0,0,29
2012,4,3,0,0,0,0,0,29
2012,4,3,1,0,0,0,0,28
2012,4,3,2,0,0,0,0,27
2012,4,3,3,0,0,0,0,27
2012,4,3,4,0,0,0,0,26
2012,4,3,5,0,0,0,0,26
2012,4,3,6,0,15,0,15,27
2012,4,3,7,0,187,164,139,31
2012,4,3,8,0,422,442,200,36
2012,4,3,9,0,598,477,274,40
2012,4,3,10,0,752,535,317,42
2012,4,3,11,0,866,587,340,44
2012,4,3,12,0,913,682,286,44
2012,4,3,13,0,872,668,281,44
2012,4,3,14,0,762,627,265,44
2012,4,3,15,0,593,536,245,42
2012,4,3,16,0,383,343,223,40
2012,4,3,17,0,85,0,85,37
2012,4,3,18,0,1,0,1,34
2012,4,3,19,0,0,0,0,33
2012,4,3,20,0,0,0,0,33
2012,4,3,21,0,0,0,0,32
2012,4,3,22,0,0,0,0,30
2012,4,3,23,0,0,0,0,29
2012,4,4,0,0,0,0,0,28
2012,4,4,1,0,0,0,0,27
2012,4,4,2,0,0,0,0,26
2012,4,4,3,0,0,0,0,26
2012,4,4,4,0,0,0,0,25
2012,4,4,5,0,0,0,0,24
2012,4,4,6,0,17,0,17,27
2012,4,4,7,0,197,189,140,30
2012,4,4,8,0,423,418,211,36
2012,4,4,9,0,631,550,255,39
2012,4,4,10,0,789,637,269,41
2012,4,4,11,0,888,674,283,42
2012,4,4,12,0,918,684,287,42
2012,4,4,13,0,875,670,281,42
2012,4,4,14,0,765,629,266,41
2012,4,4,15,0,595,537,245,40
2012,4,4,16,0,380,387,199,38
2012,4,4,17,0,156,139,120,35
2012,4,4,18,0,1,0,1,33
2012,4,4,19,0,0,0,0,31
2012,4,4,20,0,0,0,0,31
2012,4,4,21,0,0,0,0,30
2012,4,4,22,0,0,0,0,29
2012,4,4,23,0,0,0,0,29
2012,4,5,0,0,0,0,0,28
2012,4,5,1,0,0,0,0,27
2012,4,5,2,0,0,0,0,26
2012,4,5,3,0,0,0,0,25
2012,4,5,4,0,0,0,0,25
2012,4,5,5,0,0,0,0,24
2012,4,5,6,0,17,0,17,26
2012,4,5,7,0,196,178,142,31
2012,4,5,8,0,432,439,208,36
2012,4,5,9,0,635,552,256,39
2012,4,5,10,0,796,641,270,41
2012,4,5,11,0,894,677,284,41
2012,4,5,12,0,922,686,288,42
2012,4,5,13,0,879,672,282,42
2012,4,5,14,0,768,631,266,41
2012,4,5,15,0,597,538,246,39
2012,4,5,16,0,387,406,197,37
2012,4,5,17,0,157,142,120,35
2012,4,5,18,0,1,0,1,32
2012,4,5,19,0,0,0,0,31
2012,4,5,20,0,0,0,0,30
2012,4,5,21,0,0,0,0,29
2012,4,5,22,0,0,0,0,28
2012,4,5,23,0,0,0,0,28
2012,4,6,0,0,0,0,0,27
2012,4,6,1,0,0,0,0,26
2012,4,6,2,0,0,0,0,26
2012,4,6,3,0,0,0,0,25
2012,4,6,4,0,0,0,0,25
2012,4,6,5,0,0,0,0,24
2012,4,6,6,0,23,0,23,27
2012,4,6,7,0,200,184,143,30
2012,4,6,8,0,432,426,213,36
2012,4,6,9,0,639,555,256,39
2012,4,6,10,0,799,636,275,41
2012,4,6,11,0,905,681,289,42
2012,4,6,12,0,934,695,290,43
2012,4,6,13,0,889,676,286,43
2012,4,6,14,0,773,622,276,42
2012,4,6,15,0,599,539,246,41
2012,4,6,16,0,388,373,212,39
2012,4,6,17,0,154,127,121,35
2012,4,6,18,0,1,0,1,33
2012,4,6,19,0,0,0,0,32
2012,4,6,20,0,0,0,0,31
2012,4,6,21,0,0,0,0,29
2012,4,6,22,0,0,0,0,28
2012,4,6,23,0,0,0,0,27
2012,4,7,0,0,0,0,0,26
2012,4,7,1,0,0,0,0,25
2012,4,7,2,0,0,0,0,25
2012,4,7,3,0,0,0,0,24
2012,4,7,4,0,0,0,0,23
2012,4,7,5,0,0,0,0,23
2012,4,7,6,0,22,0,22,25
2012,4,7,7,0,210,208,145,29
2012,4,7,8,0,436,431,213,34
2012,4,7,9,0,638,543,262,38
2012,4,7,10,0,802,624,286,41
2012,4,7,11,0,908,682,290,42
2012,4,7,12,0,937,691,294,43
2012,4,7,13,0,891,676,287,43
2012,4,7,14,0,775,623,276,42
2012,4,7,15,0,601,540,246,40
2012,4,7,16,0,390,374,213,38
2012,4,7,17,0,156,130,122,35
2012,4,7,18,0,1,0,1,32
2012,4,7,19,0,0,0,0,31
2012,4,7,20,0,0,0,0,30
2012,4,7,21,0,0,0,0,29
2012,4,7,22,0,0,0,0,28
2012,4,7,23,0,0,0,0,27
2012,4,8,0,0,0,0,0,26
2012,4,8,1,0,0,0,0,25
2012,4,8,2,0,0,0,0,25
2012,4,8,3,0,0,0,0,24
2012,4,8,4,0,0,0,0,23
2012,4,8,5,0,0,0,0,23
2012,4,8,6,0,28,0,28,26
2012,4,8,7,0,209,197,147,30
2012,4,8,8,0,423,372,229,35
2012,4,8,9,0,648,535,275,39
2012,4,8,10,0,810,648,273,40
2012,4,8,11,0,911,682,291,42
2012,4,8,12,0,926,646,324,42
2012,4,8,13,0,832,523,363,42
2012,4,8,14,0,777,623,277,41
2012,4,8,15,0,603,540,247,40
2012,4,8,16,0,392,410,197,38
2012,4,8,17,0,163,150,123,35
2012,4,8,18,0,2,0,2,32
2012,4,8,19,0,0,0,0,31
2012,4,8,20,0,0,0,0,30
2012,4,8,21,0,0,0,0,29
2012,4,8,22,0,0,0,0,29
2012,4,8,23,0,0,0,0,28
2012,4,9,0,0,0,0,0,28
2012,4,9,1,0,0,0,0,27
2012,4,9,2,0,0,0,0,26
2012,4,9,3,0,0,0,0,26
2012,4,9,4,0,0,0,0,25
2012,4,9,5,0,0,0,0,25
2012,4,9,6,0,21,0,21,27
2012,4,9,7,0,196,151,148,30
2012,4,9,8,0,395,287,244,36
2012,4,9,9,0,616,473,285,39
2012,4,9,10,0,808,645,272,40
2012,4,9,11,0,905,680,285,42
2012,4,9,12,0,933,689,288,43
2012,4,9,13,0,873,604,331,42
2012,4,9,14,0,750,557,302,42
2012,4,9,15,0,604,554,239,40
2012,4,9,16,0,394,376,215,39
2012,4,9,17,0,160,136,124,36
2012,4,9,18,0,2,0,2,33
2012,4,9,19,0,0,0,0,32
2012,4,9,20,0,0,0,0,31
2012,4,9,21,0,0,0,0,30
2012,4,9,22,0,0,0,0,29
2012,4,9,23,0,0,0,0,29
2012,4,10,0,0,0,0,0,28
2012,4,10,1,0,0,0,0,27
2012,4,10,2,0,0,0,0,26
2012,4,10,3,0,0,0,0,26
2012,4,10,4,0,0,0,0,25
2012,4,10,5,0,0,0,0,25
2012,4,10,6,0,34,3,33,27
2012,4,10,7,0,73,0,73,31
2012,4,10,8,0,244,39,223,36
2012,4,10,9,0,645,569,245,40
2012,4,10,10,0,800,636,269,42
2012,4,10,11,0,897,671,283,43
2012,4,10,12,0,924,681,286,44
2012,4,10,13,0,881,667,281,44
2012,4,10,14,0,770,626,265,43
2012,4,10,15,0,600,548,237,42
2012,4,10,16,0,392,418,192,39
2012,4,10,17,0,31,0,31,37
2012,4,10,18,0,2,0,2,35
2012,4,10,19,0,0,0,0,34
2012,4,10,20,0,0,0,0,33
2012,4,10,21,0,0,0,0,32
2012,4,10,22,0,0,0,0,31
2012,4,10,23,0,0,0,0,30
2012,4,11,0,0,0,0,0,29
2012,4,11,1,0,0,0,0,28
2012,4,11,2,0,0,0,0,27
2012,4,11,3,0,0,0,0,27
2012,4,11,4,0,0,0,0,27
2012,4,11,5,0,0,0,0,26
2012,4,11,6,0,38,29,35,28
2012,4,11,7,0,102,0,102,30
2012,4,11,8,0,335,140,260,35
2012,4,11,9,0,220,6,215,38
2012,4,11,10,0,271,10,262,40
2012,4,11,11,0,333,11,322,41
2012,4,11,12,0,323,17,307,41
2012,4,11,13,0,293,18,276,42
2012,4,11,14,0,626,247,426,41
2012,4,11,15,0,272,29,252,40
2012,4,11,16,0,276,104,226,39
2012,4,11,17,0,34,0,34,36
2012,4,11,18,0,2,0,2,33
2012,4,11,19,0,0,0,0,32
2012,4,11,20,0,0,0,0,32
2012,4,11,21,0,0,0,0,31
2012,4,11,22,0,0,0,0,30
2012,4,11,23,0,0,0,0,29
2012,4,12,0,0,0,0,0,28
2012,4,12,1,0,0,0,0,27
2012,4,12,2,0,0,0,0,26
2012,4,12,3,0,0,0,0,25
2012,4,12,4,0,0,0,0,24
2012,4,12,5,0,0,0,0,24
2012,4,12,6,0,36,2,35,26
2012,4,12,7,0,239,262,153,31
2012,4,12,8,0,458,456,214,36
2012,4,12,9,0,662,569,258,38
2012,4,12,10,0,818,649,273,40
2012,4,12,11,0,913,682,286,41
2012,4,12,12,0,938,690,289,42
2012,4,12,13,0,891,674,282,42
2012,4,12,14,0,777,631,266,41
2012,4,12,15,0,607,554,239,40
2012,4,12,16,0,399,380,216,38
2012,4,12,17,0,143,82,120,35
2012,4,12,18,0,2,0,2,33
2012,4,12,19,0,0,0,0,32
2012,4,12,20,0,0,0,0,31
2012,4,12,21,0,0,0,0,30
2012,4,12,22,0,0,0,0,29
2012,4,12,23,0,0,0,0,28
2012,4,13,0,0,0,0,0,27
2012,4,13,1,0,0,0,0,26
2012,4,13,2,0,0,0,0,25
2012,4,13,3,0,0,0,0,25
2012,4,13,4,0,0,0,0,24
2012,4,13,5,0,0,0,0,24
2012,4,13,6,0,32,0,32,25
2012,4,13,7,0,165,46,149,27
2012,4,13,8,0,297,59,265,31
2012,4,13,9,0,405,80,348,34
2012,4,13,10,0,570,175,422,37
2012,4,13,11,0,644,243,420,40
2012,4,13,12,0,193,7,186,41
2012,4,13,13,0,451,61,395,41
2012,4,13,14,0,778,521,355,40
2012,4,13,15,0,608,554,239,38
2012,4,13,16,0,400,426,194,36
2012,4,13,17,0,167,147,127,34
2012,4,13,18,0,2,0,2,32
2012,4,13,19,0,0,0,0,31
2012,4,13,20,0,0,0,0,30
2012,4,13,21,0,0,0,0,29
2012,4,13,22,0,0,0,0,28
2012,4,13,23,0,0,0,0,27
2012,4,14,0,0,0,0,0,26
2012,4,14,1,0,0,0,0,26
2012,4,14,2,0,0,0,0,25
2012,4,14,3,0,0,0,0,24
2012,4,14,4,0,0,0,0,24
2012,4,14,5,0,0,0,0,23
2012,4,14,6,0,25,0,25,25
2012,4,14,7,0,113,0,113,28
2012,4,14,8,0,247,37,227,33
2012,4,14,9,0,661,578,248,35
2012,4,14,10,0,551,166,410,37
2012,4,14,11,0,422,61,365,37
2012,4,14,12,0,223,4,219,37
2012,4,14,13,0,181,2,179,37
2012,4,14,14,0,321,16,308,37
2012,4,14,15,0,295,18,282,36
2012,4,14,16,0,214,23,202,34
2012,4,14,17,0,183,222,122,32
2012,4,14,18,0,3,0,3,29
2012,4,14,19,0,0,0,0,28
2012,4,14,20,0,0,0,0,27
2012,4,14,21,0,0,0,0,27
2012,4,14,22,0,0,0,0,26
2012,4,14,23,0,0,0,0,25
2012,4,15,0,0,0,0,0,25
2012,4,15,1,0,0,0,0,24
2012,4,15,2,0,0,0,0,24
2012,4,15,3,0,0,0,0,23
2012,4,15,4,0,0,0,0,22
2012,4,15,5,0,0,0,0,22
2012,4,15,6,0,37,0,37,24
2012,4,15,7,0,209,135,163,28
2012,4,15,8,0,433,343,246,33
2012,4,15,9,0,638,503,277,35
2012,4,15,10,0,792,539,335,37
2012,4,15,11,0,845,511,371,38
2012,4,15,12,0,935,634,334,39
2012,4,15,13,0,905,670,296,39
2012,4,15,14,0,768,582,294,38
2012,4,15,15,0,615,545,250,37
2012,4,15,16,0,404,418,201,35
2012,4,15,17,0,177,171,130,32
2012,4,15,18,0,4,0,4,30
2012,4,15,19,0,0,0,0,29
2012,4,15,20,0,0,0,0,28
2012,4,15,21,0,0,0,0,27
2012,4,15,22,0,0,0,0,26
2012,4,15,23,0,0,0,0,26
2012,4,16,0,0,0,0,0,25
2012,4,16,1,0,0,0,0,24
2012,4,16,2,0,0,0,0,24
2012,4,16,3,0,0,0,0,23
2012,4,16,4,0,0,0,0,23
2012,4,16,5,0,0,0,0,23
2012,4,16,6,0,37,0,37,25
2012,4,16,7,0,248,230,169,29
2012,4,16,8,0,472,465,217,35
2012,4,16,9,0,674,575,260,38
2012,4,16,10,0,829,653,274,40
2012,4,16,11,0,921,684,286,41
2012,4,16,12,0,944,690,289,42
2012,4,16,13,0,896,674,283,41
2012,4,16,14,0,782,632,267,41
2012,4,16,15,0,603,528,248,39
2012,4,16,16,0,397,351,225,37
2012,4,16,17,0,145,79,123,35
2012,4,16,18,0,3,0,3,32
2012,4,16,19,0,0,0,0,31
2012,4,16,20,0,0,0,0,30
2012,4,16,21,0,0,0,0,29
2012,4,16,22,0,0,0,0,29
2012,4,16,23,0,0,0,0,28
2012,4,17,0,0,0,0,0,27
2012,4,17,1,0,0,0,0,26
2012,4,17,2,0,0,0,0,25
2012,4,17,3,0,0,0,0,25
2012,4,17,4,0,0,0,0,24
2012,4,17,5,0,0,0,0,24
2012,4,17,6,0,29,0,29,27
2012,4,17,7,0,247,218,171,30
2012,4,17,8,0,475,467,218,35
2012,4,17,9,0,675,588,250,38
2012,4,17,10,0,829,651,274,39
2012,4,17,11,0,922,683,286,40
2012,4,17,12,0,945,690,289,41
2012,4,17,13,0,898,674,283,41
2012,4,17,14,0,784,632,267,40
2012,4,17,15,0,614,557,239,39
2012,4,17,16,0,407,385,218,36
2012,4,17,17,0,163,111,132,34
2012,4,17,18,0,3,0,3,32
2012,4,17,19,0,0,0,0,31
2012,4,17,20,0,0,0,0,30
2012,4,17,21,0,0,0,0,29
2012,4,17,22,0,0,0,0,28
2012,4,17,23,0,0,0,0,28
2012,4,18,0,0,0,0,0,27
2012,4,18,1,0,0,0,0,26
2012,4,18,2,0,0,0,0,25
2012,4,18,3,0,0,0,0,25
2012,4,18,4,0,0,0,0,24
2012,4,18,5,0,0,0,0,24
2012,4,18,6,0,32,0,32,26
2012,4,18,7,0,117,0,117,31
2012,4,18,8,0,125,0,125,35
2012,4,18,9,0,300,19,286,38
2012,4,18,10,0,290,18,274,40
2012,4,18,11,0,918,578,379,41
2012,4,18,12,0,946,629,347,41
2012,4,18,13,0,803,479,365,41
2012,4,18,14,0,614,248,410,40
2012,4,18,15,0,618,559,240,39
2012,4,18,16,0,409,422,201,37
2012,4,18,17,0,177,161,132,35
2012,4,18,18,0,5,0,5,32
2012,4,18,19,0,0,0,0,31
2012,4,18,20,0,0,0,0,30
2012,4,18,21,0,0,0,0,29
2012,4,18,22,0,0,0,0,29
2012,4,18,23,0,0,0,0,28
2012,4,19,0,0,0,0,0,27
2012,4,19,1,0,0,0,0,27
2012,4,19,2,0,0,0,0,26
2012,4,19,3,0,0,0,0,25
2012,4,19,4,0,0,0,0,25
2012,4,19,5,0,0,0,0,25
2012,4,19,6,0,49,9,47,27
2012,4,19,7,0,254,244,168,31
2012,4,19,8,0,482,471,220,36
2012,4,19,9,0,679,587,251,38
2012,4,19,10,0,826,607,305,40
2012,4,19,11,0,874,559,351,41
2012,4,19,12,0,892,549,368,42
2012,4,19,13,0,899,673,283,41
2012,4,19,14,0,785,631,267,40
2012,4,19,15,0,420,134,329,39
2012,4,19,16,0,408,431,196,37
2012,4,19,17,0,190,230,125,36
2012,4,19,18,0,7,0,7,34
2012,4,19,19,0,0,0,0,33
2012,4,19,20,0,0,0,0,32
2012,4,19,21,0,0,0,0,31
2012,4,19,22,0,0,0,0,30
2012,4,19,23,0,0,0,0,30
2012,4,20,0,0,0,0,0,29
2012,4,20,1,0,0,0,0,28
2012,4,20,2,0,0,0,0,28
2012,4,20,3,0,0,0,0,27
2012,4,20,4,0,0,0,0,27
2012,4,20,5,0,0,0,0,26
2012,4,20,6,0,52,7,51,28
2012,4,20,7,0,198,89,166,31
2012,4,20,8,0,431,307,259,35
2012,4,20,9,0,584,335,339,32
2012,4,20,10,0,763,462,365,31
2012,4,20,11,0,677,243,449,32
2012,4,20,12,0,753,304,462,36
2012,4,20,13,0,759,385,406,38
2012,4,20,14,0,768,509,349,38
2012,4,20,15,0,444,165,332,37
2012,4,20,16,0,160,2,159,36
2012,4,20,17,0,66,0,66,34
2012,4,20,18,0,3,0,3,31
2012,4,20,19,0,0,0,0,30
2012,4,20,20,0,0,0,0,30
2012,4,20,21,0,0,0,0,29
2012,4,20,22,0,0,0,0,29
2012,4,20,23,0,0,0,0,28
2012,4,21,0,0,0,0,0,27
2012,4,21,1,0,0,0,0,27
2012,4,21,2,0,0,0,0,26
2012,4,21,3,0,0,0,0,25
2012,4,21,4,0,0,0,0,25
2012,4,21,5,0,0,0,0,24
2012,4,21,6,0,55,14,53,26
2012,4,21,7,0,262,304,153,30
2012,4,21,8,0,478,474,212,33
2012,4,21,9,0,673,578,249,35
2012,4,21,10,0,824,641,272,37
2012,4,21,11,0,917,674,284,38
2012,4,21,12,0,942,684,288,38
2012,4,21,13,0,898,670,282,38
2012,4,21,14,0,786,630,267,37
2012,4,21,15,0,619,557,240,36
2012,4,21,16,0,412,434,197,34
2012,4,21,17,0,183,170,134,32
2012,4,21,18,0,7,0,7,30
2012,4,21,19,0,0,0,0,29
2012,4,21,20,0,0,0,0,28
2012,4,21,21,0,0,0,0,28
2012,4,21,22,0,0,0,0,27
2012,4,21,23,0,0,0,0,26
2012,4,22,0,0,0,0,0,26
2012,4,22,1,0,0,0,0,25
2012,4,22,2,0,0,0,0,24
2012,4,22,3,0,0,0,0,24
2012,4,22,4,0,0,0,0,23
2012,4,22,5,0,0,0,0,23
2012,4,22,6,0,53,10,51,26
2012,4,22,7,0,265,257,172,30
2012,4,22,8,0,490,486,215,35
2012,4,22,9,0,686,590,252,37
2012,4,22,10,0,838,652,275,39
2012,4,22,11,0,931,685,287,40
2012,4,22,12,0,889,529,381,41
2012,4,22,13,0,721,307,438,40
2012,4,22,14,0,777,460,397,40
2012,4,22,15,0,109,0,109,38
2012,4,22,16,0,124,0,124,36
2012,4,22,17,0,95,0,95,34
2012,4,22,18,0,8,0,8,32
2012,4,22,19,0,0,0,0,31
2012,4,22,20,0,0,0,0,30
2012,4,22,21,0,0,0,0,29
2012,4,22,22,0,0,0,0,28
2012,4,22,23,0,0,0,0,27
2012,4,23,0,0,0,0,0,27
2012,4,23,1,0,0,0,0,26
2012,4,23,2,0,0,0,0,25
2012,4,23,3,0,0,0,0,25
2012,4,23,4,0,0,0,0,24
2012,4,23,5,0,0,0,0,24
2012,4,23,6,0,56,12,54,26
2012,4,23,7,0,274,279,172,30
2012,4,23,8,0,495,491,216,35
2012,4,23,9,0,691,594,253,37
2012,4,23,10,0,842,654,275,39
2012,4,23,11,0,932,685,287,40
2012,4,23,12,0,954,692,290,40
2012,4,23,13,0,906,676,283,40
2012,4,23,14,0,793,635,268,39
2012,4,23,15,0,624,561,241,38
2012,4,23,16,0,408,394,211,36
2012,4,23,17,0,186,174,135,34
2012,4,23,18,0,9,0,9,32
2012,4,23,19,0,0,0,0,30
2012,4,23,20,0,0,0,0,30
2012,4,23,21,0,0,0,0,29
2012,4,23,22,0,0,0,0,28
2012,4,23,23,0,0,0,0,28
2012,4,24,0,0,0,0,0,27
2012,4,24,1,0,0,0,0,26
2012,4,24,2,0,0,0,0,26
2012,4,24,3,0,0,0,0,25
2012,4,24,4,0,0,0,0,24
2012,4,24,5,0,0,0,0,24
2012,4,24,6,0,59,15,56,27
2012,4,24,7,0,271,265,173,31
2012,4,24,8,0,493,487,215,36
2012,4,24,9,0,687,533,292,39
2012,4,24,10,0,742,416,381,40
2012,4,24,11,0,923,597,359,42
2012,4,24,12,0,953,689,289,42
2012,4,24,13,0,906,674,283,42
2012,4,24,14,0,749,474,356,41
2012,4,24,15,0,277,47,244,40
2012,4,24,16,0,418,277,279,38
2012,4,24,17,0,52,0,52,35
2012,4,24,18,0,4,0,4,33
2012,4,24,19,0,0,0,0,31
2012,4,24,20,0,0,0,0,31
2012,4,24,21,0,0,0,0,30
2012,4,24,22,0,0,0,0,29
2012,4,24,23,0,0,0,0,28
2012,4,25,0,0,0,0,0,28
2012,4,25,1,0,0,0,0,27
2012,4,25,2,0,0,0,0,26
2012,4,25,3,0,0,0,0,25
2012,4,25,4,0,0,0,0,25
2012,4,25,5,0,0,0,0,24
2012,4,25,6,0,61,18,58,27
2012,4,25,7,0,279,324,159,31
2012,4,25,8,0,497,490,216,36
2012,4,25,9,0,692,592,252,39
2012,4,25,10,0,842,652,275,41
2012,4,25,11,0,933,684,287,42
2012,4,25,12,0,956,691,290,42
2012,4,25,13,0,909,676,284,42
2012,4,25,14,0,795,635,268,41
2012,4,25,15,0,555,328,330,39
2012,4,25,16,0,419,439,198,37
2012,4,25,17,0,184,162,136,35
2012,4,25,18,0,11,0,11,33
2012,4,25,19,0,0,0,0,32
2012,4,25,20,0,0,0,0,31
2012,4,25,21,0,0,0,0,30
2012,4,25,22,0,0,0,0,29
2012,4,25,23,0,0,0,0,29
2012,4,26,0,0,0,0,0,28
2012,4,26,1,0,0,0,0,28
2012,4,26,2,0,0,0,0,27
2012,4,26,3,0,0,0,0,26
2012,4,26,4,0,0,0,0,26
2012,4,26,5,0,0,0,0,26
2012,4,26,6,0,28,0,28,29
2012,4,26,7,0,249,175,183,33
2012,4,26,8,0,475,354,271,37
2012,4,26,9,0,392,66,342,39
2012,4,26,10,0,803,486,379,41
2012,4,26,11,0,756,328,445,43
2012,4,26,12,0,951,592,379,43
2012,4,26,13,0,726,310,439,43
2012,4,26,14,0,137,0,137,42
2012,4,26,15,0,225,7,220,41
2012,4,26,16,0,149,0,149,39
2012,4,26,17,0,35,0,35,36
2012,4,26,18,0,4,0,4,34
2012,4,26,19,0,0,0,0,33
2012,4,26,20,0,0,0,0,32
2012,4,26,21,0,0,0,0,32
2012,4,26,22,0,0,0,0,31
2012,4,26,23,0,0,0,0,31
2012,4,27,0,0,0,0,0,30
2012,4,27,1,0,0,0,0,29
2012,4,27,2,0,0,0,0,28
2012,4,27,3,0,0,0,0,26
2012,4,27,4,0,0,0,0,25
2012,4,27,5,0,0,0,0,25
2012,4,27,6,0,63,16,60,27
2012,4,27,7,0,281,277,176,31
2012,4,27,8,0,502,492,217,36
2012,4,27,9,0,696,593,253,38
2012,4,27,10,0,846,653,275,39
2012,4,27,11,0,936,684,287,40
2012,4,27,12,0,957,691,290,40
2012,4,27,13,0,909,675,283,40
2012,4,27,14,0,795,633,268,39
2012,4,27,15,0,626,559,241,38
2012,4,27,16,0,420,438,198,36
2012,4,27,17,0,193,185,138,34
2012,4,27,18,0,6,0,6,32
2012,4,27,19,0,0,0,0,31
2012,4,27,20,0,0,0,0,30
2012,4,27,21,0,0,0,0,29
2012,4,27,22,0,0,0,0,29
2012,4,27,23,0,0,0,0,28
2012,4,28,0,0,0,0,0,27
2012,4,28,1,0,0,0,0,26
2012,4,28,2,0,0,0,0,26
2012,4,28,3,0,0,0,0,25
2012,4,28,4,0,0,0,0,25
2012,4,28,5,0,0,0,0,25
2012,4,28,6,0,53,0,53,27
2012,4,28,7,0,279,244,186,31
2012,4,28,8,0,502,491,217,34
2012,4,28,9,0,695,591,252,37
2012,4,28,10,0,838,606,307,39
2012,4,28,11,0,933,681,286,40
2012,4,28,12,0,956,689,289,41
2012,4,28,13,0,877,544,372,41
2012,4,28,14,0,791,601,290,40
2012,4,28,15,0,632,565,242,39
2012,4,28,16,0,167,4,164,37
2012,4,28,17,0,124,17,118,35
2012,4,28,18,0,16,0,16,32
2012,4,28,19,0,0,0,0,31
2012,4,28,20,0,0,0,0,30
2012,4,28,21,0,0,0,0,30
2012,4,28,22,0,0,0,0,29
2012,4,28,23,0,0,0,0,28
2012,4,29,0,0,0,0,0,28
2012,4,29,1,0,0,0,0,27
2012,4,29,2,0,0,0,0,27
2012,4,29,3,0,0,0,0,26
2012,4,29,4,0,0,0,0,25
2012,4,29,5,0,0,0,0,25
2012,4,29,6,0,68,21,64,28
2012,4,29,7,0,282,267,180,32
2012,4,29,8,0,509,487,225,36
2012,4,29,9,0,705,600,255,39
2012,4,29,10,0,854,658,276,41
2012,4,29,11,0,943,688,288,42
2012,4,29,12,0,964,694,291,43
2012,4,29,13,0,914,644,315,43
2012,4,29,14,0,770,509,345,42
2012,4,29,15,0,561,352,318,40
2012,4,29,16,0,412,379,219,38
2012,4,29,17,0,197,210,134,36
2012,4,29,18,0,12,0,12,33
2012,4,29,19,0,0,0,0,32
2012,4,29,20,0,0,0,0,31
2012,4,29,21,0,0,0,0,30
2012,4,29,22,0,0,0,0,29
2012,4,29,23,0,0,0,0,28
2012,4,30,0,0,0,0,0,27
2012,4,30,1,0,0,0,0,27
2012,4,30,2,0,0,0,0,26
2012,4,30,3,0,0,0,0,25
2012,4,30,4,0,0,0,0,25
2012,4,30,5,0,0,0,0,25
2012,4,30,6,0,70,24,66,27
2012,4,30,7,0,285,270,181,31
2012,4,30,8,0,511,488,225,36
2012,4,30,9,0,708,601,255,39
2012,4,30,10,0,857,660,277,41
2012,4,30,11,0,946,689,289,42
2012,4,30,12,0,966,695,291,43
2012,4,30,13,0,917,679,285,43
2012,4,30,14,0,740,484,335,42
2012,4,30,15,0,634,566,243,40
2012,4,30,16,0,414,349,236,39
2012,4,30,17,0,188,158,140,36
2012,4,30,18,0,16,0,16,33
2012,4,30,19,0,0,0,0,32
2012,4,30,20,0,0,0,0,31
2012,4,30,21,0,0,0,0,30
2012,4,30,22,0,0,0,0,30
2012,4,30,23,0,0,0,0,29
2012,5,1,0,0,0,0,0,28
2012,5,1,1,0,0,0,0,27
2012,5,1,2,0,0,0,0,26
2012,5,1,3,0,0,0,0,25
2012,5,1,4,0,0,0,0,25
2012,5,1,5,0,0,0,0,25
2012,5,1,6,0,67,14,64,27
2012,5,1,7,0,271,221,185,30
2012,5,1,8,0,480,399,246,36
2012,5,1,9,0,673,514,285,39
2012,5,1,10,0,824,570,322,41
2012,5,1,11,0,915,607,335,42
2012,5,1,12,0,937,614,340,43
2012,5,1,13,0,887,597,330,42
2012,5,1,14,0,770,555,305,41
2012,5,1,15,0,600,479,268,40
2012,5,1,16,0,398,344,222,38
2012,5,1,17,0,181,117,145,35
2012,5,1,18,0,15,0,15,33
2012,5,1,19,0,0,0,0,31
2012,5,1,20,0,0,0,0,31
2012,5,1,21,0,0,0,0,30
2012,5,1,22,0,0,0,0,29
2012,5,1,23,0,0,0,0,28
2012,5,2,0,0,0,0,0,27
2012,5,2,1,0,0,0,0,27
2012,5,2,2,0,0,0,0,26
2012,5,2,3,0,0,0,0,25
2012,5,2,4,0,0,0,0,24
2012,5,2,5,0,0,0,0,24
2012,5,2,6,0,69,16,66,27
2012,5,2,7,0,273,223,186,31
2012,5,2,8,0,482,400,246,36
2012,5,2,9,0,674,515,284,38
2012,5,2,10,0,825,570,322,40
2012,5,2,11,0,916,607,336,41
2012,5,2,12,0,938,614,340,41
2012,5,2,13,0,884,597,327,41
2012,5,2,14,0,771,548,312,40
2012,5,2,15,0,602,480,268,39
2012,5,2,16,0,399,316,237,37
2012,5,2,17,0,178,120,141,35
2012,5,2,18,0,16,0,16,32
2012,5,2,19,0,0,0,0,31
2012,5,2,20,0,0,0,0,30
2012,5,2,21,0,0,0,0,29
2012,5,2,22,0,0,0,0,28
2012,5,2,23,0,0,0,0,27
2012,5,3,0,0,0,0,0,27
2012,5,3,1,0,0,0,0,26
2012,5,3,2,0,0,0,0,25
2012,5,3,3,0,0,0,0,24
2012,5,3,4,0,0,0,0,24
2012,5,3,5,0,0,0,0,24
2012,5,3,6,0,71,18,67,27
2012,5,3,7,0,274,222,187,31
2012,5,3,8,0,484,401,247,36
2012,5,3,9,0,676,515,285,39
2012,5,3,10,0,826,570,322,41
2012,5,3,11,0,917,607,336,42
2012,5,3,12,0,939,614,341,43
2012,5,3,13,0,889,598,330,42
2012,5,3,14,0,772,548,312,42
2012,5,3,15,0,603,480,269,40
2012,5,3,16,0,400,316,237,39
2012,5,3,17,0,179,122,141,36
2012,5,3,18,0,15,0,15,33
2012,5,3,19,0,0,0,0,32
2012,5,3,20,0,0,0,0,31
2012,5,3,21,0,0,0,0,31
2012,5,3,22,0,0,0,0,30
2012,5,3,23,0,0,0,0,29
2012,5,4,0,0,0,0,0,28
2012,5,4,1,0,0,0,0,27
2012,5,4,2,0,0,0,0,27
2012,5,4,3,0,0,0,0,26
2012,5,4,4,0,0,0,0,25
2012,5,4,5,0,0,0,0,25
2012,5,4,6,0,69,14,66,28
2012,5,4,7,0,271,211,187,32
2012,5,4,8,0,486,402,247,38
2012,5,4,9,0,676,513,286,41
2012,5,4,10,0,826,576,316,43
2012,5,4,11,0,903,576,351,44
2012,5,4,12,0,910,522,401,44
2012,5,4,13,0,383,53,333,44
2012,5,4,14,0,736,452,356,43
2012,5,4,15,0,587,439,281,42
2012,5,4,16,0,398,335,225,40
2012,5,4,17,0,186,138,143,37
2012,5,4,18,0,16,0,16,34
2012,5,4,19,0,0,0,0,33
2012,5,4,20,0,0,0,0,32
2012,5,4,21,0,0,0,0,31
2012,5,4,22,0,0,0,0,30
2012,5,4,23,0,0,0,0,30
2012,5,5,0,0,0,0,0,29
2012,5,5,1,0,0,0,0,28
2012,5,5,2,0,0,0,0,27
2012,5,5,3,0,0,0,0,27
2012,5,5,4,0,0,0,0,26
2012,5,5,5,0,0,0,0,26
2012,5,5,6,0,72,15,69,29
2012,5,5,7,0,279,212,195,32
2012,5,5,8,0,320,84,270,38
2012,5,5,9,0,678,473,317,41
2012,5,5,10,0,822,555,330,43
2012,5,5,11,0,920,607,337,45
2012,5,5,12,0,936,611,339,45
2012,5,5,13,0,868,598,308,45
2012,5,5,14,0,774,549,312,44
2012,5,5,15,0,589,441,281,43
2012,5,5,16,0,403,347,223,41
2012,5,5,17,0,188,140,144,38
2012,5,5,18,0,17,0,17,35
2012,5,5,19,0,0,0,0,34
2012,5,5,20,0,0,0,0,33
2012,5,5,21,0,0,0,0,32
2012,5,5,22,0,0,0,0,31
2012,5,5,23,0,0,0,0,30
2012,5,6,0,0,0,0,0,29
2012,5,6,1,0,0,0,0,29
2012,5,6,2,0,0,0,0,28
2012,5,6,3,0,0,0,0,27
2012,5,6,4,0,0,0,0,26
2012,5,6,5,0,0,0,0,26
2012,5,6,6,0,74,17,70,29
2012,5,6,7,0,277,217,190,33
2012,5,6,8,0,490,404,249,38
2012,5,6,9,0,681,517,286,42
2012,5,6,10,0,830,572,322,44
2012,5,6,11,0,920,608,336,45
2012,5,6,12,0,942,614,342,46
2012,5,6,13,0,891,598,330,45
2012,5,6,14,0,775,549,312,44
2012,5,6,15,0,606,482,268,43
2012,5,6,16,0,405,319,239,41
2012,5,6,17,0,169,92,140,39
2012,5,6,18,0,18,0,18,36
2012,5,6,19,0,0,0,0,34
2012,5,6,20,0,0,0,0,34
2012,5,6,21,0,0,0,0,33
2012,5,6,22,0,0,0,0,32
2012,5,6,23,0,0,0,0,31
2012,5,7,0,0,0,0,0,30
2012,5,7,1,0,0,0,0,30
2012,5,7,2,0,0,0,0,29
2012,5,7,3,0,0,0,0,28
2012,5,7,4,0,0,0,0,27
2012,5,7,5,0,0,0,0,27
2012,5,7,6,0,72,13,69,30
2012,5,7,7,0,268,191,191,34
2012,5,7,8,0,482,368,261,39
2012,5,7,9,0,676,505,289,42
2012,5,7,10,0,830,577,317,44
2012,5,7,11,0,912,594,341,45
2012,5,7,12,0,932,596,349,45
2012,5,7,13,0,883,585,334,45
2012,5,7,14,0,760,525,317,44
2012,5,7,15,0,607,445,295,43
2012,5,7,16,0,294,90,247,41
2012,5,7,17,0,136,22,129,39
2012,5,7,18,0,19,0,19,36
2012,5,7,19,0,0,0,0,35
2012,5,7,20,0,0,0,0,34
2012,5,7,21,0,0,0,0,33
2012,5,7,22,0,0,0,0,32
2012,5,7,23,0,0,0,0,32
2012,5,8,0,0,0,0,0,31
2012,5,8,1,0,0,0,0,30
2012,5,8,2,0,0,0,0,29
2012,5,8,3,0,0,0,0,29
2012,5,8,4,0,0,0,0,28
2012,5,8,5,0,0,0,0,28
2012,5,8,6,0,62,0,62,31
2012,5,8,7,0,201,56,178,35
2012,5,8,8,0,395,178,288,40
2012,5,8,9,0,622,372,337,43
2012,5,8,10,0,772,469,354,45
2012,5,8,11,0,877,546,351,46
2012,5,8,12,0,927,568,370,47
2012,5,8,13,0,893,598,331,47
2012,5,8,14,0,777,550,312,46
2012,5,8,15,0,608,483,269,44
2012,5,8,16,0,405,315,240,42
2012,5,8,17,0,178,109,143,40
2012,5,8,18,0,6,0,6,38
2012,5,8,19,0,0,0,0,36
2012,5,8,20,0,0,0,0,35
2012,5,8,21,0,0,0,0,34
2012,5,8,22,0,0,0,0,34
2012,5,8,23,0,0,0,0,33
2012,5,9,0,0,0,0,0,32
2012,5,9,1,0,0,0,0,31
2012,5,9,2,0,0,0,0,30
2012,5,9,3,0,0,0,0,30
2012,5,9,4,0,0,0,0,29
2012,5,9,5,0,0,0,0,29
2012,5,9,6,0,80,21,76,31
2012,5,9,7,0,273,197,193,35
2012,5,9,8,0,495,407,250,41
2012,5,9,9,0,685,519,286,44
2012,5,9,10,0,833,578,318,45
2012,5,9,11,0,923,608,337,47
2012,5,9,12,0,944,615,341,47
2012,5,9,13,0,894,598,332,47
2012,5,9,14,0,778,550,313,46
2012,5,9,15,0,609,483,269,45
2012,5,9,16,0,409,351,225,43
2012,5,9,17,0,191,137,147,41
2012,5,9,18,0,21,0,21,38
2012,5,9,19,0,0,0,0,37
2012,5,9,20,0,0,0,0,36
2012,5,9,21,0,0,0,0,35
2012,5,9,22,0,0,0,0,34
2012,5,9,23,0,0,0,0,33
2012,5,10,0,0,0,0,0,33
2012,5,10,1,0,0,0,0,32
2012,5,10,2,0,0,0,0,31
2012,5,10,3,0,0,0,0,30
2012,5,10,4,0,0,0,0,30
2012,5,10,5,0,0,0,0,30
2012,5,10,6,0,73,13,70,32
2012,5,10,7,0,269,185,193,35
2012,5,10,8,0,482,361,264,39
2012,5,10,9,0,675,499,291,43
2012,5,10,10,0,834,572,323,46
2012,5,10,11,0,915,596,340,47
2012,5,10,12,0,938,614,336,48
2012,5,10,13,0,853,539,346,47
2012,5,10,14,0,686,364,378,47
2012,5,10,15,0,583,377,317,45
2012,5,10,16,0,269,66,234,43
2012,5,10,17,0,43,0,43,41
2012,5,10,18,0,6,0,6,39
2012,5,10,19,0,0,0,0,37
2012,5,10,20,0,0,0,0,37
2012,5,10,21,0,0,0,0,36
2012,5,10,22,0,0,0,0,35
2012,5,10,23,0,0,0,0,34
2012,5,11,0,0,0,0,0,34
2012,5,11,1,0,0,0,0,34
2012,5,11,2,0,0,0,0,33
2012,5,11,3,0,0,0,0,32
2012,5,11,4,0,0,0,0,32
2012,5,11,5,0,0,0,0,32
2012,5,11,6,0,88,31,81,33
2012,5,11,7,0,290,237,193,34
2012,5,11,8,0,496,411,247,38
2012,5,11,9,0,679,506,289,42
2012,5,11,10,0,820,565,315,44
2012,5,11,11,0,905,596,329,46
2012,5,11,12,0,925,604,332,46
2012,5,11,13,0,879,588,325,46
2012,5,11,14,0,771,548,306,46
2012,5,11,15,0,557,289,353,44
2012,5,11,16,0,83,0,83,42
2012,5,11,17,0,74,0,74,40
2012,5,11,18,0,18,0,18,38
2012,5,11,19,0,0,0,0,37
2012,5,11,20,0,0,0,0,36
2012,5,11,21,0,0,0,0,35
2012,5,11,22,0,0,0,0,34
2012,5,11,23,0,0,0,0,34
2012,5,12,0,0,0,0,0,33
2012,5,12,1,0,0,0,0,32
2012,5,12,2,0,0,0,0,32
2012,5,12,3,0,0,0,0,31
2012,5,12,4,0,0,0,0,31
2012,5,12,5,0,0,0,0,31
2012,5,12,6,0,69,4,68,33
2012,5,12,7,0,279,204,195,37
2012,5,12,8,0,499,409,251,41
2012,5,12,9,0,688,520,287,43
2012,5,12,10,0,836,578,319,45
2012,5,12,11,0,925,608,337,46
2012,5,12,12,0,946,615,341,47
2012,5,12,13,0,896,597,333,46
2012,5,12,14,0,739,447,359,45
2012,5,12,15,0,369,68,320,44
2012,5,12,16,0,110,0,110,42
2012,5,12,17,0,36,0,36,40
2012,5,12,18,0,6,0,6,38
2012,5,12,19,0,0,0,0,36
2012,5,12,20,0,0,0,0,35
2012,5,12,21,0,0,0,0,35
2012,5,12,22,0,0,0,0,34
2012,5,12,23,0,0,0,0,33
2012,5,13,0,0,0,0,0,32
2012,5,13,1,0,0,0,0,31
2012,5,13,2,0,0,0,0,31
2012,5,13,3,0,0,0,0,30
2012,5,13,4,0,0,0,0,29
2012,5,13,5,0,0,0,0,29
2012,5,13,6,0,79,15,76,32
2012,5,13,7,0,263,152,200,36
2012,5,13,8,0,499,404,253,40
2012,5,13,9,0,689,520,287,42
2012,5,13,10,0,837,573,324,44
2012,5,13,11,0,848,494,370,45
2012,5,13,12,0,943,568,384,45
2012,5,13,13,0,686,312,391,45
2012,5,13,14,0,780,509,347,44
2012,5,13,15,0,607,471,273,43
2012,5,13,16,0,414,355,226,41
2012,5,13,17,0,198,147,150,39
2012,5,13,18,0,26,0,26,36
2012,5,13,19,0,0,0,0,35
2012,5,13,20,0,0,0,0,34
2012,5,13,21,0,0,0,0,33
2012,5,13,22,0,0,0,0,32
2012,5,13,23,0,0,0,0,31
2012,5,14,0,0,0,0,0,30
2012,5,14,1,0,0,0,0,30
2012,5,14,2,0,0,0,0,29
2012,5,14,3,0,0,0,0,28
2012,5,14,4,0,0,0,0,28
2012,5,14,5,0,0,0,0,28
2012,5,14,6,0,72,3,71,30
2012,5,14,7,0,202,51,180,35
2012,5,14,8,0,400,162,301,39
2012,5,14,9,0,525,198,371,41
2012,5,14,10,0,367,20,349,43
2012,5,14,11,0,463,54,410,44
2012,5,14,12,0,299,7,292,45
2012,5,14,13,0,263,6,257,44
2012,5,14,14,0,404,57,355,44
2012,5,14,15,0,477,187,344,42
2012,5,14,16,0,160,1,159,41
2012,5,14,17,0,184,103,150,39
2012,5,14,18,0,7,0,7,37
2012,5,14,19,0,0,0,0,35
2012,5,14,20,0,0,0,0,34
2012,5,14,21,0,0,0,0,34
2012,5,14,22,0,0,0,0,33
2012,5,14,23,0,0,0,0,32
2012,5,15,0,0,0,0,0,31
2012,5,15,1,0,0,0,0,30
2012,5,15,2,0,0,0,0,29
2012,5,15,3,0,0,0,0,28
2012,5,15,4,0,0,0,0,27
2012,5,15,5,0,0,0,0,27
2012,5,15,6,0,86,27,80,30
2012,5,15,7,0,284,211,196,34
2012,5,15,8,0,502,411,251,38
2012,5,15,9,0,691,521,287,42
2012,5,15,10,0,834,576,317,44
2012,5,15,11,0,925,608,336,45
2012,5,15,12,0,945,615,339,45
2012,5,15,13,0,897,599,331,45
2012,5,15,14,0,783,551,314,44
2012,5,15,15,0,616,486,271,43
2012,5,15,16,0,416,356,226,41
2012,5,15,17,0,202,152,152,39
2012,5,15,18,0,28,0,28,37
2012,5,15,19,0,0,0,0,35
2012,5,15,20,0,0,0,0,35
2012,5,15,21,0,0,0,0,34
2012,5,15,22,0,0,0,0,33
2012,5,15,23,0,0,0,0,33
2012,5,16,0,0,0,0,0,32
2012,5,16,1,0,0,0,0,31
2012,5,16,2,0,0,0,0,31
2012,5,16,3,0,0,0,0,31
2012,5,16,4,0,0,0,0,30
2012,5,16,5,0,0,0,0,30
2012,5,16,6,0,79,16,75,32
2012,5,16,7,0,286,213,197,36
2012,5,16,8,0,504,412,252,40
2012,5,16,9,0,692,521,288,43
2012,5,16,10,0,839,579,319,45
2012,5,16,11,0,927,608,337,46
2012,5,16,12,0,948,615,342,47
2012,5,16,13,0,898,599,331,47
2012,5,16,14,0,783,551,313,46
2012,5,16,15,0,617,486,271,45
2012,5,16,16,0,418,357,227,43
2012,5,16,17,0,203,154,152,41
2012,5,16,18,0,27,0,27,38
2012,5,16,19,0,0,0,0,37
2012,5,16,20,0,0,0,0,36
2012,5,16,21,0,0,0,0,35
2012,5,16,22,0,0,0,0,34
2012,5,16,23,0,0,0,0,34
2012,5,17,0,0,0,0,0,33
2012,5,17,1,0,0,0,0,32
2012,5,17,2,0,0,0,0,31
2012,5,17,3,0,0,0,0,30
2012,5,17,4,0,0,0,0,30
2012,5,17,5,0,0,0,0,30
2012,5,17,6,0,50,0,50,32
2012,5,17,7,0,259,150,196,36
2012,5,17,8,0,469,311,278,41
2012,5,17,9,0,648,416,325,44
2012,5,17,10,0,531,120,423,45
2012,5,17,11,0,852,452,413,47
2012,5,17,12,0,697,241,459,47
2012,5,17,13,0,569,146,430,47
2012,5,17,14,0,765,507,332,46
2012,5,17,15,0,613,477,273,45
2012,5,17,16,0,419,358,227,43
2012,5,17,17,0,200,143,152,41
2012,5,17,18,0,28,0,28,38
2012,5,17,19,0,0,0,0,37
2012,5,17,20,0,0,0,0,36
2012,5,17,21,0,0,0,0,35
2012,5,17,22,0,0,0,0,34
2012,5,17,23,0,0,0,0,34
2012,5,18,0,0,0,0,0,33
2012,5,18,1,0,0,0,0,32
2012,5,18,2,0,0,0,0,31
2012,5,18,3,0,0,0,0,30
2012,5,18,4,0,0,0,0,30
2012,5,18,5,0,0,0,0,30
2012,5,18,6,0,78,5,76,33
2012,5,18,7,0,214,62,188,37
2012,5,18,8,0,418,202,294,40
2012,5,18,9,0,636,381,340,42
2012,5,18,10,0,820,540,334,44
2012,5,18,11,0,910,572,355,45
2012,5,18,12,0,929,572,364,46
2012,5,18,13,0,874,580,324,46
2012,5,18,14,0,739,477,331,45
2012,5,18,15,0,560,331,324,44
2012,5,18,16,0,397,296,238,42
2012,5,18,17,0,191,119,151,40
2012,5,18,18,0,29,0,29,38
2012,5,18,19,0,0,0,0,37
2012,5,18,20,0,0,0,0,36
2012,5,18,21,0,0,0,0,35
2012,5,18,22,0,0,0,0,34
2012,5,18,23,0,0,0,0,34
2012,5,19,0,0,0,0,0,33
2012,5,19,1,0,0,0,0,32
2012,5,19,2,0,0,0,0,31
2012,5,19,3,0,0,0,0,31
2012,5,19,4,0,0,0,0,30
2012,5,19,5,0,0,0,0,30
2012,5,19,6,0,83,18,79,32
2012,5,19,7,0,291,219,199,37
2012,5,19,8,0,506,413,252,41
2012,5,19,9,0,694,522,288,43
2012,5,19,10,0,840,579,319,45
2012,5,19,11,0,928,608,337,46
2012,5,19,12,0,949,615,341,46
2012,5,19,13,0,899,599,331,46
2012,5,19,14,0,786,552,314,45
2012,5,19,15,0,620,488,271,44
2012,5,19,16,0,422,360,228,43
2012,5,19,17,0,204,132,160,41
2012,5,19,18,0,36,0,36,38
2012,5,19,19,0,0,0,0,37
2012,5,19,20,0,0,0,0,36
2012,5,19,21,0,0,0,0,35
2012,5,19,22,0,0,0,0,34
2012,5,19,23,0,0,0,0,34
2012,5,20,0,0,0,0,0,33
2012,5,20,1,0,0,0,0,32
2012,5,20,2,0,0,0,0,31
2012,5,20,3,0,0,0,0,31
2012,5,20,4,0,0,0,0,30
2012,5,20,5,0,0,0,0,30
2012,5,20,6,0,85,19,81,33
2012,5,20,7,0,286,206,199,37
2012,5,20,8,0,507,414,252,42
2012,5,20,9,0,692,519,288,44
2012,5,20,10,0,838,567,327,46
2012,5,20,11,0,928,608,337,47
2012,5,20,12,0,948,615,340,47
2012,5,20,13,0,899,601,329,47
2012,5,20,14,0,786,552,313,46
2012,5,20,15,0,621,488,272,45
2012,5,20,16,0,423,330,245,43
2012,5,20,17,0,200,136,154,41
2012,5,20,18,0,8,0,8,39
2012,5,20,19,0,0,0,0,37
2012,5,20,20,0,0,0,0,36
2012,5,20,21,0,0,0,0,36
2012,5,20,22,0,0,0,0,35
2012,5,20,23,0,0,0,0,34
2012,5,21,0,0,0,0,0,33
2012,5,21,1,0,0,0,0,32
2012,5,21,2,0,0,0,0,31
2012,5,21,3,0,0,0,0,31
2012,5,21,4,0,0,0,0,30
2012,5,21,5,0,0,0,0,30
2012,5,21,6,0,62,0,62,33
2012,5,21,7,0,303,230,206,37
2012,5,21,8,0,454,272,286,42
2012,5,21,9,0,693,522,286,45
2012,5,21,10,0,838,567,327,47
2012,5,21,11,0,929,608,338,48
2012,5,21,12,0,949,615,341,49
2012,5,21,13,0,900,599,331,48
2012,5,21,14,0,787,553,313,47
2012,5,21,15,0,622,489,271,46
2012,5,21,16,0,424,331,245,44
2012,5,21,17,0,170,69,146,41
2012,5,21,18,0,10,0,10,39
2012,5,21,19,0,0,0,0,38
2012,5,21,20,0,0,0,0,37
2012,5,21,21,0,0,0,0,36
2012,5,21,22,0,0,0,0,35
2012,5,21,23,0,0,0,0,34
2012,5,22,0,0,0,0,0,33
2012,5,22,1,0,0,0,0,32
2012,5,22,2,0,0,0,0,31
2012,5,22,3,0,0,0,0,31
2012,5,22,4,0,0,0,0,30
2012,5,22,5,0,0,0,0,30
2012,5,22,6,0,87,21,82,33
2012,5,22,7,0,289,209,200,38
2012,5,22,8,0,504,399,258,43
2012,5,22,9,0,688,509,291,45
2012,5,22,10,0,833,555,333,47
2012,5,22,11,0,929,608,337,48
2012,5,22,12,0,950,615,341,48
2012,5,22,13,0,890,536,381,48
2012,5,22,14,0,619,248,406,47
2012,5,22,15,0,600,420,298,45
2012,5,22,16,0,411,322,237,43
2012,5,22,17,0,209,155,156,41
2012,5,22,18,0,31,0,31,38
2012,5,22,19,0,0,0,0,37
2012,5,22,20,0,0,0,0,36
2012,5,22,21,0,0,0,0,35
2012,5,22,22,0,0,0,0,34
2012,5,22,23,0,0,0,0,33
2012,5,23,0,0,0,0,0,32
2012,5,23,1,0,0,0,0,31
2012,5,23,2,0,0,0,0,31
2012,5,23,3,0,0,0,0,30
2012,5,23,4,0,0,0,0,29
2012,5,23,5,0,0,0,0,29
2012,5,23,6,0,88,22,83,32
2012,5,23,7,0,290,210,201,36
2012,5,23,8,0,509,415,252,41
2012,5,23,9,0,696,522,288,43
2012,5,23,10,0,841,579,319,45
2012,5,23,11,0,929,608,337,46
2012,5,23,12,0,950,615,341,46
2012,5,23,13,0,901,599,331,46
2012,5,23,14,0,788,553,313,45
2012,5,23,15,0,624,489,272,44
2012,5,23,16,0,426,363,229,42
2012,5,23,17,0,216,148,165,40
2012,5,23,18,0,35,0,35,38
2012,5,23,19,0,0,0,0,36
2012,5,23,20,0,0,0,0,35
2012,5,23,21,0,0,0,0,34
2012,5,23,22,0,0,0,0,33
2012,5,23,23,0,0,0,0,33
2012,5,24,0,0,0,0,0,32
2012,5,24,1,0,0,0,0,31
2012,5,24,2,0,0,0,0,30
2012,5,24,3,0,0,0,0,30
2012,5,24,4,0,0,0,0,29
2012,5,24,5,0,0,0,0,29
2012,5,24,6,0,98,39,89,32
2012,5,24,7,0,305,249,199,37
2012,5,24,8,0,510,415,253,41
2012,5,24,9,0,696,522,288,43
2012,5,24,10,0,842,579,320,45
2012,5,24,11,0,929,608,337,46
2012,5,24,12,0,950,615,341,47
2012,5,24,13,0,902,599,332,47
2012,5,24,14,0,789,553,314,46
2012,5,24,15,0,625,490,272,45
2012,5,24,16,0,428,364,230,44
2012,5,24,17,0,212,159,157,41
2012,5,24,18,0,36,0,36,39
2012,5,24,19,0,0,0,0,37
2012,5,24,20,0,0,0,0,36
2012,5,24,21,0,0,0,0,36
2012,5,24,22,0,0,0,0,35
2012,5,24,23,0,0,0,0,34
2012,5,25,0,0,0,0,0,33
2012,5,25,1,0,0,0,0,32
2012,5,25,2,0,0,0,0,31
2012,5,25,3,0,0,0,0,30
2012,5,25,4,0,0,0,0,30
2012,5,25,5,0,0,0,0,30
2012,5,25,6,0,94,31,87,33
2012,5,25,7,0,306,249,200,37
2012,5,25,8,0,510,415,253,42
2012,5,25,9,0,696,522,288,45
2012,5,25,10,0,842,579,319,47
2012,5,25,11,0,930,608,338,48
2012,5,25,12,0,950,614,342,49
2012,5,25,13,0,902,599,332,49
2012,5,25,14,0,790,553,314,48
2012,5,25,15,0,617,471,277,46
2012,5,25,16,0,421,292,262,45
2012,5,25,17,0,141,24,132,42
2012,5,25,18,0,38,0,38,39
2012,5,25,19,0,0,0,0,38
2012,5,25,20,0,0,0,0,37
2012,5,25,21,0,0,0,0,36
2012,5,25,22,0,0,0,0,35
2012,5,25,23,0,0,0,0,35
2012,5,26,0,0,0,0,0,34
2012,5,26,1,0,0,0,0,33
2012,5,26,2,0,0,0,0,32
2012,5,26,3,0,0,0,0,32
2012,5,26,4,0,0,0,0,31
2012,5,26,5,0,0,0,0,31
2012,5,26,6,0,82,8,80,34
2012,5,26,7,0,263,134,205,38
2012,5,26,8,0,483,316,287,42
2012,5,26,9,0,677,485,298,45
2012,5,26,10,0,823,537,338,47
2012,5,26,11,0,913,572,356,48
2012,5,26,12,0,938,589,354,49
2012,5,26,13,0,898,598,328,48
2012,5,26,14,0,790,554,313,48
2012,5,26,15,0,627,475,284,46
2012,5,26,16,0,377,232,250,44
2012,5,26,17,0,221,166,163,42
2012,5,26,18,0,36,0,36,39
2012,5,26,19,0,0,0,0,38
2012,5,26,20,0,0,0,0,37
2012,5,26,21,0,0,0,0,36
2012,5,26,22,0,0,0,0,35
2012,5,26,23,0,0,0,0,34
2012,5,27,0,0,0,0,0,33
2012,5,27,1,0,0,0,0,32
2012,5,27,2,0,0,0,0,32
2012,5,27,3,0,0,0,0,31
2012,5,27,4,0,0,0,0,30
2012,5,27,5,0,0,0,0,30
2012,5,27,6,0,91,25,85,33
2012,5,27,7,0,293,213,202,38
2012,5,27,8,0,511,415,254,42
2012,5,27,9,0,697,522,289,45
2012,5,27,10,0,842,579,319,46
2012,5,27,11,0,930,608,337,48
2012,5,27,12,0,950,614,341,48
2012,5,27,13,0,903,599,332,48
2012,5,27,14,0,791,554,314,47
2012,5,27,15,0,627,491,272,46
2012,5,27,16,0,431,366,230,44
2012,5,27,17,0,212,146,161,42
2012,5,27,18,0,37,0,37,39
2012,5,27,19,0,0,0,0,37
2012,5,27,20,0,0,0,0,36
2012,5,27,21,0,0,0,0,36
2012,5,27,22,0,0,0,0,35
2012,5,27,23,0,0,0,0,34
2012,5,28,0,0,0,0,0,33
2012,5,28,1,0,0,0,0,32
2012,5,28,2,0,0,0,0,31
2012,5,28,3,0,0,0,0,31
2012,5,28,4,0,0,0,0,30
2012,5,28,5,0,0,0,0,30
2012,5,28,6,0,88,19,83,33
2012,5,28,7,0,293,214,201,38
2012,5,28,8,0,511,415,253,41
2012,5,28,9,0,697,522,288,44
2012,5,28,10,0,842,579,319,45
2012,5,28,11,0,930,608,337,46
2012,5,28,12,0,951,614,342,47
2012,5,28,13,0,903,599,332,47
2012,5,28,14,0,792,554,314,46
2012,5,28,15,0,628,491,272,45
2012,5,28,16,0,433,367,231,43
2012,5,28,17,0,224,171,164,41
2012,5,28,18,0,41,0,41,39
2012,5,28,19,0,0,0,0,37
2012,5,28,20,0,0,0,0,36
2012,5,28,21,0,0,0,0,36
2012,5,28,22,0,0,0,0,35
2012,5,28,23,0,0,0,0,34
2012,5,29,0,0,0,0,0,34
2012,5,29,1,0,0,0,0,33
2012,5,29,2,0,0,0,0,32
2012,5,29,3,0,0,0,0,31
2012,5,29,4,0,0,0,0,31
2012,5,29,5,0,0,0,0,31
2012,5,29,6,0,97,35,89,34
2012,5,29,7,0,308,251,200,38
2012,5,29,8,0,511,416,253,43
2012,5,29,9,0,697,522,288,46
2012,5,29,10,0,842,579,319,47
2012,5,29,11,0,930,608,337,49
2012,5,29,12,0,951,614,342,49
2012,5,29,13,0,904,599,333,48
2012,5,29,14,0,792,554,314,48
2012,5,29,15,0,629,492,272,46
2012,5,29,16,0,434,367,232,45
2012,5,29,17,0,221,148,169,43
2012,5,29,18,0,39,0,39,41
2012,5,29,19,0,0,0,0,39
2012,5,29,20,0,0,0,0,38
2012,5,29,21,0,0,0,0,37
2012,5,29,22,0,0,0,0,36
2012,5,29,23,0,0,0,0,35
2012,5,30,0,0,0,0,0,34
2012,5,30,1,0,0,0,0,34
2012,5,30,2,0,0,0,0,33
2012,5,30,3,0,0,0,0,32
2012,5,30,4,0,0,0,0,31
2012,5,30,5,0,0,0,0,32
2012,5,30,6,0,102,39,93,34
2012,5,30,7,0,308,251,200,38
2012,5,30,8,0,511,416,253,43
2012,5,30,9,0,697,522,288,46
2012,5,30,10,0,842,579,319,48
2012,5,30,11,0,930,608,337,49
2012,5,30,12,0,951,614,341,49
2012,5,30,13,0,904,599,332,49
2012,5,30,14,0,793,554,315,48
2012,5,30,15,0,630,492,273,47
2012,5,30,16,0,435,368,232,46
2012,5,30,17,0,227,175,165,44
2012,5,30,18,0,44,0,44,41
2012,5,30,19,0,0,0,0,39
2012,5,30,20,0,0,0,0,38
2012,5,30,21,0,0,0,0,37
2012,5,30,22,0,0,0,0,37
2012,5,30,23,0,0,0,0,36
2012,5,31,0,0,0,0,0,35
2012,5,31,1,0,0,0,0,34
2012,5,31,2,0,0,0,0,33
2012,5,31,3,0,0,0,0,32
2012,5,31,4,0,0,0,0,32
2012,5,31,5,0,0,0,0,32
2012,5,31,6,0,89,21,84,35
2012,5,31,7,0,295,216,202,39
2012,5,31,8,0,512,416,253,43
2012,5,31,9,0,697,522,288,46
2012,5,31,10,0,839,578,316,48
2012,5,31,11,0,930,608,337,49
2012,5,31,12,0,945,607,342,50
2012,5,31,13,0,904,599,332,50
2012,5,31,14,0,793,554,314,49
2012,5,31,15,0,631,492,273,48
2012,5,31,16,0,436,369,232,46
2012,5,31,17,0,213,140,163,44
2012,5,31,18,0,42,0,42,42
2012,5,31,19,0,0,0,0,40
2012,5,31,20,0,0,0,0,39
2012,5,31,21,0,0,0,0,39
2012,5,31,22,0,0,0,0,38
2012,5,31,23,0,0,0,0,37
2012,6,1,0,0,0,0,0,36
2012,6,1,1,0,0,0,0,35
2012,6,1,2,0,0,0,0,35
2012,6,1,3,0,0,0,0,34
2012,6,1,4,0,0,0,0,33
2012,6,1,5,0,0,0,0,33
2012,6,1,6,0,55,0,55,36
2012,6,1,7,0,244,113,195,40
2012,6,1,8,0,450,281,275,43
2012,6,1,9,0,599,309,357,46
2012,6,1,10,0,754,439,357,48
2012,6,1,11,0,863,523,353,49
2012,6,1,12,0,894,530,367,50
2012,6,1,13,0,853,515,361,49
2012,6,1,14,0,745,475,334,49
2012,6,1,15,0,587,405,292,48
2012,6,1,16,0,400,287,241,46
2012,6,1,17,0,197,105,159,44
2012,6,1,18,0,36,0,36,42
2012,6,1,19,0,0,0,0,40
2012,6,1,20,0,0,0,0,39
2012,6,1,21,0,0,0,0,38
2012,6,1,22,0,0,0,0,38
2012,6,1,23,0,0,0,0,37
2012,6,2,0,0,0,0,0,36
2012,6,2,1,0,0,0,0,36
2012,6,2,2,0,0,0,0,35
2012,6,2,3,0,0,0,0,34
2012,6,2,4,0,0,0,0,33
2012,6,2,5,0,0,0,0,34
2012,6,2,6,0,80,9,78,36
2012,6,2,7,0,272,154,205,40
2012,6,2,8,0,462,308,270,44
2012,6,2,9,0,640,408,320,46
2012,6,2,10,0,782,482,346,48
2012,6,2,11,0,869,523,358,49
2012,6,2,12,0,889,530,362,50
2012,6,2,13,0,842,515,350,50
2012,6,2,14,0,662,303,399,49
2012,6,2,15,0,547,266,353,48
2012,6,2,16,0,101,0,101,46
2012,6,2,17,0,72,0,72,44
2012,6,2,18,0,37,0,37,42
2012,6,2,19,0,0,0,0,40
2012,6,2,20,0,0,0,0,40
2012,6,2,21,0,0,0,0,39
2012,6,2,22,0,0,0,0,38
2012,6,2,23,0,0,0,0,38
2012,6,3,0,0,0,0,0,38
2012,6,3,1,0,0,0,0,37
2012,6,3,2,0,0,0,0,36
2012,6,3,3,0,0,0,0,36
2012,6,3,4,0,0,0,0,35
2012,6,3,5,0,0,0,0,35
2012,6,3,6,0,66,0,66,36
2012,6,3,7,0,223,70,192,38
2012,6,3,8,0,457,281,282,41
2012,6,3,9,0,593,298,359,44
2012,6,3,10,0,760,448,355,46
2012,6,3,11,0,816,480,347,48
2012,6,3,12,0,889,530,362,48
2012,6,3,13,0,849,515,356,48
2012,6,3,14,0,742,459,344,47
2012,6,3,15,0,399,85,337,46
2012,6,3,16,0,275,61,241,45
2012,6,3,17,0,43,0,43,43
2012,6,3,18,0,10,0,10,41
2012,6,3,19,0,0,0,0,39
2012,6,3,20,0,0,0,0,39
2012,6,3,21,0,0,0,0,38
2012,6,3,22,0,0,0,0,37
2012,6,3,23,0,0,0,0,37
2012,6,4,0,0,0,0,0,36
2012,6,4,1,0,0,0,0,36
2012,6,4,2,0,0,0,0,35
2012,6,4,3,0,0,0,0,35
2012,6,4,4,0,0,0,0,34
2012,6,4,5,0,0,0,0,34
2012,6,4,6,0,81,9,79,35
2012,6,4,7,0,278,166,206,38
2012,6,4,8,0,471,331,265,40
2012,6,4,9,0,650,434,310,43
2012,6,4,10,0,781,482,345,45
2012,6,4,11,0,874,523,363,47
2012,6,4,12,0,895,530,368,48
2012,6,4,13,0,849,515,356,48
2012,6,4,14,0,746,475,334,47
2012,6,4,15,0,590,393,303,46
2012,6,4,16,0,395,244,259,45
2012,6,4,17,0,192,90,159,43
2012,6,4,18,0,30,0,30,41
2012,6,4,19,0,0,0,0,40
2012,6,4,20,0,0,0,0,39
2012,6,4,21,0,0,0,0,38
2012,6,4,22,0,0,0,0,37
2012,6,4,23,0,0,0,0,37
2012,6,5,0,0,0,0,0,36
2012,6,5,1,0,0,0,0,35
2012,6,5,2,0,0,0,0,35
2012,6,5,3,0,0,0,0,34
2012,6,5,4,0,0,0,0,33
2012,6,5,5,0,0,0,0,34
2012,6,5,6,0,81,9,79,36
2012,6,5,7,0,262,133,204,40
2012,6,5,8,0,462,309,270,44
2012,6,5,9,0,640,409,319,46
2012,6,5,10,0,776,475,346,48
2012,6,5,11,0,864,523,353,49
2012,6,5,12,0,884,530,357,50
2012,6,5,13,0,838,480,378,49
2012,6,5,14,0,336,29,310,49
2012,6,5,15,0,104,0,104,47
2012,6,5,16,0,164,1,163,45
2012,6,5,17,0,96,0,96,43
2012,6,5,18,0,9,0,9,41
2012,6,5,19,0,0,0,0,40
2012,6,5,20,0,0,0,0,39
2012,6,5,21,0,0,0,0,38
2012,6,5,22,0,0,0,0,37
2012,6,5,23,0,0,0,0,36
2012,6,6,0,0,0,0,0,36
2012,6,6,1,0,0,0,0,35
2012,6,6,2,0,0,0,0,34
2012,6,6,3,0,0,0,0,33
2012,6,6,4,0,0,0,0,32
2012,6,6,5,0,0,0,0,33
2012,6,6,6,0,104,29,97,36
2012,6,6,7,0,239,94,198,40
2012,6,6,8,0,471,315,275,44
2012,6,6,9,0,628,372,336,46
2012,6,6,10,0,790,492,345,48
2012,6,6,11,0,877,523,366,49
2012,6,6,12,0,899,530,372,50
2012,6,6,13,0,854,515,361,49
2012,6,6,14,0,748,476,335,48
2012,6,6,15,0,592,407,294,47
2012,6,6,16,0,406,265,258,44
2012,6,6,17,0,166,45,149,42
2012,6,6,18,0,12,0,12,40
2012,6,6,19,0,0,0,0,39
2012,6,6,20,0,0,0,0,38
2012,6,6,21,0,0,0,0,36
2012,6,6,22,0,0,0,0,35
2012,6,6,23,0,0,0,0,35
2012,6,7,0,0,0,0,0,34
2012,6,7,1,0,0,0,0,34
2012,6,7,2,0,0,0,0,33
2012,6,7,3,0,0,0,0,33
2012,6,7,4,0,0,0,0,32
2012,6,7,5,0,0,0,0,33
2012,6,7,6,0,38,0,38,34
2012,6,7,7,0,197,32,183,38
2012,6,7,8,0,271,28,253,40
2012,6,7,9,0,554,245,362,42
2012,6,7,10,0,742,413,368,43
2012,6,7,11,0,763,321,449,44
2012,6,7,12,0,254,26,228,45
2012,6,7,13,0,775,372,418,46
2012,6,7,14,0,632,286,383,45
2012,6,7,15,0,160,5,156,44
2012,6,7,16,0,363,180,262,42
2012,6,7,17,0,196,85,165,40
2012,6,7,18,0,36,0,36,38
2012,6,7,19,0,0,0,0,37
2012,6,7,20,0,0,0,0,36
2012,6,7,21,0,0,0,0,36
2012,6,7,22,0,0,0,0,35
2012,6,7,23,0,0,0,0,34
2012,6,8,0,0,0,0,0,34
2012,6,8,1,0,0,0,0,33
2012,6,8,2,0,0,0,0,33
2012,6,8,3,0,0,0,0,32
2012,6,8,4,0,0,0,0,32
2012,6,8,5,0,0,0,0,32
2012,6,8,6,0,74,0,74,36
2012,6,8,7,0,267,144,205,39
2012,6,8,8,0,467,323,266,40
2012,6,8,9,0,645,425,312,39
2012,6,8,10,0,786,490,343,40
2012,6,8,11,0,874,522,364,42
2012,6,8,12,0,899,530,372,43
2012,6,8,13,0,855,515,361,45
2012,6,8,14,0,749,467,343,44
2012,6,8,15,0,495,195,352,43
2012,6,8,16,0,408,267,258,42
2012,6,8,17,0,207,105,168,40
2012,6,8,18,0,45,0,45,38
2012,6,8,19,0,0,0,0,37
2012,6,8,20,0,0,0,0,36
2012,6,8,21,0,0,0,0,35
2012,6,8,22,0,0,0,0,35
2012,6,8,23,0,0,0,0,34
2012,6,9,0,0,0,0,0,34
2012,6,9,1,0,0,0,0,33
2012,6,9,2,0,0,0,0,32
2012,6,9,3,0,0,0,0,32
2012,6,9,4,0,0,0,0,31
2012,6,9,5,0,0,0,0,32
2012,6,9,6,0,81,10,78,34
2012,6,9,7,0,278,166,206,38
2012,6,9,8,0,470,330,265,41
2012,6,9,9,0,649,434,309,44
2012,6,9,10,0,790,492,345,46
2012,6,9,11,0,876,522,366,47
2012,6,9,12,0,899,530,371,47
2012,6,9,13,0,855,515,361,47
2012,6,9,14,0,749,476,335,46
2012,6,9,15,0,523,221,360,45
2012,6,9,16,0,396,271,243,43
2012,6,9,17,0,218,125,172,41
2012,6,9,18,0,43,0,43,39
2012,6,9,19,0,0,0,0,38
2012,6,9,20,0,0,0,0,37
2012,6,9,21,0,0,0,0,36
2012,6,9,22,0,0,0,0,36
2012,6,9,23,0,0,0,0,35
2012,6,10,0,0,0,0,0,35
2012,6,10,1,0,0,0,0,35
2012,6,10,2,0,0,0,0,34
2012,6,10,3,0,0,0,0,34
2012,6,10,4,0,0,0,0,33
2012,6,10,5,0,0,0,0,32
2012,6,10,6,0,78,5,76,33
2012,6,10,7,0,267,144,205,34
2012,6,10,8,0,467,323,266,37
2012,6,10,9,0,644,426,310,42
2012,6,10,10,0,781,483,344,44
2012,6,10,11,0,869,522,359,45
2012,6,10,12,0,891,530,363,46
2012,6,10,13,0,847,515,353,46
2012,6,10,14,0,723,432,347,46
2012,6,10,15,0,583,344,330,45
2012,6,10,16,0,325,103,267,43
2012,6,10,17,0,200,89,167,42
2012,6,10,18,0,41,0,41,40
2012,6,10,19,0,0,0,0,39
2012,6,10,20,0,0,0,0,38
2012,6,10,21,0,0,0,0,37
2012,6,10,22,0,0,0,0,37
2012,6,10,23,0,0,0,0,36
2012,6,11,0,0,0,0,0,36
2012,6,11,1,0,0,0,0,35
2012,6,11,2,0,0,0,0,35
2012,6,11,3,0,0,0,0,34
2012,6,11,4,0,0,0,0,33
2012,6,11,5,0,0,0,0,33
2012,6,11,6,0,89,18,85,36
2012,6,11,7,0,272,155,205,40
2012,6,11,8,0,470,330,265,43
2012,6,11,9,0,639,410,318,45
2012,6,11,10,0,775,475,346,47
2012,6,11,11,0,864,522,354,48
2012,6,11,12,0,892,530,364,48
2012,6,11,13,0,848,515,354,48
2012,6,11,14,0,561,178,406,47
2012,6,11,15,0,596,377,318,46
2012,6,11,16,0,410,293,244,44
2012,6,11,17,0,211,109,171,42
2012,6,11,18,0,45,0,45,40
2012,6,11,19,0,0,0,0,38
2012,6,11,20,0,0,0,0,37
2012,6,11,21,0,0,0,0,37
2012,6,11,22,0,0,0,0,36
2012,6,11,23,0,0,0,0,35
2012,6,12,0,0,0,0,0,34
2012,6,12,1,0,0,0,0,34
2012,6,12,2,0,0,0,0,33
2012,6,12,3,0,0,0,0,33
2012,6,12,4,0,0,0,0,32
2012,6,12,5,0,0,0,0,33
2012,6,12,6,0,85,15,81,35
2012,6,12,7,0,277,184,198,39
2012,6,12,8,0,285,59,248,42
2012,6,12,9,0,647,405,330,45
2012,6,12,10,0,519,112,417,46
2012,6,12,11,0,743,321,429,48
2012,6,12,12,0,804,409,397,48
2012,6,12,13,0,701,299,414,48
2012,6,12,14,0,750,477,334,47
2012,6,12,15,0,596,377,318,46
2012,6,12,16,0,358,125,287,45
2012,6,12,17,0,213,110,172,43
2012,6,12,18,0,46,0,46,41
2012,6,12,19,0,0,0,0,39
2012,6,12,20,0,0,0,0,38
2012,6,12,21,0,0,0,0,38
2012,6,12,22,0,0,0,0,37
2012,6,12,23,0,0,0,0,36
2012,6,13,0,0,0,0,0,36
2012,6,13,1,0,0,0,0,35
2012,6,13,2,0,0,0,0,34
2012,6,13,3,0,0,0,0,34
2012,6,13,4,0,0,0,0,33
2012,6,13,5,0,0,0,0,33
2012,6,13,6,0,41,0,41,36
2012,6,13,7,0,277,185,197,40
2012,6,13,8,0,469,329,265,43
2012,6,13,9,0,647,433,308,46
2012,6,13,10,0,710,338,404,45
2012,6,13,11,0,864,522,354,45
2012,6,13,12,0,831,476,357,45
2012,6,13,13,0,856,515,361,46
2012,6,13,14,0,751,477,335,46
2012,6,13,15,0,597,409,295,44
2012,6,13,16,0,412,294,245,43
2012,6,13,17,0,219,134,169,41
2012,6,13,18,0,41,0,41,39
2012,6,13,19,0,0,0,0,38
2012,6,13,20,0,0,0,0,37
2012,6,13,21,0,0,0,0,36
2012,6,13,22,0,0,0,0,35
2012,6,13,23,0,0,0,0,34
2012,6,14,0,0,0,0,0,34
2012,6,14,1,0,0,0,0,33
2012,6,14,2,0,0,0,0,33
2012,6,14,3,0,0,0,0,32
2012,6,14,4,0,0,0,0,32
2012,6,14,5,0,0,0,0,32
2012,6,14,6,0,46,0,46,35
2012,6,14,7,0,221,70,191,38
2012,6,14,8,0,364,126,286,41
2012,6,14,9,0,646,424,314,43
2012,6,14,10,0,788,491,344,46
2012,6,14,11,0,875,522,365,47
2012,6,14,12,0,903,529,376,48
2012,6,14,13,0,674,256,428,48
2012,6,14,14,0,700,368,379,47
2012,6,14,15,0,598,378,319,46
2012,6,14,16,0,342,123,272,44
2012,6,14,17,0,215,113,173,43
2012,6,14,18,0,47,0,47,41
2012,6,14,19,0,0,0,0,40
2012,6,14,20,0,0,0,0,39
2012,6,14,21,0,0,0,0,39
2012,6,14,22,0,0,0,0,38
2012,6,14,23,0,0,0,0,37
2012,6,15,0,0,0,0,0,36
2012,6,15,1,0,0,0,0,35
2012,6,15,2,0,0,0,0,35
2012,6,15,3,0,0,0,0,34
2012,6,15,4,0,0,0,0,34
2012,6,15,5,0,0,0,0,34
2012,6,15,6,0,80,9,78,36
2012,6,15,7,0,270,154,204,39
2012,6,15,8,0,468,329,264,42
2012,6,15,9,0,661,431,324,45
2012,6,15,10,0,796,489,355,47
2012,6,15,11,0,879,520,371,48
2012,6,15,12,0,902,528,376,48
2012,6,15,13,0,863,514,368,48
2012,6,15,14,0,752,477,335,48
2012,6,15,15,0,598,410,295,46
2012,6,15,16,0,414,295,246,44
2012,6,15,17,0,216,114,173,42
2012,6,15,18,0,57,7,55,40
2012,6,15,19,0,0,0,0,39
2012,6,15,20,0,0,0,0,38
2012,6,15,21,0,0,0,0,37
2012,6,15,22,0,0,0,0,37
2012,6,15,23,0,0,0,0,36
2012,6,16,0,0,0,0,0,35
2012,6,16,1,0,0,0,0,35
2012,6,16,2,0,0,0,0,34
2012,6,16,3,0,0,0,0,34
2012,6,16,4,0,0,0,0,33
2012,6,16,5,0,0,0,0,33
2012,6,16,6,0,65,0,65,34
2012,6,16,7,0,264,158,196,36
2012,6,16,8,0,467,328,264,38
2012,6,16,9,0,659,430,324,41
2012,6,16,10,0,796,489,355,43
2012,6,16,11,0,875,521,366,44
2012,6,16,12,0,899,529,372,45
2012,6,16,13,0,857,515,362,46
2012,6,16,14,0,753,477,336,46
2012,6,16,15,0,597,404,298,45
2012,6,16,16,0,415,296,246,44
2012,6,16,17,0,217,115,174,42
2012,6,16,18,0,49,0,49,40
2012,6,16,19,0,0,0,0,39
2012,6,16,20,0,0,0,0,38
2012,6,16,21,0,0,0,0,37
2012,6,16,22,0,0,0,0,36
2012,6,16,23,0,0,0,0,35
2012,6,17,0,0,0,0,0,34
2012,6,17,1,0,0,0,0,33
2012,6,17,2,0,0,0,0,33
2012,6,17,3,0,0,0,0,32
2012,6,17,4,0,0,0,0,32
2012,6,17,5,0,0,0,0,32
2012,6,17,6,0,87,18,83,34
2012,6,17,7,0,275,166,204,36
2012,6,17,8,0,466,328,263,39
2012,6,17,9,0,658,430,323,42
2012,6,17,10,0,793,487,354,44
2012,6,17,11,0,877,519,370,46
2012,6,17,12,0,901,527,375,48
2012,6,17,13,0,862,514,368,49
2012,6,17,14,0,753,477,336,48
2012,6,17,15,0,591,382,308,47
2012,6,17,16,0,415,296,246,45
2012,6,17,17,0,223,126,176,44
2012,6,17,18,0,46,0,46,42
2012,6,17,19,0,0,0,0,41
2012,6,17,20,0,0,0,0,40
2012,6,17,21,0,0,0,0,39
2012,6,17,22,0,0,0,0,38
2012,6,17,23,0,0,0,0,37
2012,6,18,0,0,0,0,0,36
2012,6,18,1,0,0,0,0,35
2012,6,18,2,0,0,0,0,35
2012,6,18,3,0,0,0,0,34
2012,6,18,4,0,0,0,0,33
2012,6,18,5,0,0,0,0,34
2012,6,18,6,0,68,0,68,36
2012,6,18,7,0,85,0,85,40
2012,6,18,8,0,172,5,168,43
2012,6,18,9,0,525,223,351,46
2012,6,18,10,0,682,284,426,48
2012,6,18,11,0,476,91,387,48
2012,6,18,12,0,694,249,446,48
2012,6,18,13,0,834,472,380,48
2012,6,18,14,0,405,54,357,46
2012,6,18,15,0,270,10,262,43
2012,6,18,16,0,150,0,150,42
2012,6,18,17,0,65,0,65,41
2012,6,18,18,0,30,0,30,40
2012,6,18,19,0,0,0,0,39
2012,6,18,20,0,0,0,0,38
2012,6,18,21,0,0,0,0,37
2012,6,18,22,0,0,0,0,37
2012,6,18,23,0,0,0,0,36
2012,6,19,0,0,0,0,0,35
2012,6,19,1,0,0,0,0,34
2012,6,19,2,0,0,0,0,34
2012,6,19,3,0,0,0,0,33
2012,6,19,4,0,0,0,0,33
2012,6,19,5,0,0,0,0,33
2012,6,19,6,0,82,13,79,34
2012,6,19,7,0,273,163,203,36
2012,6,19,8,0,432,252,276,38
2012,6,19,9,0,564,257,363,42
2012,6,19,10,0,795,489,355,45
2012,6,19,11,0,874,521,366,47
2012,6,19,12,0,899,529,372,47
2012,6,19,13,0,857,515,362,47
2012,6,19,14,0,754,478,336,47
2012,6,19,15,0,601,398,306,46
2012,6,19,16,0,366,156,277,45
2012,6,19,17,0,176,46,158,43
2012,6,19,18,0,48,0,48,41
2012,6,19,19,0,0,0,0,40
2012,6,19,20,0,0,0,0,40
2012,6,19,21,0,0,0,0,39
2012,6,19,22,0,0,0,0,38
2012,6,19,23,0,0,0,0,37
2012,6,20,0,0,0,0,0,36
2012,6,20,1,0,0,0,0,35
2012,6,20,2,0,0,0,0,34
2012,6,20,3,0,0,0,0,33
2012,6,20,4,0,0,0,0,32
2012,6,20,5,0,0,0,0,33
2012,6,20,6,0,78,7,76,36
2012,6,20,7,0,272,163,202,40
2012,6,20,8,0,464,327,262,44
2012,6,20,9,0,643,431,307,46
2012,6,20,10,0,785,490,343,48
2012,6,20,11,0,874,521,366,49
2012,6,20,12,0,899,529,372,49
2012,6,20,13,0,857,515,361,49
2012,6,20,14,0,754,478,335,48
2012,6,20,15,0,601,411,296,47
2012,6,20,16,0,417,297,247,45
2012,6,20,17,0,221,119,176,44
2012,6,20,18,0,51,0,51,42
2012,6,20,19,0,0,0,0,41
2012,6,20,20,0,0,0,0,40
2012,6,20,21,0,0,0,0,39
2012,6,20,22,0,0,0,0,38
2012,6,20,23,0,0,0,0,37
2012,6,21,0,0,0,0,0,37
2012,6,21,1,0,0,0,0,36
2012,6,21,2,0,0,0,0,35
2012,6,21,3,0,0,0,0,35
2012,6,21,4,0,0,0,0,34
2012,6,21,5,0,0,0,0,34
2012,6,21,6,0,81,12,78,37
2012,6,21,7,0,272,164,202,39
2012,6,21,8,0,464,326,263,42
2012,6,21,9,0,642,430,307,45
2012,6,21,10,0,783,489,342,47
2012,6,21,11,0,873,521,365,48
2012,6,21,12,0,894,529,367,49
2012,6,21,13,0,858,516,361,49
2012,6,21,14,0,755,478,336,48
2012,6,21,15,0,602,412,296,47
2012,6,21,16,0,418,298,247,45
2012,6,21,17,0,222,120,177,44
2012,6,21,18,0,46,0,46,42
2012,6,21,19,0,0,0,0,41
2012,6,21,20,0,0,0,0,40
2012,6,21,21,0,0,0,0,39
2012,6,21,22,0,0,0,0,38
2012,6,21,23,0,0,0,0,38
2012,6,22,0,0,0,0,0,37
2012,6,22,1,0,0,0,0,36
2012,6,22,2,0,0,0,0,36
2012,6,22,3,0,0,0,0,35
2012,6,22,4,0,0,0,0,34
2012,6,22,5,0,0,0,0,34
2012,6,22,6,0,84,11,81,37
2012,6,22,7,0,255,128,200,40
2012,6,22,8,0,455,306,267,43
2012,6,22,9,0,611,347,341,46
2012,6,22,10,0,782,489,341,48
2012,6,22,11,0,869,521,361,49
2012,6,22,12,0,889,529,362,50
2012,6,22,13,0,865,515,369,50
2012,6,22,14,0,747,468,337,50
2012,6,22,15,0,584,359,317,49
2012,6,22,16,0,418,295,249,47
2012,6,22,17,0,208,104,168,45
2012,6,22,18,0,38,0,38,43
2012,6,22,19,0,0,0,0,42
2012,6,22,20,0,0,0,0,41
2012,6,22,21,0,0,0,0,40
2012,6,22,22,0,0,0,0,39
2012,6,22,23,0,0,0,0,38
2012,6,23,0,0,0,0,0,37
2012,6,23,1,0,0,0,0,36
2012,6,23,2,0,0,0,0,35
2012,6,23,3,0,0,0,0,35
2012,6,23,4,0,0,0,0,34
2012,6,23,5,0,0,0,0,35
2012,6,23,6,0,80,7,78,37
2012,6,23,7,0,248,118,198,40
2012,6,23,8,0,460,320,263,43
2012,6,23,9,0,638,426,307,45
2012,6,23,10,0,777,483,342,47
2012,6,23,11,0,873,517,369,48
2012,6,23,12,0,898,526,374,49
2012,6,23,13,0,860,512,367,48
2012,6,23,14,0,747,472,333,45
2012,6,23,15,0,565,318,328,44
2012,6,23,16,0,419,299,247,42
2012,6,23,17,0,219,113,176,41
2012,6,23,18,0,47,0,47,40
2012,6,23,19,0,0,0,0,39
2012,6,23,20,0,0,0,0,38
2012,6,23,21,0,0,0,0,38
2012,6,23,22,0,0,0,0,37
2012,6,23,23,0,0,0,0,37
2012,6,24,0,0,0,0,0,37
2012,6,24,1,0,0,0,0,36
2012,6,24,2,0,0,0,0,35
2012,6,24,3,0,0,0,0,35
2012,6,24,4,0,0,0,0,34
2012,6,24,5,0,0,0,0,34
2012,6,24,6,0,68,0,68,37
2012,6,24,7,0,258,138,199,39
2012,6,24,8,0,453,306,265,42
2012,6,24,9,0,632,410,313,44
2012,6,24,10,0,772,476,344,45
2012,6,24,11,0,876,518,370,47
2012,6,24,12,0,899,527,375,47
2012,6,24,13,0,819,504,334,47
2012,6,24,14,0,716,404,362,46
2012,6,24,15,0,552,292,334,45
2012,6,24,16,0,420,298,249,44
2012,6,24,17,0,215,104,175,42
2012,6,24,18,0,47,0,47,40
2012,6,24,19,0,0,0,0,39
2012,6,24,20,0,0,0,0,39
2012,6,24,21,0,0,0,0,38
2012,6,24,22,0,0,0,0,37
2012,6,24,23,0,0,0,0,37
2012,6,25,0,0,0,0,0,36
2012,6,25,1,0,0,0,0,36
2012,6,25,2,0,0,0,0,35
2012,6,25,3,0,0,0,0,35
2012,6,25,4,0,0,0,0,34
2012,6,25,5,0,0,0,0,34
2012,6,25,6,0,75,5,73,37
2012,6,25,7,0,263,148,200,39
2012,6,25,8,0,461,324,262,42
2012,6,25,9,0,637,425,307,44
2012,6,25,10,0,777,483,342,46
2012,6,25,11,0,869,520,362,47
2012,6,25,12,0,895,529,368,48
2012,6,25,13,0,850,516,353,48
2012,6,25,14,0,755,478,336,48
2012,6,25,15,0,593,361,324,46
2012,6,25,16,0,414,285,250,45
2012,6,25,17,0,211,96,174,43
2012,6,25,18,0,48,0,48,41
2012,6,25,19,0,0,0,0,40
2012,6,25,20,0,0,0,0,39
2012,6,25,21,0,0,0,0,38
2012,6,25,22,0,0,0,0,37
2012,6,25,23,0,0,0,0,37
2012,6,26,0,0,0,0,0,36
2012,6,26,1,0,0,0,0,35
2012,6,26,2,0,0,0,0,35
2012,6,26,3,0,0,0,0,34
2012,6,26,4,0,0,0,0,34
2012,6,26,5,0,0,0,0,34
2012,6,26,6,0,70,0,70,36
2012,6,26,7,0,235,96,194,38
2012,6,26,8,0,429,252,274,40
2012,6,26,9,0,609,350,337,41
2012,6,26,10,0,749,439,354,43
2012,6,26,11,0,847,520,340,45
2012,6,26,12,0,879,529,352,45
2012,6,26,13,0,839,516,342,45
2012,6,26,14,0,737,450,342,44
2012,6,26,15,0,594,364,323,43
2012,6,26,16,0,403,246,261,42
2012,6,26,17,0,167,38,152,40
2012,6,26,18,0,42,0,42,39
2012,6,26,19,0,0,0,0,38
2012,6,26,20,0,0,0,0,37
2012,6,26,21,0,0,0,0,36
2012,6,26,22,0,0,0,0,36
2012,6,26,23,0,0,0,0,35
2012,6,27,0,0,0,0,0,35
2012,6,27,1,0,0,0,0,35
2012,6,27,2,0,0,0,0,34
2012,6,27,3,0,0,0,0,34
2012,6,27,4,0,0,0,0,33
2012,6,27,5,0,0,0,0,34
2012,6,27,6,0,69,0,69,34
2012,6,27,7,0,234,96,193,35
2012,6,27,8,0,416,207,289,37
2012,6,27,9,0,590,311,349,40
2012,6,27,10,0,725,381,382,41
2012,6,27,11,0,829,507,335,44
2012,6,27,12,0,902,528,376,46
2012,6,27,13,0,839,516,342,46
2012,6,27,14,0,705,360,389,46
2012,6,27,15,0,435,116,348,45
2012,6,27,16,0,131,0,131,43
2012,6,27,17,0,202,89,168,41
2012,6,27,18,0,48,0,48,39
2012,6,27,19,0,0,0,0,38
2012,6,27,20,0,0,0,0,37
2012,6,27,21,0,0,0,0,36
2012,6,27,22,0,0,0,0,35
2012,6,27,23,0,0,0,0,35
2012,6,28,0,0,0,0,0,34
2012,6,28,1,0,0,0,0,34
2012,6,28,2,0,0,0,0,33
2012,6,28,3,0,0,0,0,33
2012,6,28,4,0,0,0,0,33
2012,6,28,5,0,0,0,0,33
2012,6,28,6,0,65,0,65,36
2012,6,28,7,0,244,114,196,40
2012,6,28,8,0,450,304,264,43
2012,6,28,9,0,625,392,321,45
2012,6,28,10,0,765,468,345,46
2012,6,28,11,0,853,520,347,47
2012,6,28,12,0,885,529,358,48
2012,6,28,13,0,760,366,407,48
2012,6,28,14,0,636,260,407,47
2012,6,28,15,0,393,72,339,46
2012,6,28,16,0,380,204,262,44
2012,6,28,17,0,208,89,174,42
2012,6,28,18,0,48,0,48,40
2012,6,28,19,0,0,0,0,39
2012,6,28,20,0,0,0,0,38
2012,6,28,21,0,0,0,0,37
2012,6,28,22,0,0,0,0,36
2012,6,28,23,0,0,0,0,35
2012,6,29,0,0,0,0,0,35
2012,6,29,1,0,0,0,0,34
2012,6,29,2,0,0,0,0,33
2012,6,29,3,0,0,0,0,33
2012,6,29,4,0,0,0,0,32
2012,6,29,5,0,0,0,0,33
2012,6,29,6,0,75,8,73,36
2012,6,29,7,0,259,145,198,40
2012,6,29,8,0,457,322,260,43
2012,6,29,9,0,636,428,305,44
2012,6,29,10,0,780,488,342,46
2012,6,29,11,0,868,520,362,46
2012,6,29,12,0,896,529,369,46
2012,6,29,13,0,852,516,355,46
2012,6,29,14,0,726,430,348,46
2012,6,29,15,0,536,223,369,45
2012,6,29,16,0,76,0,76,44
2012,6,29,17,0,168,39,153,42
2012,6,29,18,0,27,0,27,40
2012,6,29,19,0,0,0,0,39
2012,6,29,20,0,0,0,0,38
2012,6,29,21,0,0,0,0,37
2012,6,29,22,0,0,0,0,36
2012,6,29,23,0,0,0,0,36
2012,6,30,0,0,0,0,0,35
2012,6,30,1,0,0,0,0,34
2012,6,30,2,0,0,0,0,34
2012,6,30,3,0,0,0,0,33
2012,6,30,4,0,0,0,0,33
2012,6,30,5,0,0,0,0,34
2012,6,30,6,0,71,2,70,35
2012,6,30,7,0,263,155,198,38
2012,6,30,8,0,456,322,260,40
2012,6,30,9,0,636,427,306,42
2012,6,30,10,0,780,487,343,45
2012,6,30,11,0,870,520,364,46
2012,6,30,12,0,898,529,371,47
2012,6,30,13,0,859,516,362,48
2012,6,30,14,0,758,479,337,47
2012,6,30,15,0,606,413,297,46
2012,6,30,16,0,422,301,248,45
2012,6,30,17,0,218,108,177,43
2012,6,30,18,0,52,0,52,41
2012,6,30,19,0,0,0,0,39
2012,6,30,20,0,0,0,0,39
2012,6,30,21,0,0,0,0,38
2012,6,30,22,0,0,0,0,37
2012,6,30,23,0,0,0,0,37
2012,7,1,0,0,0,0,0,36
2012,7,1,1,0,0,0,0,35
2012,7,1,2,0,0,0,0,35
2012,7,1,3,0,0,0,0,34
2012,7,1,4,0,0,0,0,34
2012,7,1,5,0,0,0,0,34
2012,7,1,6,0,67,0,67,37
2012,7,1,7,0,241,125,189,41
2012,7,1,8,0,429,282,257,44
2012,7,1,9,0,619,425,291,46
2012,7,1,10,0,759,484,325,48
2012,7,1,11,0,851,517,348,49
2012,7,1,12,0,878,526,354,50
2012,7,1,13,0,840,513,346,50
2012,7,1,14,0,716,423,344,49
2012,7,1,15,0,592,412,284,48
2012,7,1,16,0,397,263,245,46
2012,7,1,17,0,213,108,172,44
2012,7,1,18,0,55,0,55,42
2012,7,1,19,0,0,0,0,41
2012,7,1,20,0,0,0,0,40
2012,7,1,21,0,0,0,0,39
2012,7,1,22,0,0,0,0,39
2012,7,1,23,0,0,0,0,38
2012,7,2,0,0,0,0,0,38
2012,7,2,1,0,0,0,0,37
2012,7,2,2,0,0,0,0,36
2012,7,2,3,0,0,0,0,36
2012,7,2,4,0,0,0,0,35
2012,7,2,5,0,0,0,0,35
2012,7,2,6,0,66,0,66,37
2012,7,2,7,0,245,134,189,40
2012,7,2,8,0,443,319,249,43
2012,7,2,9,0,619,425,291,46
2012,7,2,10,0,759,484,325,48
2012,7,2,11,0,851,517,348,49
2012,7,2,12,0,818,473,347,50
2012,7,2,13,0,840,513,345,51
2012,7,2,14,0,741,477,322,50
2012,7,2,15,0,592,412,284,49
2012,7,2,16,0,413,287,247,48
2012,7,2,17,0,200,92,165,46
2012,7,2,18,0,21,0,21,44
2012,7,2,19,0,0,0,0,42
2012,7,2,20,0,0,0,0,41
2012,7,2,21,0,0,0,0,40
2012,7,2,22,0,0,0,0,39
2012,7,2,23,0,0,0,0,38
2012,7,3,0,0,0,0,0,37
2012,7,3,1,0,0,0,0,36
2012,7,3,2,0,0,0,0,35
2012,7,3,3,0,0,0,0,34
2012,7,3,4,0,0,0,0,34
2012,7,3,5,0,0,0,0,34
2012,7,3,6,0,69,1,68,35
2012,7,3,7,0,224,95,184,37
2012,7,3,8,0,437,292,260,38
2012,7,3,9,0,609,399,301,39
2012,7,3,10,0,745,461,332,40
2012,7,3,11,0,695,282,421,40
2012,7,3,12,0,659,209,451,41
2012,7,3,13,0,597,122,479,42
2012,7,3,14,0,514,117,411,43
2012,7,3,15,0,327,24,309,42
2012,7,3,16,0,266,31,248,41
2012,7,3,17,0,195,75,166,40
2012,7,3,18,0,49,0,49,39
2012,7,3,19,0,0,0,0,38
2012,7,3,20,0,0,0,0,37
2012,7,3,21,0,0,0,0,36
2012,7,3,22,0,0,0,0,35
2012,7,3,23,0,0,0,0,35
2012,7,4,0,0,0,0,0,34
2012,7,4,1,0,0,0,0,33
2012,7,4,2,0,0,0,0,33
2012,7,4,3,0,0,0,0,33
2012,7,4,4,0,0,0,0,32
2012,7,4,5,0,0,0,0,33
2012,7,4,6,0,64,0,64,33
2012,7,4,7,0,238,122,187,34
2012,7,4,8,0,431,293,253,36
2012,7,4,9,0,604,388,305,36
2012,7,4,10,0,744,458,334,35
2012,7,4,11,0,861,510,365,35
2012,7,4,12,0,887,520,370,35
2012,7,4,13,0,852,508,363,35
2012,7,4,14,0,760,473,344,35
2012,7,4,15,0,583,363,312,35
2012,7,4,16,0,345,152,257,34
2012,7,4,17,0,195,63,171,33
2012,7,4,18,0,58,3,57,33
2012,7,4,19,0,0,0,0,32
2012,7,4,20,0,0,0,0,31
2012,7,4,21,0,0,0,0,31
2012,7,4,22,0,0,0,0,31
2012,7,4,23,0,0,0,0,30
2012,7,5,0,0,0,0,0,30
2012,7,5,1,0,0,0,0,30
2012,7,5,2,0,0,0,0,29
2012,7,5,3,0,0,0,0,29
2012,7,5,4,0,0,0,0,29
2012,7,5,5,0,0,0,0,29
2012,7,5,6,0,63,0,63,30
2012,7,5,7,0,242,131,188,31
2012,7,5,8,0,425,280,256,32
2012,7,5,9,0,598,376,309,32
2012,7,5,10,0,722,402,362,33
2012,7,5,11,0,860,510,365,33
2012,7,5,12,0,887,519,370,33
2012,7,5,13,0,852,507,363,33
2012,7,5,14,0,712,409,352,33
2012,7,5,15,0,577,382,291,33
2012,7,5,16,0,410,280,248,33
2012,7,5,17,0,200,93,164,32
2012,7,5,18,0,43,0,43,32
2012,7,5,19,0,0,0,0,31
2012,7,5,20,0,0,0,0,31
2012,7,5,21,0,0,0,0,31
2012,7,5,22,0,0,0,0,30
2012,7,5,23,0,0,0,0,30
2012,7,6,0,0,0,0,0,30
2012,7,6,1,0,0,0,0,29
2012,7,6,2,0,0,0,0,29
2012,7,6,3,0,0,0,0,29
2012,7,6,4,0,0,0,0,28
2012,7,6,5,0,0,0,0,28
2012,7,6,6,0,63,0,63,29
2012,7,6,7,0,71,0,71,30
2012,7,6,8,0,129,0,129,30
2012,7,6,9,0,258,11,249,31
2012,7,6,10,0,432,66,373,32
2012,7,6,11,0,790,449,354,32
2012,7,6,12,0,887,520,370,32
2012,7,6,13,0,853,508,363,32
2012,7,6,14,0,489,105,396,32
2012,7,6,15,0,508,225,339,32
2012,7,6,16,0,352,154,263,32
2012,7,6,17,0,226,151,168,31
2012,7,6,18,0,11,0,11,30
2012,7,6,19,0,0,0,0,30
2012,7,6,20,0,0,0,0,29
2012,7,6,21,0,0,0,0,29
2012,7,6,22,0,0,0,0,29
2012,7,6,23,0,0,0,0,29
2012,7,7,0,0,0,0,0,28
2012,7,7,1,0,0,0,0,28
2012,7,7,2,0,0,0,0,28
2012,7,7,3,0,0,0,0,27
2012,7,7,4,0,0,0,0,27
2012,7,7,5,0,0,0,0,27
2012,7,7,6,0,23,0,23,29
2012,7,7,7,0,165,26,154,30
2012,7,7,8,0,152,0,152,32
2012,7,7,9,0,249,8,242,33
2012,7,7,10,0,283,10,274,33
2012,7,7,11,0,250,4,246,33
2012,7,7,12,0,201,5,196,33
2012,7,7,13,0,188,2,186,32
2012,7,7,14,0,310,14,297,32
2012,7,7,15,0,228,21,212,32
2012,7,7,16,0,399,238,261,32
2012,7,7,17,0,205,92,170,31
2012,7,7,18,0,51,0,51,31
2012,7,7,19,0,0,0,0,30
2012,7,7,20,0,0,0,0,30
2012,7,7,21,0,0,0,0,30
2012,7,7,22,0,0,0,0,29
2012,7,7,23,0,0,0,0,29
2012,7,8,0,0,0,0,0,29
2012,7,8,1,0,0,0,0,28
2012,7,8,2,0,0,0,0,28
2012,7,8,3,0,0,0,0,28
2012,7,8,4,0,0,0,0,28
2012,7,8,5,0,0,0,0,28
2012,7,8,6,0,57,0,57,29
2012,7,8,7,0,233,118,185,31
2012,7,8,8,0,395,202,273,33
2012,7,8,9,0,521,240,337,34
2012,7,8,10,0,371,39,336,35
2012,7,8,11,0,633,199,439,35
2012,7,8,12,0,535,106,429,36
2012,7,8,13,0,855,510,364,36
2012,7,8,14,0,762,474,345,36
2012,7,8,15,0,619,412,311,35
2012,7,8,16,0,413,301,239,35
2012,7,8,17,0,226,151,168,34
2012,7,8,18,0,29,0,29,30
2012,7,8,19,0,0,0,0,31
2012,7,8,20,0,0,0,0,30
2012,7,8,21,0,0,0,0,30
2012,7,8,22,0,0,0,0,30
2012,7,8,23,0,0,0,0,30
2012,7,9,0,0,0,0,0,29
2012,7,9,1,0,0,0,0,29
2012,7,9,2,0,0,0,0,29
2012,7,9,3,0,0,0,0,29
2012,7,9,4,0,0,0,0,28
2012,7,9,5,0,0,0,0,29
2012,7,9,6,0,47,0,47,30
2012,7,9,7,0,163,17,156,33
2012,7,9,8,0,332,109,266,34
2012,7,9,9,0,345,34,318,36
2012,7,9,10,0,321,15,307,37
2012,7,9,11,0,446,53,394,38
2012,7,9,12,0,723,309,415,39
2012,7,9,13,0,776,420,371,39
2012,7,9,14,0,720,421,350,39
2012,7,9,15,0,396,88,330,38
2012,7,9,16,0,376,211,254,38
2012,7,9,17,0,200,93,164,37
2012,7,9,18,0,14,0,14,35
2012,7,9,19,0,0,0,0,34
2012,7,9,20,0,0,0,0,33
2012,7,9,21,0,0,0,0,32
2012,7,9,22,0,0,0,0,32
2012,7,9,23,0,0,0,0,31
2012,7,10,0,0,0,0,0,31
2012,7,10,1,0,0,0,0,30
2012,7,10,2,0,0,0,0,30
2012,7,10,3,0,0,0,0,30
2012,7,10,4,0,0,0,0,29
2012,7,10,5,0,0,0,0,29
2012,7,10,6,0,25,0,25,30
2012,7,10,7,0,176,39,160,31
2012,7,10,8,0,353,141,268,33
2012,7,10,9,0,550,259,351,35
2012,7,10,10,0,731,436,342,37
2012,7,10,11,0,736,328,418,39
2012,7,10,12,0,887,520,370,40
2012,7,10,13,0,676,266,419,40
2012,7,10,14,0,714,416,348,39
2012,7,10,15,0,593,380,309,38
2012,7,10,16,0,340,143,257,37
2012,7,10,17,0,218,119,172,35
2012,7,10,18,0,54,0,54,34
2012,7,10,19,0,0,0,0,33
2012,7,10,20,0,0,0,0,32
2012,7,10,21,0,0,0,0,31
2012,7,10,22,0,0,0,0,31
2012,7,10,23,0,0,0,0,30
2012,7,11,0,0,0,0,0,30
2012,7,11,1,0,0,0,0,30
2012,7,11,2,0,0,0,0,29
2012,7,11,3,0,0,0,0,29
2012,7,11,4,0,0,0,0,28
2012,7,11,5,0,0,0,0,28
2012,7,11,6,0,32,0,32,29
2012,7,11,7,0,106,0,106,31
2012,7,11,8,0,208,10,202,32
2012,7,11,9,0,387,54,345,32
2012,7,11,10,0,512,109,414,33
2012,7,11,11,0,314,32,283,33
2012,7,11,12,0,674,268,407,33
2012,7,11,13,0,850,506,362,32
2012,7,11,14,0,757,471,343,33
2012,7,11,15,0,593,399,295,32
2012,7,11,16,0,405,269,250,32
2012,7,11,17,0,162,25,152,31
2012,7,11,18,0,50,0,50,31
2012,7,11,19,0,0,0,0,30
2012,7,11,20,0,0,0,0,30
2012,7,11,21,0,0,0,0,30
2012,7,11,22,0,0,0,0,30
2012,7,11,23,0,0,0,0,29
2012,7,12,0,0,0,0,0,29
2012,7,12,1,0,0,0,0,29
2012,7,12,2,0,0,0,0,29
2012,7,12,3,0,0,0,0,29
2012,7,12,4,0,0,0,0,28
2012,7,12,5,0,0,0,0,29
2012,7,12,6,0,36,0,36,30
2012,7,12,7,0,193,56,170,31
2012,7,12,8,0,334,106,270,33
2012,7,12,9,0,359,31,335,33
2012,7,12,10,0,429,32,400,33
2012,7,12,11,0,406,28,378,33
2012,7,12,12,0,529,101,428,32
2012,7,12,13,0,227,5,222,33
2012,7,12,14,0,148,0,148,33
2012,7,12,15,0,114,0,114,32
2012,7,12,16,0,128,0,128,32
2012,7,12,17,0,96,0,96,31
2012,7,12,18,0,19,0,19,31
2012,7,12,19,0,0,0,0,30
2012,7,12,20,0,0,0,0,30
2012,7,12,21,0,0,0,0,29
2012,7,12,22,0,0,0,0,29
2012,7,12,23,0,0,0,0,28
2012,7,13,0,0,0,0,0,28
2012,7,13,1,0,0,0,0,28
2012,7,13,2,0,0,0,0,28
2012,7,13,3,0,0,0,0,28
2012,7,13,4,0,0,0,0,28
2012,7,13,5,0,0,0,0,28
2012,7,13,6,0,55,0,55,29
2012,7,13,7,0,172,26,161,30
2012,7,13,8,0,201,8,196,32
2012,7,13,9,0,397,75,339,32
2012,7,13,10,0,620,234,411,33
2012,7,13,11,0,598,160,443,33
2012,7,13,12,0,813,468,348,33
2012,7,13,13,0,859,512,365,33
2012,7,13,14,0,576,185,413,33
2012,7,13,15,0,395,83,333,33
2012,7,13,16,0,250,24,236,32
2012,7,13,17,0,135,6,132,32
2012,7,13,18,0,12,0,12,31
2012,7,13,19,0,0,0,0,30
2012,7,13,20,0,0,0,0,30
2012,7,13,21,0,0,0,0,30
2012,7,13,22,0,0,0,0,29
2012,7,13,23,0,0,0,0,29
2012,7,14,0,0,0,0,0,28
2012,7,14,1,0,0,0,0,28
2012,7,14,2,0,0,0,0,27
2012,7,14,3,0,0,0,0,27
2012,7,14,4,0,0,0,0,27
2012,7,14,5,0,0,0,0,28
2012,7,14,6,0,51,0,51,29
2012,7,14,7,0,195,61,170,31
2012,7,14,8,0,377,174,273,33
2012,7,14,9,0,547,259,349,34
2012,7,14,10,0,468,83,394,34
2012,7,14,11,0,280,7,273,35
2012,7,14,12,0,391,34,357,34
2012,7,14,13,0,520,107,417,34
2012,7,14,14,0,694,352,385,33
2012,7,14,15,0,592,399,294,33
2012,7,14,16,0,393,231,260,32
2012,7,14,17,0,212,108,171,31
2012,7,14,18,0,49,0,49,31
2012,7,14,19,0,0,0,0,29
2012,7,14,20,0,0,0,0,29
2012,7,14,21,0,0,0,0,29
2012,7,14,22,0,0,0,0,29
2012,7,14,23,0,0,0,0,29
2012,7,15,0,0,0,0,0,28
2012,7,15,1,0,0,0,0,28
2012,7,15,2,0,0,0,0,28
2012,7,15,3,0,0,0,0,27
2012,7,15,4,0,0,0,0,27
2012,7,15,5,0,0,0,0,27
2012,7,15,6,0,56,0,56,29
2012,7,15,7,0,234,131,181,32
2012,7,15,8,0,430,312,244,34
2012,7,15,9,0,635,419,315,35
2012,7,15,10,0,774,479,348,35
2012,7,15,11,0,728,320,418,35
2012,7,15,12,0,890,522,371,35
2012,7,15,13,0,662,246,425,34
2012,7,15,14,0,659,290,404,34
2012,7,15,15,0,438,127,343,33
2012,7,15,16,0,375,195,263,33
2012,7,15,17,0,202,91,167,32
2012,7,15,18,0,45,0,45,32
2012,7,15,19,0,0,0,0,31
2012,7,15,20,0,0,0,0,29
2012,7,15,21,0,0,0,0,29
2012,7,15,22,0,0,0,0,28
2012,7,15,23,0,0,0,0,29
2012,7,16,0,0,0,0,0,28
2012,7,16,1,0,0,0,0,28
2012,7,16,2,0,0,0,0,28
2012,7,16,3,0,0,0,0,27
2012,7,16,4,0,0,0,0,27
2012,7,16,5,0,0,0,0,27
2012,7,16,6,0,65,7,63,29
2012,7,16,7,0,238,140,182,32
2012,7,16,8,0,429,311,244,34
2012,7,16,9,0,608,420,288,35
2012,7,16,10,0,753,482,325,37
2012,7,16,11,0,842,515,344,37
2012,7,16,12,0,864,525,343,38
2012,7,16,13,0,818,513,324,38
2012,7,16,14,0,603,222,408,38
2012,7,16,15,0,540,302,315,37
2012,7,16,16,0,386,237,250,36
2012,7,16,17,0,173,51,153,35
2012,7,16,18,0,10,0,10,33
2012,7,16,19,0,0,0,0,32
2012,7,16,20,0,0,0,0,32
2012,7,16,21,0,0,0,0,31
2012,7,16,22,0,0,0,0,31
2012,7,16,23,0,0,0,0,30
2012,7,17,0,0,0,0,0,30
2012,7,17,1,0,0,0,0,29
2012,7,17,2,0,0,0,0,29
2012,7,17,3,0,0,0,0,28
2012,7,17,4,0,0,0,0,28
2012,7,17,5,0,0,0,0,28
2012,7,17,6,0,42,0,42,30
2012,7,17,7,0,222,120,174,33
2012,7,17,8,0,428,311,244,36
2012,7,17,9,0,607,419,289,38
2012,7,17,10,0,752,481,325,39
2012,7,17,11,0,845,515,347,40
2012,7,17,12,0,875,525,354,41
2012,7,17,13,0,804,495,328,41
2012,7,17,14,0,637,276,395,41
2012,7,17,15,0,591,399,294,40
2012,7,17,16,0,410,299,238,38
2012,7,17,17,0,214,115,170,37
2012,7,17,18,0,47,0,47,35
2012,7,17,19,0,0,0,0,34
2012,7,17,20,0,0,0,0,33
2012,7,17,21,0,0,0,0,33
2012,7,17,22,0,0,0,0,32
2012,7,17,23,0,0,0,0,32
2012,7,18,0,0,0,0,0,31
2012,7,18,1,0,0,0,0,30
2012,7,18,2,0,0,0,0,30
2012,7,18,3,0,0,0,0,30
2012,7,18,4,0,0,0,0,29
2012,7,18,5,0,0,0,0,29
2012,7,18,6,0,56,0,56,31
2012,7,18,7,0,235,137,181,34
2012,7,18,8,0,427,310,244,37
2012,7,18,9,0,606,419,288,39
2012,7,18,10,0,751,481,324,41
2012,7,18,11,0,864,514,367,41
2012,7,18,12,0,892,524,372,41
2012,7,18,13,0,857,512,365,41
2012,7,18,14,0,706,394,360,40
2012,7,18,15,0,564,350,303,39
2012,7,18,16,0,409,273,252,38
2012,7,18,17,0,186,65,161,37
2012,7,18,18,0,49,0,49,35
2012,7,18,19,0,0,0,0,34
2012,7,18,20,0,0,0,0,34
2012,7,18,21,0,0,0,0,33
2012,7,18,22,0,0,0,0,33
2012,7,18,23,0,0,0,0,32
2012,7,19,0,0,0,0,0,32
2012,7,19,1,0,0,0,0,31
2012,7,19,2,0,0,0,0,30
2012,7,19,3,0,0,0,0,30
2012,7,19,4,0,0,0,0,29
2012,7,19,5,0,0,0,0,29
2012,7,19,6,0,58,0,58,31
2012,7,19,7,0,233,135,180,33
2012,7,19,8,0,425,306,244,36
2012,7,19,9,0,601,410,290,38
2012,7,19,10,0,741,481,315,38
2012,7,19,11,0,862,513,366,38
2012,7,19,12,0,890,523,371,38
2012,7,19,13,0,855,511,365,38
2012,7,19,14,0,713,415,349,38
2012,7,19,15,0,551,311,319,39
2012,7,19,16,0,366,167,270,38
2012,7,19,17,0,131,5,129,37
2012,7,19,18,0,50,0,50,35
2012,7,19,19,0,0,0,0,33
2012,7,19,20,0,0,0,0,33
2012,7,19,21,0,0,0,0,31
2012,7,19,22,0,0,0,0,32
2012,7,19,23,0,0,0,0,31
2012,7,20,0,0,0,0,0,30
2012,7,20,1,0,0,0,0,30
2012,7,20,2,0,0,0,0,30
2012,7,20,3,0,0,0,0,29
2012,7,20,4,0,0,0,0,29
2012,7,20,5,0,0,0,0,30
2012,7,20,6,0,21,0,21,31
2012,7,20,7,0,182,53,161,33
2012,7,20,8,0,365,173,263,35
2012,7,20,9,0,414,93,343,37
2012,7,20,10,0,720,404,362,38
2012,7,20,11,0,811,510,319,38
2012,7,20,12,0,805,450,359,38
2012,7,20,13,0,732,338,407,38
2012,7,20,14,0,671,324,387,37
2012,7,20,15,0,441,130,344,36
2012,7,20,16,0,347,109,284,36
2012,7,20,17,0,211,113,168,34
2012,7,20,18,0,31,0,31,33
2012,7,20,19,0,0,0,0,32
2012,7,20,20,0,0,0,0,31
2012,7,20,21,0,0,0,0,30
2012,7,20,22,0,0,0,0,31
2012,7,20,23,0,0,0,0,31
2012,7,21,0,0,0,0,0,30
2012,7,21,1,0,0,0,0,30
2012,7,21,2,0,0,0,0,29
2012,7,21,3,0,0,0,0,29
2012,7,21,4,0,0,0,0,28
2012,7,21,5,0,0,0,0,28
2012,7,21,6,0,53,0,53,30
2012,7,21,7,0,135,3,133,32
2012,7,21,8,0,235,21,222,33
2012,7,21,9,0,443,129,345,35
2012,7,21,10,0,744,462,335,36
2012,7,21,11,0,854,508,364,37
2012,7,21,12,0,714,297,420,38
2012,7,21,13,0,445,78,370,38
2012,7,21,14,0,739,446,348,37
2012,7,21,15,0,531,272,329,37
2012,7,21,16,0,407,297,237,36
2012,7,21,17,0,214,121,169,35
2012,7,21,18,0,47,0,47,34
2012,7,21,19,0,0,0,0,33
2012,7,21,20,0,0,0,0,33
2012,7,21,21,0,0,0,0,32
2012,7,21,22,0,0,0,0,32
2012,7,21,23,0,0,0,0,31
2012,7,22,0,0,0,0,0,30
2012,7,22,1,0,0,0,0,30
2012,7,22,2,0,0,0,0,28
2012,7,22,3,0,0,0,0,29
2012,7,22,4,0,0,0,0,29
2012,7,22,5,0,0,0,0,29
2012,7,22,6,0,58,1,57,30
2012,7,22,7,0,234,142,178,32
2012,7,22,8,0,423,308,242,34
2012,7,22,9,0,624,413,312,36
2012,7,22,10,0,764,474,345,37
2012,7,22,11,0,852,507,363,37
2012,7,22,12,0,880,517,368,36
2012,7,22,13,0,846,505,362,36
2012,7,22,14,0,573,184,412,36
2012,7,22,15,0,581,361,313,36
2012,7,22,16,0,406,296,237,35
2012,7,22,17,0,213,120,168,34
2012,7,22,18,0,40,0,40,31
2012,7,22,19,0,0,0,0,32
2012,7,22,20,0,0,0,0,32
2012,7,22,21,0,0,0,0,32
2012,7,22,22,0,0,0,0,32
2012,7,22,23,0,0,0,0,32
2012,7,23,0,0,0,0,0,31
2012,7,23,1,0,0,0,0,31
2012,7,23,2,0,0,0,0,30
2012,7,23,3,0,0,0,0,30
2012,7,23,4,0,0,0,0,30
2012,7,23,5,0,0,0,0,30
2012,7,23,6,0,54,0,54,31
2012,7,23,7,0,183,52,162,34
2012,7,23,8,0,410,265,255,36
2012,7,23,9,0,602,403,298,37
2012,7,23,10,0,748,470,333,37
2012,7,23,11,0,517,91,429,37
2012,7,23,12,0,520,76,444,37
2012,7,23,13,0,524,73,454,37
2012,7,23,14,0,513,118,409,37
2012,7,23,15,0,205,7,199,37
2012,7,23,16,0,176,2,174,36
2012,7,23,17,0,82,0,82,35
2012,7,23,18,0,27,0,27,34
2012,7,23,19,0,0,0,0,33
2012,7,23,20,0,0,0,0,33
2012,7,23,21,0,0,0,0,32
2012,7,23,22,0,0,0,0,31
2012,7,23,23,0,0,0,0,31
2012,7,24,0,0,0,0,0,30
2012,7,24,1,0,0,0,0,30
2012,7,24,2,0,0,0,0,29
2012,7,24,3,0,0,0,0,29
2012,7,24,4,0,0,0,0,29
2012,7,24,5,0,0,0,0,30
2012,7,24,6,0,55,0,55,31
2012,7,24,7,0,197,73,168,35
2012,7,24,8,0,421,292,250,37
2012,7,24,9,0,538,247,352,37
2012,7,24,10,0,729,447,334,38
2012,7,24,11,0,853,508,364,38
2012,7,24,12,0,882,519,369,38
2012,7,24,13,0,848,507,363,38
2012,7,24,14,0,755,471,343,38
2012,7,24,15,0,504,223,339,38
2012,7,24,16,0,403,267,251,38
2012,7,24,17,0,161,41,145,37
2012,7,24,18,0,26,0,26,35
2012,7,24,19,0,0,0,0,34
2012,7,24,20,0,0,0,0,33
2012,7,24,21,0,0,0,0,32
2012,7,24,22,0,0,0,0,31
2012,7,24,23,0,0,0,0,30
2012,7,25,0,0,0,0,0,30
2012,7,25,1,0,0,0,0,29
2012,7,25,2,0,0,0,0,29
2012,7,25,3,0,0,0,0,28
2012,7,25,4,0,0,0,0,28
2012,7,25,5,0,0,0,0,28
2012,7,25,6,0,37,0,37,28
2012,7,25,7,0,220,131,169,28
2012,7,25,8,0,281,81,233,29
2012,7,25,9,0,566,314,329,30
2012,7,25,10,0,640,266,405,31
2012,7,25,11,0,711,294,428,32
2012,7,25,12,0,616,162,456,32
2012,7,25,13,0,638,211,436,32
2012,7,25,14,0,684,325,400,32
2012,7,25,15,0,241,27,221,32
2012,7,25,16,0,355,171,258,32
2012,7,25,17,0,151,28,140,31
2012,7,25,18,0,9,0,9,30
2012,7,25,19,0,0,0,0,30
2012,7,25,20,0,0,0,0,29
2012,7,25,21,0,0,0,0,29
2012,7,25,22,0,0,0,0,29
2012,7,25,23,0,0,0,0,28
2012,7,26,0,0,0,0,0,28
2012,7,26,1,0,0,0,0,28
2012,7,26,2,0,0,0,0,27
2012,7,26,3,0,0,0,0,27
2012,7,26,4,0,0,0,0,27
2012,7,26,5,0,0,0,0,27
2012,7,26,6,0,28,0,28,29
2012,7,26,7,0,97,0,97,32
2012,7,26,8,0,193,5,190,34
2012,7,26,9,0,248,8,241,36
2012,7,26,10,0,367,23,346,38
2012,7,26,11,0,288,7,281,39
2012,7,26,12,0,387,33,354,40
2012,7,26,13,0,624,226,407,40
2012,7,26,14,0,351,20,333,39
2012,7,26,15,0,226,10,218,38
2012,7,26,16,0,267,55,235,37
2012,7,26,17,0,37,0,37,35
2012,7,26,18,0,9,0,9,33
2012,7,26,19,0,0,0,0,33
2012,7,26,20,0,0,0,0,33
2012,7,26,21,0,0,0,0,32
2012,7,26,22,0,0,0,0,31
2012,7,26,23,0,0,0,0,31
2012,7,27,0,0,0,0,0,30
2012,7,27,1,0,0,0,0,30
2012,7,27,2,0,0,0,0,29
2012,7,27,3,0,0,0,0,29
2012,7,27,4,0,0,0,0,29
2012,7,27,5,0,0,0,0,29
2012,7,27,6,0,27,0,27,30
2012,7,27,7,0,159,21,151,32
2012,7,27,8,0,274,33,254,34
2012,7,27,9,0,386,67,335,36
2012,7,27,10,0,561,164,416,37
2012,7,27,11,0,607,174,439,38
2012,7,27,12,0,402,37,365,38
2012,7,27,13,0,397,38,360,38
2012,7,27,14,0,524,142,400,37
2012,7,27,15,0,171,6,166,36
2012,7,27,16,0,168,2,166,35
2012,7,27,17,0,52,0,52,34
2012,7,27,18,0,21,0,21,32
2012,7,27,19,0,0,0,0,29
2012,7,27,20,0,0,0,0,29
2012,7,27,21,0,0,0,0,30
2012,7,27,22,0,0,0,0,30
2012,7,27,23,0,0,0,0,29
2012,7,28,0,0,0,0,0,29
2012,7,28,1,0,0,0,0,29
2012,7,28,2,0,0,0,0,29
2012,7,28,3,0,0,0,0,29
2012,7,28,4,0,0,0,0,28
2012,7,28,5,0,0,0,0,28
2012,7,28,6,0,45,0,45,29
2012,7,28,7,0,221,138,168,31
2012,7,28,8,0,300,83,251,33
2012,7,28,9,0,506,216,344,33
2012,7,28,10,0,742,411,380,33
2012,7,28,11,0,191,9,182,33
2012,7,28,12,0,257,6,251,33
2012,7,28,13,0,454,85,372,33
2012,7,28,14,0,734,445,347,33
2012,7,28,15,0,387,79,328,33
2012,7,28,16,0,254,31,236,32
2012,7,28,17,0,46,0,46,31
2012,7,28,18,0,14,0,14,29
2012,7,28,19,0,0,0,0,30
2012,7,28,20,0,0,0,0,30
2012,7,28,21,0,0,0,0,30
2012,7,28,22,0,0,0,0,30
2012,7,28,23,0,0,0,0,29
2012,7,29,0,0,0,0,0,29
2012,7,29,1,0,0,0,0,29
2012,7,29,2,0,0,0,0,28
2012,7,29,3,0,0,0,0,28
2012,7,29,4,0,0,0,0,28
2012,7,29,5,0,0,0,0,28
2012,7,29,6,0,33,0,33,30
2012,7,29,7,0,170,47,152,32
2012,7,29,8,0,409,274,250,33
2012,7,29,9,0,597,359,328,34
2012,7,29,10,0,349,33,320,34
2012,7,29,11,0,254,6,248,35
2012,7,29,12,0,183,4,179,35
2012,7,29,13,0,181,4,177,35
2012,7,29,14,0,207,2,205,34
2012,7,29,15,0,256,13,246,34
2012,7,29,16,0,314,99,258,34
2012,7,29,17,0,145,17,138,33
2012,7,29,18,0,30,0,30,32
2012,7,29,19,0,0,0,0,31
2012,7,29,20,0,0,0,0,31
2012,7,29,21,0,0,0,0,30
2012,7,29,22,0,0,0,0,30
2012,7,29,23,0,0,0,0,30
2012,7,30,0,0,0,0,0,29
2012,7,30,1,0,0,0,0,29
2012,7,30,2,0,0,0,0,29
2012,7,30,3,0,0,0,0,28
2012,7,30,4,0,0,0,0,28
2012,7,30,5,0,0,0,0,28
2012,7,30,6,0,40,0,40,30
2012,7,30,7,0,100,0,100,31
2012,7,30,8,0,134,0,134,32
2012,7,30,9,0,163,2,161,33
2012,7,30,10,0,200,1,199,33
2012,7,30,11,0,202,3,199,33
2012,7,30,12,0,298,4,294,33
2012,7,30,13,0,261,6,255,33
2012,7,30,14,0,370,24,349,33
2012,7,30,15,0,409,101,334,33
2012,7,30,16,0,342,141,263,32
2012,7,30,17,0,167,48,149,32
2012,7,30,18,0,27,0,27,30
2012,7,30,19,0,0,0,0,29
2012,7,30,20,0,0,0,0,29
2012,7,30,21,0,0,0,0,29
2012,7,30,22,0,0,0,0,29
2012,7,30,23,0,0,0,0,29
2012,7,31,0,0,0,0,0,28
2012,7,31,1,0,0,0,0,28
2012,7,31,2,0,0,0,0,28
2012,7,31,3,0,0,0,0,28
2012,7,31,4,0,0,0,0,27
2012,7,31,5,0,0,0,0,27
2012,7,31,6,0,28,0,28,28
2012,7,31,7,0,57,0,57,29
2012,7,31,8,0,83,0,83,30
2012,7,31,9,0,118,0,118,32
2012,7,31,10,0,137,0,137,33
2012,7,31,11,0,157,1,156,33
2012,7,31,12,0,169,2,167,34
2012,7,31,13,0,320,23,298,34
2012,7,31,14,0,347,17,332,33
2012,7,31,15,0,235,7,229,33
2012,7,31,16,0,150,0,150,33
2012,7,31,17,0,76,0,76,32
2012,7,31,18,0,19,0,19,31
2012,7,31,19,0,0,0,0,30
2012,7,31,20,0,0,0,0,30
2012,7,31,21,0,0,0,0,30
2012,7,31,22,0,0,0,0,29
2012,7,31,23,0,0,0,0,29
2012,8,1,0,0,0,0,0,29
2012,8,1,1,0,0,0,0,29
2012,8,1,2,0,0,0,0,28
2012,8,1,3,0,0,0,0,28
2012,8,1,4,0,0,0,0,28
2012,8,1,5,0,0,0,0,28
2012,8,1,6,0,27,0,27,28
2012,8,1,7,0,94,0,94,29
2012,8,1,8,0,216,16,206,30
2012,8,1,9,0,227,3,224,32
2012,8,1,10,0,242,3,239,32
2012,8,1,11,0,202,5,197,33
2012,8,1,12,0,352,29,323,33
2012,8,1,13,0,384,27,358,34
2012,8,1,14,0,290,12,279,33
2012,8,1,15,0,314,21,298,33
2012,8,1,16,0,209,9,203,33
2012,8,1,17,0,99,0,99,32
2012,8,1,18,0,10,0,10,31
2012,8,1,19,0,0,0,0,31
2012,8,1,20,0,0,0,0,30
2012,8,1,21,0,0,0,0,29
2012,8,1,22,0,0,0,0,29
2012,8,1,23,0,0,0,0,28
2012,8,2,0,0,0,0,0,28
2012,8,2,1,0,0,0,0,28
2012,8,2,2,0,0,0,0,28
2012,8,2,3,0,0,0,0,28
2012,8,2,4,0,0,0,0,28
2012,8,2,5,0,0,0,0,28
2012,8,2,6,0,64,31,59,29
2012,8,2,7,0,128,6,125,30
2012,8,2,8,0,410,266,257,33
2012,8,2,9,0,599,412,292,36
2012,8,2,10,0,786,595,265,38
2012,8,2,11,0,877,626,278,38
2012,8,2,12,0,874,615,270,39
2012,8,2,13,0,871,624,277,39
2012,8,2,14,0,329,59,278,39
2012,8,2,15,0,612,447,286,39
2012,8,2,16,0,341,152,256,38
2012,8,2,17,0,172,75,145,37
2012,8,2,18,0,15,0,15,35
2012,8,2,19,0,0,0,0,34
2012,8,2,20,0,0,0,0,33
2012,8,2,21,0,0,0,0,32
2012,8,2,22,0,0,0,0,31
2012,8,2,23,0,0,0,0,30
2012,8,3,0,0,0,0,0,30
2012,8,3,1,0,0,0,0,29
2012,8,3,2,0,0,0,0,29
2012,8,3,3,0,0,0,0,29
2012,8,3,4,0,0,0,0,28
2012,8,3,5,0,0,0,0,28
2012,8,3,6,0,49,0,49,29
2012,8,3,7,0,151,14,145,30
2012,8,3,8,0,310,100,252,32
2012,8,3,9,0,636,507,259,34
2012,8,3,10,0,787,596,266,37
2012,8,3,11,0,878,627,278,38
2012,8,3,12,0,907,637,282,39
2012,8,3,13,0,872,626,278,39
2012,8,3,14,0,776,593,264,38
2012,8,3,15,0,544,301,324,37
2012,8,3,16,0,435,399,214,36
2012,8,3,17,0,211,159,155,35
2012,8,3,18,0,46,7,45,33
2012,8,3,19,0,0,0,0,32
2012,8,3,20,0,0,0,0,31
2012,8,3,21,0,0,0,0,30
2012,8,3,22,0,0,0,0,29
2012,8,3,23,0,0,0,0,29
2012,8,4,0,0,0,0,0,29
2012,8,4,1,0,0,0,0,28
2012,8,4,2,0,0,0,0,28
2012,8,4,3,0,0,0,0,28
2012,8,4,4,0,0,0,0,27
2012,8,4,5,0,0,0,0,27
2012,8,4,6,0,38,0,38,28
2012,8,4,7,0,226,186,157,30
2012,8,4,8,0,285,63,249,32
2012,8,4,9,0,520,244,338,32
2012,8,4,10,0,752,535,285,32
2012,8,4,11,0,877,627,278,32
2012,8,4,12,0,906,636,282,32
2012,8,4,13,0,871,625,277,32
2012,8,4,14,0,649,316,376,32
2012,8,4,15,0,575,402,283,31
2012,8,4,16,0,438,430,201,31
2012,8,4,17,0,208,172,148,30
2012,8,4,18,0,37,0,37,29
2012,8,4,19,0,0,0,0,28
2012,8,4,20,0,0,0,0,28
2012,8,4,21,0,0,0,0,27
2012,8,4,22,0,0,0,0,27
2012,8,4,23,0,0,0,0,27
2012,8,5,0,0,0,0,0,27
2012,8,5,1,0,0,0,0,26
2012,8,5,2,0,0,0,0,26
2012,8,5,3,0,0,0,0,26
2012,8,5,4,0,0,0,0,26
2012,8,5,5,0,0,0,0,26
2012,8,5,6,0,34,0,34,27
2012,8,5,7,0,168,54,148,29
2012,8,5,8,0,452,409,219,31
2012,8,5,9,0,645,541,243,33
2012,8,5,10,0,791,600,267,34
2012,8,5,11,0,843,609,262,35
2012,8,5,12,0,507,125,384,35
2012,8,5,13,0,851,572,309,35
2012,8,5,14,0,547,193,380,35
2012,8,5,15,0,598,444,276,34
2012,8,5,16,0,431,397,213,33
2012,8,5,17,0,139,26,130,32
2012,8,5,18,0,43,1,42,31
2012,8,5,19,0,0,0,0,30
2012,8,5,20,0,0,0,0,29
2012,8,5,21,0,0,0,0,29
2012,8,5,22,0,0,0,0,29
2012,8,5,23,0,0,0,0,28
2012,8,6,0,0,0,0,0,28
2012,8,6,1,0,0,0,0,28
2012,8,6,2,0,0,0,0,27
2012,8,6,3,0,0,0,0,27
2012,8,6,4,0,0,0,0,27
2012,8,6,5,0,0,0,0,27
2012,8,6,6,0,39,0,39,28
2012,8,6,7,0,118,0,118,32
2012,8,6,8,0,358,164,264,34
2012,8,6,9,0,519,243,339,35
2012,8,6,10,0,750,511,304,35
2012,8,6,11,0,578,181,405,36
2012,8,6,12,0,284,17,267,35
2012,8,6,13,0,719,320,416,35
2012,8,6,14,0,773,592,264,34
2012,8,6,15,0,269,42,238,34
2012,8,6,16,0,429,369,227,33
2012,8,6,17,0,228,224,151,30
2012,8,6,18,0,19,0,19,29
2012,8,6,19,0,0,0,0,29
2012,8,6,20,0,0,0,0,29
2012,8,6,21,0,0,0,0,28
2012,8,6,22,0,0,0,0,29
2012,8,6,23,0,0,0,0,28
2012,8,7,0,0,0,0,0,28
2012,8,7,1,0,0,0,0,27
2012,8,7,2,0,0,0,0,27
2012,8,7,3,0,0,0,0,26
2012,8,7,4,0,0,0,0,26
2012,8,7,5,0,0,0,0,26
2012,8,7,6,0,41,0,41,28
2012,8,7,7,0,135,10,131,32
2012,8,7,8,0,317,114,252,33
2012,8,7,9,0,231,14,220,33
2012,8,7,10,0,165,1,164,34
2012,8,7,11,0,205,3,202,34
2012,8,7,12,0,322,25,297,34
2012,8,7,13,0,461,70,394,33
2012,8,7,14,0,439,44,401,33
2012,8,7,15,0,374,61,330,33
2012,8,7,16,0,268,51,240,32
2012,8,7,17,0,105,0,105,31
2012,8,7,18,0,32,0,32,30
2012,8,7,19,0,0,0,0,30
2012,8,7,20,0,0,0,0,30
2012,8,7,21,0,0,0,0,29
2012,8,7,22,0,0,0,0,29
2012,8,7,23,0,0,0,0,28
2012,8,8,0,0,0,0,0,28
2012,8,8,1,0,0,0,0,28
2012,8,8,2,0,0,0,0,28
2012,8,8,3,0,0,0,0,27
2012,8,8,4,0,0,0,0,27
2012,8,8,5,0,0,0,0,27
2012,8,8,6,0,22,0,22,28
2012,8,8,7,0,129,9,125,31
2012,8,8,8,0,348,167,253,32
2012,8,8,9,0,637,518,254,33
2012,8,8,10,0,784,596,265,33
2012,8,8,11,0,875,627,278,34
2012,8,8,12,0,877,565,325,34
2012,8,8,13,0,351,43,310,34
2012,8,8,14,0,145,1,144,34
2012,8,8,15,0,116,0,116,33
2012,8,8,16,0,113,0,113,32
2012,8,8,17,0,89,0,89,32
2012,8,8,18,0,19,0,19,30
2012,8,8,19,0,0,0,0,30
2012,8,8,20,0,0,0,0,28
2012,8,8,21,0,0,0,0,29
2012,8,8,22,0,0,0,0,28
2012,8,8,23,0,0,0,0,28
2012,8,9,0,0,0,0,0,27
2012,8,9,1,0,0,0,0,27
2012,8,9,2,0,0,0,0,27
2012,8,9,3,0,0,0,0,27
2012,8,9,4,0,0,0,0,26
2012,8,9,5,0,0,0,0,27
2012,8,9,6,0,19,0,19,27
2012,8,9,7,0,147,29,136,30
2012,8,9,8,0,380,235,247,31
2012,8,9,9,0,401,89,335,32
2012,8,9,10,0,670,345,370,32
2012,8,9,11,0,590,173,425,32
2012,8,9,12,0,462,62,401,31
2012,8,9,13,0,247,6,241,31
2012,8,9,14,0,284,13,272,31
2012,8,9,15,0,376,77,320,31
2012,8,9,16,0,276,71,237,31
2012,8,9,17,0,91,0,91,30
2012,8,9,18,0,10,0,10,29
2012,8,9,19,0,0,0,0,29
2012,8,9,20,0,0,0,0,28
2012,8,9,21,0,0,0,0,28
2012,8,9,22,0,0,0,0,27
2012,8,9,23,0,0,0,0,27
2012,8,10,0,0,0,0,0,26
2012,8,10,1,0,0,0,0,26
2012,8,10,2,0,0,0,0,26
2012,8,10,3,0,0,0,0,26
2012,8,10,4,0,0,0,0,25
2012,8,10,5,0,0,0,0,26
2012,8,10,6,0,23,0,23,27
2012,8,10,7,0,95,0,95,29
2012,8,10,8,0,200,9,194,30
2012,8,10,9,0,400,94,330,31
2012,8,10,10,0,726,469,319,32
2012,8,10,11,0,409,75,337,32
2012,8,10,12,0,839,520,332,32
2012,8,10,13,0,864,624,277,32
2012,8,10,14,0,766,589,263,32
2012,8,10,15,0,544,336,303,31
2012,8,10,16,0,421,391,210,31
2012,8,10,17,0,186,136,140,31
2012,8,10,18,0,30,0,30,30
2012,8,10,19,0,0,0,0,30
2012,8,10,20,0,0,0,0,29
2012,8,10,21,0,0,0,0,29
2012,8,10,22,0,0,0,0,29
2012,8,10,23,0,0,0,0,28
2012,8,11,0,0,0,0,0,28
2012,8,11,1,0,0,0,0,28
2012,8,11,2,0,0,0,0,27
2012,8,11,3,0,0,0,0,27
2012,8,11,4,0,0,0,0,27
2012,8,11,5,0,0,0,0,27
2012,8,11,6,0,42,0,42,28
2012,8,11,7,0,242,255,150,29
2012,8,11,8,0,437,418,202,31
2012,8,11,9,0,635,535,242,33
2012,8,11,10,0,696,412,339,34
2012,8,11,11,0,872,627,278,34
2012,8,11,12,0,901,636,282,34
2012,8,11,13,0,864,625,277,33
2012,8,11,14,0,177,6,171,33
2012,8,11,15,0,128,0,128,33
2012,8,11,16,0,143,0,143,32
2012,8,11,17,0,86,0,86,32
2012,8,11,18,0,16,0,16,30
2012,8,11,19,0,0,0,0,30
2012,8,11,20,0,0,0,0,29
2012,8,11,21,0,0,0,0,29
2012,8,11,22,0,0,0,0,28
2012,8,11,23,0,0,0,0,28
2012,8,12,0,0,0,0,0,27
2012,8,12,1,0,0,0,0,27
2012,8,12,2,0,0,0,0,27
2012,8,12,3,0,0,0,0,26
2012,8,12,4,0,0,0,0,26
2012,8,12,5,0,0,0,0,26
2012,8,12,6,0,55,23,51,27
2012,8,12,7,0,241,254,150,30
2012,8,12,8,0,450,437,204,32
2012,8,12,9,0,635,536,242,33
2012,8,12,10,0,781,596,265,34
2012,8,12,11,0,873,628,278,35
2012,8,12,12,0,748,368,390,35
2012,8,12,13,0,820,589,267,35
2012,8,12,14,0,765,590,263,34
2012,8,12,15,0,612,525,238,34
2012,8,12,16,0,416,388,209,33
2012,8,12,17,0,191,160,138,32
2012,8,12,18,0,29,0,29,30
2012,8,12,19,0,0,0,0,30
2012,8,12,20,0,0,0,0,29
2012,8,12,21,0,0,0,0,29
2012,8,12,22,0,0,0,0,28
2012,8,12,23,0,0,0,0,28
2012,8,13,0,0,0,0,0,27
2012,8,13,1,0,0,0,0,27
2012,8,13,2,0,0,0,0,27
2012,8,13,3,0,0,0,0,26
2012,8,13,4,0,0,0,0,26
2012,8,13,5,0,0,0,0,26
2012,8,13,6,0,56,29,52,27
2012,8,13,7,0,156,45,140,28
2012,8,13,8,0,427,358,227,30
2012,8,13,9,0,585,403,290,31
2012,8,13,10,0,678,380,349,32
2012,8,13,11,0,673,299,390,32
2012,8,13,12,0,898,636,282,32
2012,8,13,13,0,861,623,277,32
2012,8,13,14,0,144,2,142,32
2012,8,13,15,0,559,350,310,31
2012,8,13,16,0,316,149,236,30
2012,8,13,17,0,38,0,38,30
2012,8,13,18,0,7,0,7,29
2012,8,13,19,0,0,0,0,28
2012,8,13,20,0,0,0,0,28
2012,8,13,21,0,0,0,0,28
2012,8,13,22,0,0,0,0,27
2012,8,13,23,0,0,0,0,27
2012,8,14,0,0,0,0,0,27
2012,8,14,1,0,0,0,0,26
2012,8,14,2,0,0,0,0,26
2012,8,14,3,0,0,0,0,26
2012,8,14,4,0,0,0,0,26
2012,8,14,5,0,0,0,0,26
2012,8,14,6,0,45,11,43,26
2012,8,14,7,0,239,251,150,27
2012,8,14,8,0,439,432,198,28
2012,8,14,9,0,529,264,336,29
2012,8,14,10,0,506,126,397,29
2012,8,14,11,0,704,326,396,30
2012,8,14,12,0,639,219,426,30
2012,8,14,13,0,503,111,399,30
2012,8,14,14,0,758,586,262,31
2012,8,14,15,0,548,359,294,30
2012,8,14,16,0,402,390,195,30
2012,8,14,17,0,202,182,143,29
2012,8,14,18,0,16,0,16,28
2012,8,14,19,0,0,0,0,28
2012,8,14,20,0,0,0,0,28
2012,8,14,21,0,0,0,0,27
2012,8,14,22,0,0,0,0,27
2012,8,14,23,0,0,0,0,27
2012,8,15,0,0,0,0,0,26
2012,8,15,1,0,0,0,0,26
2012,8,15,2,0,0,0,0,26
2012,8,15,3,0,0,0,0,26
2012,8,15,4,0,0,0,0,26
2012,8,15,5,0,0,0,0,26
2012,8,15,6,0,41,0,41,27
2012,8,15,7,0,175,70,150,28
2012,8,15,8,0,338,142,259,29
2012,8,15,9,0,375,74,321,30
2012,8,15,10,0,774,592,264,30
2012,8,15,11,0,823,596,261,31
2012,8,15,12,0,894,633,281,31
2012,8,15,13,0,597,194,415,31
2012,8,15,14,0,497,125,391,31
2012,8,15,15,0,418,118,334,30
2012,8,15,16,0,368,266,228,30
2012,8,15,17,0,187,164,134,29
2012,8,15,18,0,20,0,20,29
2012,8,15,19,0,0,0,0,28
2012,8,15,20,0,0,0,0,28
2012,8,15,21,0,0,0,0,28
2012,8,15,22,0,0,0,0,27
2012,8,15,23,0,0,0,0,27
2012,8,16,0,0,0,0,0,27
2012,8,16,1,0,0,0,0,26
2012,8,16,2,0,0,0,0,26
2012,8,16,3,0,0,0,0,26
2012,8,16,4,0,0,0,0,26
2012,8,16,5,0,0,0,0,26
2012,8,16,6,0,50,16,47,27
2012,8,16,7,0,236,249,148,28
2012,8,16,8,0,445,435,203,30
2012,8,16,9,0,632,535,241,31
2012,8,16,10,0,778,596,265,32
2012,8,16,11,0,798,553,277,32
2012,8,16,12,0,621,196,431,32
2012,8,16,13,0,717,368,374,32
2012,8,16,14,0,516,165,377,31
2012,8,16,15,0,600,503,246,31
2012,8,16,16,0,412,414,195,31
2012,8,16,17,0,204,199,141,30
2012,8,16,18,0,23,0,23,29
2012,8,16,19,0,0,0,0,29
2012,8,16,20,0,0,0,0,28
2012,8,16,21,0,0,0,0,28
2012,8,16,22,0,0,0,0,28
2012,8,16,23,0,0,0,0,28
2012,8,17,0,0,0,0,0,27
2012,8,17,1,0,0,0,0,27
2012,8,17,2,0,0,0,0,27
2012,8,17,3,0,0,0,0,27
2012,8,17,4,0,0,0,0,26
2012,8,17,5,0,0,0,0,27
2012,8,17,6,0,45,24,41,27
2012,8,17,7,0,217,174,156,28
2012,8,17,8,0,402,327,221,30
2012,8,17,9,0,595,457,262,31
2012,8,17,10,0,725,513,284,32
2012,8,17,11,0,865,625,277,32
2012,8,17,12,0,893,634,281,32
2012,8,17,13,0,681,331,373,31
2012,8,17,14,0,669,399,333,31
2012,8,17,15,0,475,216,323,31
2012,8,17,16,0,289,85,244,31
2012,8,17,17,0,151,74,127,30
2012,8,17,18,0,7,0,7,29
2012,8,17,19,0,0,0,0,29
2012,8,17,20,0,0,0,0,28
2012,8,17,21,0,0,0,0,28
2012,8,17,22,0,0,0,0,28
2012,8,17,23,0,0,0,0,28
2012,8,18,0,0,0,0,0,27
2012,8,18,1,0,0,0,0,27
2012,8,18,2,0,0,0,0,27
2012,8,18,3,0,0,0,0,26
2012,8,18,4,0,0,0,0,26
2012,8,18,5,0,0,0,0,26
2012,8,18,6,0,37,0,37,27
2012,8,18,7,0,124,6,121,29
2012,8,18,8,0,347,179,248,31
2012,8,18,9,0,626,483,275,32
2012,8,18,10,0,578,239,373,32
2012,8,18,11,0,863,624,277,33
2012,8,18,12,0,891,633,281,33
2012,8,18,13,0,772,512,296,33
2012,8,18,14,0,666,396,334,32
2012,8,18,15,0,595,471,266,32
2012,8,18,16,0,227,41,205,32
2012,8,18,17,0,148,69,126,31
2012,8,18,18,0,5,0,5,30
2012,8,18,19,0,0,0,0,30
2012,8,18,20,0,0,0,0,30
2012,8,18,21,0,0,0,0,29
2012,8,18,22,0,0,0,0,29
2012,8,18,23,0,0,0,0,29
2012,8,19,0,0,0,0,0,29
2012,8,19,1,0,0,0,0,28
2012,8,19,2,0,0,0,0,28
2012,8,19,3,0,0,0,0,28
2012,8,19,4,0,0,0,0,28
2012,8,19,5,0,0,0,0,28
2012,8,19,6,0,39,0,39,28
2012,8,19,7,0,104,0,104,29
2012,8,19,8,0,178,3,176,30
2012,8,19,9,0,273,12,264,31
2012,8,19,10,0,393,30,367,32
2012,8,19,11,0,459,34,427,32
2012,8,19,12,0,513,92,424,32
2012,8,19,13,0,312,34,280,32
2012,8,19,14,0,722,512,294,32
2012,8,19,15,0,592,515,234,32
2012,8,19,16,0,391,355,208,32
2012,8,19,17,0,124,28,115,31
2012,8,19,18,0,5,0,5,30
2012,8,19,19,0,0,0,0,30
2012,8,19,20,0,0,0,0,29
2012,8,19,21,0,0,0,0,29
2012,8,19,22,0,0,0,0,29
2012,8,19,23,0,0,0,0,28
2012,8,20,0,0,0,0,0,28
2012,8,20,1,0,0,0,0,28
2012,8,20,2,0,0,0,0,27
2012,8,20,3,0,0,0,0,27
2012,8,20,4,0,0,0,0,27
2012,8,20,5,0,0,0,0,27
2012,8,20,6,0,42,8,41,27
2012,8,20,7,0,231,243,147,29
2012,8,20,8,0,437,429,202,30
2012,8,20,9,0,578,411,280,31
2012,8,20,10,0,657,344,362,31
2012,8,20,11,0,753,444,337,32
2012,8,20,12,0,769,427,359,32
2012,8,20,13,0,442,92,356,32
2012,8,20,14,0,146,1,145,32
2012,8,20,15,0,114,0,114,31
2012,8,20,16,0,94,0,94,31
2012,8,20,17,0,58,0,58,30
2012,8,20,18,0,4,0,4,29
2012,8,20,19,0,0,0,0,29
2012,8,20,20,0,0,0,0,29
2012,8,20,21,0,0,0,0,28
2012,8,20,22,0,0,0,0,28
2012,8,20,23,0,0,0,0,28
2012,8,21,0,0,0,0,0,27
2012,8,21,1,0,0,0,0,27
2012,8,21,2,0,0,0,0,27
2012,8,21,3,0,0,0,0,27
2012,8,21,4,0,0,0,0,27
2012,8,21,5,0,0,0,0,27
2012,8,21,6,0,22,0,22,27
2012,8,21,7,0,41,0,41,28
2012,8,21,8,0,90,0,90,29
2012,8,21,9,0,172,3,169,29
2012,8,21,10,0,351,39,317,30
2012,8,21,11,0,617,251,382,30
2012,8,21,12,0,408,44,365,30
2012,8,21,13,0,331,13,319,30
2012,8,21,14,0,290,14,278,30
2012,8,21,15,0,253,10,246,30
2012,8,21,16,0,170,4,167,29
2012,8,21,17,0,88,0,88,29
2012,8,21,18,0,4,0,4,28
2012,8,21,19,0,0,0,0,28
2012,8,21,20,0,0,0,0,28
2012,8,21,21,0,0,0,0,28
2012,8,21,22,0,0,0,0,27
2012,8,21,23,0,0,0,0,27
2012,8,22,0,0,0,0,0,27
2012,8,22,1,0,0,0,0,27
2012,8,22,2,0,0,0,0,27
2012,8,22,3,0,0,0,0,27
2012,8,22,4,0,0,0,0,27
2012,8,22,5,0,0,0,0,27
2012,8,22,6,0,36,0,36,27
2012,8,22,7,0,96,0,96,27
2012,8,22,8,0,215,16,206,27
2012,8,22,9,0,450,154,339,28
2012,8,22,10,0,444,95,363,28
2012,8,22,11,0,814,534,315,29
2012,8,22,12,0,520,114,411,29
2012,8,22,13,0,411,50,364,29
2012,8,22,14,0,574,267,352,29
2012,8,22,15,0,113,0,113,28
2012,8,22,16,0,82,0,82,28
2012,8,22,17,0,139,63,120,28
2012,8,22,18,0,4,0,4,27
2012,8,22,19,0,0,0,0,27
2012,8,22,20,0,0,0,0,26
2012,8,22,21,0,0,0,0,26
2012,8,22,22,0,0,0,0,26
2012,8,22,23,0,0,0,0,26
2012,8,23,0,0,0,0,0,26
2012,8,23,1,0,0,0,0,26
2012,8,23,2,0,0,0,0,25
2012,8,23,3,0,0,0,0,25
2012,8,23,4,0,0,0,0,25
2012,8,23,5,0,0,0,0,25
2012,8,23,6,0,26,0,26,26
2012,8,23,7,0,168,70,144,26
2012,8,23,8,0,294,69,256,28
2012,8,23,9,0,389,86,327,29
2012,8,23,10,0,703,456,314,30
2012,8,23,11,0,788,541,284,30
2012,8,23,12,0,882,630,280,31
2012,8,23,13,0,617,234,402,31
2012,8,23,14,0,571,241,371,30
2012,8,23,15,0,573,442,270,30
2012,8,23,16,0,239,61,208,30
2012,8,23,17,0,53,0,53,29
2012,8,23,18,0,4,0,4,28
2012,8,23,19,0,0,0,0,28
2012,8,23,20,0,0,0,0,28
2012,8,23,21,0,0,0,0,28
2012,8,23,22,0,0,0,0,27
2012,8,23,23,0,0,0,0,27
2012,8,24,0,0,0,0,0,27
2012,8,24,1,0,0,0,0,27
2012,8,24,2,0,0,0,0,27
2012,8,24,3,0,0,0,0,26
2012,8,24,4,0,0,0,0,26
2012,8,24,5,0,0,0,0,26
2012,8,24,6,0,8,0,8,27
2012,8,24,7,0,97,0,97,28
2012,8,24,8,0,331,159,244,29
2012,8,24,9,0,394,84,333,30
2012,8,24,10,0,429,43,392,30
2012,8,24,11,0,413,24,390,30
2012,8,24,12,0,414,66,351,30
2012,8,24,13,0,792,582,258,30
2012,8,24,14,0,282,22,263,30
2012,8,24,15,0,108,0,108,30
2012,8,24,16,0,128,0,128,29
2012,8,24,17,0,44,0,44,29
2012,8,24,18,0,4,0,4,28
2012,8,24,19,0,0,0,0,28
2012,8,24,20,0,0,0,0,28
2012,8,24,21,0,0,0,0,27
2012,8,24,22,0,0,0,0,27
2012,8,24,23,0,0,0,0,27
2012,8,25,0,0,0,0,0,26
2012,8,25,1,0,0,0,0,26
2012,8,25,2,0,0,0,0,26
2012,8,25,3,0,0,0,0,26
2012,8,25,4,0,0,0,0,26
2012,8,25,5,0,0,0,0,26
2012,8,25,6,0,32,0,32,26
2012,8,25,7,0,198,163,143,27
2012,8,25,8,0,428,396,213,28
2012,8,25,9,0,508,265,318,30
2012,8,25,10,0,361,44,323,30
2012,8,25,11,0,149,1,148,30
2012,8,25,12,0,238,6,232,30
2012,8,25,13,0,396,45,354,30
2012,8,25,14,0,308,17,294,30
2012,8,25,15,0,133,0,133,30
2012,8,25,16,0,140,0,140,30
2012,8,25,17,0,67,0,67,29
2012,8,25,18,0,3,0,3,29
2012,8,25,19,0,0,0,0,28
2012,8,25,20,0,0,0,0,28
2012,8,25,21,0,0,0,0,28
2012,8,25,22,0,0,0,0,27
2012,8,25,23,0,0,0,0,27
2012,8,26,0,0,0,0,0,27
2012,8,26,1,0,0,0,0,27
2012,8,26,2,0,0,0,0,26
2012,8,26,3,0,0,0,0,26
2012,8,26,4,0,0,0,0,26
2012,8,26,5,0,0,0,0,26
2012,8,26,6,0,17,0,17,26
2012,8,26,7,0,70,0,70,27
2012,8,26,8,0,283,86,236,28
2012,8,26,9,0,307,43,276,29
2012,8,26,10,0,610,282,371,30
2012,8,26,11,0,692,327,389,30
2012,8,26,12,0,745,388,377,31
2012,8,26,13,0,837,616,274,31
2012,8,26,14,0,567,267,348,30
2012,8,26,15,0,290,44,260,30
2012,8,26,16,0,306,161,226,30
2012,8,26,17,0,124,39,113,29
2012,8,26,18,0,3,0,3,28
2012,8,26,19,0,0,0,0,28
2012,8,26,20,0,0,0,0,28
2012,8,26,21,0,0,0,0,27
2012,8,26,22,0,0,0,0,27
2012,8,26,23,0,0,0,0,27
2012,8,27,0,0,0,0,0,26
2012,8,27,1,0,0,0,0,26
2012,8,27,2,0,0,0,0,26
2012,8,27,3,0,0,0,0,26
2012,8,27,4,0,0,0,0,26
2012,8,27,5,0,0,0,0,26
2012,8,27,6,0,39,5,38,27
2012,8,27,7,0,135,13,130,27
2012,8,27,8,0,187,10,181,28
2012,8,27,9,0,526,262,339,29
2012,8,27,10,0,455,96,373,29
2012,8,27,11,0,811,598,258,29
2012,8,27,12,0,803,543,289,30
2012,8,27,13,0,834,616,274,29
2012,8,27,14,0,730,577,258,29
2012,8,27,15,0,569,491,238,29
2012,8,27,16,0,228,56,200,29
2012,8,27,17,0,57,0,57,28
2012,8,27,18,0,2,0,2,28
2012,8,27,19,0,0,0,0,27
2012,8,27,20,0,0,0,0,27
2012,8,27,21,0,0,0,0,27
2012,8,27,22,0,0,0,0,27
2012,8,27,23,0,0,0,0,26
2012,8,28,0,0,0,0,0,26
2012,8,28,1,0,0,0,0,26
2012,8,28,2,0,0,0,0,26
2012,8,28,3,0,0,0,0,26
2012,8,28,4,0,0,0,0,26
2012,8,28,5,0,0,0,0,26
2012,8,28,6,0,8,0,8,26
2012,8,28,7,0,56,0,56,27
2012,8,28,8,0,185,5,182,28
2012,8,28,9,0,250,9,243,29
2012,8,28,10,0,422,80,354,30
2012,8,28,11,0,704,350,381,30
2012,8,28,12,0,783,451,357,30
2012,8,28,13,0,152,5,147,30
2012,8,28,14,0,390,68,334,30
2012,8,28,15,0,439,204,302,30
2012,8,28,16,0,76,0,76,30
2012,8,28,17,0,32,0,32,29
2012,8,28,18,0,2,0,2,28
2012,8,28,19,0,0,0,0,28
2012,8,28,20,0,0,0,0,28
2012,8,28,21,0,0,0,0,27
2012,8,28,22,0,0,0,0,27
2012,8,28,23,0,0,0,0,27
2012,8,29,0,0,0,0,0,27
2012,8,29,1,0,0,0,0,26
2012,8,29,2,0,0,0,0,26
2012,8,29,3,0,0,0,0,26
2012,8,29,4,0,0,0,0,26
2012,8,29,5,0,0,0,0,26
2012,8,29,6,0,17,0,17,26
2012,8,29,7,0,70,0,70,27
2012,8,29,8,0,80,0,80,28
2012,8,29,9,0,121,0,121,29
2012,8,29,10,0,248,7,242,30
2012,8,29,11,0,415,51,368,30
2012,8,29,12,0,621,215,418,30
2012,8,29,13,0,630,236,416,30
2012,8,29,14,0,573,263,359,30
2012,8,29,15,0,547,432,259,30
2012,8,29,16,0,322,232,210,29
2012,8,29,17,0,70,0,70,29
2012,8,29,18,0,2,0,2,28
2012,8,29,19,0,0,0,0,28
2012,8,29,20,0,0,0,0,28
2012,8,29,21,0,0,0,0,27
2012,8,29,22,0,0,0,0,27
2012,8,29,23,0,0,0,0,27
2012,8,30,0,0,0,0,0,27
2012,8,30,1,0,0,0,0,27
2012,8,30,2,0,0,0,0,26
2012,8,30,3,0,0,0,0,26
2012,8,30,4,0,0,0,0,26
2012,8,30,5,0,0,0,0,26
2012,8,30,6,0,7,0,7,27
2012,8,30,7,0,51,0,51,27
2012,8,30,8,0,302,117,239,28
2012,8,30,9,0,231,9,224,29
2012,8,30,10,0,298,15,285,29
2012,8,30,11,0,485,92,400,30
2012,8,30,12,0,419,24,396,30
2012,8,30,13,0,401,26,377,30
2012,8,30,14,0,451,103,367,30
2012,8,30,15,0,447,199,315,30
2012,8,30,16,0,317,204,219,29
2012,8,30,17,0,98,12,94,29
2012,8,30,18,0,2,0,2,28
2012,8,30,19,0,0,0,0,28
2012,8,30,20,0,0,0,0,28
2012,8,30,21,0,0,0,0,28
2012,8,30,22,0,0,0,0,27
2012,8,30,23,0,0,0,0,27
2012,8,31,0,0,0,0,0,27
2012,8,31,1,0,0,0,0,26
2012,8,31,2,0,0,0,0,26
2012,8,31,3,0,0,0,0,26
2012,8,31,4,0,0,0,0,26
2012,8,31,5,0,0,0,0,26
2012,8,31,6,0,29,0,29,27
2012,8,31,7,0,161,56,142,28
2012,8,31,8,0,294,81,250,29
2012,8,31,9,0,485,221,328,29
2012,8,31,10,0,755,586,262,30
2012,8,31,11,0,843,619,275,31
2012,8,31,12,0,726,332,414,32
2012,8,31,13,0,385,45,344,32
2012,8,31,14,0,640,362,348,32
2012,8,31,15,0,559,500,229,31
2012,8,31,16,0,343,328,187,31
2012,8,31,17,0,158,186,109,30
2012,8,31,18,0,1,0,1,30
2012,8,31,19,0,0,0,0,29
2012,8,31,20,0,0,0,0,29
2012,8,31,21,0,0,0,0,29
2012,8,31,22,0,0,0,0,28
2012,8,31,23,0,0,0,0,28
2012,9,1,0,0,0,0,0,28
2012,9,1,1,0,0,0,0,27
2012,9,1,2,0,0,0,0,27
2012,9,1,3,0,0,0,0,27
2012,9,1,4,0,0,0,0,27
2012,9,1,5,0,0,0,0,26
2012,9,1,6,0,44,40,39,27
2012,9,1,7,0,227,309,126,28
2012,9,1,8,0,442,530,159,29
2012,9,1,9,0,592,494,243,30
2012,9,1,10,0,679,416,330,31
2012,9,1,11,0,797,518,322,31
2012,9,1,12,0,463,100,369,32
2012,9,1,13,0,221,11,211,32
2012,9,1,14,0,409,87,339,31
2012,9,1,15,0,577,604,180,31
2012,9,1,16,0,378,488,148,31
2012,9,1,17,0,157,199,105,30
2012,9,1,18,0,2,0,2,29
2012,9,1,19,0,0,0,0,29
2012,9,1,20,0,0,0,0,29
2012,9,1,21,0,0,0,0,29
2012,9,1,22,0,0,0,0,28
2012,9,1,23,0,0,0,0,28
2012,9,2,0,0,0,0,0,28
2012,9,2,1,0,0,0,0,27
2012,9,2,2,0,0,0,0,27
2012,9,2,3,0,0,0,0,27
2012,9,2,4,0,0,0,0,27
2012,9,2,5,0,0,0,0,27
2012,9,2,6,0,42,36,38,28
2012,9,2,7,0,220,282,128,28
2012,9,2,8,0,440,529,159,30
2012,9,2,9,0,462,200,321,31
2012,9,2,10,0,742,570,266,31
2012,9,2,11,0,741,383,391,32
2012,9,2,12,0,226,12,214,32
2012,9,2,13,0,351,20,333,32
2012,9,2,14,0,460,117,366,32
2012,9,2,15,0,271,23,255,31
2012,9,2,16,0,96,0,96,31
2012,9,2,17,0,29,0,29,30
2012,9,2,18,0,1,0,1,29
2012,9,2,19,0,0,0,0,29
2012,9,2,20,0,0,0,0,29
2012,9,2,21,0,0,0,0,28
2012,9,2,22,0,0,0,0,28
2012,9,2,23,0,0,0,0,28
2012,9,3,0,0,0,0,0,27
2012,9,3,1,0,0,0,0,27
2012,9,3,2,0,0,0,0,27
2012,9,3,3,0,0,0,0,27
2012,9,3,4,0,0,0,0,26
2012,9,3,5,0,0,0,0,26
2012,9,3,6,0,41,33,37,27
2012,9,3,7,0,142,34,131,27
2012,9,3,8,0,309,99,256,29
2012,9,3,9,0,482,224,324,30
2012,9,3,10,0,733,556,269,30
2012,9,3,11,0,867,716,214,31
2012,9,3,12,0,890,723,217,31
2012,9,3,13,0,839,639,269,31
2012,9,3,14,0,690,543,257,30
2012,9,3,15,0,411,170,300,30
2012,9,3,16,0,348,348,186,30
2012,9,3,17,0,159,253,95,29
2012,9,3,18,0,1,0,1,28
2012,9,3,19,0,0,0,0,28
2012,9,3,20,0,0,0,0,28
2012,9,3,21,0,0,0,0,27
2012,9,3,22,0,0,0,0,27
2012,9,3,23,0,0,0,0,27
2012,9,4,0,0,0,0,0,26
2012,9,4,1,0,0,0,0,26
2012,9,4,2,0,0,0,0,26
2012,9,4,3,0,0,0,0,26
2012,9,4,4,0,0,0,0,26
2012,9,4,5,0,0,0,0,26
2012,9,4,6,0,36,8,35,26
2012,9,4,7,0,175,113,138,27
2012,9,4,8,0,387,282,238,28
2012,9,4,9,0,188,9,181,29
2012,9,4,10,0,410,44,373,30
2012,9,4,11,0,408,70,344,30
2012,9,4,12,0,770,434,366,30
2012,9,4,13,0,786,565,283,30
2012,9,4,14,0,645,425,308,30
2012,9,4,15,0,561,539,212,30
2012,9,4,16,0,245,98,199,29
2012,9,4,17,0,158,272,91,29
2012,9,4,18,0,1,0,1,28
2012,9,4,19,0,0,0,0,28
2012,9,4,20,0,0,0,0,27
2012,9,4,21,0,0,0,0,27
2012,9,4,22,0,0,0,0,27
2012,9,4,23,0,0,0,0,26
2012,9,5,0,0,0,0,0,26
2012,9,5,1,0,0,0,0,26
2012,9,5,2,0,0,0,0,26
2012,9,5,3,0,0,0,0,26
2012,9,5,4,0,0,0,0,25
2012,9,5,5,0,0,0,0,25
2012,9,5,6,0,34,10,33,26
2012,9,5,7,0,203,227,130,27
2012,9,5,8,0,436,528,159,29
2012,9,5,9,0,626,628,187,30
2012,9,5,10,0,773,685,204,31
2012,9,5,11,0,861,713,214,31
2012,9,5,12,0,883,720,216,31
2012,9,5,13,0,794,566,292,31
2012,9,5,14,0,488,170,353,31
2012,9,5,15,0,299,62,259,30
2012,9,5,16,0,363,478,145,30
2012,9,5,17,0,154,267,90,29
2012,9,5,18,0,1,0,1,28
2012,9,5,19,0,0,0,0,28
2012,9,5,20,0,0,0,0,28
2012,9,5,21,0,0,0,0,27
2012,9,5,22,0,0,0,0,27
2012,9,5,23,0,0,0,0,27
2012,9,6,0,0,0,0,0,26
2012,9,6,1,0,0,0,0,26
2012,9,6,2,0,0,0,0,26
2012,9,6,3,0,0,0,0,26
2012,9,6,4,0,0,0,0,25
2012,9,6,5,0,0,0,0,25
2012,9,6,6,0,36,21,34,26
2012,9,6,7,0,225,354,112,27
2012,9,6,8,0,413,438,183,28
2012,9,6,9,0,544,366,288,29
2012,9,6,10,0,767,601,269,30
2012,9,6,11,0,787,540,298,31
2012,9,6,12,0,839,629,258,31
2012,9,6,13,0,836,707,211,31
2012,9,6,14,0,599,325,343,31
2012,9,6,15,0,561,599,178,30
2012,9,6,16,0,360,477,145,29
2012,9,6,17,0,144,195,97,29
2012,9,6,18,0,0,0,0,28
2012,9,6,19,0,0,0,0,27
2012,9,6,20,0,0,0,0,27
2012,9,6,21,0,0,0,0,27
2012,9,6,22,0,0,0,0,26
2012,9,6,23,0,0,0,0,26
2012,9,7,0,0,0,0,0,26
2012,9,7,1,0,0,0,0,26
2012,9,7,2,0,0,0,0,25
2012,9,7,3,0,0,0,0,25
2012,9,7,4,0,0,0,0,25
2012,9,7,5,0,0,0,0,25
2012,9,7,6,0,27,0,27,25
2012,9,7,7,0,151,64,130,26
2012,9,7,8,0,216,29,200,27
2012,9,7,9,0,603,494,259,28
2012,9,7,10,0,452,93,375,28
2012,9,7,11,0,480,50,434,29
2012,9,7,12,0,596,188,422,29
2012,9,7,13,0,543,146,414,29
2012,9,7,14,0,610,354,332,29
2012,9,7,15,0,550,534,210,28
2012,9,7,16,0,275,158,204,28
2012,9,7,17,0,147,256,87,27
2012,9,7,18,0,0,0,0,27
2012,9,7,19,0,0,0,0,26
2012,9,7,20,0,0,0,0,26
2012,9,7,21,0,0,0,0,26
2012,9,7,22,0,0,0,0,26
2012,9,7,23,0,0,0,0,25
2012,9,8,0,0,0,0,0,25
2012,9,8,1,0,0,0,0,25
2012,9,8,2,0,0,0,0,25
2012,9,8,3,0,0,0,0,25
2012,9,8,4,0,0,0,0,25
2012,9,8,5,0,0,0,0,25
2012,9,8,6,0,23,0,23,25
2012,9,8,7,0,166,100,134,26
2012,9,8,8,0,285,72,247,27
2012,9,8,9,0,399,105,326,28
2012,9,8,10,0,525,172,383,29
2012,9,8,11,0,673,286,415,30
2012,9,8,12,0,873,716,215,30
2012,9,8,13,0,789,591,270,30
2012,9,8,14,0,715,663,198,30
2012,9,8,15,0,544,559,190,29
2012,9,8,16,0,350,468,143,29
2012,9,8,17,0,140,199,94,28
2012,9,8,18,0,0,0,0,28
2012,9,8,19,0,0,0,0,28
2012,9,8,20,0,0,0,0,27
2012,9,8,21,0,0,0,0,27
2012,9,8,22,0,0,0,0,27
2012,9,8,23,0,0,0,0,26
2012,9,9,0,0,0,0,0,26
2012,9,9,1,0,0,0,0,26
2012,9,9,2,0,0,0,0,26
2012,9,9,3,0,0,0,0,26
2012,9,9,4,0,0,0,0,26
2012,9,9,5,0,0,0,0,26
2012,9,9,6,0,32,11,31,26
2012,9,9,7,0,220,349,111,27
2012,9,9,8,0,430,524,158,29
2012,9,9,9,0,619,625,186,30
2012,9,9,10,0,765,682,204,30
2012,9,9,11,0,714,362,389,30
2012,9,9,12,0,679,323,383,30
2012,9,9,13,0,698,372,372,30
2012,9,9,14,0,715,665,198,30
2012,9,9,15,0,550,593,177,30
2012,9,9,16,0,155,20,146,29
2012,9,9,17,0,124,136,93,29
2012,9,9,18,0,0,0,0,28
2012,9,9,19,0,0,0,0,28
2012,9,9,20,0,0,0,0,28
2012,9,9,21,0,0,0,0,27
2012,9,9,22,0,0,0,0,27
2012,9,9,23,0,0,0,0,27
2012,9,10,0,0,0,0,0,26
2012,9,10,1,0,0,0,0,26
2012,9,10,2,0,0,0,0,26
2012,9,10,3,0,0,0,0,26
2012,9,10,4,0,0,0,0,26
2012,9,10,5,0,0,0,0,26
2012,9,10,6,0,31,7,30,26
2012,9,10,7,0,214,295,122,27
2012,9,10,8,0,428,523,157,28
2012,9,10,9,0,617,624,186,29
2012,9,10,10,0,659,389,340,30
2012,9,10,11,0,815,603,275,30
2012,9,10,12,0,829,630,253,30
2012,9,10,13,0,823,703,210,30
2012,9,10,14,0,617,400,307,30
2012,9,10,15,0,485,371,253,30
2012,9,10,16,0,344,465,141,30
2012,9,10,17,0,136,242,83,29
2012,9,10,18,0,0,0,0,28
2012,9,10,19,0,0,0,0,28
2012,9,10,20,0,0,0,0,27
2012,9,10,21,0,0,0,0,27
2012,9,10,22,0,0,0,0,27
2012,9,10,23,0,0,0,0,26
2012,9,11,0,0,0,0,0,26
2012,9,11,1,0,0,0,0,26
2012,9,11,2,0,0,0,0,26
2012,9,11,3,0,0,0,0,26
2012,9,11,4,0,0,0,0,25
2012,9,11,5,0,0,0,0,25
2012,9,11,6,0,19,0,19,26
2012,9,11,7,0,217,273,132,27
2012,9,11,8,0,425,452,192,28
2012,9,11,9,0,371,86,311,30
2012,9,11,10,0,460,101,377,31
2012,9,11,11,0,480,83,405,32
2012,9,11,12,0,586,184,418,32
2012,9,11,13,0,624,268,391,32
2012,9,11,14,0,572,307,335,32
2012,9,11,15,0,367,132,285,31
2012,9,11,16,0,329,373,168,31
2012,9,11,17,0,132,236,81,30
2012,9,11,18,0,0,0,0,28
2012,9,11,19,0,0,0,0,28
2012,9,11,20,0,0,0,0,28
2012,9,11,21,0,0,0,0,28
2012,9,11,22,0,0,0,0,27
2012,9,11,23,0,0,0,0,27
2012,9,12,0,0,0,0,0,27
2012,9,12,1,0,0,0,0,26
2012,9,12,2,0,0,0,0,26
2012,9,12,3,0,0,0,0,26
2012,9,12,4,0,0,0,0,25
2012,9,12,5,0,0,0,0,25
2012,9,12,6,0,28,0,28,26
2012,9,12,7,0,204,264,122,27
2012,9,12,8,0,425,522,157,29
2012,9,12,9,0,615,624,186,30
2012,9,12,10,0,760,683,204,31
2012,9,12,11,0,432,68,371,32
2012,9,12,12,0,575,176,415,32
2012,9,12,13,0,718,421,353,32
2012,9,12,14,0,269,21,252,32
2012,9,12,15,0,142,0,142,31
2012,9,12,16,0,141,1,140,31
2012,9,12,17,0,60,0,60,30
2012,9,12,18,0,0,0,0,29
2012,9,12,19,0,0,0,0,29
2012,9,12,20,0,0,0,0,28
2012,9,12,21,0,0,0,0,28
2012,9,12,22,0,0,0,0,28
2012,9,12,23,0,0,0,0,27
2012,9,13,0,0,0,0,0,27
2012,9,13,1,0,0,0,0,27
2012,9,13,2,0,0,0,0,26
2012,9,13,3,0,0,0,0,26
2012,9,13,4,0,0,0,0,26
2012,9,13,5,0,0,0,0,26
2012,9,13,6,0,27,0,27,27
2012,9,13,7,0,139,50,123,28
2012,9,13,8,0,311,140,239,30
2012,9,13,9,0,568,440,266,31
2012,9,13,10,0,735,598,248,31
2012,9,13,11,0,669,295,407,31
2012,9,13,12,0,720,374,381,32
2012,9,13,13,0,568,190,404,31
2012,9,13,14,0,682,527,280,31
2012,9,13,15,0,267,46,238,31
2012,9,13,16,0,126,0,126,30
2012,9,13,17,0,48,0,48,29
2012,9,13,18,0,0,0,0,29
2012,9,13,19,0,0,0,0,29
2012,9,13,20,0,0,0,0,28
2012,9,13,21,0,0,0,0,28
2012,9,13,22,0,0,0,0,28
2012,9,13,23,0,0,0,0,27
2012,9,14,0,0,0,0,0,27
2012,9,14,1,0,0,0,0,27
2012,9,14,2,0,0,0,0,27
2012,9,14,3,0,0,0,0,26
2012,9,14,4,0,0,0,0,26
2012,9,14,5,0,0,0,0,26
2012,9,14,6,0,25,0,25,26
2012,9,14,7,0,195,233,124,27
2012,9,14,8,0,296,117,236,29
2012,9,14,9,0,552,370,299,30
2012,9,14,10,0,486,134,377,30
2012,9,14,11,0,666,280,418,31
2012,9,14,12,0,321,26,297,31
2012,9,14,13,0,234,11,224,31
2012,9,14,14,0,695,658,196,31
2012,9,14,15,0,528,582,174,31
2012,9,14,16,0,217,80,183,30
2012,9,14,17,0,79,11,76,29
2012,9,14,18,0,0,0,0,29
2012,9,14,19,0,0,0,0,28
2012,9,14,20,0,0,0,0,28
2012,9,14,21,0,0,0,0,28
2012,9,14,22,0,0,0,0,27
2012,9,14,23,0,0,0,0,27
2012,9,15,0,0,0,0,0,27
2012,9,15,1,0,0,0,0,26
2012,9,15,2,0,0,0,0,26
2012,9,15,3,0,0,0,0,26
2012,9,15,4,0,0,0,0,26
2012,9,15,5,0,0,0,0,26
2012,9,15,6,0,21,0,21,26
2012,9,15,7,0,193,231,123,27
2012,9,15,8,0,417,485,170,28
2012,9,15,9,0,607,620,185,29
2012,9,15,10,0,724,598,240,30
2012,9,15,11,0,787,573,281,30
2012,9,15,12,0,650,269,408,30
2012,9,15,13,0,432,80,363,31
2012,9,15,14,0,691,656,196,30
2012,9,15,15,0,524,580,173,30
2012,9,15,16,0,294,273,180,30
2012,9,15,17,0,44,0,44,29
2012,9,15,18,0,0,0,0,28
2012,9,15,19,0,0,0,0,28
2012,9,15,20,0,0,0,0,28
2012,9,15,21,0,0,0,0,28
2012,9,15,22,0,0,0,0,27
2012,9,15,23,0,0,0,0,27
2012,9,16,0,0,0,0,0,27
2012,9,16,1,0,0,0,0,26
2012,9,16,2,0,0,0,0,26
2012,9,16,3,0,0,0,0,26
2012,9,16,4,0,0,0,0,26
2012,9,16,5,0,0,0,0,26
2012,9,16,6,0,23,0,23,26
2012,9,16,7,0,157,106,125,27
2012,9,16,8,0,416,447,190,29
2012,9,16,9,0,607,621,185,30
2012,9,16,10,0,752,681,203,31
2012,9,16,11,0,763,535,292,31
2012,9,16,12,0,712,368,382,31
2012,9,16,13,0,686,414,333,31
2012,9,16,14,0,598,378,314,31
2012,9,16,15,0,516,548,187,30
2012,9,16,16,0,317,389,157,30
2012,9,16,17,0,91,70,77,29
2012,9,16,18,0,0,0,0,29
2012,9,16,19,0,0,0,0,28
2012,9,16,20,0,0,0,0,28
2012,9,16,21,0,0,0,0,27
2012,9,16,22,0,0,0,0,27
2012,9,16,23,0,0,0,0,26
2012,9,17,0,0,0,0,0,26
2012,9,17,1,0,0,0,0,26
2012,9,17,2,0,0,0,0,26
2012,9,17,3,0,0,0,0,26
2012,9,17,4,0,0,0,0,26
2012,9,17,5,0,0,0,0,26
2012,9,17,6,0,25,0,25,26
2012,9,17,7,0,161,89,134,27
2012,9,17,8,0,272,87,228,28
2012,9,17,9,0,547,395,280,29
2012,9,17,10,0,559,243,363,30
2012,9,17,11,0,388,28,363,30
2012,9,17,12,0,383,22,363,30
2012,9,17,13,0,493,126,386,30
2012,9,17,14,0,673,537,271,30
2012,9,17,15,0,324,99,264,29
2012,9,17,16,0,316,444,136,28
2012,9,17,17,0,71,17,67,28
2012,9,17,18,0,0,0,0,27
2012,9,17,19,0,0,0,0,27
2012,9,17,20,0,0,0,0,26
2012,9,17,21,0,0,0,0,26
2012,9,17,22,0,0,0,0,26
2012,9,17,23,0,0,0,0,25
2012,9,18,0,0,0,0,0,25
2012,9,18,1,0,0,0,0,25
2012,9,18,2,0,0,0,0,25
2012,9,18,3,0,0,0,0,25
2012,9,18,4,0,0,0,0,25
2012,9,18,5,0,0,0,0,25
2012,9,18,6,0,17,0,17,25
2012,9,18,7,0,61,0,61,26
2012,9,18,8,0,309,163,227,27
2012,9,18,9,0,538,353,300,28
2012,9,18,10,0,332,38,301,29
2012,9,18,11,0,261,3,258,30
2012,9,18,12,0,326,16,311,30
2012,9,18,13,0,547,195,382,30
2012,9,18,14,0,603,385,316,30
2012,9,18,15,0,442,292,269,29
2012,9,18,16,0,57,0,57,29
2012,9,18,17,0,77,33,70,28
2012,9,18,18,0,0,0,0,27
2012,9,18,19,0,0,0,0,27
2012,9,18,20,0,0,0,0,26
2012,9,18,21,0,0,0,0,26
2012,9,18,22,0,0,0,0,26
2012,9,18,23,0,0,0,0,25
2012,9,19,0,0,0,0,0,25
2012,9,19,1,0,0,0,0,25
2012,9,19,2,0,0,0,0,24
2012,9,19,3,0,0,0,0,24
2012,9,19,4,0,0,0,0,24
2012,9,19,5,0,0,0,0,24
2012,9,19,6,0,19,0,19,24
2012,9,19,7,0,197,298,109,25
2012,9,19,8,0,404,478,165,27
2012,9,19,9,0,588,587,193,29
2012,9,19,10,0,745,661,217,30
2012,9,19,11,0,834,672,248,31
2012,9,19,12,0,716,380,379,31
2012,9,19,13,0,558,196,393,31
2012,9,19,14,0,589,362,321,31
2012,9,19,15,0,506,552,181,30
2012,9,19,16,0,314,449,136,30
2012,9,19,17,0,93,93,76,29
2012,9,19,18,0,0,0,0,27
2012,9,19,19,0,0,0,0,27
2012,9,19,20,0,0,0,0,26
2012,9,19,21,0,0,0,0,26
2012,9,19,22,0,0,0,0,25
2012,9,19,23,0,0,0,0,25
2012,9,20,0,0,0,0,0,24
2012,9,20,1,0,0,0,0,24
2012,9,20,2,0,0,0,0,24
2012,9,20,3,0,0,0,0,23
2012,9,20,4,0,0,0,0,23
2012,9,20,5,0,0,0,0,22
2012,9,20,6,0,22,0,22,24
2012,9,20,7,0,206,346,104,25
2012,9,20,8,0,424,533,158,28
2012,9,20,9,0,602,622,185,30
2012,9,20,10,0,719,645,205,31
2012,9,20,11,0,801,657,230,31
2012,9,20,12,0,810,611,270,31
2012,9,20,13,0,809,705,218,31
2012,9,20,14,0,644,552,238,31
2012,9,20,15,0,480,472,204,30
2012,9,20,16,0,281,304,161,29
2012,9,20,17,0,84,66,72,28
2012,9,20,18,0,0,0,0,27
2012,9,20,19,0,0,0,0,27
2012,9,20,20,0,0,0,0,26
2012,9,20,21,0,0,0,0,26
2012,9,20,22,0,0,0,0,25
2012,9,20,23,0,0,0,0,25
2012,9,21,0,0,0,0,0,24
2012,9,21,1,0,0,0,0,24
2012,9,21,2,0,0,0,0,23
2012,9,21,3,0,0,0,0,23
2012,9,21,4,0,0,0,0,23
2012,9,21,5,0,0,0,0,22
2012,9,21,6,0,20,0,20,23
2012,9,21,7,0,214,356,110,25
2012,9,21,8,0,431,546,160,27
2012,9,21,9,0,610,649,177,30
2012,9,21,10,0,772,712,208,31
2012,9,21,11,0,858,740,217,32
2012,9,21,12,0,874,745,218,32
2012,9,21,13,0,819,727,213,32
2012,9,21,14,0,699,683,199,32
2012,9,21,15,0,524,601,175,31
2012,9,21,16,0,307,417,145,30
2012,9,21,17,0,84,82,69,28
2012,9,21,18,0,0,0,0,28
2012,9,21,19,0,0,0,0,27
2012,9,21,20,0,0,0,0,26
2012,9,21,21,0,0,0,0,26
2012,9,21,22,0,0,0,0,25
2012,9,21,23,0,0,0,0,25
2012,9,22,0,0,0,0,0,24
2012,9,22,1,0,0,0,0,24
2012,9,22,2,0,0,0,0,23
2012,9,22,3,0,0,0,0,23
2012,9,22,4,0,0,0,0,23
2012,9,22,5,0,0,0,0,22
2012,9,22,6,0,19,0,19,23
2012,9,22,7,0,210,349,109,25
2012,9,22,8,0,425,539,159,27
2012,9,22,9,0,618,646,189,29
2012,9,22,10,0,765,705,207,31
2012,9,22,11,0,850,734,216,32
2012,9,22,12,0,866,739,217,32
2012,9,22,13,0,811,721,212,32
2012,9,22,14,0,690,676,198,32
2012,9,22,15,0,516,594,174,31
2012,9,22,16,0,302,414,143,30
2012,9,22,17,0,79,71,67,29
2012,9,22,18,0,0,0,0,27
2012,9,22,19,0,0,0,0,27
2012,9,22,20,0,0,0,0,26
2012,9,22,21,0,0,0,0,26
2012,9,22,22,0,0,0,0,25
2012,9,22,23,0,0,0,0,25
2012,9,23,0,0,0,0,0,24
2012,9,23,1,0,0,0,0,23
2012,9,23,2,0,0,0,0,23
2012,9,23,3,0,0,0,0,23
2012,9,23,4,0,0,0,0,22
2012,9,23,5,0,0,0,0,22
2012,9,23,6,0,18,0,18,23
2012,9,23,7,0,209,349,109,24
2012,9,23,8,0,425,541,159,26
2012,9,23,9,0,618,647,189,29
2012,9,23,10,0,764,707,207,31
2012,9,23,11,0,848,734,216,32
2012,9,23,12,0,862,738,217,32
2012,9,23,13,0,806,719,211,32
2012,9,23,14,0,684,673,197,32
2012,9,23,15,0,510,590,173,31
2012,9,23,16,0,298,410,142,30
2012,9,23,17,0,74,59,64,28
2012,9,23,18,0,0,0,0,27
2012,9,23,19,0,0,0,0,27
2012,9,23,20,0,0,0,0,26
2012,9,23,21,0,0,0,0,25
2012,9,23,22,0,0,0,0,25
2012,9,23,23,0,0,0,0,24
2012,9,24,0,0,0,0,0,24
2012,9,24,1,0,0,0,0,23
2012,9,24,2,0,0,0,0,23
2012,9,24,3,0,0,0,0,22
2012,9,24,4,0,0,0,0,22
2012,9,24,5,0,0,0,0,21
2012,9,24,6,0,16,0,16,22
2012,9,24,7,0,207,347,108,24
2012,9,24,8,0,422,539,158,26
2012,9,24,9,0,614,645,188,28
2012,9,24,10,0,760,705,206,30
2012,9,24,11,0,844,733,215,31
2012,9,24,12,0,858,737,217,32
2012,9,24,13,0,802,718,211,32
2012,9,24,14,0,680,672,197,31
2012,9,24,15,0,505,588,172,31
2012,9,24,16,0,293,406,140,30
2012,9,24,17,0,74,68,63,28
2012,9,24,18,0,0,0,0,27
2012,9,24,19,0,0,0,0,26
2012,9,24,20,0,0,0,0,26
2012,9,24,21,0,0,0,0,25
2012,9,24,22,0,0,0,0,24
2012,9,24,23,0,0,0,0,24
2012,9,25,0,0,0,0,0,23
2012,9,25,1,0,0,0,0,23
2012,9,25,2,0,0,0,0,22
2012,9,25,3,0,0,0,0,22
2012,9,25,4,0,0,0,0,21
2012,9,25,5,0,0,0,0,21
2012,9,25,6,0,15,0,15,22
2012,9,25,7,0,198,343,101,24
2012,9,25,8,0,419,536,158,26
2012,9,25,9,0,610,642,188,29
2012,9,25,10,0,755,701,206,30
2012,9,25,11,0,838,729,215,31
2012,9,25,12,0,851,733,216,32
2012,9,25,13,0,795,714,210,32
2012,9,25,14,0,673,667,196,32
2012,9,25,15,0,499,582,171,31
2012,9,25,16,0,289,402,140,30
2012,9,25,17,0,70,57,61,28
2012,9,25,18,0,0,0,0,27
2012,9,25,19,0,0,0,0,27
2012,9,25,20,0,0,0,0,26
2012,9,25,21,0,0,0,0,26
2012,9,25,22,0,0,0,0,25
2012,9,25,23,0,0,0,0,25
2012,9,26,0,0,0,0,0,24
2012,9,26,1,0,0,0,0,23
2012,9,26,2,0,0,0,0,23
2012,9,26,3,0,0,0,0,23
2012,9,26,4,0,0,0,0,22
2012,9,26,5,0,0,0,0,22
2012,9,26,6,0,14,0,14,23
2012,9,26,7,0,196,336,101,24
2012,9,26,8,0,413,529,157,27
2012,9,26,9,0,604,637,187,29
2012,9,26,10,0,748,696,205,30
2012,9,26,11,0,830,724,214,32
2012,9,26,12,0,844,728,215,32
2012,9,26,13,0,787,709,209,32
2012,9,26,14,0,666,662,195,32
2012,9,26,15,0,492,577,170,31
2012,9,26,16,0,285,399,139,30
2012,9,26,17,0,70,67,60,28
2012,9,26,18,0,0,0,0,27
2012,9,26,19,0,0,0,0,27
2012,9,26,20,0,0,0,0,26
2012,9,26,21,0,0,0,0,26
2012,9,26,22,0,0,0,0,25
2012,9,26,23,0,0,0,0,24
2012,9,27,0,0,0,0,0,24
2012,9,27,1,0,0,0,0,23
2012,9,27,2,0,0,0,0,23
2012,9,27,3,0,0,0,0,22
2012,9,27,4,0,0,0,0,22
2012,9,27,5,0,0,0,0,21
2012,9,27,6,0,13,0,13,22
2012,9,27,7,0,193,329,101,24
2012,9,27,8,0,407,537,148,26
2012,9,27,9,0,596,644,175,29
2012,9,27,10,0,756,706,206,31
2012,9,27,11,0,837,734,215,32
2012,9,27,12,0,849,736,216,32
2012,9,27,13,0,790,715,210,32
2012,9,27,14,0,666,666,195,32
2012,9,27,15,0,490,578,170,31
2012,9,27,16,0,280,395,137,30
2012,9,27,17,0,61,38,55,28
2012,9,27,18,0,0,0,0,28
2012,9,27,19,0,0,0,0,27
2012,9,27,20,0,0,0,0,26
2012,9,27,21,0,0,0,0,26
2012,9,27,22,0,0,0,0,25
2012,9,27,23,0,0,0,0,25
2012,9,28,0,0,0,0,0,24
2012,9,28,1,0,0,0,0,23
2012,9,28,2,0,0,0,0,23
2012,9,28,3,0,0,0,0,22
2012,9,28,4,0,0,0,0,22
2012,9,28,5,0,0,0,0,22
2012,9,28,6,0,11,0,11,22
2012,9,28,7,0,191,325,101,24
2012,9,28,8,0,414,534,157,27
2012,9,28,9,0,593,643,175,30
2012,9,28,10,0,751,703,206,31
2012,9,28,11,0,834,732,215,32
2012,9,28,12,0,847,736,216,33
2012,9,28,13,0,789,716,210,33
2012,9,28,14,0,665,668,195,32
2012,9,28,15,0,488,579,170,31
2012,9,28,16,0,276,391,136,30
2012,9,28,17,0,56,29,51,29
2012,9,28,18,0,0,0,0,28
2012,9,28,19,0,0,0,0,27
2012,9,28,20,0,0,0,0,26
2012,9,28,21,0,0,0,0,26
2012,9,28,22,0,0,0,0,25
2012,9,28,23,0,0,0,0,25
2012,9,29,0,0,0,0,0,24
2012,9,29,1,0,0,0,0,24
2012,9,29,2,0,0,0,0,23
2012,9,29,3,0,0,0,0,23
2012,9,29,4,0,0,0,0,22
2012,9,29,5,0,0,0,0,22
2012,9,29,6,0,10,0,10,23
2012,9,29,7,0,198,337,106,24
2012,9,29,8,0,413,534,157,27
2012,9,29,9,0,590,643,173,29
2012,9,29,10,0,749,704,206,32
2012,9,29,11,0,830,731,215,33
2012,9,29,12,0,842,734,216,33
2012,9,29,13,0,783,713,209,33
2012,9,29,14,0,658,664,194,32
2012,9,29,15,0,482,575,169,31
2012,9,29,16,0,270,379,136,30
2012,9,29,17,0,52,21,49,28
2012,9,29,18,0,0,0,0,27
2012,9,29,19,0,0,0,0,27
2012,9,29,20,0,0,0,0,26
2012,9,29,21,0,0,0,0,25
2012,9,29,22,0,0,0,0,25
2012,9,29,23,0,0,0,0,24
2012,9,30,0,0,0,0,0,24
2012,9,30,1,0,0,0,0,23
2012,9,30,2,0,0,0,0,23
2012,9,30,3,0,0,0,0,22
2012,9,30,4,0,0,0,0,22
2012,9,30,5,0,0,0,0,21
2012,9,30,6,0,9,0,9,22
2012,9,30,7,0,195,332,105,24
2012,9,30,8,0,408,529,156,26
2012,9,30,9,0,599,639,187,29
2012,9,30,10,0,743,699,205,31
2012,9,30,11,0,824,728,214,32
2012,9,30,12,0,836,731,215,33
2012,9,30,13,0,778,711,209,33
2012,9,30,14,0,654,662,194,32
2012,9,30,15,0,478,573,168,32
2012,9,30,16,0,264,368,136,31
2012,9,30,17,0,53,28,49,28
2012,9,30,18,0,0,0,0,27
2012,9,30,19,0,0,0,0,27
2012,9,30,20,0,0,0,0,26
2012,9,30,21,0,0,0,0,26
2012,9,30,22,0,0,0,0,25
2012,9,30,23,0,0,0,0,25
2012,10,1,0,0,0,0,0,24
2012,10,1,1,0,0,0,0,24
2012,10,1,2,0,0,0,0,23
2012,10,1,3,0,0,0,0,23
2012,10,1,4,0,0,0,0,22
2012,10,1,5,0,0,0,0,22
2012,10,1,6,0,6,0,6,23
2012,10,1,7,0,169,142,130,24
2012,10,1,8,0,382,367,208,27
2012,10,1,9,0,568,494,251,29
2012,10,1,10,0,709,560,280,32
2012,10,1,11,0,789,592,295,33
2012,10,1,12,0,800,596,296,33
2012,10,1,13,0,742,573,286,33
2012,10,1,14,0,621,519,263,32
2012,10,1,15,0,449,424,222,31
2012,10,1,16,0,247,210,174,30
2012,10,1,17,0,40,0,40,29
2012,10,1,18,0,0,0,0,28
2012,10,1,19,0,0,0,0,27
2012,10,1,20,0,0,0,0,26
2012,10,1,21,0,0,0,0,26
2012,10,1,22,0,0,0,0,25
2012,10,1,23,0,0,0,0,25
2012,10,2,0,0,0,0,0,24
2012,10,2,1,0,0,0,0,24
2012,10,2,2,0,0,0,0,23
2012,10,2,3,0,0,0,0,23
2012,10,2,4,0,0,0,0,22
2012,10,2,5,0,0,0,0,22
2012,10,2,6,0,7,0,7,23
2012,10,2,7,0,167,138,130,24
2012,10,2,8,0,378,376,201,27
2012,10,2,9,0,563,489,250,30
2012,10,2,10,0,702,555,279,32
2012,10,2,11,0,781,587,293,33
2012,10,2,12,0,792,591,295,33
2012,10,2,13,0,734,568,285,33
2012,10,2,14,0,613,513,261,33
2012,10,2,15,0,441,417,219,32
2012,10,2,16,0,237,189,172,31
2012,10,2,17,0,36,0,36,29
2012,10,2,18,0,0,0,0,28
2012,10,2,19,0,0,0,0,27
2012,10,2,20,0,0,0,0,27
2012,10,2,21,0,0,0,0,27
2012,10,2,22,0,0,0,0,26
2012,10,2,23,0,0,0,0,26
2012,10,3,0,0,0,0,0,25
2012,10,3,1,0,0,0,0,25
2012,10,3,2,0,0,0,0,24
2012,10,3,3,0,0,0,0,24
2012,10,3,4,0,0,0,0,24
2012,10,3,5,0,0,0,0,23
2012,10,3,6,0,4,0,4,24
2012,10,3,7,0,99,18,94,25
2012,10,3,8,0,372,369,199,27
2012,10,3,9,0,556,484,248,30
2012,10,3,10,0,697,552,278,32
2012,10,3,11,0,777,585,292,32
2012,10,3,12,0,789,591,294,33
2012,10,3,13,0,733,568,284,32
2012,10,3,14,0,612,515,261,32
2012,10,3,15,0,441,420,220,31
2012,10,3,16,0,232,182,171,30
2012,10,3,17,0,33,0,33,28
2012,10,3,18,0,0,0,0,27
2012,10,3,19,0,0,0,0,27
2012,10,3,20,0,0,0,0,26
2012,10,3,21,0,0,0,0,26
2012,10,3,22,0,0,0,0,25
2012,10,3,23,0,0,0,0,24
2012,10,4,0,0,0,0,0,24
2012,10,4,1,0,0,0,0,23
2012,10,4,2,0,0,0,0,23
2012,10,4,3,0,0,0,0,22
2012,10,4,4,0,0,0,0,22
2012,10,4,5,0,0,0,0,21
2012,10,4,6,0,4,0,4,22
2012,10,4,7,0,162,132,127,24
2012,10,4,8,0,375,361,206,27
2012,10,4,9,0,560,489,250,30
2012,10,4,10,0,700,557,279,31
2012,10,4,11,0,780,590,293,32
2012,10,4,12,0,791,595,295,33
2012,10,4,13,0,733,571,285,33
2012,10,4,14,0,610,515,261,32
2012,10,4,15,0,437,417,218,31
2012,10,4,16,0,232,190,169,30
2012,10,4,17,0,30,0,30,28
2012,10,4,18,0,0,0,0,27
2012,10,4,19,0,0,0,0,27
2012,10,4,20,0,0,0,0,26
2012,10,4,21,0,0,0,0,25
2012,10,4,22,0,0,0,0,25
2012,10,4,23,0,0,0,0,24
2012,10,5,0,0,0,0,0,23
2012,10,5,1,0,0,0,0,23
2012,10,5,2,0,0,0,0,22
2012,10,5,3,0,0,0,0,21
2012,10,5,4,0,0,0,0,21
2012,10,5,5,0,0,0,0,20
2012,10,5,6,0,5,0,5,21
2012,10,5,7,0,164,141,127,23
2012,10,5,8,0,372,359,205,25
2012,10,5,9,0,565,497,252,28
2012,10,5,10,0,707,566,281,30
2012,10,5,11,0,788,600,296,31
2012,10,5,12,0,800,605,298,32
2012,10,5,13,0,741,581,287,32
2012,10,5,14,0,617,526,263,32
2012,10,5,15,0,434,404,224,31
2012,10,5,16,0,226,182,166,29
2012,10,5,17,0,30,0,30,27
2012,10,5,18,0,0,0,0,26
2012,10,5,19,0,0,0,0,26
2012,10,5,20,0,0,0,0,25
2012,10,5,21,0,0,0,0,24
2012,10,5,22,0,0,0,0,24
2012,10,5,23,0,0,0,0,23
2012,10,6,0,0,0,0,0,22
2012,10,6,1,0,0,0,0,22
2012,10,6,2,0,0,0,0,21
2012,10,6,3,0,0,0,0,21
2012,10,6,4,0,0,0,0,20
2012,10,6,5,0,0,0,0,20
2012,10,6,6,0,4,0,4,21
2012,10,6,7,0,161,137,125,23
2012,10,6,8,0,370,357,205,25
2012,10,6,9,0,559,498,246,28
2012,10,6,10,0,705,557,287,31
2012,10,6,11,0,790,603,297,32
2012,10,6,12,0,799,606,298,33
2012,10,6,13,0,738,581,287,32
2012,10,6,14,0,613,523,262,32
2012,10,6,15,0,429,401,222,31
2012,10,6,16,0,220,175,163,30
2012,10,6,17,0,24,0,24,28
2012,10,6,18,0,0,0,0,27
2012,10,6,19,0,0,0,0,26
2012,10,6,20,0,0,0,0,25
2012,10,6,21,0,0,0,0,24
2012,10,6,22,0,0,0,0,24
2012,10,6,23,0,0,0,0,23
2012,10,7,0,0,0,0,0,23
2012,10,7,1,0,0,0,0,22
2012,10,7,2,0,0,0,0,21
2012,10,7,3,0,0,0,0,21
2012,10,7,4,0,0,0,0,20
2012,10,7,5,0,0,0,0,20
2012,10,7,6,0,3,0,3,21
2012,10,7,7,0,159,133,124,23
2012,10,7,8,0,367,355,204,25
2012,10,7,9,0,556,497,245,28
2012,10,7,10,0,702,555,287,31
2012,10,7,11,0,784,599,296,32
2012,10,7,12,0,794,604,297,32
2012,10,7,13,0,734,579,287,32
2012,10,7,14,0,604,522,256,32
2012,10,7,15,0,424,398,221,31
2012,10,7,16,0,215,167,162,29
2012,10,7,17,0,21,0,21,27
2012,10,7,18,0,0,0,0,26
2012,10,7,19,0,0,0,0,25
2012,10,7,20,0,0,0,0,25
2012,10,7,21,0,0,0,0,24
2012,10,7,22,0,0,0,0,24
2012,10,7,23,0,0,0,0,23
2012,10,8,0,0,0,0,0,23
2012,10,8,1,0,0,0,0,22
2012,10,8,2,0,0,0,0,21
2012,10,8,3,0,0,0,0,21
2012,10,8,4,0,0,0,0,20
2012,10,8,5,0,0,0,0,20
2012,10,8,6,0,3,0,3,21
2012,10,8,7,0,157,130,124,23
2012,10,8,8,0,365,353,204,25
2012,10,8,9,0,557,493,250,28
2012,10,8,10,0,697,561,279,30
2012,10,8,11,0,775,594,294,32
2012,10,8,12,0,784,597,295,32
2012,10,8,13,0,724,572,284,32
2012,10,8,14,0,599,514,259,31
2012,10,8,15,0,420,394,220,30
2012,10,8,16,0,209,160,159,29
2012,10,8,17,0,19,0,19,27
2012,10,8,18,0,0,0,0,26
2012,10,8,19,0,0,0,0,25
2012,10,8,20,0,0,0,0,25
2012,10,8,21,0,0,0,0,24
2012,10,8,22,0,0,0,0,24
2012,10,8,23,0,0,0,0,23
2012,10,9,0,0,0,0,0,23
2012,10,9,1,0,0,0,0,22
2012,10,9,2,0,0,0,0,22
2012,10,9,3,0,0,0,0,21
2012,10,9,4,0,0,0,0,21
2012,10,9,5,0,0,0,0,20
2012,10,9,6,0,2,0,2,21
2012,10,9,7,0,154,126,122,23
2012,10,9,8,0,362,351,203,25
2012,10,9,9,0,547,484,247,29
2012,10,9,10,0,687,553,277,31
2012,10,9,11,0,765,587,292,32
2012,10,9,12,0,775,591,294,32
2012,10,9,13,0,715,567,283,31
2012,10,9,14,0,592,509,258,31
2012,10,9,15,0,415,391,219,30
2012,10,9,16,0,210,168,158,29
2012,10,9,17,0,19,0,19,27
2012,10,9,18,0,0,0,0,26
2012,10,9,19,0,0,0,0,25
2012,10,9,20,0,0,0,0,25
2012,10,9,21,0,0,0,0,24
2012,10,9,22,0,0,0,0,24
2012,10,9,23,0,0,0,0,23
2012,10,10,0,0,0,0,0,22
2012,10,10,1,0,0,0,0,22
2012,10,10,2,0,0,0,0,21
2012,10,10,3,0,0,0,0,21
2012,10,10,4,0,0,0,0,21
2012,10,10,5,0,0,0,0,20
2012,10,10,6,0,2,0,2,21
2012,10,10,7,0,147,99,122,22
2012,10,10,8,0,359,347,202,25
2012,10,10,9,0,543,481,246,28
2012,10,10,10,0,680,549,276,30
2012,10,10,11,0,758,582,290,30
2012,10,10,12,0,766,585,292,30
2012,10,10,13,0,706,560,281,29
2012,10,10,14,0,583,502,256,29
2012,10,10,15,0,410,388,217,28
2012,10,10,16,0,199,146,154,28
2012,10,10,17,0,16,0,16,26
2012,10,10,18,0,0,0,0,25
2012,10,10,19,0,0,0,0,24
2012,10,10,20,0,0,0,0,24
2012,10,10,21,0,0,0,0,23
2012,10,10,22,0,0,0,0,22
2012,10,10,23,0,0,0,0,22
2012,10,11,0,0,0,0,0,21
2012,10,11,1,0,0,0,0,21
2012,10,11,2,0,0,0,0,20
2012,10,11,3,0,0,0,0,20
2012,10,11,4,0,0,0,0,20
2012,10,11,5,0,0,0,0,19
2012,10,11,6,0,1,0,1,20
2012,10,11,7,0,145,96,121,22
2012,10,11,8,0,355,343,201,25
2012,10,11,9,0,539,479,245,28
2012,10,11,10,0,680,551,276,30
2012,10,11,11,0,757,583,291,31
2012,10,11,12,0,766,587,292,31
2012,10,11,13,0,705,561,281,30
2012,10,11,14,0,581,502,255,30
2012,10,11,15,0,406,385,216,29
2012,10,11,16,0,194,161,145,28
2012,10,11,17,0,14,0,14,27
2012,10,11,18,0,0,0,0,26
2012,10,11,19,0,0,0,0,25
2012,10,11,20,0,0,0,0,25
2012,10,11,21,0,0,0,0,24
2012,10,11,22,0,0,0,0,24
2012,10,11,23,0,0,0,0,23
2012,10,12,0,0,0,0,0,22
2012,10,12,1,0,0,0,0,22
2012,10,12,2,0,0,0,0,21
2012,10,12,3,0,0,0,0,21
2012,10,12,4,0,0,0,0,20
2012,10,12,5,0,0,0,0,20
2012,10,12,6,0,1,0,1,21
2012,10,12,7,0,142,93,119,23
2012,10,12,8,0,352,341,200,25
2012,10,12,9,0,534,474,244,28
2012,10,12,10,0,670,543,274,30
2012,10,12,11,0,747,576,288,32
2012,10,12,12,0,756,580,290,32
2012,10,12,13,0,695,554,279,32
2012,10,12,14,0,572,496,253,31
2012,10,12,15,0,400,392,209,30
2012,10,12,16,0,188,153,142,29
2012,10,12,17,0,12,0,12,27
2012,10,12,18,0,0,0,0,26
2012,10,12,19,0,0,0,0,26
2012,10,12,20,0,0,0,0,25
2012,10,12,21,0,0,0,0,24
2012,10,12,22,0,0,0,0,23
2012,10,12,23,0,0,0,0,23
2012,10,13,0,0,0,0,0,22
2012,10,13,1,0,0,0,0,22
2012,10,13,2,0,0,0,0,21
2012,10,13,3,0,0,0,0,21
2012,10,13,4,0,0,0,0,20
2012,10,13,5,0,0,0,0,20
2012,10,13,6,0,1,0,1,21
2012,10,13,7,0,140,90,118,23
2012,10,13,8,0,349,354,193,25
2012,10,13,9,0,530,472,243,28
2012,10,13,10,0,666,541,273,30
2012,10,13,11,0,742,573,288,30
2012,10,13,12,0,750,577,289,30
2012,10,13,13,0,690,552,278,30
2012,10,13,14,0,568,493,252,30
2012,10,13,15,0,396,389,207,29
2012,10,13,16,0,183,146,140,28
2012,10,13,17,0,12,0,12,26
2012,10,13,18,0,0,0,0,25
2012,10,13,19,0,0,0,0,25
2012,10,13,20,0,0,0,0,24
2012,10,13,21,0,0,0,0,23
2012,10,13,22,0,0,0,0,23
2012,10,13,23,0,0,0,0,22
2012,10,14,0,0,0,0,0,22
2012,10,14,1,0,0,0,0,21
2012,10,14,2,0,0,0,0,21
2012,10,14,3,0,0,0,0,20
2012,10,14,4,0,0,0,0,20
2012,10,14,5,0,0,0,0,20
2012,10,14,6,0,1,0,1,20
2012,10,14,7,0,142,98,118,22
2012,10,14,8,0,345,350,191,25
2012,10,14,9,0,525,468,242,27
2012,10,14,10,0,660,536,272,30
2012,10,14,11,0,735,569,286,30
2012,10,14,12,0,743,572,288,30
2012,10,14,13,0,682,547,276,30
2012,10,14,14,0,560,487,250,30
2012,10,14,15,0,389,383,205,30
2012,10,14,16,0,184,155,139,28
2012,10,14,17,0,10,0,10,27
2012,10,14,18,0,0,0,0,26
2012,10,14,19,0,0,0,0,25
2012,10,14,20,0,0,0,0,25
2012,10,14,21,0,0,0,0,24
2012,10,14,22,0,0,0,0,23
2012,10,14,23,0,0,0,0,23
2012,10,15,0,0,0,0,0,22
2012,10,15,1,0,0,0,0,22
2012,10,15,2,0,0,0,0,21
2012,10,15,3,0,0,0,0,21
2012,10,15,4,0,0,0,0,21
2012,10,15,5,0,0,0,0,20
2012,10,15,6,0,0,0,0,21
2012,10,15,7,0,139,94,116,23
2012,10,15,8,0,344,351,191,25
2012,10,15,9,0,524,469,242,28
2012,10,15,10,0,660,539,272,31
2012,10,15,11,0,736,572,287,31
2012,10,15,12,0,743,575,288,32
2012,10,15,13,0,683,549,277,31
2012,10,15,14,0,439,188,320,31
2012,10,15,15,0,386,382,205,30
2012,10,15,16,0,179,147,137,29
2012,10,15,17,0,8,0,8,27
2012,10,15,18,0,0,0,0,26
2012,10,15,19,0,0,0,0,25
2012,10,15,20,0,0,0,0,24
2012,10,15,21,0,0,0,0,23
2012,10,15,22,0,0,0,0,23
2012,10,15,23,0,0,0,0,22
2012,10,16,0,0,0,0,0,21
2012,10,16,1,0,0,0,0,21
2012,10,16,2,0,0,0,0,20
2012,10,16,3,0,0,0,0,20
2012,10,16,4,0,0,0,0,19
2012,10,16,5,0,0,0,0,19
2012,10,16,6,0,0,0,0,20
2012,10,16,7,0,141,113,114,21
2012,10,16,8,0,248,97,206,24
2012,10,16,9,0,521,468,242,28
2012,10,16,10,0,656,537,272,30
2012,10,16,11,0,729,568,286,30
2012,10,16,12,0,735,570,287,30
2012,10,16,13,0,673,543,275,29
2012,10,16,14,0,551,482,249,28
2012,10,16,15,0,381,377,203,29
2012,10,16,16,0,174,139,135,27
2012,10,16,17,0,5,0,5,25
2012,10,16,18,0,0,0,0,25
2012,10,16,19,0,0,0,0,24
2012,10,16,20,0,0,0,0,23
2012,10,16,21,0,0,0,0,23
2012,10,16,22,0,0,0,0,22
2012,10,16,23,0,0,0,0,22
2012,10,17,0,0,0,0,0,21
2012,10,17,1,0,0,0,0,21
2012,10,17,2,0,0,0,0,20
2012,10,17,3,0,0,0,0,20
2012,10,17,4,0,0,0,0,20
2012,10,17,5,0,0,0,0,19
2012,10,17,6,0,0,0,0,20
2012,10,17,7,0,134,88,113,22
2012,10,17,8,0,339,332,196,24
2012,10,17,9,0,520,470,240,27
2012,10,17,10,0,657,540,272,29
2012,10,17,11,0,732,573,287,30
2012,10,17,12,0,738,575,288,30
2012,10,17,13,0,675,525,291,30
2012,10,17,14,0,549,477,252,29
2012,10,17,15,0,365,296,226,28
2012,10,17,16,0,151,78,129,27
2012,10,17,17,0,5,0,5,26
2012,10,17,18,0,0,0,0,25
2012,10,17,19,0,0,0,0,25
2012,10,17,20,0,0,0,0,24
2012,10,17,21,0,0,0,0,23
2012,10,17,22,0,0,0,0,23
2012,10,17,23,0,0,0,0,22
2012,10,18,0,0,0,0,0,22
2012,10,18,1,0,0,0,0,21
2012,10,18,2,0,0,0,0,20
2012,10,18,3,0,0,0,0,20
2012,10,18,4,0,0,0,0,19
2012,10,18,5,0,0,0,0,19
2012,10,18,6,0,0,0,0,19
2012,10,18,7,0,126,73,109,22
2012,10,18,8,0,331,288,208,23
2012,10,18,9,0,511,450,245,26
2012,10,18,10,0,649,524,277,30
2012,10,18,11,0,732,570,291,31
2012,10,18,12,0,739,572,293,31
2012,10,18,13,0,676,547,278,31
2012,10,18,14,0,550,491,246,30
2012,10,18,15,0,373,357,207,29
2012,10,18,16,0,164,112,133,27
2012,10,18,17,0,5,0,5,26
2012,10,18,18,0,0,0,0,25
2012,10,18,19,0,0,0,0,24
2012,10,18,20,0,0,0,0,24
2012,10,18,21,0,0,0,0,23
2012,10,18,22,0,0,0,0,22
2012,10,18,23,0,0,0,0,22
2012,10,19,0,0,0,0,0,21
2012,10,19,1,0,0,0,0,20
2012,10,19,2,0,0,0,0,20
2012,10,19,3,0,0,0,0,19
2012,10,19,4,0,0,0,0,19
2012,10,19,5,0,0,0,0,18
2012,10,19,6,0,0,0,0,19
2012,10,19,7,0,124,70,108,21
2012,10,19,8,0,322,269,207,23
2012,10,19,9,0,502,427,251,26
2012,10,19,10,0,638,494,289,29
2012,10,19,11,0,709,554,283,31
2012,10,19,12,0,720,566,281,31
2012,10,19,13,0,670,528,288,31
2012,10,19,14,0,536,461,252,30
2012,10,19,15,0,361,300,223,29
2012,10,19,16,0,154,92,129,24
2012,10,19,17,0,3,0,3,25
2012,10,19,18,0,0,0,0,24
2012,10,19,19,0,0,0,0,24
2012,10,19,20,0,0,0,0,23
2012,10,19,21,0,0,0,0,22
2012,10,19,22,0,0,0,0,22
2012,10,19,23,0,0,0,0,21
2012,10,20,0,0,0,0,0,21
2012,10,20,1,0,0,0,0,20
2012,10,20,2,0,0,0,0,19
2012,10,20,3,0,0,0,0,19
2012,10,20,4,0,0,0,0,18
2012,10,20,5,0,0,0,0,18
2012,10,20,6,0,0,0,0,18
2012,10,20,7,0,121,67,106,20
2012,10,20,8,0,319,290,196,22
2012,10,20,9,0,492,402,257,26
2012,10,20,10,0,628,490,284,29
2012,10,20,11,0,704,508,315,30
2012,10,20,12,0,708,546,287,31
2012,10,20,13,0,664,539,277,30
2012,10,20,14,0,530,437,263,30
2012,10,20,15,0,348,300,211,28
2012,10,20,16,0,155,99,129,25
2012,10,20,17,0,3,0,3,25
2012,10,20,18,0,0,0,0,24
2012,10,20,19,0,0,0,0,23
2012,10,20,20,0,0,0,0,23
2012,10,20,21,0,0,0,0,22
2012,10,20,22,0,0,0,0,22
2012,10,20,23,0,0,0,0,21
2012,10,21,0,0,0,0,0,20
2012,10,21,1,0,0,0,0,20
2012,10,21,2,0,0,0,0,19
2012,10,21,3,0,0,0,0,19
2012,10,21,4,0,0,0,0,19
2012,10,21,5,0,0,0,0,18
2012,10,21,6,0,0,0,0,18
2012,10,21,7,0,118,64,103,21
2012,10,21,8,0,310,269,197,23
2012,10,21,9,0,488,396,258,26
2012,10,21,10,0,623,485,284,29
2012,10,21,11,0,698,504,314,30
2012,10,21,12,0,702,541,287,31
2012,10,21,13,0,643,485,296,31
2012,10,21,14,0,524,444,255,30
2012,10,21,15,0,342,268,221,29
2012,10,21,16,0,145,80,124,27
2012,10,21,17,0,2,0,2,26
2012,10,21,18,0,0,0,0,25
2012,10,21,19,0,0,0,0,24
2012,10,21,20,0,0,0,0,24
2012,10,21,21,0,0,0,0,23
2012,10,21,22,0,0,0,0,22
2012,10,21,23,0,0,0,0,22
2012,10,22,0,0,0,0,0,21
2012,10,22,1,0,0,0,0,20
2012,10,22,2,0,0,0,0,20
2012,10,22,3,0,0,0,0,19
2012,10,22,4,0,0,0,0,19
2012,10,22,5,0,0,0,0,18
2012,10,22,6,0,0,0,0,19
2012,10,22,7,0,120,71,104,21
2012,10,22,8,0,316,296,193,23
2012,10,22,9,0,494,430,245,26
2012,10,22,10,0,629,495,285,29
2012,10,22,11,0,699,513,310,30
2012,10,22,12,0,716,551,295,31
2012,10,22,13,0,651,513,287,30
2012,10,22,14,0,532,482,242,30
2012,10,22,15,0,344,279,219,29
2012,10,22,16,0,146,87,123,27
2012,10,22,17,0,2,0,2,25
2012,10,22,18,0,0,0,0,24
2012,10,22,19,0,0,0,0,23
2012,10,22,20,0,0,0,0,23
2012,10,22,21,0,0,0,0,22
2012,10,22,22,0,0,0,0,21
2012,10,22,23,0,0,0,0,21
2012,10,23,0,0,0,0,0,20
2012,10,23,1,0,0,0,0,20
2012,10,23,2,0,0,0,0,19
2012,10,23,3,0,0,0,0,18
2012,10,23,4,0,0,0,0,18
2012,10,23,5,0,0,0,0,17
2012,10,23,6,0,0,0,0,18
2012,10,23,7,0,117,67,102,20
2012,10,23,8,0,318,306,192,22
2012,10,23,9,0,490,424,246,25
2012,10,23,10,0,629,504,280,29
2012,10,23,11,0,699,522,305,30
2012,10,23,12,0,703,519,309,31
2012,10,23,13,0,652,494,303,30
2012,10,23,14,0,428,223,294,30
2012,10,23,15,0,64,0,64,29
2012,10,23,16,0,93,6,91,27
2012,10,23,17,0,1,0,1,25
2012,10,23,18,0,0,0,0,24
2012,10,23,19,0,0,0,0,23
2012,10,23,20,0,0,0,0,23
2012,10,23,21,0,0,0,0,22
2012,10,23,22,0,0,0,0,21
2012,10,23,23,0,0,0,0,21
2012,10,24,0,0,0,0,0,20
2012,10,24,1,0,0,0,0,19
2012,10,24,2,0,0,0,0,19
2012,10,24,3,0,0,0,0,18
2012,10,24,4,0,0,0,0,18
2012,10,24,5,0,0,0,0,17
2012,10,24,6,0,0,0,0,18
2012,10,24,7,0,119,74,103,20
2012,10,24,8,0,314,302,190,22
2012,10,24,9,0,495,453,236,25
2012,10,24,10,0,629,512,277,28
2012,10,24,11,0,700,531,301,30
2012,10,24,12,0,704,529,304,30
2012,10,24,13,0,639,501,287,30
2012,10,24,14,0,513,443,250,29
2012,10,24,15,0,339,284,214,28
2012,10,24,16,0,137,76,118,26
2012,10,24,17,0,1,0,1,24
2012,10,24,18,0,0,0,0,23
2012,10,24,19,0,0,0,0,22
2012,10,24,20,0,0,0,0,22
2012,10,24,21,0,0,0,0,21
2012,10,24,22,0,0,0,0,20
2012,10,24,23,0,0,0,0,20
2012,10,25,0,0,0,0,0,19
2012,10,25,1,0,0,0,0,19
2012,10,25,2,0,0,0,0,18
2012,10,25,3,0,0,0,0,18
2012,10,25,4,0,0,0,0,17
2012,10,25,5,0,0,0,0,16
2012,10,25,6,0,0,0,0,17
2012,10,25,7,0,112,60,99,19
2012,10,25,8,0,305,281,191,21
2012,10,25,9,0,476,392,253,24
2012,10,25,10,0,619,508,271,27
2012,10,25,11,0,688,514,304,29
2012,10,25,12,0,698,524,304,29
2012,10,25,13,0,640,512,282,29
2012,10,25,14,0,514,458,243,29
2012,10,25,15,0,341,295,212,28
2012,10,25,16,0,139,84,118,26
2012,10,25,17,0,1,0,1,24
2012,10,25,18,0,0,0,0,23
2012,10,25,19,0,0,0,0,22
2012,10,25,20,0,0,0,0,21
2012,10,25,21,0,0,0,0,21
2012,10,25,22,0,0,0,0,20
2012,10,25,23,0,0,0,0,19
2012,10,26,0,0,0,0,0,19
2012,10,26,1,0,0,0,0,18
2012,10,26,2,0,0,0,0,18
2012,10,26,3,0,0,0,0,17
2012,10,26,4,0,0,0,0,17
2012,10,26,5,0,0,0,0,16
2012,10,26,6,0,0,0,0,16
2012,10,26,7,0,109,57,97,19
2012,10,26,8,0,306,267,198,21
2012,10,26,9,0,476,407,246,24
2012,10,26,10,0,609,478,284,28
2012,10,26,11,0,683,509,305,30
2012,10,26,12,0,686,505,308,30
2012,10,26,13,0,627,489,287,30
2012,10,26,14,0,501,425,252,29
2012,10,26,15,0,329,270,212,28
2012,10,26,16,0,129,66,113,25
2012,10,26,17,0,1,0,1,23
2012,10,26,18,0,0,0,0,23
2012,10,26,19,0,0,0,0,22
2012,10,26,20,0,0,0,0,21
2012,10,26,21,0,0,0,0,21
2012,10,26,22,0,0,0,0,20
2012,10,26,23,0,0,0,0,19
2012,10,27,0,0,0,0,0,19
2012,10,27,1,0,0,0,0,18
2012,10,27,2,0,0,0,0,17
2012,10,27,3,0,0,0,0,17
2012,10,27,4,0,0,0,0,16
2012,10,27,5,0,0,0,0,16
2012,10,27,6,0,0,0,0,16
2012,10,27,7,0,106,54,95,18
2012,10,27,8,0,292,256,189,21
2012,10,27,9,0,461,369,254,24
2012,10,27,10,0,598,471,279,27
2012,10,27,11,0,671,492,307,29
2012,10,27,12,0,680,501,307,30
2012,10,27,13,0,628,514,273,30
2012,10,27,14,0,495,401,261,29
2012,10,27,15,0,317,245,212,28
2012,10,27,16,0,125,61,110,25
2012,10,27,17,0,1,0,1,24
2012,10,27,18,0,0,0,0,23
2012,10,27,19,0,0,0,0,22
2012,10,27,20,0,0,0,0,21
2012,10,27,21,0,0,0,0,21
2012,10,27,22,0,0,0,0,20
2012,10,27,23,0,0,0,0,19
2012,10,28,0,0,0,0,0,19
2012,10,28,1,0,0,0,0,18
2012,10,28,2,0,0,0,0,17
2012,10,28,3,0,0,0,0,17
2012,10,28,4,0,0,0,0,16
2012,10,28,5,0,0,0,0,16
2012,10,28,6,0,0,0,0,16
2012,10,28,7,0,103,50,92,19
2012,10,28,8,0,277,218,190,21
2012,10,28,9,0,445,334,258,24
2012,10,28,10,0,568,390,305,28
2012,10,28,11,0,647,445,320,30
2012,10,28,12,0,653,451,319,31
2012,10,28,13,0,600,440,298,31
2012,10,28,14,0,475,363,265,30
2012,10,28,15,0,305,221,211,28
2012,10,28,16,0,115,46,104,25
2012,10,28,17,0,1,0,1,24
2012,10,28,18,0,0,0,0,23
2012,10,28,19,0,0,0,0,22
2012,10,28,20,0,0,0,0,22
2012,10,28,21,0,0,0,0,21
2012,10,28,22,0,0,0,0,20
2012,10,28,23,0,0,0,0,20
2012,10,29,0,0,0,0,0,19
2012,10,29,1,0,0,0,0,19
2012,10,29,2,0,0,0,0,18
2012,10,29,3,0,0,0,0,17
2012,10,29,4,0,0,0,0,17
2012,10,29,5,0,0,0,0,16
2012,10,29,6,0,0,0,0,17
2012,10,29,7,0,100,47,90,19
2012,10,29,8,0,273,213,189,21
2012,10,29,9,0,440,317,264,24
2012,10,29,10,0,576,425,291,28
2012,10,29,11,0,648,456,314,30
2012,10,29,12,0,655,462,315,31
2012,10,29,13,0,609,484,279,31
2012,10,29,14,0,476,363,267,30
2012,10,29,15,0,307,232,209,29
2012,10,29,16,0,112,42,102,27
2012,10,29,17,0,0,0,0,25
2012,10,29,18,0,0,0,0,24
2012,10,29,19,0,0,0,0,23
2012,10,29,20,0,0,0,0,22
2012,10,29,21,0,0,0,0,22
2012,10,29,22,0,0,0,0,21
2012,10,29,23,0,0,0,0,20
2012,10,30,0,0,0,0,0,20
2012,10,30,1,0,0,0,0,19
2012,10,30,2,0,0,0,0,18
2012,10,30,3,0,0,0,0,18
2012,10,30,4,0,0,0,0,17
2012,10,30,5,0,0,0,0,17
2012,10,30,6,0,0,0,0,17
2012,10,30,7,0,93,35,86,19
2012,10,30,8,0,257,149,198,22
2012,10,30,9,0,429,298,265,25
2012,10,30,10,0,558,374,309,28
2012,10,30,11,0,629,416,326,30
2012,10,30,12,0,642,440,320,31
2012,10,30,13,0,595,446,292,31
2012,10,30,14,0,485,416,247,31
2012,10,30,15,0,315,262,205,30
2012,10,30,16,0,119,59,105,28
2012,10,30,17,0,0,0,0,25
2012,10,30,18,0,0,0,0,24
2012,10,30,19,0,0,0,0,23
2012,10,30,20,0,0,0,0,23
2012,10,30,21,0,0,0,0,22
2012,10,30,22,0,0,0,0,21
2012,10,30,23,0,0,0,0,20
2012,10,31,0,0,0,0,0,20
2012,10,31,1,0,0,0,0,19
2012,10,31,2,0,0,0,0,18
2012,10,31,3,0,0,0,0,18
2012,10,31,4,0,0,0,0,17
2012,10,31,5,0,0,0,0,17
2012,10,31,6,0,0,0,0,17
2012,10,31,7,0,90,26,85,20
2012,10,31,8,0,247,111,204,22
2012,10,31,9,0,398,244,264,25
2012,10,31,10,0,519,295,323,28
2012,10,31,11,0,588,320,356,31
2012,10,31,12,0,607,360,345,32
2012,10,31,13,0,575,404,302,32
2012,10,31,14,0,451,325,266,31
2012,10,31,15,0,297,220,206,30
2012,10,31,16,0,110,44,100,28
2012,10,31,17,0,0,0,0,25
2012,10,31,18,0,0,0,0,24
2012,10,31,19,0,0,0,0,24
2012,10,31,20,0,0,0,0,23
2012,10,31,21,0,0,0,0,22
2012,10,31,22,0,0,0,0,21
2012,10,31,23,0,0,0,0,21
2012,11,1,0,0,0,0,0,20
2012,11,1,1,0,0,0,0,19
2012,11,1,2,0,0,0,0,18
2012,11,1,3,0,0,0,0,18
2012,11,1,4,0,0,0,0,17
2012,11,1,5,0,0,0,0,17
2012,11,1,6,0,0,0,0,17
2012,11,1,7,0,91,33,84,19
2012,11,1,8,0,257,178,188,22
2012,11,1,9,0,428,298,266,25
2012,11,1,10,0,560,388,304,29
2012,11,1,11,0,635,433,323,31
2012,11,1,12,0,642,439,324,32
2012,11,1,13,0,591,436,298,31
2012,11,1,14,0,480,403,253,31
2012,11,1,15,0,314,260,207,30
2012,11,1,16,0,113,49,102,27
2012,11,1,17,0,0,0,0,25
2012,11,1,18,0,0,0,0,24
2012,11,1,19,0,0,0,0,23
2012,11,1,20,0,0,0,0,22
2012,11,1,21,0,0,0,0,22
2012,11,1,22,0,0,0,0,21
2012,11,1,23,0,0,0,0,20
2012,11,2,0,0,0,0,0,19
2012,11,2,1,0,0,0,0,19
2012,11,2,2,0,0,0,0,18
2012,11,2,3,0,0,0,0,17
2012,11,2,4,0,0,0,0,17
2012,11,2,5,0,0,0,0,16
2012,11,2,6,0,0,0,0,16
2012,11,2,7,0,79,16,76,19
2012,11,2,8,0,234,92,199,21
2012,11,2,9,0,375,128,305,24
2012,11,2,10,0,504,267,329,28
2012,11,2,11,0,584,322,353,31
2012,11,2,12,0,581,300,365,32
2012,11,2,13,0,537,304,334,31
2012,11,2,14,0,434,289,272,31
2012,11,2,15,0,272,149,211,29
2012,11,2,16,0,99,26,93,27
2012,11,2,17,0,0,0,0,24
2012,11,2,18,0,0,0,0,24
2012,11,2,19,0,0,0,0,23
2012,11,2,20,0,0,0,0,22
2012,11,2,21,0,0,0,0,21
2012,11,2,22,0,0,0,0,21
2012,11,2,23,0,0,0,0,20
2012,11,3,0,0,0,0,0,19
2012,11,3,1,0,0,0,0,19
2012,11,3,2,0,0,0,0,18
2012,11,3,3,0,0,0,0,17
2012,11,3,4,0,0,0,0,17
2012,11,3,5,0,0,0,0,16
2012,11,3,6,0,0,0,0,16
2012,11,3,7,0,81,21,77,19
2012,11,3,8,0,242,108,201,21
2012,11,3,9,0,398,243,267,25
2012,11,3,10,0,542,341,320,28
2012,11,3,11,0,638,467,305,31
2012,11,3,12,0,645,461,314,31
2012,11,3,13,0,595,462,288,31
2012,11,3,14,0,476,413,246,30
2012,11,3,15,0,311,264,204,29
2012,11,3,16,0,106,45,96,25
2012,11,3,17,0,0,0,0,24
2012,11,3,18,0,0,0,0,23
2012,11,3,19,0,0,0,0,22
2012,11,3,20,0,0,0,0,22
2012,11,3,21,0,0,0,0,21
2012,11,3,22,0,0,0,0,20
2012,11,3,23,0,0,0,0,20
2012,11,4,0,0,0,0,0,19
2012,11,4,1,0,0,0,0,18
2012,11,4,2,0,0,0,0,18
2012,11,4,3,0,0,0,0,17
2012,11,4,4,0,0,0,0,17
2012,11,4,5,0,0,0,0,16
2012,11,4,6,0,0,0,0,16
2012,11,4,7,0,74,12,71,19
2012,11,4,8,0,232,113,189,21
2012,11,4,9,0,386,224,266,25
2012,11,4,10,0,516,302,320,29
2012,11,4,11,0,573,305,357,31
2012,11,4,12,0,586,322,356,31
2012,11,4,13,0,527,304,326,31
2012,11,4,14,0,409,245,273,30
2012,11,4,15,0,293,242,196,29
2012,11,4,16,0,109,48,98,26
2012,11,4,17,0,0,0,0,24
2012,11,4,18,0,0,0,0,23
2012,11,4,19,0,0,0,0,22
2012,11,4,20,0,0,0,0,22
2012,11,4,21,0,0,0,0,21
2012,11,4,22,0,0,0,0,20
2012,11,4,23,0,0,0,0,20
2012,11,5,0,0,0,0,0,19
2012,11,5,1,0,0,0,0,18
2012,11,5,2,0,0,0,0,18
2012,11,5,3,0,0,0,0,17
2012,11,5,4,0,0,0,0,17
2012,11,5,5,0,0,0,0,16
2012,11,5,6,0,0,0,0,16
2012,11,5,7,0,80,23,75,19
2012,11,5,8,0,247,160,187,21
2012,11,5,9,0,410,283,260,25
2012,11,5,10,0,540,360,308,29
2012,11,5,11,0,621,442,309,31
2012,11,5,12,0,642,470,309,32
2012,11,5,13,0,593,468,286,32
2012,11,5,14,0,435,301,269,31
2012,11,5,15,0,305,259,202,29
2012,11,5,16,0,106,44,96,27
2012,11,5,17,0,0,0,0,24
2012,11,5,18,0,0,0,0,24
2012,11,5,19,0,0,0,0,23
2012,11,5,20,0,0,0,0,22
2012,11,5,21,0,0,0,0,21
2012,11,5,22,0,0,0,0,21
2012,11,5,23,0,0,0,0,20
2012,11,6,0,0,0,0,0,19
2012,11,6,1,0,0,0,0,18
2012,11,6,2,0,0,0,0,18
2012,11,6,3,0,0,0,0,17
2012,11,6,4,0,0,0,0,17
2012,11,6,5,0,0,0,0,16
2012,11,6,6,0,0,0,0,16
2012,11,6,7,0,78,20,74,18
2012,11,6,8,0,243,143,190,21
2012,11,6,9,0,398,273,254,24
2012,11,6,10,0,521,325,313,28
2012,11,6,11,0,593,370,333,31
2012,11,6,12,0,612,416,318,32
2012,11,6,13,0,532,326,319,32
2012,11,6,14,0,414,259,272,31
2012,11,6,15,0,254,110,210,30
2012,11,6,16,0,97,31,90,27
2012,11,6,17,0,0,0,0,25
2012,11,6,18,0,0,0,0,24
2012,11,6,19,0,0,0,0,23
2012,11,6,20,0,0,0,0,22
2012,11,6,21,0,0,0,0,21
2012,11,6,22,0,0,0,0,21
2012,11,6,23,0,0,0,0,20
2012,11,7,0,0,0,0,0,19
2012,11,7,1,0,0,0,0,19
2012,11,7,2,0,0,0,0,18
2012,11,7,3,0,0,0,0,17
2012,11,7,4,0,0,0,0,17
2012,11,7,5,0,0,0,0,16
2012,11,7,6,0,0,0,0,16
2012,11,7,7,0,75,20,71,18
2012,11,7,8,0,233,106,194,21
2012,11,7,9,0,387,243,260,24
2012,11,7,10,0,522,324,316,28
2012,11,7,11,0,610,429,311,30
2012,11,7,12,0,609,404,325,31
2012,11,7,13,0,559,395,302,31
2012,11,7,14,0,441,341,256,30
2012,11,7,15,0,279,203,199,29
2012,11,7,16,0,89,23,84,26
2012,11,7,17,0,0,0,0,23
2012,11,7,18,0,0,0,0,22
2012,11,7,19,0,0,0,0,21
2012,11,7,20,0,0,0,0,21
2012,11,7,21,0,0,0,0,20
2012,11,7,22,0,0,0,0,19
2012,11,7,23,0,0,0,0,18
2012,11,8,0,0,0,0,0,18
2012,11,8,1,0,0,0,0,17
2012,11,8,2,0,0,0,0,16
2012,11,8,3,0,0,0,0,16
2012,11,8,4,0,0,0,0,15
2012,11,8,5,0,0,0,0,15
2012,11,8,6,0,0,0,0,15
2012,11,8,7,0,72,18,68,17
2012,11,8,8,0,216,98,180,20
2012,11,8,9,0,389,233,268,23
2012,11,8,10,0,538,372,302,28
2012,11,8,11,0,633,494,290,30
2012,11,8,12,0,653,515,293,30
2012,11,8,13,0,585,488,270,30
2012,11,8,14,0,464,420,237,30
2012,11,8,15,0,296,251,198,28
2012,11,8,16,0,102,44,93,26
2012,11,8,17,0,0,0,0,23
2012,11,8,18,0,0,0,0,22
2012,11,8,19,0,0,0,0,21
2012,11,8,20,0,0,0,0,20
2012,11,8,21,0,0,0,0,20
2012,11,8,22,0,0,0,0,19
2012,11,8,23,0,0,0,0,18
2012,11,9,0,0,0,0,0,18
2012,11,9,1,0,0,0,0,17
2012,11,9,2,0,0,0,0,16
2012,11,9,3,0,0,0,0,16
2012,11,9,4,0,0,0,0,15
2012,11,9,5,0,0,0,0,15
2012,11,9,6,0,0,0,0,15
2012,11,9,7,0,74,22,70,18
2012,11,9,8,0,264,224,184,20
2012,11,9,9,0,434,394,231,24
2012,11,9,10,0,570,486,264,28
2012,11,9,11,0,644,522,284,30
2012,11,9,12,0,649,525,284,31
2012,11,9,13,0,585,495,267,31
2012,11,9,14,0,460,418,235,31
2012,11,9,15,0,293,249,197,29
2012,11,9,16,0,105,52,94,27
2012,11,9,17,0,0,0,0,24
2012,11,9,18,0,0,0,0,23
2012,11,9,19,0,0,0,0,22
2012,11,9,20,0,0,0,0,22
2012,11,9,21,0,0,0,0,21
2012,11,9,22,0,0,0,0,20
2012,11,9,23,0,0,0,0,20
2012,11,10,0,0,0,0,0,19
2012,11,10,1,0,0,0,0,18
2012,11,10,2,0,0,0,0,18
2012,11,10,3,0,0,0,0,17
2012,11,10,4,0,0,0,0,17
2012,11,10,5,0,0,0,0,16
2012,11,10,6,0,0,0,0,16
2012,11,10,7,0,75,27,70,18
2012,11,10,8,0,261,221,182,21
2012,11,10,9,0,433,398,229,24
2012,11,10,10,0,565,469,271,28
2012,11,10,11,0,572,335,342,31
2012,11,10,12,0,645,486,309,32
2012,11,10,13,0,582,493,267,32
2012,11,10,14,0,457,416,235,31
2012,11,10,15,0,290,246,196,30
2012,11,10,16,0,97,38,89,25
2012,11,10,17,0,0,0,0,24
2012,11,10,18,0,0,0,0,24
2012,11,10,19,0,0,0,0,23
2012,11,10,20,0,0,0,0,22
2012,11,10,21,0,0,0,0,21
2012,11,10,22,0,0,0,0,21
2012,11,10,23,0,0,0,0,20
2012,11,11,0,0,0,0,0,19
2012,11,11,1,0,0,0,0,19
2012,11,11,2,0,0,0,0,18
2012,11,11,3,0,0,0,0,17
2012,11,11,4,0,0,0,0,17
2012,11,11,5,0,0,0,0,17
2012,11,11,6,0,0,0,0,16
2012,11,11,7,0,77,32,71,19
2012,11,11,8,0,258,218,181,21
2012,11,11,9,0,429,396,227,25
2012,11,11,10,0,560,481,261,29
2012,11,11,11,0,636,518,282,31
2012,11,11,12,0,641,521,282,32
2012,11,11,13,0,578,491,266,32
2012,11,11,14,0,454,414,234,31
2012,11,11,15,0,287,244,194,29
2012,11,11,16,0,89,29,83,27
2012,11,11,17,0,0,0,0,24
2012,11,11,18,0,0,0,0,23
2012,11,11,19,0,0,0,0,23
2012,11,11,20,0,0,0,0,22
2012,11,11,21,0,0,0,0,21
2012,11,11,22,0,0,0,0,20
2012,11,11,23,0,0,0,0,20
2012,11,12,0,0,0,0,0,19
2012,11,12,1,0,0,0,0,18
2012,11,12,2,0,0,0,0,18
2012,11,12,3,0,0,0,0,17
2012,11,12,4,0,0,0,0,16
2012,11,12,5,0,0,0,0,16
2012,11,12,6,0,0,0,0,16
2012,11,12,7,0,70,21,66,18
2012,11,12,8,0,248,198,179,21
2012,11,12,9,0,415,351,237,24
2012,11,12,10,0,550,460,265,28
2012,11,12,11,0,625,492,290,31
2012,11,12,12,0,634,502,290,31
2012,11,12,13,0,574,478,271,31
2012,11,12,14,0,451,411,234,30
2012,11,12,15,0,285,242,193,29
2012,11,12,16,0,86,27,80,26
2012,11,12,17,0,0,0,0,24
2012,11,12,18,0,0,0,0,23
2012,11,12,19,0,0,0,0,22
2012,11,12,20,0,0,0,0,21
2012,11,12,21,0,0,0,0,21
2012,11,12,22,0,0,0,0,20
2012,11,12,23,0,0,0,0,19
2012,11,13,0,0,0,0,0,18
2012,11,13,1,0,0,0,0,18
2012,11,13,2,0,0,0,0,17
2012,11,13,3,0,0,0,0,16
2012,11,13,4,0,0,0,0,16
2012,11,13,5,0,0,0,0,15
2012,11,13,6,0,0,0,0,15
2012,11,13,7,0,67,19,64,18
2012,11,13,8,0,239,179,177,20
2012,11,13,9,0,404,330,238,24
2012,11,13,10,0,539,436,271,28
2012,11,13,11,0,620,487,290,30
2012,11,13,12,0,629,497,290,31
2012,11,13,13,0,571,476,271,31
2012,11,13,14,0,448,409,233,30
2012,11,13,15,0,282,240,192,28
2012,11,13,16,0,95,39,87,25
2012,11,13,17,0,0,0,0,23
2012,11,13,18,0,0,0,0,22
2012,11,13,19,0,0,0,0,21
2012,11,13,20,0,0,0,0,20
2012,11,13,21,0,0,0,0,20
2012,11,13,22,0,0,0,0,19
2012,11,13,23,0,0,0,0,18
2012,11,14,0,0,0,0,0,17
2012,11,14,1,0,0,0,0,17
2012,11,14,2,0,0,0,0,16
2012,11,14,3,0,0,0,0,15
2012,11,14,4,0,0,0,0,15
2012,11,14,5,0,0,0,0,14
2012,11,14,6,0,0,0,0,14
2012,11,14,7,0,64,16,61,16
2012,11,14,8,0,235,184,172,19
2012,11,14,9,0,406,340,236,23
2012,11,14,10,0,534,430,271,27
2012,11,14,11,0,608,467,294,29
2012,11,14,12,0,617,476,294,30
2012,11,14,13,0,562,460,274,30
2012,11,14,14,0,445,407,232,29
2012,11,14,15,0,280,238,191,28
2012,11,14,16,0,87,31,81,25
2012,11,14,17,0,0,0,0,22
2012,11,14,18,0,0,0,0,21
2012,11,14,19,0,0,0,0,21
2012,11,14,20,0,0,0,0,20
2012,11,14,21,0,0,0,0,19
2012,11,14,22,0,0,0,0,18
2012,11,14,23,0,0,0,0,18
2012,11,15,0,0,0,0,0,17
2012,11,15,1,0,0,0,0,16
2012,11,15,2,0,0,0,0,15
2012,11,15,3,0,0,0,0,15
2012,11,15,4,0,0,0,0,14
2012,11,15,5,0,0,0,0,14
2012,11,15,6,0,0,0,0,14
2012,11,15,7,0,62,14,59,16
2012,11,15,8,0,231,179,170,19
2012,11,15,9,0,395,318,237,23
2012,11,15,10,0,529,424,271,27
2012,11,15,11,0,597,446,298,30
2012,11,15,12,0,612,471,294,30
2012,11,15,13,0,557,455,273,30
2012,11,15,14,0,442,405,231,29
2012,11,15,15,0,277,236,189,28
2012,11,15,16,0,85,28,79,25
2012,11,15,17,0,0,0,0,22
2012,11,15,18,0,0,0,0,21
2012,11,15,19,0,0,0,0,21
2012,11,15,20,0,0,0,0,20
2012,11,15,21,0,0,0,0,19
2012,11,15,22,0,0,0,0,18
2012,11,15,23,0,0,0,0,18
2012,11,16,0,0,0,0,0,17
2012,11,16,1,0,0,0,0,16
2012,11,16,2,0,0,0,0,16
2012,11,16,3,0,0,0,0,15
2012,11,16,4,0,0,0,0,15
2012,11,16,5,0,0,0,0,14
2012,11,16,6,0,0,0,0,14
2012,11,16,7,0,59,12,57,16
2012,11,16,8,0,232,189,168,19
2012,11,16,9,0,397,342,228,22
2012,11,16,10,0,524,417,272,27
2012,11,16,11,0,598,457,293,30
2012,11,16,12,0,607,466,294,30
2012,11,16,13,0,553,449,274,30
2012,11,16,14,0,439,403,230,30
2012,11,16,15,0,275,232,189,28
2012,11,16,16,0,83,26,78,25
2012,11,16,17,0,0,0,0,22
2012,11,16,18,0,0,0,0,21
2012,11,16,19,0,0,0,0,20
2012,11,16,20,0,0,0,0,20
2012,11,16,21,0,0,0,0,19
2012,11,16,22,0,0,0,0,18
2012,11,16,23,0,0,0,0,17
2012,11,17,0,0,0,0,0,17
2012,11,17,1,0,0,0,0,16
2012,11,17,2,0,0,0,0,16
2012,11,17,3,0,0,0,0,15
2012,11,17,4,0,0,0,0,15
2012,11,17,5,0,0,0,0,14
2012,11,17,6,0,0,0,0,14
2012,11,17,7,0,60,16,57,16
2012,11,17,8,0,234,199,168,20
2012,11,17,9,0,403,356,229,23
2012,11,17,10,0,537,466,256,27
2012,11,17,11,0,612,499,281,30
2012,11,17,12,0,619,502,283,31
2012,11,17,13,0,558,480,261,31
2012,11,17,14,0,436,401,229,30
2012,11,17,15,0,273,232,188,28
2012,11,17,16,0,81,24,76,25
2012,11,17,17,0,0,0,0,22
2012,11,17,18,0,0,0,0,21
2012,11,17,19,0,0,0,0,21
2012,11,17,20,0,0,0,0,20
2012,11,17,21,0,0,0,0,19
2012,11,17,22,0,0,0,0,18
2012,11,17,23,0,0,0,0,18
2012,11,18,0,0,0,0,0,17
2012,11,18,1,0,0,0,0,16
2012,11,18,2,0,0,0,0,16
2012,11,18,3,0,0,0,0,15
2012,11,18,4,0,0,0,0,14
2012,11,18,5,0,0,0,0,14
2012,11,18,6,0,0,0,0,13
2012,11,18,7,0,58,13,56,15
2012,11,18,8,0,235,210,166,18
2012,11,18,9,0,403,377,220,22
2012,11,18,10,0,535,466,256,26
2012,11,18,11,0,609,497,281,29
2012,11,18,12,0,616,501,282,30
2012,11,18,13,0,555,478,261,30
2012,11,18,14,0,434,399,229,29
2012,11,18,15,0,271,230,187,28
2012,11,18,16,0,79,22,75,24
2012,11,18,17,0,0,0,0,22
2012,11,18,18,0,0,0,0,21
2012,11,18,19,0,0,0,0,20
2012,11,18,20,0,0,0,0,20
2012,11,18,21,0,0,0,0,19
2012,11,18,22,0,0,0,0,18
2012,11,18,23,0,0,0,0,17
2012,11,19,0,0,0,0,0,17
2012,11,19,1,0,0,0,0,16
2012,11,19,2,0,0,0,0,16
2012,11,19,3,0,0,0,0,15
2012,11,19,4,0,0,0,0,14
2012,11,19,5,0,0,0,0,14
2012,11,19,6,0,0,0,0,14
2012,11,19,7,0,55,11,53,16
2012,11,19,8,0,231,203,165,19
2012,11,19,9,0,400,374,219,22
2012,11,19,10,0,528,456,256,27
2012,11,19,11,0,603,490,281,29
2012,11,19,12,0,612,499,281,30
2012,11,19,13,0,552,477,260,30
2012,11,19,14,0,431,398,228,30
2012,11,19,15,0,269,228,186,28
2012,11,19,16,0,77,21,73,25
2012,11,19,17,0,0,0,0,22
2012,11,19,18,0,0,0,0,21
2012,11,19,19,0,0,0,0,20
2012,11,19,20,0,0,0,0,20
2012,11,19,21,0,0,0,0,19
2012,11,19,22,0,0,0,0,18
2012,11,19,23,0,0,0,0,17
2012,11,20,0,0,0,0,0,17
2012,11,20,1,0,0,0,0,16
2012,11,20,2,0,0,0,0,15
2012,11,20,3,0,0,0,0,15
2012,11,20,4,0,0,0,0,14
2012,11,20,5,0,0,0,0,14
2012,11,20,6,0,0,0,0,13
2012,11,20,7,0,57,15,55,16
2012,11,20,8,0,229,203,163,19
2012,11,20,9,0,396,371,218,22
2012,11,20,10,0,527,462,253,27
2012,11,20,11,0,601,493,279,29
2012,11,20,12,0,609,497,281,30
2012,11,20,13,0,549,475,259,30
2012,11,20,14,0,425,385,229,29
2012,11,20,15,0,267,227,185,27
2012,11,20,16,0,71,12,68,24
2012,11,20,17,0,0,0,0,22
2012,11,20,18,0,0,0,0,21
2012,11,20,19,0,0,0,0,20
2012,11,20,20,0,0,0,0,19
2012,11,20,21,0,0,0,0,18
2012,11,20,22,0,0,0,0,17
2012,11,20,23,0,0,0,0,16
2012,11,21,0,0,0,0,0,16
2012,11,21,1,0,0,0,0,15
2012,11,21,2,0,0,0,0,14
2012,11,21,3,0,0,0,0,14
2012,11,21,4,0,0,0,0,14
2012,11,21,5,0,0,0,0,13
2012,11,21,6,0,0,0,0,13
2012,11,21,7,0,42,0,42,15
2012,11,21,8,0,218,154,168,18
2012,11,21,9,0,215,31,200,21
2012,11,21,10,0,382,144,297,26
2012,11,21,11,0,594,454,298,29
2012,11,21,12,0,606,496,280,29
2012,11,21,13,0,546,473,258,29
2012,11,21,14,0,427,394,228,28
2012,11,21,15,0,266,225,185,27
2012,11,21,16,0,80,26,75,23
2012,11,21,17,0,0,0,0,21
2012,11,21,18,0,0,0,0,20
2012,11,21,19,0,0,0,0,19
2012,11,21,20,0,0,0,0,18
2012,11,21,21,0,0,0,0,17
2012,11,21,22,0,0,0,0,17
2012,11,21,23,0,0,0,0,16
2012,11,22,0,0,0,0,0,15
2012,11,22,1,0,0,0,0,14
2012,11,22,2,0,0,0,0,14
2012,11,22,3,0,0,0,0,13
2012,11,22,4,0,0,0,0,12
2012,11,22,5,0,0,0,0,12
2012,11,22,6,0,0,0,0,12
2012,11,22,7,0,52,11,50,14
2012,11,22,8,0,223,197,160,17
2012,11,22,9,0,389,366,216,21
2012,11,22,10,0,520,458,252,25
2012,11,22,11,0,595,490,278,28
2012,11,22,12,0,601,486,283,29
2012,11,22,13,0,483,292,306,29
2012,11,22,14,0,411,357,231,28
2012,11,22,15,0,264,224,184,26
2012,11,22,16,0,73,16,70,23
2012,11,22,17,0,0,0,0,20
2012,11,22,18,0,0,0,0,19
2012,11,22,19,0,0,0,0,19
2012,11,22,20,0,0,0,0,18
2012,11,22,21,0,0,0,0,17
2012,11,22,22,0,0,0,0,16
2012,11,22,23,0,0,0,0,16
2012,11,23,0,0,0,0,0,15
2012,11,23,1,0,0,0,0,14
2012,11,23,2,0,0,0,0,14
2012,11,23,3,0,0,0,0,13
2012,11,23,4,0,0,0,0,13
2012,11,23,5,0,0,0,0,13
2012,11,23,6,0,0,0,0,13
2012,11,23,7,0,49,9,47,14
2012,11,23,8,0,220,194,159,17
2012,11,23,9,0,386,363,215,20
2012,11,23,10,0,516,455,251,25
2012,11,23,11,0,591,488,276,28
2012,11,23,12,0,598,488,280,29
2012,11,23,13,0,541,460,264,29
2012,11,23,14,0,422,391,226,28
2012,11,23,15,0,262,222,183,26
2012,11,23,16,0,77,23,73,23
2012,11,23,17,0,0,0,0,21
2012,11,23,18,0,0,0,0,20
2012,11,23,19,0,0,0,0,19
2012,11,23,20,0,0,0,0,18
2012,11,23,21,0,0,0,0,18
2012,11,23,22,0,0,0,0,17
2012,11,23,23,0,0,0,0,16
2012,11,24,0,0,0,0,0,15
2012,11,24,1,0,0,0,0,15
2012,11,24,2,0,0,0,0,14
2012,11,24,3,0,0,0,0,14
2012,11,24,4,0,0,0,0,13
2012,11,24,5,0,0,0,0,13
2012,11,24,6,0,0,0,0,13
2012,11,24,7,0,47,7,46,15
2012,11,24,8,0,213,178,157,18
2012,11,24,9,0,379,338,221,21
2012,11,24,10,0,507,434,255,26
2012,11,24,11,0,583,472,280,28
2012,11,24,12,0,595,486,279,29
2012,11,24,13,0,538,457,263,29
2012,11,24,14,0,420,390,225,28
2012,11,24,15,0,261,221,183,26
2012,11,24,16,0,76,22,72,23
2012,11,24,17,0,0,0,0,21
2012,11,24,18,0,0,0,0,20
2012,11,24,19,0,0,0,0,19
2012,11,24,20,0,0,0,0,19
2012,11,24,21,0,0,0,0,18
2012,11,24,22,0,0,0,0,17
2012,11,24,23,0,0,0,0,16
2012,11,25,0,0,0,0,0,16
2012,11,25,1,0,0,0,0,15
2012,11,25,2,0,0,0,0,14
2012,11,25,3,0,0,0,0,14
2012,11,25,4,0,0,0,0,13
2012,11,25,5,0,0,0,0,12
2012,11,25,6,0,0,0,0,12
2012,11,25,7,0,45,5,44,14
2012,11,25,8,0,209,174,155,17
2012,11,25,9,0,370,320,222,21
2012,11,25,10,0,503,431,254,25
2012,11,25,11,0,579,470,278,27
2012,11,25,12,0,592,484,279,28
2012,11,25,13,0,535,467,255,28
2012,11,25,14,0,412,356,234,27
2012,11,25,15,0,231,136,183,25
2012,11,25,16,0,75,22,71,22
2012,11,25,17,0,0,0,0,20
2012,11,25,18,0,0,0,0,19
2012,11,25,19,0,0,0,0,18
2012,11,25,20,0,0,0,0,17
2012,11,25,21,0,0,0,0,17
2012,11,25,22,0,0,0,0,16
2012,11,25,23,0,0,0,0,15
2012,11,26,0,0,0,0,0,14
2012,11,26,1,0,0,0,0,14
2012,11,26,2,0,0,0,0,13
2012,11,26,3,0,0,0,0,13
2012,11,26,4,0,0,0,0,12
2012,11,26,5,0,0,0,0,12
2012,11,26,6,0,0,0,0,11
2012,11,26,7,0,42,4,41,13
2012,11,26,8,0,211,184,155,16
2012,11,26,9,0,376,343,218,20
2012,11,26,10,0,507,449,249,25
2012,11,26,11,0,582,483,274,27
2012,11,26,12,0,591,488,276,28
2012,11,26,13,0,532,465,255,28
2012,11,26,14,0,417,387,225,27
2012,11,26,15,0,258,219,181,25
2012,11,26,16,0,75,21,71,22
2012,11,26,17,0,0,0,0,20
2012,11,26,18,0,0,0,0,19
2012,11,26,19,0,0,0,0,18
2012,11,26,20,0,0,0,0,17
2012,11,26,21,0,0,0,0,17
2012,11,26,22,0,0,0,0,16
2012,11,26,23,0,0,0,0,15
2012,11,27,0,0,0,0,0,15
2012,11,27,1,0,0,0,0,14
2012,11,27,2,0,0,0,0,13
2012,11,27,3,0,0,0,0,13
2012,11,27,4,0,0,0,0,12
2012,11,27,5,0,0,0,0,12
2012,11,27,6,0,0,0,0,11
2012,11,27,7,0,44,7,43,14
2012,11,27,8,0,208,182,153,17
2012,11,27,9,0,373,341,217,20
2012,11,27,10,0,503,447,248,25
2012,11,27,11,0,579,482,273,27
2012,11,27,12,0,589,487,276,27
2012,11,27,13,0,530,462,255,27
2012,11,27,14,0,415,386,224,27
2012,11,27,15,0,257,217,181,25
2012,11,27,16,0,79,29,74,22
2012,11,27,17,0,0,0,0,19
2012,11,27,18,0,0,0,0,18
2012,11,27,19,0,0,0,0,18
2012,11,27,20,0,0,0,0,17
2012,11,27,21,0,0,0,0,16
2012,11,27,22,0,0,0,0,15
2012,11,27,23,0,0,0,0,15
2012,11,28,0,0,0,0,0,14
2012,11,28,1,0,0,0,0,13
2012,11,28,2,0,0,0,0,13
2012,11,28,3,0,0,0,0,12
2012,11,28,4,0,0,0,0,12
2012,11,28,5,0,0,0,0,11
2012,11,28,6,0,0,0,0,11
2012,11,28,7,0,42,6,41,13
2012,11,28,8,0,206,179,152,16
2012,11,28,9,0,370,338,216,20
2012,11,28,10,0,500,445,247,24
2012,11,28,11,0,576,480,273,27
2012,11,28,12,0,586,486,275,28
2012,11,28,13,0,529,453,260,28
2012,11,28,14,0,413,385,223,27
2012,11,28,15,0,256,217,180,25
2012,11,28,16,0,73,19,69,22
2012,11,28,17,0,0,0,0,19
2012,11,28,18,0,0,0,0,19
2012,11,28,19,0,0,0,0,18
2012,11,28,20,0,0,0,0,17
2012,11,28,21,0,0,0,0,16
2012,11,28,22,0,0,0,0,16
2012,11,28,23,0,0,0,0,15
2012,11,29,0,0,0,0,0,15
2012,11,29,1,0,0,0,0,14
2012,11,29,2,0,0,0,0,14
2012,11,29,3,0,0,0,0,13
2012,11,29,4,0,0,0,0,12
2012,11,29,5,0,0,0,0,12
2012,11,29,6,0,0,0,0,12
2012,11,29,7,0,40,4,39,14
2012,11,29,8,0,203,176,151,18
2012,11,29,9,0,367,336,215,21
2012,11,29,10,0,497,443,246,25
2012,11,29,11,0,572,475,273,28
2012,11,29,12,0,584,484,275,29
2012,11,29,13,0,525,395,291,29
2012,11,29,14,0,201,17,192,28
2012,11,29,15,0,62,0,62,26
2012,11,29,16,0,68,11,66,23
2012,11,29,17,0,0,0,0,21
2012,11,29,18,0,0,0,0,20
2012,11,29,19,0,0,0,0,19
2012,11,29,20,0,0,0,0,18
2012,11,29,21,0,0,0,0,17
2012,11,29,22,0,0,0,0,17
2012,11,29,23,0,0,0,0,16
2012,11,30,0,0,0,0,0,15
2012,11,30,1,0,0,0,0,14
2012,11,30,2,0,0,0,0,14
2012,11,30,3,0,0,0,0,13
2012,11,30,4,0,0,0,0,12
2012,11,30,5,0,0,0,0,11
2012,11,30,6,0,0,0,0,11
2012,11,30,7,0,38,3,37,13
2012,11,30,8,0,198,167,149,16
2012,11,30,9,0,363,332,214,20
2012,11,30,10,0,491,432,248,25
2012,11,30,11,0,563,457,277,27
2012,11,30,12,0,577,473,276,27
2012,11,30,13,0,525,451,259,27
2012,11,30,14,0,411,383,223,27
2012,11,30,15,0,255,215,180,25
2012,11,30,16,0,72,18,69,22
2012,11,30,17,0,0,0,0,19
2012,11,30,18,0,0,0,0,18
2012,11,30,19,0,0,0,0,18
2012,11,30,20,0,0,0,0,17
2012,11,30,21,0,0,0,0,16
2012,11,30,22,0,0,0,0,14
2012,11,30,23,0,0,0,0,13
2012,12,1,0,0,0,0,0,12
2012,12,1,1,0,0,0,0,12
2012,12,1,2,0,0,0,0,11
2012,12,1,3,0,0,0,0,10
2012,12,1,4,0,0,0,0,10
2012,12,1,5,0,0,0,0,9
2012,12,1,6,0,0,0,0,8
2012,12,1,7,0,43,17,41,10
2012,12,1,8,0,221,274,141,14
2012,12,1,9,0,392,458,188,17
2012,12,1,10,0,527,557,215,22
2012,12,1,11,0,604,603,228,25
2012,12,1,12,0,616,609,230,26
2012,12,1,13,0,560,577,221,26
2012,12,1,14,0,442,494,200,25
2012,12,1,15,0,281,320,170,23
2012,12,1,16,0,88,61,77,20
2012,12,1,17,0,0,0,0,17
2012,12,1,18,0,0,0,0,16
2012,12,1,19,0,0,0,0,15
2012,12,1,20,0,0,0,0,15
2012,12,1,21,0,0,0,0,14
2012,12,1,22,0,0,0,0,13
2012,12,1,23,0,0,0,0,12
2012,12,2,0,0,0,0,0,12
2012,12,2,1,0,0,0,0,11
2012,12,2,2,0,0,0,0,11
2012,12,2,3,0,0,0,0,11
2012,12,2,4,0,0,0,0,10
2012,12,2,5,0,0,0,0,9
2012,12,2,6,0,0,0,0,9
2012,12,2,7,0,41,14,39,12
2012,12,2,8,0,218,271,140,15
2012,12,2,9,0,389,456,187,19
2012,12,2,10,0,524,556,214,23
2012,12,2,11,0,602,602,228,25
2012,12,2,12,0,614,608,230,26
2012,12,2,13,0,558,576,220,26
2012,12,2,14,0,441,493,200,26
2012,12,2,15,0,280,320,169,24
2012,12,2,16,0,88,61,77,20
2012,12,2,17,0,0,0,0,18
2012,12,2,18,0,0,0,0,17
2012,12,2,19,0,0,0,0,16
2012,12,2,20,0,0,0,0,16
2012,12,2,21,0,0,0,0,15
2012,12,2,22,0,0,0,0,14
2012,12,2,23,0,0,0,0,14
2012,12,3,0,0,0,0,0,13
2012,12,3,1,0,0,0,0,12
2012,12,3,2,0,0,0,0,12
2012,12,3,3,0,0,0,0,11
2012,12,3,4,0,0,0,0,11
2012,12,3,5,0,0,0,0,11
2012,12,3,6,0,0,0,0,10
2012,12,3,7,0,39,11,37,13
2012,12,3,8,0,211,252,139,16
2012,12,3,9,0,384,446,187,19
2012,12,3,10,0,521,545,218,23
2012,12,3,11,0,599,600,227,26
2012,12,3,12,0,612,607,230,27
2012,12,3,13,0,556,576,219,27
2012,12,3,14,0,440,492,200,27
2012,12,3,15,0,279,319,169,25
2012,12,3,16,0,88,61,77,21
2012,12,3,17,0,0,0,0,19
2012,12,3,18,0,0,0,0,18
2012,12,3,19,0,0,0,0,17
2012,12,3,20,0,0,0,0,17
2012,12,3,21,0,0,0,0,16
2012,12,3,22,0,0,0,0,15
2012,12,3,23,0,0,0,0,15
2012,12,4,0,0,0,0,0,14
2012,12,4,1,0,0,0,0,13
2012,12,4,2,0,0,0,0,13
2012,12,4,3,0,0,0,0,12
2012,12,4,4,0,0,0,0,11
2012,12,4,5,0,0,0,0,11
2012,12,4,6,0,0,0,0,10
2012,12,4,7,0,37,9,36,12
2012,12,4,8,0,213,264,138,16
2012,12,4,9,0,384,452,186,19
2012,12,4,10,0,518,552,213,23
2012,12,4,11,0,597,599,227,26
2012,12,4,12,0,610,606,229,27
2012,12,4,13,0,555,575,220,27
2012,12,4,14,0,439,492,199,27
2012,12,4,15,0,279,319,169,25
2012,12,4,16,0,88,62,77,21
2012,12,4,17,0,0,0,0,19
2012,12,4,18,0,0,0,0,18
2012,12,4,19,0,0,0,0,17
2012,12,4,20,0,0,0,0,16
2012,12,4,21,0,0,0,0,15
2012,12,4,22,0,0,0,0,15
2012,12,4,23,0,0,0,0,14
2012,12,5,0,0,0,0,0,13
2012,12,5,1,0,0,0,0,13
2012,12,5,2,0,0,0,0,12
2012,12,5,3,0,0,0,0,11
2012,12,5,4,0,0,0,0,11
2012,12,5,5,0,0,0,0,10
2012,12,5,6,0,0,0,0,10
2012,12,5,7,0,39,15,37,12
2012,12,5,8,0,206,244,138,15
2012,12,5,9,0,379,441,187,19
2012,12,5,10,0,502,499,227,23
2012,12,5,11,0,595,556,253,26
2012,12,5,12,0,560,458,273,27
2012,12,5,13,0,525,495,237,27
2012,12,5,14,0,413,393,222,26
2012,12,5,15,0,232,191,166,25
2012,12,5,16,0,88,46,80,21
2012,12,5,17,0,0,0,0,18
2012,12,5,18,0,0,0,0,18
2012,12,5,19,0,0,0,0,17
2012,12,5,20,0,0,0,0,16
2012,12,5,21,0,0,0,0,15
2012,12,5,22,0,0,0,0,15
2012,12,5,23,0,0,0,0,14
2012,12,6,0,0,0,0,0,13
2012,12,6,1,0,0,0,0,13
2012,12,6,2,0,0,0,0,12
2012,12,6,3,0,0,0,0,12
2012,12,6,4,0,0,0,0,11
2012,12,6,5,0,0,0,0,11
2012,12,6,6,0,0,0,0,10
2012,12,6,7,0,33,4,32,12
2012,12,6,8,0,208,258,136,16
2012,12,6,9,0,378,448,184,19
2012,12,6,10,0,513,549,212,24
2012,12,6,11,0,592,597,225,26
2012,12,6,12,0,606,604,228,27
2012,12,6,13,0,552,573,219,28
2012,12,6,14,0,438,491,200,27
2012,12,6,15,0,279,318,169,25
2012,12,6,16,0,88,63,77,21
2012,12,6,17,0,0,0,0,19
2012,12,6,18,0,0,0,0,18
2012,12,6,19,0,0,0,0,17
2012,12,6,20,0,0,0,0,17
2012,12,6,21,0,0,0,0,16
2012,12,6,22,0,0,0,0,16
2012,12,6,23,0,0,0,0,15
2012,12,7,0,0,0,0,0,14
2012,12,7,1,0,0,0,0,13
2012,12,7,2,0,0,0,0,12
2012,12,7,3,0,0,0,0,12
2012,12,7,4,0,0,0,0,12
2012,12,7,5,0,0,0,0,11
2012,12,7,6,0,0,0,0,11
2012,12,7,7,0,26,0,26,13
2012,12,7,8,0,152,89,127,16
2012,12,7,9,0,373,372,213,19
2012,12,7,10,0,484,469,228,23
2012,12,7,11,0,587,574,236,26
2012,12,7,12,0,602,555,256,28
2012,12,7,13,0,489,348,287,28
2012,12,7,14,0,437,391,247,27
2012,12,7,15,0,173,56,153,25
2012,12,7,16,0,59,1,58,22
2012,12,7,17,0,0,0,0,21
2012,12,7,18,0,0,0,0,20
2012,12,7,19,0,0,0,0,19
2012,12,7,20,0,0,0,0,18
2012,12,7,21,0,0,0,0,17
2012,12,7,22,0,0,0,0,16
2012,12,7,23,0,0,0,0,15
2012,12,8,0,0,0,0,0,14
2012,12,8,1,0,0,0,0,13
2012,12,8,2,0,0,0,0,13
2012,12,8,3,0,0,0,0,12
2012,12,8,4,0,0,0,0,12
2012,12,8,5,0,0,0,0,11
2012,12,8,6,0,0,0,0,11
2012,12,8,7,0,29,0,29,12
2012,12,8,8,0,202,268,129,16
2012,12,8,9,0,373,445,182,19
2012,12,8,10,0,508,546,211,23
2012,12,8,11,0,588,583,232,27
2012,12,8,12,0,571,498,261,28
2012,12,8,13,0,550,562,224,29
2012,12,8,14,0,437,490,200,28
2012,12,8,15,0,278,318,169,26
2012,12,8,16,0,89,65,78,22
2012,12,8,17,0,0,0,0,20
2012,12,8,18,0,0,0,0,19
2012,12,8,19,0,0,0,0,19
2012,12,8,20,0,0,0,0,18
2012,12,8,21,0,0,0,0,17
2012,12,8,22,0,0,0,0,16
2012,12,8,23,0,0,0,0,16
2012,12,9,0,0,0,0,0,15
2012,12,9,1,0,0,0,0,14
2012,12,9,2,0,0,0,0,14
2012,12,9,3,0,0,0,0,13
2012,12,9,4,0,0,0,0,13
2012,12,9,5,0,0,0,0,12
2012,12,9,6,0,0,0,0,12
2012,12,9,7,0,31,5,30,14
2012,12,9,8,0,199,264,128,17
2012,12,9,9,0,370,443,181,20
2012,12,9,10,0,506,544,211,24
2012,12,9,11,0,587,593,226,28
2012,12,9,12,0,602,602,228,30
2012,12,9,13,0,550,572,219,30
2012,12,9,14,0,437,490,200,29
2012,12,9,15,0,279,319,169,27
2012,12,9,16,0,90,66,79,23
2012,12,9,17,0,0,0,0,21
2012,12,9,18,0,0,0,0,20
2012,12,9,19,0,0,0,0,19
2012,12,9,20,0,0,0,0,18
2012,12,9,21,0,0,0,0,17
2012,12,9,22,0,0,0,0,17
2012,12,9,23,0,0,0,0,16
2012,12,10,0,0,0,0,0,15
2012,12,10,1,0,0,0,0,15
2012,12,10,2,0,0,0,0,14
2012,12,10,3,0,0,0,0,13
2012,12,10,4,0,0,0,0,13
2012,12,10,5,0,0,0,0,12
2012,12,10,6,0,0,0,0,12
2012,12,10,7,0,29,3,28,14
2012,12,10,8,0,192,246,126,17
2012,12,10,9,0,360,414,184,20
2012,12,10,10,0,495,506,221,25
2012,12,10,11,0,580,579,228,28
2012,12,10,12,0,600,601,227,30
2012,12,10,13,0,549,571,219,30
2012,12,10,14,0,436,490,199,29
2012,12,10,15,0,278,375,150,27
2012,12,10,16,0,90,67,78,23
2012,12,10,17,0,0,0,0,21
2012,12,10,18,0,0,0,0,21
2012,12,10,19,0,0,0,0,20
2012,12,10,20,0,0,0,0,20
2012,12,10,21,0,0,0,0,19
2012,12,10,22,0,0,0,0,18
2012,12,10,23,0,0,0,0,18
2012,12,11,0,0,0,0,0,17
2012,12,11,1,0,0,0,0,17
2012,12,11,2,0,0,0,0,17
2012,12,11,3,0,0,0,0,16
2012,12,11,4,0,0,0,0,16
2012,12,11,5,0,0,0,0,16
2012,12,11,6,0,0,0,0,15
2012,12,11,7,0,13,0,13,16
2012,12,11,8,0,40,0,40,19
2012,12,11,9,0,121,0,121,21
2012,12,11,10,0,266,45,241,25
2012,12,11,11,0,97,0,97,27
2012,12,11,12,0,176,1,175,28
2012,12,11,13,0,98,0,98,28
2012,12,11,14,0,95,0,95,27
2012,12,11,15,0,71,0,71,26
2012,12,11,16,0,20,0,20,22
2012,12,11,17,0,0,0,0,21
2012,12,11,18,0,0,0,0,20
2012,12,11,19,0,0,0,0,19
2012,12,11,20,0,0,0,0,18
2012,12,11,21,0,0,0,0,17
2012,12,11,22,0,0,0,0,16
2012,12,11,23,0,0,0,0,16
2012,12,12,0,0,0,0,0,15
2012,12,12,1,0,0,0,0,14
2012,12,12,2,0,0,0,0,13
2012,12,12,3,0,0,0,0,13
2012,12,12,4,0,0,0,0,12
2012,12,12,5,0,0,0,0,11
2012,12,12,6,0,0,0,0,11
2012,12,12,7,0,25,0,25,13
2012,12,12,8,0,194,255,127,16
2012,12,12,9,0,364,438,180,20
2012,12,12,10,0,500,541,209,25
2012,12,12,11,0,582,591,225,27
2012,12,12,12,0,598,600,227,27
2012,12,12,13,0,548,561,224,27
2012,12,12,14,0,428,401,234,25
2012,12,12,15,0,210,125,167,24
2012,12,12,16,0,57,0,57,21
2012,12,12,17,0,0,0,0,20
2012,12,12,18,0,0,0,0,20
2012,12,12,19,0,0,0,0,19
2012,12,12,20,0,0,0,0,18
2012,12,12,21,0,0,0,0,18
2012,12,12,22,0,0,0,0,17
2012,12,12,23,0,0,0,0,16
2012,12,13,0,0,0,0,0,15
2012,12,13,1,0,0,0,0,15
2012,12,13,2,0,0,0,0,14
2012,12,13,3,0,0,0,0,14
2012,12,13,4,0,0,0,0,13
2012,12,13,5,0,0,0,0,13
2012,12,13,6,0,0,0,0,12
2012,12,13,7,0,16,0,16,14
2012,12,13,8,0,148,88,125,18
2012,12,13,9,0,340,322,205,21
2012,12,13,10,0,494,517,217,24
2012,12,13,11,0,575,576,228,26
2012,12,13,12,0,594,596,226,27
2012,12,13,13,0,544,568,217,27
2012,12,13,14,0,391,331,231,26
2012,12,13,15,0,267,301,163,24
2012,12,13,16,0,93,73,80,21
2012,12,13,17,0,0,0,0,19
2012,12,13,18,0,0,0,0,19
2012,12,13,19,0,0,0,0,18
2012,12,13,20,0,0,0,0,18
2012,12,13,21,0,0,0,0,18
2012,12,13,22,0,0,0,0,17
2012,12,13,23,0,0,0,0,16
2012,12,14,0,0,0,0,0,16
2012,12,14,1,0,0,0,0,15
2012,12,14,2,0,0,0,0,15
2012,12,14,3,0,0,0,0,14
2012,12,14,4,0,0,0,0,14
2012,12,14,5,0,0,0,0,13
2012,12,14,6,0,0,0,0,13
2012,12,14,7,0,15,0,15,13
2012,12,14,8,0,100,10,97,15
2012,12,14,9,0,305,213,216,18
2012,12,14,10,0,480,477,225,21
2012,12,14,11,0,560,567,219,23
2012,12,14,12,0,498,295,316,25
2012,12,14,13,0,530,550,213,25
2012,12,14,14,0,424,483,190,24
2012,12,14,15,0,272,360,147,23
2012,12,14,16,0,59,0,59,21
2012,12,14,17,0,0,0,0,19
2012,12,14,18,0,0,0,0,18
2012,12,14,19,0,0,0,0,17
2012,12,14,20,0,0,0,0,17
2012,12,14,21,0,0,0,0,16
2012,12,14,22,0,0,0,0,15
2012,12,14,23,0,0,0,0,14
2012,12,15,0,0,0,0,0,14
2012,12,15,1,0,0,0,0,13
2012,12,15,2,0,0,0,0,13
2012,12,15,3,0,0,0,0,13
2012,12,15,4,0,0,0,0,12
2012,12,15,5,0,0,0,0,12
2012,12,15,6,0,0,0,0,12
2012,12,15,7,0,6,0,6,14
2012,12,15,8,0,138,69,120,17
2012,12,15,9,0,310,245,208,20
2012,12,15,10,0,326,82,282,24
2012,12,15,11,0,375,97,316,26
2012,12,15,12,0,401,137,316,27
2012,12,15,13,0,511,428,264,27
2012,12,15,14,0,414,392,224,26
2012,12,15,15,0,274,365,148,25
2012,12,15,16,0,66,31,60,22
2012,12,15,17,0,0,0,0,20
2012,12,15,18,0,0,0,0,19
2012,12,15,19,0,0,0,0,18
2012,12,15,20,0,0,0,0,18
2012,12,15,21,0,0,0,0,17
2012,12,15,22,0,0,0,0,16
2012,12,15,23,0,0,0,0,16
2012,12,16,0,0,0,0,0,15
2012,12,16,1,0,0,0,0,15
2012,12,16,2,0,0,0,0,14
2012,12,16,3,0,0,0,0,14
2012,12,16,4,0,0,0,0,13
2012,12,16,5,0,0,0,0,13
2012,12,16,6,0,0,0,0,13
2012,12,16,7,0,16,0,16,14
2012,12,16,8,0,118,29,110,17
2012,12,16,9,0,225,68,196,21
2012,12,16,10,0,392,215,278,25
2012,12,16,11,0,468,275,303,27
2012,12,16,12,0,571,491,269,27
2012,12,16,13,0,511,467,242,27
2012,12,16,14,0,426,486,191,26
2012,12,16,15,0,274,363,148,24
2012,12,16,16,0,85,45,77,22
2012,12,16,17,0,0,0,0,20
2012,12,16,18,0,0,0,0,19
2012,12,16,19,0,0,0,0,18
2012,12,16,20,0,0,0,0,17
2012,12,16,21,0,0,0,0,16
2012,12,16,22,0,0,0,0,15
2012,12,16,23,0,0,0,0,15
2012,12,17,0,0,0,0,0,14
2012,12,17,1,0,0,0,0,13
2012,12,17,2,0,0,0,0,13
2012,12,17,3,0,0,0,0,12
2012,12,17,4,0,0,0,0,11
2012,12,17,5,0,0,0,0,11
2012,12,17,6,0,0,0,0,10
2012,12,17,7,0,14,0,14,11
2012,12,17,8,0,181,238,121,14
2012,12,17,9,0,354,430,177,19
2012,12,17,10,0,492,535,209,22
2012,12,17,11,0,571,575,226,24
2012,12,17,12,0,593,592,229,25
2012,12,17,13,0,544,562,220,26
2012,12,17,14,0,433,473,204,25
2012,12,17,15,0,283,323,170,23
2012,12,17,16,0,86,48,77,21
2012,12,17,17,0,0,0,0,18
2012,12,17,18,0,0,0,0,17
2012,12,17,19,0,0,0,0,16
2012,12,17,20,0,0,0,0,15
2012,12,17,21,0,0,0,0,14
2012,12,17,22,0,0,0,0,13
2012,12,17,23,0,0,0,0,13
2012,12,18,0,0,0,0,0,12
2012,12,18,1,0,0,0,0,12
2012,12,18,2,0,0,0,0,11
2012,12,18,3,0,0,0,0,10
2012,12,18,4,0,0,0,0,10
2012,12,18,5,0,0,0,0,9
2012,12,18,6,0,0,0,0,9
2012,12,18,7,0,20,0,20,10
2012,12,18,8,0,180,269,113,13
2012,12,18,9,0,352,429,176,18
2012,12,18,10,0,489,537,206,22
2012,12,18,11,0,572,585,222,24
2012,12,18,12,0,592,595,226,25
2012,12,18,13,0,546,571,217,25
2012,12,18,14,0,439,492,200,24
2012,12,18,15,0,285,324,172,23
2012,12,18,16,0,94,67,82,20
2012,12,18,17,0,0,0,0,18
2012,12,18,18,0,0,0,0,17
2012,12,18,19,0,0,0,0,16
2012,12,18,20,0,0,0,0,15
2012,12,18,21,0,0,0,0,15
2012,12,18,22,0,0,0,0,14
2012,12,18,23,0,0,0,0,13
2012,12,19,0,0,0,0,0,13
2012,12,19,1,0,0,0,0,12
2012,12,19,2,0,0,0,0,11
2012,12,19,3,0,0,0,0,11
2012,12,19,4,0,0,0,0,10
2012,12,19,5,0,0,0,0,9
2012,12,19,6,0,0,0,0,9
2012,12,19,7,0,15,0,15,10
2012,12,19,8,0,180,237,121,13
2012,12,19,9,0,351,428,176,17
2012,12,19,10,0,489,533,208,21
2012,12,19,11,0,574,587,223,24
2012,12,19,12,0,591,588,230,25
2012,12,19,13,0,544,560,221,25
2012,12,19,14,0,434,473,204,25
2012,12,19,15,0,286,325,172,23
2012,12,19,16,0,95,63,83,20
2012,12,19,17,0,0,0,0,17
2012,12,19,18,0,0,0,0,16
2012,12,19,19,0,0,0,0,15
2012,12,19,20,0,0,0,0,14
2012,12,19,21,0,0,0,0,13
2012,12,19,22,0,0,0,0,12
2012,12,19,23,0,0,0,0,11
2012,12,20,0,0,0,0,0,10
2012,12,20,1,0,0,0,0,10
2012,12,20,2,0,0,0,0,9
2012,12,20,3,0,0,0,0,8
2012,12,20,4,0,0,0,0,7
2012,12,20,5,0,0,0,0,7
2012,12,20,6,0,0,0,0,7
2012,12,20,7,0,14,0,14,8
2012,12,20,8,0,179,234,121,11
2012,12,20,9,0,349,426,175,15
2012,12,20,10,0,487,531,207,20
2012,12,20,11,0,573,586,223,22
2012,12,20,12,0,591,587,230,24
2012,12,20,13,0,548,571,219,24
2012,12,20,14,0,435,474,204,24
2012,12,20,15,0,287,327,172,22
2012,12,20,16,0,97,65,85,19
2012,12,20,17,0,0,0,0,16
2012,12,20,18,0,0,0,0,15
2012,12,20,19,0,0,0,0,14
2012,12,20,20,0,0,0,0,14
2012,12,20,21,0,0,0,0,13
2012,12,20,22,0,0,0,0,12
2012,12,20,23,0,0,0,0,11
2012,12,21,0,0,0,0,0,11
2012,12,21,1,0,0,0,0,10
2012,12,21,2,0,0,0,0,9
2012,12,21,3,0,0,0,0,9
2012,12,21,4,0,0,0,0,8
2012,12,21,5,0,0,0,0,7
2012,12,21,6,0,0,0,0,7
2012,12,21,7,0,13,0,13,9
2012,12,21,8,0,172,221,117,12
2012,12,21,9,0,346,409,180,16
2012,12,21,10,0,486,522,212,20
2012,12,21,11,0,573,586,223,24
2012,12,21,12,0,594,598,227,25
2012,12,21,13,0,545,560,222,25
2012,12,21,14,0,442,494,201,25
2012,12,21,15,0,288,328,172,23
2012,12,21,16,0,99,68,86,19
2012,12,21,17,0,0,0,0,17
2012,12,21,18,0,0,0,0,16
2012,12,21,19,0,0,0,0,15
2012,12,21,20,0,0,0,0,14
2012,12,21,21,0,0,0,0,13
2012,12,21,22,0,0,0,0,13
2012,12,21,23,0,0,0,0,12
2012,12,22,0,0,0,0,0,11
2012,12,22,1,0,0,0,0,10
2012,12,22,2,0,0,0,0,10
2012,12,22,3,0,0,0,0,9
2012,12,22,4,0,0,0,0,8
2012,12,22,5,0,0,0,0,8
2012,12,22,6,0,0,0,0,7
2012,12,22,7,0,12,0,12,9
2012,12,22,8,0,165,197,117,13
2012,12,22,9,0,334,371,184,17
2012,12,22,10,0,474,485,219,21
2012,12,22,11,0,566,566,228,24
2012,12,22,12,0,591,586,231,25
2012,12,22,13,0,546,561,222,25
2012,12,22,14,0,443,495,201,25
2012,12,22,15,0,290,329,173,23
2012,12,22,16,0,101,72,88,19
2012,12,22,17,0,0,0,0,16
2012,12,22,18,0,0,0,0,15
2012,12,22,19,0,0,0,0,14
2012,12,22,20,0,0,0,0,14
2012,12,22,21,0,0,0,0,13
2012,12,22,22,0,0,0,0,12
2012,12,22,23,0,0,0,0,11
2012,12,23,0,0,0,0,0,11
2012,12,23,1,0,0,0,0,10
2012,12,23,2,0,0,0,0,10
2012,12,23,3,0,0,0,0,9
2012,12,23,4,0,0,0,0,8
2012,12,23,5,0,0,0,0,8
2012,12,23,6,0,0,0,0,7
2012,12,23,7,0,8,0,8,10
2012,12,23,8,0,111,22,105,13
2012,12,23,9,0,200,35,185,17
2012,12,23,10,0,307,82,264,21
2012,12,23,11,0,516,385,286,24
2012,12,23,12,0,561,507,249,26
2012,12,23,13,0,539,538,228,26
2012,12,23,14,0,444,502,198,25
2012,12,23,15,0,291,331,173,22
2012,12,23,16,0,103,84,87,19
2012,12,23,17,0,0,0,0,16
2012,12,23,18,0,0,0,0,15
2012,12,23,19,0,0,0,0,15
2012,12,23,20,0,0,0,0,14
2012,12,23,21,0,0,0,0,13
2012,12,23,22,0,0,0,0,12
2012,12,23,23,0,0,0,0,12
2012,12,24,0,0,0,0,0,11
2012,12,24,1,0,0,0,0,10
2012,12,24,2,0,0,0,0,10
2012,12,24,3,0,0,0,0,9
2012,12,24,4,0,0,0,0,9
2012,12,24,5,0,0,0,0,8
2012,12,24,6,0,0,0,0,8
2012,12,24,7,0,7,0,7,10
2012,12,24,8,0,109,24,103,14
2012,12,24,9,0,231,85,196,17
2012,12,24,10,0,425,301,267,21
2012,12,24,11,0,531,454,260,25
2012,12,24,12,0,577,533,249,26
2012,12,24,13,0,551,563,225,25
2012,12,24,14,0,446,497,202,25
2012,12,24,15,0,293,332,174,23
2012,12,24,16,0,106,88,89,19
2012,12,24,17,0,0,0,0,17
2012,12,24,18,0,0,0,0,16
2012,12,24,19,0,0,0,0,15
2012,12,24,20,0,0,0,0,14
2012,12,24,21,0,0,0,0,13
2012,12,24,22,0,0,0,0,13
2012,12,24,23,0,0,0,0,12
2012,12,25,0,0,0,0,0,11
2012,12,25,1,0,0,0,0,11
2012,12,25,2,0,0,0,0,10
2012,12,25,3,0,0,0,0,10
2012,12,25,4,0,0,0,0,9
2012,12,25,5,0,0,0,0,9
2012,12,25,6,0,0,0,0,8
2012,12,25,7,0,9,0,9,10
2012,12,25,8,0,102,10,99,14
2012,12,25,9,0,192,21,183,18
2012,12,25,10,0,342,127,275,22
2012,12,25,11,0,531,431,274,25
2012,12,25,12,0,577,533,249,26
2012,12,25,13,0,550,566,222,26
2012,12,25,14,0,447,498,202,25
2012,12,25,15,0,295,334,175,23
2012,12,25,16,0,108,93,90,19
2012,12,25,17,0,0,0,0,17
2012,12,25,18,0,0,0,0,16
2012,12,25,19,0,0,0,0,15
2012,12,25,20,0,0,0,0,15
2012,12,25,21,0,0,0,0,14
2012,12,25,22,0,0,0,0,13
2012,12,25,23,0,0,0,0,12
2012,12,26,0,0,0,0,0,12
2012,12,26,1,0,0,0,0,11
2012,12,26,2,0,0,0,0,10
2012,12,26,3,0,0,0,0,10
2012,12,26,4,0,0,0,0,9
2012,12,26,5,0,0,0,0,9
2012,12,26,6,0,0,0,0,8
2012,12,26,7,0,6,0,6,10
2012,12,26,8,0,112,25,106,14
2012,12,26,9,0,216,51,195,17
2012,12,26,10,0,298,74,259,22
2012,12,26,11,0,531,431,274,25
2012,12,26,12,0,578,534,249,26
2012,12,26,13,0,554,565,226,26
2012,12,26,14,0,449,473,215,25
2012,12,26,15,0,274,262,179,23
2012,12,26,16,0,91,44,82,19
2012,12,26,17,0,0,0,0,17
2012,12,26,18,0,0,0,0,16
2012,12,26,19,0,0,0,0,15
2012,12,26,20,0,0,0,0,14
2012,12,26,21,0,0,0,0,14
2012,12,26,22,0,0,0,0,13
2012,12,26,23,0,0,0,0,12
2012,12,27,0,0,0,0,0,12
2012,12,27,1,0,0,0,0,12
2012,12,27,2,0,0,0,0,11
2012,12,27,3,0,0,0,0,11
2012,12,27,4,0,0,0,0,11
2012,12,27,5,0,0,0,0,11
2012,12,27,6,0,0,0,0,11
2012,12,27,7,0,5,0,5,12
2012,12,27,8,0,61,0,61,15
2012,12,27,9,0,161,7,158,18
2012,12,27,10,0,221,11,215,22
2012,12,27,11,0,311,73,267,24
2012,12,27,12,0,556,446,281,25
2012,12,27,13,0,511,446,251,25
2012,12,27,14,0,440,477,204,24
2012,12,27,15,0,285,272,186,23
2012,12,27,16,0,28,0,28,19
2012,12,27,17,0,0,0,0,17
2012,12,27,18,0,0,0,0,16
2012,12,27,19,0,0,0,0,15
2012,12,27,20,0,0,0,0,14
2012,12,27,21,0,0,0,0,13
2012,12,27,22,0,0,0,0,13
2012,12,27,23,0,0,0,0,12
2012,12,28,0,0,0,0,0,11
2012,12,28,1,0,0,0,0,11
2012,12,28,2,0,0,0,0,10
2012,12,28,3,0,0,0,0,10
2012,12,28,4,0,0,0,0,9
2012,12,28,5,0,0,0,0,9
2012,12,28,6,0,0,0,0,9
2012,12,28,7,0,7,0,7,11
2012,12,28,8,0,116,31,108,14
2012,12,28,9,0,214,64,188,18
2012,12,28,10,0,451,374,255,22
2012,12,28,11,0,566,555,235,24
2012,12,28,12,0,595,590,231,25
2012,12,28,13,0,556,577,219,25
2012,12,28,14,0,453,502,204,24
2012,12,28,15,0,301,371,166,23
2012,12,28,16,0,116,108,95,20
2012,12,28,17,0,0,0,0,17
2012,12,28,18,0,0,0,0,17
2012,12,28,19,0,0,0,0,16
2012,12,28,20,0,0,0,0,15
2012,12,28,21,0,0,0,0,14
2012,12,28,22,0,0,0,0,14
2012,12,28,23,0,0,0,0,13
2012,12,29,0,0,0,0,0,12
2012,12,29,1,0,0,0,0,12
2012,12,29,2,0,0,0,0,11
2012,12,29,3,0,0,0,0,10
2012,12,29,4,0,0,0,0,10
2012,12,29,5,0,0,0,0,9
2012,12,29,6,0,0,0,0,8
2012,12,29,7,0,7,0,7,10
2012,12,29,8,0,144,124,114,13
2012,12,29,9,0,327,330,195,17
2012,12,29,10,0,475,498,215,21
2012,12,29,11,0,566,565,229,24
2012,12,29,12,0,596,591,231,26
2012,12,29,13,0,556,576,219,26
2012,12,29,14,0,454,515,198,25
2012,12,29,15,0,302,397,158,23
2012,12,29,16,0,111,82,95,20
2012,12,29,17,0,0,0,0,18
2012,12,29,18,0,0,0,0,17
2012,12,29,19,0,0,0,0,16
2012,12,29,20,0,0,0,0,16
2012,12,29,21,0,0,0,0,15
2012,12,29,22,0,0,0,0,14
2012,12,29,23,0,0,0,0,13
2012,12,30,0,0,0,0,0,13
2012,12,30,1,0,0,0,0,12
2012,12,30,2,0,0,0,0,11
2012,12,30,3,0,0,0,0,11
2012,12,30,4,0,0,0,0,10
2012,12,30,5,0,0,0,0,9
2012,12,30,6,0,0,0,0,9
2012,12,30,7,0,6,0,6,11
2012,12,30,8,0,155,177,113,14
2012,12,30,9,0,320,353,179,18
2012,12,30,10,0,451,373,256,23
2012,12,30,11,0,384,131,305,25
2012,12,30,12,0,381,103,317,25
2012,12,30,13,0,382,130,305,25
2012,12,30,14,0,275,54,248,24
2012,12,30,15,0,200,58,178,23
2012,12,30,16,0,114,97,94,19
2012,12,30,17,0,0,0,0,17
2012,12,30,18,0,0,0,0,16
2012,12,30,19,0,0,0,0,15
2012,12,30,20,0,0,0,0,14
2012,12,30,21,0,0,0,0,13
2012,12,30,22,0,0,0,0,12
2012,12,30,23,0,0,0,0,11
2012,12,31,0,0,0,0,0,11
2012,12,31,1,0,0,0,0,10
2012,12,31,2,0,0,0,0,9
2012,12,31,3,0,0,0,0,9
2012,12,31,4,0,0,0,0,8
2012,12,31,5,0,0,0,0,8
2012,12,31,6,0,0,0,0,7
2012,12,31,7,0,6,0,6,10
2012,12,31,8,0,102,16,98,13
2012,12,31,9,0,194,33,180,17
2012,12,31,10,0,378,200,273,22
2012,12,31,11,0,415,167,315,24
2012,12,31,12,0,413,138,327,24
2012,12,31,13,0,450,248,304,24
2012,12,31,14,0,459,442,237,23
2012,12,31,15,0,306,340,180,22
2012,12,31,16,0,117,102,96,18
2012,12,31,17,0,0,0,0,15
2012,12,31,18,0,0,0,0,15
2012,12,31,19,0,0,0,0,14
2012,12,31,20,0,0,0,0,13
2012,12,31,21,0,0,0,0,12
2012,12,31,22,0,0,0,0,12
2012,12,31,23,0,0,0,0,11
